ranking_posicao,musica,tag_musica,tag_trecho,ESTROFE,artista,ano,ntokens,url,Topic,Probability
442,10%,musica442,musica442_trecho3,"A terceira música nem acabou Eu já tô lembrando da gente fazendo amor Celular na mão, mas ele não tá tocando Se fosse ligação, nosso amor seria engano, seria engano",Maiara & Maraisa,2016,30,https://www.letras.mus.br/maiara-maraisa/10/,-1,0.035250473506203694
10,31/12,musica10,musica10_trecho1,Por que você não sai da minha cabeça?,Jorge & Mateus,2015,8,https://www.letras.mus.br/jorge-mateus/31-de-dezembro/,-1,0.03210488972009151
10,31/12,musica10,musica10_trecho2,É 31 de dezembro Fim de mais um ano E por mais que eu tente Fazer outros planos Outro ano começa Com o antigo sonho De ter você comigo,Jorge & Mateus,2015,29,https://www.letras.mus.br/jorge-mateus/31-de-dezembro/,-1,0.0574664420371197
10,31/12,musica10,musica10_trecho3,E por mais que eu queira Por que você não sai da minha cabeça? Por que você não sai da minha cabeça? E vou pedir pra toda estrela que eu vejo Pra realizar meu único desejo,Jorge & Mateus,2015,36,https://www.letras.mus.br/jorge-mateus/31-de-dezembro/,-1,0.03210488972009151
10,31/12,musica10,musica10_trecho4,"Amanhecer, primeiro de janeiro Com você Banho de mar Amar e amar De amor me perder Por que você não sai da minha cabeça? Por que você não sai da minha cabeça?",Jorge & Mateus,2015,32,https://www.letras.mus.br/jorge-mateus/31-de-dezembro/,-1,0.13267787733581837
10,31/12,musica10,musica10_trecho7,"Amanhecer, primeiro de janeiro Com você Banho de mar Amar e amar De amor me perder",Jorge & Mateus,2015,16,https://www.letras.mus.br/jorge-mateus/31-de-dezembro/,-1,0.14602144784027715
10,31/12,musica10,musica10_trecho9,"Por que você não sai da minha cabeça? Por que você não sai da minha cabeça? Não sai Por que? Por que você não sai da minha cabeça? Você, por que? Não sai, não sai, não sai da minha cabeça não Por que você não sai da minha cabeça? Não sai da minha cabeça Não sai da minha cabeça, por que?",Jorge & Mateus,2015,61,https://www.letras.mus.br/jorge-mateus/31-de-dezembro/,-1,0.03210488972009129
803,1° de Janeiro,musica803,musica803_trecho1,Tenho certeza de poucas coisas E uma delas é que cê nasceu pra mim E as estrelas já escreveram O nosso encontro que nunca vai ter um fim,Nilson Neto,2024,28,https://www.letras.mus.br/nilson-neto-funk/1deg-de-janeiro/,-1,0.060394520793321416
803,1° de Janeiro,musica803,musica803_trecho4,Primeiro de Janeiro Nós dois e um travesseiro Pra mim seria desse jeito o Ano inteiro,Nilson Neto,2024,16,https://www.letras.mus.br/nilson-neto-funk/1deg-de-janeiro/,-1,0.14871615895065626
803,1° de Janeiro,musica803,musica803_trecho5,"E quando o céu apagar, ah, ah, ah Só falta você aceitar, ah, ah, ah Primeiro de Janeiro Cenário perfeito É ter você comigo esse ano inteiro",Nilson Neto,2024,27,https://www.letras.mus.br/nilson-neto-funk/1deg-de-janeiro/,-1,0.552429046275235
803,1° de Janeiro,musica803,musica803_trecho12,Primeiro de Janeiro Cenário perfeito É ter você comigo esse ano inteiro,Nilson Neto,2024,12,https://www.letras.mus.br/nilson-neto-funk/1deg-de-janeiro/,-1,0.05855557556510904
208,10 Anos,musica208,musica208_trecho2,"Fala Depois de tanto tempo juntos, você vai deixar no ar? Será que pensa que agindo assim o amor irá mudar? Há tanto ainda pra viver, tudo é nada sem você",Gusttavo Lima,2014,31,https://www.letras.mus.br/gusttavo-lima/10-anos/,-1,0.19340496805520146
208,10 Anos,musica208,musica208_trecho3,"Nosso amor não acabou, e ainda digo mais Vou te fazer lembrar de tudo que me prometeu há 10 anos atrás Amor e muito mais Tô pagando pra ver se você é capaz de me esquecer",Gusttavo Lima,2014,36,https://www.letras.mus.br/gusttavo-lima/10-anos/,-1,0.19415952087515054
208,10 Anos,musica208,musica208_trecho8,"Nosso amor não acabou, e ainda digo mais Vou te fazer lembrar de tudo que me prometeu há 10, há 10 Há 10 anos atrás Tô pagando pra ver se você é capaz de me esquecer",Gusttavo Lima,2014,36,https://www.letras.mus.br/gusttavo-lima/10-anos/,-1,0.19415952087515065
89,10 Minutos Longe de Você (part. Henrique e Juliano),musica89,musica89_trecho2,Na minha história com você não é tão diferente E no brilho dos seus olhos Vejo o quanto você sente quando estou ausente,Victor & Leo,2015,23,https://www.letras.mus.br/victor-leo/10-minutos-longe-de-voce/,-1,0.2673477053925023
89,10 Minutos Longe de Você (part. Henrique e Juliano),musica89,musica89_trecho3,"E se você me ouve agora, vai me entender Me falta uma metade, tudo é nada sem você Eu tô chegando pra te ver",Victor & Leo,2015,24,https://www.letras.mus.br/victor-leo/10-minutos-longe-de-voce/,-1,0.1927068783815714
89,10 Minutos Longe de Você (part. Henrique e Juliano),musica89,musica89_trecho5,"Me espera com sorriso de lábios vermelhos Prepare a nossa cama, põe vinho no gelo Que eu quero brindar pra esquecer Esses dez minutos longe de você",Victor & Leo,2015,27,https://www.letras.mus.br/victor-leo/10-minutos-longe-de-voce/,-1,0.25271682539026497
1439,100% Você,musica1439,musica1439_trecho1,"A saudade é uma prova que valeu o que passou Eu me perco, não me acho sem você meu amor Essa porta está aberta, nunca pense em desistir Hoje o Sol nasceu só pra te ver sorrir",Fernando e Sorocaba,2020,37,https://www.letras.mus.br/fernando-sorocaba/1459131/,-1,0.0376238267878245
1439,100% Você,musica1439,musica1439_trecho3,"Eu queria ser poeta, mas eu sei nunca vou ser Um poeta pensa muito e eu só penso em você Eu viajo e imagino um final só pra nós dois O passado a gente deixa pra depois",Fernando e Sorocaba,2020,37,https://www.letras.mus.br/fernando-sorocaba/1459131/,-1,0.278039014349425
1045,11 Vidas,musica1045,musica1045_trecho1,"Me pareço tanto com você Olhando dá pra ver, seu rosto lembra o meu Desde o primeiro aniversário O primeiro passo, sempre pronto pra me defender",Lucas Lucco,2014,26,https://www.letras.mus.br/lucas-lucco/11-vidas/,-1,0.19489000859382954
1045,11 Vidas,musica1045,musica1045_trecho2,Sempre que brigou comigo Pra eu não correr perigo Um herói pronto pra me salvar E com você eu aprendi todas lições Eu enfrentei os meus dragões E só depois me deixou voar,Lucas Lucco,2014,33,https://www.letras.mus.br/lucas-lucco/11-vidas/,-1,0.29331861563781503
1045,11 Vidas,musica1045,musica1045_trecho3,"Mas eu só quero lembrar Que de 10 vidas, onze eu te daria Que foi vendo você Que eu aprendi a lutar",Lucas Lucco,2014,22,https://www.letras.mus.br/lucas-lucco/11-vidas/,-1,0.1941595208751511
1045,11 Vidas,musica1045,musica1045_trecho4,"Mas eu só quero lembrar Antes que meu tempo acabe, pra você não se esquecer Que se Deus me desse uma chance de viver outra vez Eu só queria se tivesse você",Lucas Lucco,2014,32,https://www.letras.mus.br/lucas-lucco/11-vidas/,-1,0.3338588318790511
1045,11 Vidas,musica1045,musica1045_trecho5,"Pai, eu sei, o tempo é implacável Afasta os nossos corpos, mas aproxima o coração O seu nome é sempre lembrado Com um verso, eu falo de você sempre na oração",Lucas Lucco,2014,31,https://www.letras.mus.br/lucas-lucco/11-vidas/,-1,0.2671438756360842
1045,11 Vidas,musica1045,musica1045_trecho6,"Pai, foi muito chato crescer Passei a não ter você contando histórias pra eu dormir Mesmo o mundo querendo me derrubar Ao meu lado você sempre está Pra me levantar quando eu cair",Lucas Lucco,2014,33,https://www.letras.mus.br/lucas-lucco/11-vidas/,-1,0.05838925688593599
1045,11 Vidas,musica1045,musica1045_trecho7,"Mas eu só quero lembrar Que de 10 vidas, 11 eu te daria Que foi vendo você Que eu aprendi a lutar",Lucas Lucco,2014,22,https://www.letras.mus.br/lucas-lucco/11-vidas/,-1,0.19415952087515087
1045,11 Vidas,musica1045,musica1045_trecho8,"Mas eu só quero lembrar Antes que meu tempo acabe, pra você não se esquecer Que se Deus me desse uma chance de viver outra vez",Lucas Lucco,2014,26,https://www.letras.mus.br/lucas-lucco/11-vidas/,-1,0.3338588318790512
1459,126 Cabides,musica1459,musica1459_trecho1,"Contando, são 126 cabides E no guarda-roupa Um grande espaço seu deixado O que faço? Estou eu bem no meu canto Futuro levado meu, roubado",Simone & Simaria,2016,25,https://www.letras.mus.br/simone-simaria-as-coleguinhas/126-cabides/,-1,0.29015331043557935
1459,126 Cabides,musica1459,musica1459_trecho2,"Tô negociando com a solidão Tô tentando convencer Que ela não fique, não, se vá Tô eu negociando com a solidão Só me cobre esse juros No final da outra estação e se vá",Simone & Simaria,2016,34,https://www.letras.mus.br/simone-simaria-as-coleguinhas/126-cabides/,-1,0.12303427676827616
1459,126 Cabides,musica1459,musica1459_trecho4,"Tô eu negociando com a solidão Tô tentando convencer Que ela não fique, não, se vá Tô eu negociando com a solidão Só me cobre esse juros No final da outra estação e se vá",Simone & Simaria,2016,35,https://www.letras.mus.br/simone-simaria-as-coleguinhas/126-cabides/,-1,0.12303427676827638
1430,24 Horas,musica1430,musica1430_trecho3,"Todas são iguais, mas como você eu nunca vi Sabe me tirar da solidão Não dava nada Agora eu tô perdido e louco de paixão",Luan Santana,2012,25,https://www.letras.mus.br/luan-santana/24-horas/,-1,0.23524297029001962
1430,24 Horas,musica1430,musica1430_trecho4,"Queria tanto poder te falar Daquele tempo que não vai voltar É tentação, mais que paixão São 24 horas de você no coração",Luan Santana,2012,23,https://www.letras.mus.br/luan-santana/24-horas/,-1,0.03285853527627747
1262,24 Horas (Pensando Em Você),musica1262,musica1262_trecho2,"1, 2, 3 da manha, eu aqui pensando em você Fico rolando na cama, até ver o dia amanhecer No carro, no transito, indo pro trabalho No rádio começa a nossa canção Será que isso é obra do acaso Meu Deus, só pode ser provocação",Léo Magalhães,2010,45,https://www.letras.mus.br/leo-magalhaes/1722916/,-1,0.052506851428858026
1262,24 Horas (Pensando Em Você),musica1262,musica1262_trecho4,"3, 4, 5 da tarde encontro os amigos pra o happy hour Até nessa hora confesso, meu Deus, que bate a saudade Em casa, a noite, começa a novela Um beijo me faz pensar em você Então vou pra cama e começa de novo Mais um dia que eu vejo amanhecer",Léo Magalhães,2010,51,https://www.letras.mus.br/leo-magalhaes/1722916/,-1,0.052506851428857804
865,24 Horas de Amor/ Só Dá Você Na Minha Vida/ Pense Em Mim/ Talismã (pot-pourri),musica865,musica865_trecho1,Quando acordei pela manhã Senti um perfume que há muito Muito tempo não sentia Olhei depressa ao meu redor E apalpei o seu lugar Em nossa cama tão vazia,Ícaro e Gilmar,2020,29,https://www.letras.mus.br/icaro-e-gilmar/24-horas-de-amor-so-da-voce-na-minha-vida-pense-em-mim-talisma-pot-pourri/,-1,0.18781141449860206
865,24 Horas de Amor/ Só Dá Você Na Minha Vida/ Pense Em Mim/ Talismã (pot-pourri),musica865,musica865_trecho5,"Eu tentei, eu lutei, fiz o possível Mas viver sem você é impossível Eu tentei, eu busquei outra saída Mas o que fazer se só dá você na minha vida",Ícaro e Gilmar,2020,30,https://www.letras.mus.br/icaro-e-gilmar/24-horas-de-amor-so-da-voce-na-minha-vida-pense-em-mim-talisma-pot-pourri/,-1,0.29874391037594417
865,24 Horas de Amor/ Só Dá Você Na Minha Vida/ Pense Em Mim/ Talismã (pot-pourri),musica865,musica865_trecho14,"Vai, saudade diz pra ela Diz pra ela aparecer Vai, saudade, vê se troca A minha solidão por ela Pra valer o meu viver",Ícaro e Gilmar,2020,24,https://www.letras.mus.br/icaro-e-gilmar/24-horas-de-amor-so-da-voce-na-minha-vida-pense-em-mim-talisma-pot-pourri/,-1,0.27835964344596664
1517,3 de Maio,musica1517,musica1517_trecho1,"Se todo lugar que eu olho eu vejo seu rosto Se a brisa do oceano vem, me traz seu gosto Quando você chega perto, eu quase desmaio Vai ficar marcado, hoje, dia 3 de maio",Luan Santana,2012,35,https://www.letras.mus.br/luan-santana/3-de-maio/,-1,0.10450355611372508
1517,3 de Maio,musica1517,musica1517_trecho2,"Acordei bem cedo e decidi tentar a sorte Na minha vida, a timidez sempre falou mais forte O seu não eu já ganhei, se me esnobar eu saio Vai ficar marcado, hoje, dia 3 de maio",Luan Santana,2012,36,https://www.letras.mus.br/luan-santana/3-de-maio/,-1,0.05126869081182084
1517,3 de Maio,musica1517,musica1517_trecho4,Quando o amor bate na porta é só deixar ele entrar Na vida tem escolhas e o mais certo é não ter medo de errar O beijo tão gostoso que você me deu me fez esquecer da hora Eu viajei direto pra saturno e não voltei até agora,Luan Santana,2012,48,https://www.letras.mus.br/luan-santana/3-de-maio/,-1,0.10563629144844622
1187,360 O Arrocha do Poder,musica1187,musica1187_trecho2,"Cê vai ficar maluca e vai enlouquecer Se não souber me chama, arrocho com você Preste bem atenção, que já vai começar Não tem muito segredo e só você me acompanhar",Thiago Brava,2012,31,https://www.letras.mus.br/thiago-brava/360-o-arrocha-do-poder/,-1,0.06619607397359417
1145,365 Dias,musica1145,musica1145_trecho1,Ainda vou aonde a gente ia Pensando em te ver de novo Minha esperança ainda fantasia nosso reencontro,Thaeme e Thiago,2012,18,https://www.letras.mus.br/thaeme-thiago/1985791/,-1,0.07434967850653917
1145,365 Dias,musica1145,musica1145_trecho2,Desenhei teu rosto no teto do meu quarto Pra dormir sempre te olhando E ao fechar os olhos me vejo te amando Por isso que eu acordo sempre chorando,Thaeme e Thiago,2012,29,https://www.letras.mus.br/thaeme-thiago/1985791/,-1,0.2402893547666397
1145,365 Dias,musica1145,musica1145_trecho5,Ainda sei de cor seu telefone Sei decifrar os teus quinze sorrisos Conheço a palmo todo o seu corpo Que era o meu paraíso,Thaeme e Thiago,2012,24,https://www.letras.mus.br/thaeme-thiago/1985791/,-1,0.059374480342504365
1145,365 Dias,musica1145,musica1145_trecho6,"Comprei o mesmo perfume que o seu Passei na roupa que você deixou E durmo abraçado, inconformado Me perguntando aonde foi que a gente errou",Thaeme e Thiago,2012,25,https://www.letras.mus.br/thaeme-thiago/1985791/,-1,0.18781141449860217
979,4 e 15,musica979,musica979_trecho3,Só demorou um pouco pra me procurar Eu já sabia que o seu lance ia acabar O que começa errado nunca vai durar,Marília Mendonça,2015,23,https://www.letras.mus.br/marilia-mendonca/quatro-e-quinze/,-1,0.29755709771850214
311,5 KM,musica311,musica311_trecho2,"E pra chegar até você, eu já decorei São 5 km, 7 sinais, 20 esquinas, 2 hospitais 7 andares, são duas portas Tô no seu quarto, a hora é agora, a hora é agora",Henrique & Juliano,2017,34,https://www.letras.mus.br/henrique-e-juliano/5-km/,-1,0.04188496596760072
311,5 KM,musica311,musica311_trecho3,"Desliga esse abajur, que o show não precisa de luz Ação, romance ou suspense, a escolha é sua O filme é só pra arrumar desculpa O filme é só pra arrumar desculpa",Henrique & Juliano,2017,32,https://www.letras.mus.br/henrique-e-juliano/5-km/,-1,0.03184752558092685
311,5 KM,musica311,musica311_trecho4,"Desliga esse abajur, que o show não precisa de luz Ação, romance ou suspense, a escolha é sua O filme é só pra arrumar desculpa A gente pausa, volta e continua",Henrique & Juliano,2017,31,https://www.letras.mus.br/henrique-e-juliano/5-km/,-1,0.05517948127587313
35,50 Reais (part. Maiara & Maraisa),musica35,musica35_trecho2,Que lixo! Cê tá de brincadeira Então é aqui o seu futebol toda quarta-feira,Naiara Azevedo,2016,14,https://www.letras.mus.br/naiara-azevedo/50-reais/,-1,0.14462647688164365
35,50 Reais (part. Maiara & Maraisa),musica35,musica35_trecho4,E não precisa se vestir Eu já vi tudo que eu tinha que ver aqui Que decepção Um a zero pra minha intuição,Naiara Azevedo,2016,23,https://www.letras.mus.br/naiara-azevedo/50-reais/,-1,0.155124437678543
35,50 Reais (part. Maiara & Maraisa),musica35,musica35_trecho5,Não sei se dou na cara dela ou bato em você Mas eu não vim atrapalhar sua noite de prazer E pra ajudar pagar a dama que lhe satisfaz Toma aqui uns 50 reais,Naiara Azevedo,2016,34,https://www.letras.mus.br/naiara-azevedo/50-reais/,-1,0.12454953450741724
35,50 Reais (part. Maiara & Maraisa),musica35,musica35_trecho11,"Ai, ai, ai, ai Ai, ai, ai, ai E pra ajudar pagar a dama que lhe satisfaz Toma aqui uns 50 reais",Naiara Azevedo,2016,22,https://www.letras.mus.br/naiara-azevedo/50-reais/,-1,0.12454953450741713
162,60 Segundos,musica162,musica162_trecho4,"O tempo passa depressa quando estou com você As horas viram minutos, não consigo entender E o que eu mais quero é viver ao seu lado Cada segundo, amor",Gusttavo Lima,2011,29,https://www.letras.mus.br/gusttavo-lima/1966132/,-1,0.03285853527627769
162,60 Segundos,musica162,musica162_trecho6,Te fazer feliz por toda a vida,Gusttavo Lima,2011,7,https://www.letras.mus.br/gusttavo-lima/1966132/,-1,0.14602144784027715
604,A,musica604,musica604_trecho1,Tá em dúvida Não sabe se é normal gostar de dois Tá entre o que é e o que já foi Vou te ajudar a decidir agora,Luan Santana,2018,27,https://www.letras.mus.br/luan-santana/a/,-1,0.14605291679649057
604,A,musica604,musica604_trecho2,Vamo lá Suponha que eu sou A e ele é o B Que assim vai ser mais fácil de entender Vou começar agora com as perguntas,Luan Santana,2018,26,https://www.letras.mus.br/luan-santana/a/,-1,0.13693926630708297
604,A,musica604,musica604_trecho5,"Tá em dúvida (tá em dúvida) Não sabe se é normal gostar de dois (não é normal) Tá entre o que é e o que já foi (ele já foi) Vou te ajudar a decidir agora, oh",Luan Santana,2018,37,https://www.letras.mus.br/luan-santana/a/,-1,0.1460529167964908
604,A,musica604,musica604_trecho11,"Não tem mais dúvida Não tem mais dúvida Ele é o B, eu sou o A Com quem cê vai ficar?",Luan Santana,2018,21,https://www.letras.mus.br/luan-santana/a/,-1,0.13693926630708342
604,A,musica604,musica604_trecho12,"Não tem mais dúvida Não tenha dúvida Ele é o B, eu sou o A Com quem cê vai ficar?",Luan Santana,2018,20,https://www.letras.mus.br/luan-santana/a/,-1,0.1369392663070832
1183,A Bela e o Fera,musica1183,musica1183_trecho2,E pra faculdade não tá nem aí Ele tá formado em se divertir E ela só nos livros Cineminha e computador,Munhoz & Mariano,2011,21,https://www.letras.mus.br/munhoz-mariano/a-bela-e-a-fera/,-1,0.157813926523949
1183,A Bela e o Fera,musica1183,musica1183_trecho3,Quem diria Que a Bela e a Fera Formariam no final Um belo casal,Munhoz & Mariano,2011,14,https://www.letras.mus.br/munhoz-mariano/a-bela-e-a-fera/,-1,0.26713356113874276
256,A Carta,musica256,musica256_trecho2,Está fazendo algum tempo Que uma coisa aqui por dentro Despertou e é tão forte Que eu não pude te contar,Eduardo Costa,2008,21,https://www.letras.mus.br/eduardo-costa/1303708/,-1,0.0853085744238653
256,A Carta,musica256,musica256_trecho5,"Como eu poderia dar a ela esta carta? Como eu vou deixar pra sempre aquela casa Se eu já sou feliz, se eu já tenho amor Se eu já vivo em paz?",Eduardo Costa,2008,32,https://www.letras.mus.br/eduardo-costa/1303708/,-1,0.6848464709968787
256,A Carta,musica256,musica256_trecho9,E com as lágrimas as palavras vinham E rolavam como pedras E ela só a me escutar,Eduardo Costa,2008,17,https://www.letras.mus.br/eduardo-costa/1303708/,-1,0.08257084015806604
256,A Carta,musica256,musica256_trecho11,"Como eu poderia dar a ela essa carta? Como eu vou deixar pra sempre aquela casa Se eu já sou feliz, se eu já tenho amor Se eu já vivo em paz?",Eduardo Costa,2008,32,https://www.letras.mus.br/eduardo-costa/1303708/,-1,0.6848464709968787
1254,A Casa Caiu,musica1254,musica1254_trecho1,Eu tenho mais o que fazer Será que você me entende? Quero um amor decente Nossa paixão desmoronou e só você não viu Sua casa caiu,Fernando e Sorocaba,2009,26,https://www.letras.mus.br/fernando-sorocaba/1603280/,-1,0.027649156434276678
1254,A Casa Caiu,musica1254,musica1254_trecho2,"Tô grilado, encanado Por que armou isso comigo? Tô pirado, revoltado Não vou ser mais seu ombro amigo",Fernando e Sorocaba,2009,18,https://www.letras.mus.br/fernando-sorocaba/1603280/,-1,0.1205382268583991
1377,A Culpa É Dele (part. Maiara & Maraisa),musica1377,musica1377_trecho3,"O cara que eu tava deu em cima de você, foi? E aí você ficou com ele, mas foi uma vez, ok Do que cê tá com medo? De estragar a amizade? Nem fica preocupada, a gente resolve mais tarde",Marília Mendonça,2018,40,https://www.letras.mus.br/marilia-mendonca/a-culpa-dele-part-maiara-e-maraisa/,-1,0.027330021791035497
1377,A Culpa É Dele (part. Maiara & Maraisa),musica1377,musica1377_trecho4,"Se quem tava comigo era ele, a culpa é dele Quem fez essa bagunça na nossa amizade é ele Eu não vou deixar de ser sua amiga por causa de um qualquer Que não respeita uma mulher",Marília Mendonça,2018,37,https://www.letras.mus.br/marilia-mendonca/a-culpa-dele-part-maiara-e-maraisa/,-1,0.6848464709968788
1377,A Culpa É Dele (part. Maiara & Maraisa),musica1377,musica1377_trecho6,"O cara que eu tava deu em cima de você, foi? Aí você ficou com ele, mas foi só uma vez Do que cê tá com medo? De estragar a amizade? Nem fica preocupada, a gente resolve mais tarde",Marília Mendonça,2018,39,https://www.letras.mus.br/marilia-mendonca/a-culpa-dele-part-maiara-e-maraisa/,-1,0.02733002179103583
1377,A Culpa É Dele (part. Maiara & Maraisa),musica1377,musica1377_trecho9,Eu não vou deixar de ser sua amiga por causa de um qualquer Que não respeita uma mulher,Marília Mendonça,2018,18,https://www.letras.mus.br/marilia-mendonca/a-culpa-dele-part-maiara-e-maraisa/,-1,0.14966053185968242
171,A Culpa É Nossa,musica171,musica171_trecho3,"Já que cê não quer sair como o ruim da história, então fala aí Que a culpa é nossa De cê ter traído, de cê ter mentido, de cê ser um bosta Que a culpa é nossa De cê ter traído, de cê ter mentido, de cê ser um bosta",Maiara & Maraisa,2023,50,https://www.letras.mus.br/maiara-maraisa/a-culpa-e-nossa/,-1,0.6432413836199746
171,A Culpa É Nossa,musica171,musica171_trecho4,Já que cê não quer sair como o ruim da história Então mente aí que a culpa é nossa,Maiara & Maraisa,2023,19,https://www.letras.mus.br/maiara-maraisa/a-culpa-e-nossa/,-1,0.6432413836199747
171,A Culpa É Nossa,musica171,musica171_trecho9,Já que cê não quer sair como o ruim da história Então mente aí que a culpa é nossa Que a culpa é nossa,Maiara & Maraisa,2023,24,https://www.letras.mus.br/maiara-maraisa/a-culpa-e-nossa/,-1,0.6432413836199748
117,A Dama de Vermelho,musica117,musica117_trecho1,Garçom! Olhe pelo espelho A dama de vermelho Que vai se levantar,Bruno & Marrone,2019,12,https://www.letras.mus.br/bruno-e-marrone/94659/,-1,0.1397329116904985
117,A Dama de Vermelho,musica117,musica117_trecho4,Garçom amigo Apague a luz da minha mesa Eu não quero que ela note Em mim tanta tristeza,Bruno & Marrone,2019,18,https://www.letras.mus.br/bruno-e-marrone/94659/,-1,0.06669701086175472
1188,A Distância,musica1188,musica1188_trecho3,"O que restou do nosso amor ficou No tempo esquecido por você Vivendo do que fomos ainda estou Tanta coisa já mudou, só eu não te esqueci",Zezé Di Camargo & Luciano,2008,27,https://www.letras.mus.br/zeze-di-camargo-e-luciano/1372804/,-1,0.1941793023071252
1256,A Fila Anda,musica1256,musica1256_trecho1,Tá se achando demais Tá pisando sem dó Tá fazendo besteira uma atrás da outra Tá querendo ficar só,Leonardo,2008,19,https://www.letras.mus.br/leonardo/1241598/,-1,0.16759329177293758
1256,A Fila Anda,musica1256,musica1256_trecho2,Tá perdendo a razão Vê se cai na real Porque o ontem já era O amanhã não espera E você pode se dar mal,Leonardo,2008,24,https://www.letras.mus.br/leonardo/1241598/,-1,0.32898134945427127
1256,A Fila Anda,musica1256,musica1256_trecho3,Você não pensa no que fala E acaba sempre machucando quem te dá amor Insiste em me olhar de cima Eu sinto que não tem mais clima A gente acabou,Leonardo,2008,30,https://www.letras.mus.br/leonardo/1241598/,-1,0.26187630162520004
1256,A Fila Anda,musica1256,musica1256_trecho5,"Foi você quem quis assim Abusou demais, pisou em mim Doeu e aí, então, saltei de banda A fila anda, a fila anda, a fila anda",Leonardo,2008,26,https://www.letras.mus.br/leonardo/1241598/,-1,0.0318479471283869
1256,A Fila Anda,musica1256,musica1256_trecho8,"Foi você quem quis assim Abusou demais, pisou em mim Doeu e aí, então, saltei de banda A fila anda, a fila anda, a fila anda A fila anda, a fila anda, a fila anda",Leonardo,2008,35,https://www.letras.mus.br/leonardo/1241598/,-1,0.03184794712838712
1252,A Fila Andou,musica1252,musica1252_trecho2,Cansei desse papo de te amar sozinho O meu coração tá pedindo carinho Já virei a página da nossa relação,Maria Cecília e Rodolfo,2008,20,https://www.letras.mus.br/maria-cecilia-rodolfo/1302405/,-1,0.06791448875262418
1252,A Fila Andou,musica1252,musica1252_trecho3,"Já deletei você da minha vida Sem nenhum rancor na despedida O que passou, passou, já se esqueceu Não volta mais",Maria Cecília e Rodolfo,2008,21,https://www.letras.mus.br/maria-cecilia-rodolfo/1302405/,-1,0.26202538963204425
630,A Gente Nem Ficou,musica630,musica630_trecho2,Sei que pra nós dois um romance é Coisa delicada demais Não dá pra esquecer o que vivemos Antes um do outro,Jorge & Mateus,2012,22,https://www.letras.mus.br/jorge-mateus/a-gente-nem-ficou/,-1,0.19340496805520146
1278,A Louca,musica1278,musica1278_trecho3,Mas a gente não manda No nosso sentimento Eu chorei por você muito tempo,Luan Santana,2009,14,https://www.letras.mus.br/luan-santana/1407540/,-1,0.05164391979118721
184,A Maior Saudade,musica184,musica184_trecho1,"Tem amores da vida que não são pra vida Nesse caso, eu e você somos a prova viva Tem começo que o fim nem passa na cabeça Até que um belo dia, esse dia chega",Henrique & Juliano,2021,35,https://www.letras.mus.br/henrique-e-juliano/a-maior-saudade/,-1,0.2588908998775489
184,A Maior Saudade,musica184,musica184_trecho2,"Chega chamando pelo nome quem chamou de amor E a boca que falou te amo, fala que acabou E o nosso pra sempre, infelizmente, não vingou",Henrique & Juliano,2021,26,https://www.letras.mus.br/henrique-e-juliano/a-maior-saudade/,-1,0.03525047350620325
826,A Noite (La Notte),musica826,musica826_trecho2,Qual é o peso da culpa que eu carrego nos braços? Me entorta as costas e dá um cansaço A maldade do tempo fez Eu me afastar de você,Gusttavo Lima,2024,29,https://www.letras.mus.br/gusttavo-lima/a-noite/,-1,0.642652658713601
826,A Noite (La Notte),musica826,musica826_trecho3,E quando chega a noite Eu não consigo dormir Meu coração acelera Eu sozinho aqui Mudo o lado da cama Eu ligo a televisão Olhos nos olhos do espelho O telefone na mão,Gusttavo Lima,2024,33,https://www.letras.mus.br/gusttavo-lima/a-noite/,-1,0.27128385497312135
826,A Noite (La Notte),musica826,musica826_trecho4,"Pro tanto que eu te queria, o perto nunca bastava Essa proximidade não dava Me perdi no que era real e no que eu inventei Reescrevi as memórias, deixei o cabelo crescer E te dedico uma linda história, confesso Nem a maldade do tempo consegue me afastar de você",Gusttavo Lima,2024,49,https://www.letras.mus.br/gusttavo-lima/a-noite/,-1,0.2602894197191845
826,A Noite (La Notte),musica826,musica826_trecho5,Te contei tantos segredos Que já não eram só meus Rimas de um velho diário Que nunca me pertenceu,Gusttavo Lima,2024,19,https://www.letras.mus.br/gusttavo-lima/a-noite/,-1,0.170848691625756
826,A Noite (La Notte),musica826,musica826_trecho7,"E quando chega a noite Eu não consigo dormir Meu coração acelera Eu sozinho aqui Mudo o lado da cama Eu ligo a televisão Olhos nos olhos do espelho E o telefone na minha mão Yeah, yeah, yeah, yeah",Gusttavo Lima,2024,39,https://www.letras.mus.br/gusttavo-lima/a-noite/,-1,0.27128385497312124
826,A Noite (La Notte),musica826,musica826_trecho8,E quando chega a noite Eu não consigo dormir Meu coração acelera Eu sozinho aqui Mudo o lado da cama Eu ligo a televisão Olhos nos olhos do espelho E o telefone na minha mão Na minha mão,Gusttavo Lima,2024,38,https://www.letras.mus.br/gusttavo-lima/a-noite/,-1,0.271283854973121
1040,A Paz,musica1040,musica1040_trecho2,"Sinta, chega o tempo de enxugar o pranto dos homens Se fazendo irmão e estendendo a mão",Daniel,2015,17,https://www.letras.mus.br/daniel/a-paz-heal-the-world/,-1,0.06795307257046446
1040,A Paz,musica1040,musica1040_trecho7,"Quanta dor e sofrimento em volta a gente ainda tem Pra manter a fé e o sonho dos que ainda vêm A lição pro futuro vem da alma e do coração Pra buscar a paz, não olhar pra trás, com amor",Daniel,2015,41,https://www.letras.mus.br/daniel/a-paz-heal-the-world/,-1,0.14602144784027737
1040,A Paz,musica1040,musica1040_trecho9,E fazer a terra inteira feliz E fazer a terra inteira feliz E fazer a terra inteira feliz,Daniel,2015,18,https://www.letras.mus.br/daniel/a-paz-heal-the-world/,-1,0.14602144784027682
861,A Rosa E O Beija-Flor,musica861,musica861_trecho1,Quando você fica ao lado de uma pessoa E ela mesmo em silêncio lhe faz bem Quando você fecha os olhos E no pensamento está Fotografado o rosto desse alguém,Matheus & Kauan,2015,30,https://www.letras.mus.br/matheus-kauan/a-rosa-e-o-beija-flor/,-1,0.2639216503641477
861,A Rosa E O Beija-Flor,musica861,musica861_trecho2,E quando estiver num dia triste Basta o sorriso dela pra você ficar feliz E quando se sentir realizado E dizer que encontrou o bem Que você sempre quis,Matheus & Kauan,2015,29,https://www.letras.mus.br/matheus-kauan/a-rosa-e-o-beija-flor/,-1,0.26392165036414783
1340,À Sua Vista,musica1340,musica1340_trecho1,"Penso em você, é quase uma oração Ao nosso amor, minha religião Que eu sigo à risca Mesmo quando não estou à sua vista",João Neto e Frederico,2008,24,https://www.letras.mus.br/joao-neto-frederico/1452379/,-1,0.24028935476663948
1340,À Sua Vista,musica1340,musica1340_trecho3,Eu conto as horas pra te ver Pra ser domingo todo dia com você Ficar na paz e ser bem mais Do que a gente pensou que ia ser,João Neto e Frederico,2008,29,https://www.letras.mus.br/joao-neto-frederico/1452379/,-1,0.05937448034250414
1470,A Verdade,musica1470,musica1470_trecho2,"Só não conta que eu pirei Nem que eu fiquei louco Não deixa ela saber Que eu tô morrendo aos poucos Inventa a história que você quiser Não conte a verdade, a verdade",Fernando e Sorocaba,2012,33,https://www.letras.mus.br/fernando-sorocaba/1888690/,-1,0.04609210938667019
1470,A Verdade,musica1470,musica1470_trecho4,Só não conta que eu pirei Nem que eu fiquei louco Não deixa ela saber Que eu tô morrendo aos poucos Inventa a história que você quiser Não conte a verdade,Fernando e Sorocaba,2012,31,https://www.letras.mus.br/fernando-sorocaba/1888690/,-1,0.04609210938667008
1470,A Verdade,musica1470,musica1470_trecho5,"Eu só quero que ela lembre Dos momentos mais bonitos Esse sofrimento é meu E não vai ser dividido Me ajude, amigo",Fernando e Sorocaba,2012,22,https://www.letras.mus.br/fernando-sorocaba/1888690/,-1,0.16392266611310335
1470,A Verdade,musica1470,musica1470_trecho6,Só não conta que eu pirei Nem que eu fiquei louco Não deixa ela saber Que eu tô morrendo aos poucos Inventa a história que você quiser,Fernando e Sorocaba,2012,27,https://www.letras.mus.br/fernando-sorocaba/1888690/,-1,0.046092109386669966
1470,A Verdade,musica1470,musica1470_trecho8,Não conte a verdade A amo e sinto saudade Essa é a pura verdade A amo e sinto saudade,Fernando e Sorocaba,2012,19,https://www.letras.mus.br/fernando-sorocaba/1888690/,-1,0.1938235258584895
322,ABALO EMOCIONAL,musica322,musica322_trecho3,Tá aí o motivo do meu abalo emocional Fico ou não fico? Vou ou não vou? É lance ou amor?,Luan Santana,2022,20,https://www.letras.mus.br/luan-santana/abalo-emocional/,-1,0.07697427556085801
322,ABALO EMOCIONAL,musica322,musica322_trecho4,"E aí, chegou pousando na minha revoada Freou minha boca que era acelerada Ela é porrada Oh, baixinha invocada",Luan Santana,2022,19,https://www.letras.mus.br/luan-santana/abalo-emocional/,-1,0.11291851368499417
322,ABALO EMOCIONAL,musica322,musica322_trecho5,"Chegou pousando na minha revoada Freou minha boca que era acelerada Ela é porrada Oh, baixinha invocada",Luan Santana,2022,17,https://www.letras.mus.br/luan-santana/abalo-emocional/,-1,0.11291851368499395
322,ABALO EMOCIONAL,musica322,musica322_trecho6,Conseguiu tirar o mel de onde ninguém tirava,Luan Santana,2022,8,https://www.letras.mus.br/luan-santana/abalo-emocional/,-1,0.04361242991716607
1111,Abelha (part. Jorge & Mateus),musica1111,musica1111_trecho2,Mas seus pensamentos são maus Você só pensa em vingança E a sua segurança é dominar,João Bosco & Vinícius,2011,16,https://www.letras.mus.br/joao-bosco-viniciusacustico/1849237/,-1,0.26187630162520015
936,Abre o Portão Que Eu Cheguei,musica936,musica936_trecho3,"Eu não consigo entender você Sempre me diz que é amor mas só me quer por prazer Olha pra trás, veja tudo o que fez Agora quer brincar comigo e não vai ter outra vez",Gusttavo Lima,2016,35,https://www.letras.mus.br/gusttavo-lima/abre-o-portao-que-eu-cheguei/,-1,0.26187630162520015
936,Abre o Portão Que Eu Cheguei,musica936,musica936_trecho6,"Eu não consigo entender você Sempre me diz que é amor mas só me quer por prazer Olha pra trás, veja tudo o que fez Agora quer ficar comigo e não vai ter outra vez",Gusttavo Lima,2016,35,https://www.letras.mus.br/gusttavo-lima/abre-o-portao-que-eu-cheguei/,-1,0.2730750694141819
936,Abre o Portão Que Eu Cheguei,musica936,musica936_trecho13,Abre o portão que eu cheguei,Gusttavo Lima,2016,6,https://www.letras.mus.br/gusttavo-lima/abre-o-portao-que-eu-cheguei/,-1,0.0484190586225155
913,Aceita Que Dói Menos (part. Marília Mendonça),musica913,musica913_trecho1,"Tô aqui jogado fora Ela não quer mais me ver Vacilei, pisei na bola E ela me deu o fora Tô perdido sem você",Trio Parada Dura,2017,24,https://www.letras.mus.br/trio-parada-dura/aceita-que-doi-menos/,-1,0.06031539129641306
913,Aceita Que Dói Menos (part. Marília Mendonça),musica913,musica913_trecho3,"De tanta saudade dela Chorando, eu liguei pra ela Pra dizer que estou sofrendo Insisti e ela atendeu Sorrindo, me respondeu Aceita, que dói menos",Trio Parada Dura,2017,25,https://www.letras.mus.br/trio-parada-dura/aceita-que-doi-menos/,-1,0.11357117495967584
913,Aceita Que Dói Menos (part. Marília Mendonça),musica913,musica913_trecho5,Tenho tanta liberdade Mas outro amor pra mim não serve É como diz o ditado Quem está do nosso lado Só tem valor depois que perde,Trio Parada Dura,2017,26,https://www.letras.mus.br/trio-parada-dura/aceita-que-doi-menos/,-1,0.6848464709968787
913,Aceita Que Dói Menos (part. Marília Mendonça),musica913,musica913_trecho6,"De tanta saudade dele Chorando, eu liguei pra ele Pra dizer que eu tô sofrendo Insisti e ele atendeu Sorrindo, me respondeu Aceita, que dói menos",Trio Parada Dura,2017,26,https://www.letras.mus.br/trio-parada-dura/aceita-que-doi-menos/,-1,0.11357117495967584
913,Aceita Que Dói Menos (part. Marília Mendonça),musica913,musica913_trecho8,"Aceita, que dói menos Aceita, que dói menos",Trio Parada Dura,2017,8,https://www.letras.mus.br/trio-parada-dura/aceita-que-doi-menos/,-1,0.15304148646200166
549,Acordando o Prédio,musica549,musica549_trecho2,"Sei que tá bom, mas as paredes têm ouvido E era pra ser escondido, já que não é mais",Luan Santana,2016,19,https://www.letras.mus.br/luan-santana/acordando-o-predio/,-1,0.17994954285155096
296,Acordo,musica296,musica296_trecho1,Se desse pra voltar a uma briga atrás Eu não faria nada diferente A culpa que cê tem é bem proporcional Ao tanto que cê mente,Henrique & Juliano,2021,26,https://www.letras.mus.br/henrique-e-juliano/acordo/,-1,0.11159074685494852
296,Acordo,musica296,musica296_trecho3,"Eu juro: Nunca mais olho na sua cara O problema é que eu beijo de olho fechado Oh, raiva Prometo que sua cama e eu não faz negócio Mas seu corpo e o meu sempre entra em acordo Oh, ódio",Henrique & Juliano,2021,40,https://www.letras.mus.br/henrique-e-juliano/acordo/,-1,0.31475810107646074
296,Acordo,musica296,musica296_trecho8,"Mas seu corpo e o meu sempre entra em acordo Oh, ódio",Henrique & Juliano,2021,12,https://www.letras.mus.br/henrique-e-juliano/acordo/,-1,0.5527481356473798
1123,Adrenalina,musica1123,musica1123_trecho1,Meu coração tá disparado Meu corpo tá viciado Nessa louca adrenalina que me faz arrepiar Meu sangue ferve nas veias quando você me incendeia Vem me amar,Luan Santana,2011,27,https://www.letras.mus.br/luan-santana/1745514/,-1,0.1462819264484052
1123,Adrenalina,musica1123,musica1123_trecho3,Tô me arriscando pelo seu amor Me aventurei para ficar perto do seu calor Inconsequente nossa paixão A cada dia uma nova emoção,Luan Santana,2011,23,https://www.letras.mus.br/luan-santana/1745514/,-1,0.10864914173833196
1123,Adrenalina,musica1123,musica1123_trecho9,Quando você chegar mais perto vai ver Que a pulsação acelera quando eu tô com você Essa magia chega e domina O meu peito explode é pura adrenalina,Luan Santana,2011,28,https://www.letras.mus.br/luan-santana/1745514/,-1,0.14628192644840554
1123,Adrenalina,musica1123,musica1123_trecho11,Meu coração tá disparado Meu corpo tá viciado Nessa louca adrenalina que me faz arrepiar Meu sangue ferve nas veias quando você me incendeia Vem me amar Vem me amar!,Luan Santana,2011,30,https://www.letras.mus.br/luan-santana/1745514/,-1,0.1462819264484051
450,Agora (Ahora),musica450,musica450_trecho2,"Agora, depois de ter chorado rios Depois de tanto ter sofrido Agora por fim, vai saber o que um dia eu vivi",Bruno & Marrone,2014,22,https://www.letras.mus.br/bruno-e-marrone/agora/,-1,0.19689921162304835
450,Agora (Ahora),musica450,musica450_trecho7,"E agora, depois de ter chorado rios Depois de tanto ter sofrido Agora por fim, vai saber o que um dia eu vivi",Bruno & Marrone,2014,23,https://www.letras.mus.br/bruno-e-marrone/agora/,-1,0.19689921162304813
450,Agora (Ahora),musica450,musica450_trecho12,"E quando a chuva não batia na minha janela Não podia dormir, te esperava, buscava Teu corpo, teu cheiro sumiu em um mar de dor",Bruno & Marrone,2014,25,https://www.letras.mus.br/bruno-e-marrone/agora/,-1,0.18781141449860228
450,Agora (Ahora),musica450,musica450_trecho14,"E agora, depois de ter chorado rios Depois de tanto ter sofrido Agora por fim, vai saber o que um dia eu vivi Agora",Bruno & Marrone,2014,24,https://www.letras.mus.br/bruno-e-marrone/agora/,-1,0.19689921162304835
437,Água Com Açúcar,musica437,musica437_trecho1,Você terminou com ele e tá chorando Quer água com açúcar ou o meu amor? E se eu te contar que a água acabou? O açúcar que tem é só o meu amor,Luan Santana,2019,33,https://www.letras.mus.br/luan-santana/agua-com-acucar/,-1,0.0516439197911871
437,Água Com Açúcar,musica437,musica437_trecho2,"Que coincidência, ó Eu sozinho e você só Por que que a gente não se amarra Um no outro e dá um nó?",Luan Santana,2019,23,https://www.letras.mus.br/luan-santana/agua-com-acucar/,-1,0.2752894507188127
437,Água Com Açúcar,musica437,musica437_trecho4,"Antes de desistir do amor Tenta o meu, por favor Se não servir, cê joga fora, vai embora e diz que não deu Mas, antes disso, prova um beijo meu",Luan Santana,2019,30,https://www.letras.mus.br/luan-santana/agua-com-acucar/,-1,0.29887951468521734
437,Água Com Açúcar,musica437,musica437_trecho7,"Antes de desistir do amor Tenta o meu, por favor Se não servir, cê joga fora, vai embora e diz que não deu, não deu Mas, antes disso, prova um beijo meu",Luan Santana,2019,32,https://www.letras.mus.br/luan-santana/agua-com-acucar/,-1,0.29887951468521756
437,Água Com Açúcar,musica437,musica437_trecho9,Não vai embora sem um beijo meu Não vai embora sem,Luan Santana,2019,11,https://www.letras.mus.br/luan-santana/agua-com-acucar/,-1,0.17973791823953278
1390,"Ah, Como Eu Amo Você",musica1390,musica1390_trecho1,Você me disse que depois de tudo o que passou Nunca mais na vida ia sentir amor Nunca mais iria desejar alguém Eu sempre soube de tudo dessa sua história Nunca falei nada só fiquei de fora E era obrigado a ver você se machucar Mas saiba que o amor não é assim Sempre desejei ter você pra mim Me dê uma chance paixão,Fernando e Sorocaba,2008,64,https://www.letras.mus.br/fernando-sorocaba/1125812/,-1,0.027649156434276678
1390,"Ah, Como Eu Amo Você",musica1390,musica1390_trecho2,"Eu te quero tanto, mas você nem liga Sei que ainda existe alguém em sua vida Mas se lembre que ninguém Vai te amar como eu te amo Eu te quero e não quero nada em troca É tão bom poder estar a sua volta Me dê uma chance que não vai se arrepender Ah, como eu amo você",Fernando e Sorocaba,2008,59,https://www.letras.mus.br/fernando-sorocaba/1125812/,-1,0.05030820096034505
1390,"Ah, Como Eu Amo Você",musica1390,musica1390_trecho3,Mas saiba que o amor não é assim Sempre desejei ter você pra mim Me dê uma chance paixão,Fernando e Sorocaba,2008,19,https://www.letras.mus.br/fernando-sorocaba/1125812/,-1,0.27307506941418236
1390,"Ah, Como Eu Amo Você",musica1390,musica1390_trecho4,"Eu te quero tanto, mas você nem liga Sei que ainda existe alguém em sua vida Mas se lembre que ninguém Vai te amar como eu te amo Eu te quero e não quero nada em troca É tão bom poder estar a sua volta Me dê uma chance que não vai se arrepender Ah, como eu amo",Fernando e Sorocaba,2008,58,https://www.letras.mus.br/fernando-sorocaba/1125812/,-1,0.05030820096034494
1390,"Ah, Como Eu Amo Você",musica1390,musica1390_trecho5,"Eu te quero tanto, mas você nem liga, Sei que ainda existe alguém em sua vida Mas se lembre que ninguém Vai te amar como eu te amo Eu te quero e não quero nada em troca É tão bom poder estar a sua volta Me dê uma chance que não vai se arrepender Ah, como eu amo você",Fernando e Sorocaba,2008,59,https://www.letras.mus.br/fernando-sorocaba/1125812/,-1,0.05030820096034483
443,Aí É Loucura,musica443,musica443_trecho1,"Eu excluí dos meus stories no dia seguinte Tomara que ninguém tenha tirado print Eu olhando o saldo da conta e pensando: Cacete Gastei como não houvesse amanhã, mas teve",Zé Neto e Cristiano,2024,30,https://www.letras.mus.br/ze-neto-cristiano/ai-e-loucura/,-1,0.1962105543894741
857,Ai Eu Chorei,musica857,musica857_trecho1,"Ah, se o cantor fosse desafinado Se os tocador não tivessem ensaiado Mas os fela' da mãe tem talento E me encorajou para esse evento",Clayton e Romário,2022,25,https://www.letras.mus.br/clayton-romario/ai-eu-chorei/,-1,0.25866206471813313
857,Ai Eu Chorei,musica857,musica857_trecho5,"Ah, se o cantor fosse desafinado",Clayton e Romário,2022,6,https://www.letras.mus.br/clayton-romario/ai-eu-chorei/,-1,0.25866206471813347
174,Aí Já Era,musica174,musica174_trecho1,"Para pra pensar Porque eu já me toquei Eu te escolhi Você me escolheu, eu sei",Jorge & Mateus,2010,16,https://www.letras.mus.br/jorge-mateus/1715329/,-1,0.18233570928618048
174,Aí Já Era,musica174,musica174_trecho2,Tá escancarado Vai negar pro coração Que você tá com sintomas de paixão,Jorge & Mateus,2010,13,https://www.letras.mus.br/jorge-mateus/1715329/,-1,0.12259718829273913
174,Aí Já Era,musica174,musica174_trecho3,Que é quando os olhos se caçam Em meio à multidão Quando a gente se esbarra Andando em qualquer direção,Jorge & Mateus,2010,20,https://www.letras.mus.br/jorge-mateus/1715329/,-1,0.1944920675689813
174,Aí Já Era,musica174,musica174_trecho5,E aí já era É hora de se entregar O amor não espera Só deixa o tempo passar,Jorge & Mateus,2010,18,https://www.letras.mus.br/jorge-mateus/1715329/,-1,0.25963875998711683
1139,Ai Que Dó,musica1139,musica1139_trecho2,Se hoje vive chorando lembrando de nós Ai que dó Ai que dó o que Eu quero ver você sofrer,Thaeme e Thiago,2011,20,https://www.letras.mus.br/thaeme-thiago/1847730/,-1,0.08851412810867476
1139,Ai Que Dó,musica1139,musica1139_trecho3,Você se lembra quando me pediu pra ir embora Dizendo que só queria curtir a vida agora Que cansou de namorar Que o negócio era festar,Thaeme e Thiago,2011,26,https://www.letras.mus.br/thaeme-thiago/1847730/,-1,0.027330021791035275
1139,Ai Que Dó,musica1139,musica1139_trecho4,Com o telefone na mão eu passava horas Ficava pensando o que falar quando chegasse a hora Que você fosse ligar Me pedindo pra voltar,Thaeme e Thiago,2011,25,https://www.letras.mus.br/thaeme-thiago/1847730/,-1,0.07201815281407153
415,Ai Se Eu Te Pego,musica415,musica415_trecho3,Sábado na balada A galera começou a dançar E passou a menina mais linda Tomei coragem e comecei a falar,Michel Teló,2011,20,https://www.letras.mus.br/michel-telo/1930299/,-1,0.14538450786643797
595,Ainda Tô Aí,musica595,musica595_trecho3,"Aí me liga e me pergunta como eu tô Aí insiste em me chamar de amor Cê não desiste, quer saber aonde eu tô Quer saber onde eu tô?",Eduardo Costa,2020,29,https://www.letras.mus.br/eduardo-costa/ainda-to-ai/,-1,0.13757363964290148
595,Ainda Tô Aí,musica595,musica595_trecho5,Ainda tô aí Tô nessa moda que cê tá ouvindo Tô na saudade que cê tá sentindo Você perdeu o amor da sua vida Você era feliz e não sabia,Eduardo Costa,2020,30,https://www.letras.mus.br/eduardo-costa/ainda-to-ai/,-1,0.19417930230712543
595,Ainda Tô Aí,musica595,musica595_trecho8,"Ainda tô aí Tô nessa moda que cê tá ouvindo Tô na saudade que cê tá sentindo Você perdeu o amor da sua vida, ai, ai, ai, ai",Eduardo Costa,2020,28,https://www.letras.mus.br/eduardo-costa/ainda-to-ai/,-1,0.19417930230712477
595,Ainda Tô Aí,musica595,musica595_trecho10,"Ainda tô aí Tô nessa moda que cê tá ouvindo Tô na saudade que cê tá sentindo Você perdeu o amor da sua vida Você era feliz e não, e não sabia",Eduardo Costa,2020,32,https://www.letras.mus.br/eduardo-costa/ainda-to-ai/,-1,0.19417930230712488
1375,Alguém No Seu Lugar,musica1375,musica1375_trecho2,"É um absurdo você achar Que é dona de mim Tá tudo errado Amor bagunçado , eu não to afim",Jorge & Mateus,2010,20,https://www.letras.mus.br/jorge-mateus/1742321/,-1,0.09615916117169154
470,Alô,musica470,musica470_trecho1,"Alô, alô, alô, fala comigo Alô, alô, te esquecer não consigo",Léo Magalhães,2013,11,https://www.letras.mus.br/leo-magalhaes/alo-2/,-1,0.1506941181692253
470,Alô,musica470,musica470_trecho3,Diz pra mim qual a razão Por que não quer me atender? Se fez o meu coração Se apaixonar por você Não é justo nunca mais Quero ouvir a sua voz Juro que não ligo mais Se disser que não pensa em nós,Léo Magalhães,2013,43,https://www.letras.mus.br/leo-magalhaes/alo-2/,-1,0.17179096851683373
470,Alô,musica470,musica470_trecho4,"Alô, alô, alô, fala comigo Alô, alô, te esquecer não consigo Alô, alô, alô, não vai doer não Alô, diz um alô coração Alôôôôôôô",Léo Magalhães,2013,24,https://www.letras.mus.br/leo-magalhaes/alo-2/,-1,0.1506941181692254
1492,Alô Ambev (Segue Sua Vida),musica1492,musica1492_trecho1,"Traz uma gelada pra mim, por favor Que só de pensar a boca já secou Dessa vez não foi brincando Ela terminou e não tava blefando",Zé Neto e Cristiano,2020,26,https://www.letras.mus.br/ze-neto-cristiano/alo-ambev/,-1,0.2888548352781334
161,Alô Porteiro,musica161,musica161_trecho2,"Já deu Cansei das suas mentiras mal contadas Cresci, não acredito mais em conto de fada Não adianta vir com baixaria",Marília Mendonça,2015,21,https://www.letras.mus.br/marilia-mendonca/alo-porteiro/,-1,0.14988203149262613
1556,Amanhã,musica1556,musica1556_trecho3,Amanhã Vai lembrar do que foi nós dois Descobrir que me ama e depois Vai saber que fui seu melhor caminho,Luan Santana,2008,21,https://www.letras.mus.br/luan-santana/1155890/,-1,0.2639216503641477
1556,Amanhã,musica1556,musica1556_trecho4,"Amanhã Solidão vai estar no seu peito E voltar, desculpa, não vai ter jeito, não Você brincou com o meu coração Fique com a solidão",Luan Santana,2008,25,https://www.letras.mus.br/luan-santana/1155890/,-1,0.08613884186189835
1556,Amanhã,musica1556,musica1556_trecho7,"Amanhã Solidão vai estar no seu peito E voltar, desculpa, não vai ter jeito, não Você brincou com o meu coração Fique com a solidão Fique com a solidão Amanhã",Luan Santana,2008,30,https://www.letras.mus.br/luan-santana/1155890/,-1,0.08613884186189791
1313,Amanhã Sei Lá,musica1313,musica1313_trecho4,Todos me falam que você não vai voltar Mas eu não ligo não consigo acreditar Eu quero só você,Michel Teló,2010,19,https://www.letras.mus.br/michel-telo/1525643/,-1,0.13751618464239512
500,Amante Não Tem Lar,musica500,musica500_trecho2,Você vai me odiar Mas eu vim te contar Que faz um tempo Eu me meti no meio do seu lar,Marília Mendonça,2017,21,https://www.letras.mus.br/marilia-mendonca/amante-nao-tem-lar/,-1,0.0744151407661594
500,Amante Não Tem Lar,musica500,musica500_trecho3,Sua família é tão bonita Eu nunca tive isso na vida E se eu continuar assim Eu sei que não vou ter,Marília Mendonça,2017,22,https://www.letras.mus.br/marilia-mendonca/amante-nao-tem-lar/,-1,0.19415952087515054
500,Amante Não Tem Lar,musica500,musica500_trecho4,Ele te ama de verdade E a culpa foi minha Minha responsabilidade eu vou resolver Não quero atrapalhar você,Marília Mendonça,2017,19,https://www.letras.mus.br/marilia-mendonca/amante-nao-tem-lar/,-1,0.2642024293573282
500,Amante Não Tem Lar,musica500,musica500_trecho5,E o preço que eu pago É nunca ser amada de verdade Ninguém me respeita nessa cidade Amante não tem lar Amante nunca vai casar,Marília Mendonça,2017,25,https://www.letras.mus.br/marilia-mendonca/amante-nao-tem-lar/,-1,0.11835906175469546
500,Amante Não Tem Lar,musica500,musica500_trecho6,E o preço que eu pago É nunca ser amada de verdade Ninguém me respeita nessa cidade Amante não vai ser fiel Amante não usa aliança e véu,Marília Mendonça,2017,28,https://www.letras.mus.br/marilia-mendonca/amante-nao-tem-lar/,-1,0.11835906175469613
624,Amar De Novo (Set Fire To The Rain),musica624,musica624_trecho1,"Ilusão pra nós Deslize teu que feriu a gente Tentou, não resolveu Antes que visse, eu te deixei para sempre",Paula Fernandes,2025,20,https://www.letras.mus.br/paula-fernandes/amar-de-novo-set-fire-to-the-rain/,-1,0.09241840126993539
624,Amar De Novo (Set Fire To The Rain),musica624,musica624_trecho2,Eu sei que estou Um pouco assim em assumir Talvez eu volte atrás E esse amor não chegue ao fim,Paula Fernandes,2025,20,https://www.letras.mus.br/paula-fernandes/amar-de-novo-set-fire-to-the-rain/,-1,0.11835906175469557
339,Amar Não É Pecado,musica339,musica339_trecho1,Eu não sei de onde vem Essa força que me leva pra você Eu só sei que faz bem Mas confesso que no fundo eu duvidei,Luan Santana,2011,26,https://www.letras.mus.br/luan-santana/1792572/,-1,0.02964564576466233
339,Amar Não É Pecado,musica339,musica339_trecho2,Tive medo e em segredo Guardei o sentimento e me sufoquei Mas agora é a hora Vou gritar pra todo mundo de uma vez,Luan Santana,2011,24,https://www.letras.mus.br/luan-santana/1792572/,-1,0.04421210408989584
716,Amaremos,musica716,musica716_trecho2,Nós dois que me fascina Eu acho que nasci para ser seu E você para ser minha Olhando em seu olhar os Nossos olhos dizem tudo,Trio Parada Dura,2017,26,https://www.letras.mus.br/trio-parada-dura/amaremos/,-1,0.10404348268332198
526,AMBIENTE ERRADO,musica526,musica526_trecho1,"Vazou um vídeo Era eu, não vou negar Eu não tava escondido Te avisei que eu ia lá",Luan Santana,2023,18,https://www.letras.mus.br/luan-santana/ambiente-errado/,-1,0.06619607397359406
994,Amiga,musica994,musica994_trecho2,"Amiga, me escuta Quero falar contigo Preciso de um conselho Pra dor que estou sentindo Ele tá frio Não está falando comigo Isso está me consumindo",Simone & Simaria,2022,26,https://www.letras.mus.br/simone-simaria-as-coleguinhas/amiga/,-1,0.08205110915381597
994,Amiga,musica994,musica994_trecho3,"Amiga, ele não quis te machucar Não precisa ficar com raiva dele Posso dizer até que ele tentou Se não deu certo a culpa não foi dele",Simone & Simaria,2022,27,https://www.letras.mus.br/simone-simaria-as-coleguinhas/amiga/,-1,0.1149538111523849
994,Amiga,musica994,musica994_trecho4,Eu sei que você sabe alguma coisa Fala que eu tô pronta pra ouvir,Simone & Simaria,2022,14,https://www.letras.mus.br/simone-simaria-as-coleguinhas/amiga/,-1,0.12017256728188053
994,Amiga,musica994,musica994_trecho6,"Amiga, eu cometi muitos erros Eu sei que eu mereço esse castigo Convence ele a voltar comigo",Simone & Simaria,2022,17,https://www.letras.mus.br/simone-simaria-as-coleguinhas/amiga/,-1,0.2642024293573282
994,Amiga,musica994,musica994_trecho7,Mas ele disse que agora está bem Que encontrou alguém que cuida dele Que não fica julgando seus defeitos E sabe que não tem ninguém perfeito É tarde pra tá nesse desespero,Simone & Simaria,2022,32,https://www.letras.mus.br/simone-simaria-as-coleguinhas/amiga/,-1,0.26263405940384643
1485,Amiga da Minha Irmã,musica1485,musica1485_trecho4,"Ela é amiga da minha irmã, não quero nem saber Eu vou pra cima, pra cima Ela é amiga da minha irmã, não quero nem saber Se ela é novinha, novinha",Michel Teló,2013,31,https://www.letras.mus.br/michel-telo/amiga-da-minha-irma/,-1,0.09615916117169154
810,Amiga Linda,musica810,musica810_trecho2,Amiga não tô dando fora no seu coração Mas nós estamos misturando amizade e paixão Amizade e paixão,João Bosco & Vinícius,2015,18,https://www.letras.mus.br/joao-bosco-viniciusacustico/amiga-linda/,-1,0.13264633372953005
810,Amiga Linda,musica810,musica810_trecho3,"Bem, amiga, então vamos parar por aqui Vou te poupar da despedida e sair Vou levantar, fugir, tentando não chorar Você também engole o choro e tenta disfarçar Vou convencer meu coração que nunca sentiu nada Você é a pessoa certa, mas na hora errada",João Bosco & Vinícius,2015,45,https://www.letras.mus.br/joao-bosco-viniciusacustico/amiga-linda/,-1,0.1585612792064658
746,Amigo Da Minha Saudade,musica746,musica746_trecho1,"Entendi Já que você decidiu seguir, também vou decidir algumas coisas por aqui Se me ver por aí num barzinho, não puxa assunto comigo Que eu também não faço questão, onde você pisar eu não piso",Henrique & Juliano,2025,36,https://www.letras.mus.br/henrique-e-juliano/amigo-da-minha-saudade/,-1,0.13641523599784178
746,Amigo Da Minha Saudade,musica746,musica746_trecho3,"É que eu amei demais pra terminar de boa É que eu amei demais pra te ver com outra pessoa Não sou esse tipo de gente que vira a chave de amor pra amizade Amizade é o caralho, como é que vou ser amigo da minha saudade?",Henrique & Juliano,2025,47,https://www.letras.mus.br/henrique-e-juliano/amigo-da-minha-saudade/,-1,0.0276491564342769
746,Amigo Da Minha Saudade,musica746,musica746_trecho4,"Eu amei demais pra terminar de boa É que eu amei demais pra te ver com outra pessoa Não sou esse tipo de gente que vira a chave de amor pra amizade Amizade é o caralho, como é que vou ser amigo da minha saudade?",Henrique & Juliano,2025,45,https://www.letras.mus.br/henrique-e-juliano/amigo-da-minha-saudade/,-1,0.02764915643427679
746,Amigo Da Minha Saudade,musica746,musica746_trecho5,Eu amei demais É que eu amei demais,Henrique & Juliano,2025,8,https://www.letras.mus.br/henrique-e-juliano/amigo-da-minha-saudade/,-1,0.13255184497578987
746,Amigo Da Minha Saudade,musica746,musica746_trecho9,É que eu amei demais É que eu amei demais,Henrique & Juliano,2025,10,https://www.letras.mus.br/henrique-e-juliano/amigo-da-minha-saudade/,-1,0.13255184497578987
809,Amigo Taxista,musica809,musica809_trecho4,"Rapaz, é difícil demais gostar dessas muié bandida Quanto mais nóis corre atrás, mais elas pisa A minha terminou comigo por mensagem Me largar desse jeito foi muita sacanagem",Zé Neto e Cristiano,2017,29,https://www.letras.mus.br/ze-neto-cristiano/amigo-taxista/,-1,0.14628874986887197
1108,Amigos Pela Fé,musica1108,musica1108_trecho1,"Quem me dará um ombro amigo Quando eu precisar? E se eu cair, se eu vacilar Quem vai me levantar?",Luan Santana,2009,20,https://www.letras.mus.br/luan-santana/1543706/,-1,0.07644613600291417
1108,Amigos Pela Fé,musica1108,musica1108_trecho2,Sou eu quem vai ouvir você Quando o mundo não puder te entender Foi Deus quem te escolheu pra ser O melhor amigo que eu pudesse ter,Luan Santana,2009,27,https://www.letras.mus.br/luan-santana/1543706/,-1,0.05243366296735619
1108,Amigos Pela Fé,musica1108,musica1108_trecho3,"Amigos, pra sempre Bons amigos que nasceram pela fé Amigos, pra sempre Para sempre amigos sim, se Deus quiser",Luan Santana,2009,19,https://www.letras.mus.br/luan-santana/1543706/,-1,0.2856762489701149
1108,Amigos Pela Fé,musica1108,musica1108_trecho4,Quem é que vai me acolher Na minha indecisão? Se eu me perder pelo caminho Quem me dará a mão?,Luan Santana,2009,20,https://www.letras.mus.br/luan-santana/1543706/,-1,0.0764461360029145
1108,Amigos Pela Fé,musica1108,musica1108_trecho5,"Foi Deus quem consagrou você e eu Para sermos bons amigos, num só coração Por isso eu estarei aqui Quando tudo parecer sem solução",Luan Santana,2009,24,https://www.letras.mus.br/luan-santana/1543706/,-1,0.26354627167101086
1108,Amigos Pela Fé,musica1108,musica1108_trecho7,"Amigos, pra sempre Bons Amigos que nasceram pela fé Amigos, pra sempre Para sempre amigos sim",Luan Santana,2009,16,https://www.letras.mus.br/luan-santana/1543706/,-1,0.285676248970115
19,Amo Noite e Dia,musica19,musica19_trecho2,"Tudo se perde, se transforma se ninguém te vê Eu busco às vezes nos detalhes encontrar você O tempo já não passa, só anda pra trás Me perco nessa estrada, não aguento mais",Jorge & Mateus,2010,33,https://www.letras.mus.br/jorge-mateus/1668672/,-1,0.27255440753998794
1060,Amo Você,musica1060,musica1060_trecho1,Faz tempo que eu não sei me controlar Reajo nesse jeito tão perfeito que me faz sonhar Me tira a razão Eu pago o preço pra não te deixar Enquanto houver motivo Juro pra você que vou lutar por essa paixão,Jads e Jadson,2014,41,https://www.letras.mus.br/jads-e-jadson/715539/,-1,0.2500044098704791
1537,Amor Além da Vida,musica1537,musica1537_trecho2,Amor além da vida O meu amor além da vida,Cezar e Paulinho,2006,10,https://www.letras.mus.br/cesar-e-paulinho/546645/,-1,0.30838797524803097
1537,Amor Além da Vida,musica1537,musica1537_trecho7,Por você é que sou apaixonado assim Completou o que faltava em mim Os meus desejos e manias,Cezar e Paulinho,2006,18,https://www.letras.mus.br/cesar-e-paulinho/546645/,-1,0.2851777378235041
1537,Amor Além da Vida,musica1537,musica1537_trecho8,"Você está em mim, no dia a dia E até nos sonhos meus Vivo feliz, agradecendo a Deus Lê, nem sei se eu te merecia",Cezar e Paulinho,2006,25,https://www.letras.mus.br/cesar-e-paulinho/546645/,-1,0.10974633202179562
1537,Amor Além da Vida,musica1537,musica1537_trecho10,"Lê, preciso te dizer Que o meu amor por você É amor além da vida",Cezar e Paulinho,2006,15,https://www.letras.mus.br/cesar-e-paulinho/546645/,-1,0.5503355286800172
1537,Amor Além da Vida,musica1537,musica1537_trecho12,"Você está em mim no dia a dia E até nos sonhos meus Vivo feliz, agradecendo a Deus Lê, nem sei se eu te merecia",Cezar e Paulinho,2006,25,https://www.letras.mus.br/cesar-e-paulinho/546645/,-1,0.10974633202179596
1090,Amor Covarde,musica1090,musica1090_trecho4,"Se o erro for meu eu assumo e não quero saber Te peço milhões de desculpas se preciso for Não meço limite, distância Faço qualquer coisa pra não te perder Espero que você também seja capaz de fazer",Jorge & Mateus,2009,38,https://www.letras.mus.br/jorge-mateus/1444403/,-1,0.07193942292101874
1144,Amor Da Sua Cama,musica1144,musica1144_trecho1,"Se eu despir minha alma Será que ela também te excita? Às vezes, o amor se disfarça embaixo dos lençóis, reflita Tenho vontade de ir mais fundo Mas não tenho certeza se ainda posso Certeza eu tenho que posso ir além do que virar seus olhos",Felipe Araújo,2018,46,https://www.letras.mus.br/felipe-araujo/amor-da-sua-cama/,-1,0.2033093206995522
1144,Amor Da Sua Cama,musica1144,musica1144_trecho3,"Tudo bem Se é pra você me usar, o que é que tem? Só de tá com você, fico bem Posso não ser o amor da sua vida",Felipe Araújo,2018,28,https://www.letras.mus.br/felipe-araujo/amor-da-sua-cama/,-1,0.26851873233570234
1144,Amor Da Sua Cama,musica1144,musica1144_trecho4,"Tudo bem Se é pra você me usar, o que é que tem? Tanto faz se você não me ama Posso não ser o amor da sua vida Mas eu sou o amor da sua cama, ai, ai, ai, ai Mas eu sou o amor da sua cama, ai, ai, ai, ai",Felipe Araújo,2018,52,https://www.letras.mus.br/felipe-araujo/amor-da-sua-cama/,-1,0.13693926630708353
1144,Amor Da Sua Cama,musica1144,musica1144_trecho8,"Tudo bem Se é pra você me usar, o que é que tem? Tanto faz se você não me ama Posso não ser o amor da sua vida",Felipe Araújo,2018,28,https://www.letras.mus.br/felipe-araujo/amor-da-sua-cama/,-1,0.13693926630708342
1267,Amor de Madrugada,musica1267,musica1267_trecho3,Só pra fazer amor de madrugada De enlouquecer A gente faz amor de madrugada Até amanhecer,Marcos & Belutti,2012,16,https://www.letras.mus.br/marcos-belutti/amor-de-madrugada/,-1,0.29983002847157814
1534,Amor de Primavera,musica1534,musica1534_trecho2,Eu pensei que fosse fácil Esquecer aquele amor Mas quando vem a saudade Dói demais a minha dor Quando vem a saudade Dói demais a minha dor,Gusttavo Lima,2010,27,https://www.letras.mus.br/gusttavo-lima/1717012/,-1,0.08851412810867498
1539,Amor de Um Poeta,musica1539,musica1539_trecho5,"E é esse o amor de um poeta Que sempre me ensina E confessa, sempre volta atrás",Gusttavo Lima,2012,17,https://www.letras.mus.br/gusttavo-lima/1766425/,-1,0.10599770505460104
17,Amor Dos Outros,musica17,musica17_trecho1,"Mais um casal surgindo, anéis de compromisso Mais um novo amigo pros amigos meus Um sorriso sumindo, um ciúme vindo E a luta agora é entre ele e eu",Henrique & Juliano,2025,29,https://www.letras.mus.br/henrique-e-juliano/amor-dos-outros/,-1,0.15606056669703838
17,Amor Dos Outros,musica17,musica17_trecho2,"A gente errou tanto pra entrar no eixo Trocou tanta ideia pra ser um casal perfeito Foi se melhorando, se moldando, você consertou, eu consertei E quando tava tudo ok, sobrei",Henrique & Juliano,2025,31,https://www.letras.mus.br/henrique-e-juliano/amor-dos-outros/,-1,0.137202548011904
17,Amor Dos Outros,musica17,musica17_trecho3,"Esse sorriso que sumiu da minha cara tá na cara dele O seu pra sempre, que sumiu de mim pra sempre, apareceu pra ele É lindo pegar um te amo no meio do caminho Eu quero ver construir um te amo desde o início",Henrique & Juliano,2025,44,https://www.letras.mus.br/henrique-e-juliano/amor-dos-outros/,-1,0.2639216503641476
17,Amor Dos Outros,musica17,musica17_trecho4,"O difícil é, pra mim, não ter sido feliz por pouco O fácil é, pra ele, ser feliz com o amor dos outros O difícil é, pra mim, não ter sido feliz por pouco O fácil é, pra ele, ser feliz com o amor dos outros",Henrique & Juliano,2025,46,https://www.letras.mus.br/henrique-e-juliano/amor-dos-outros/,-1,0.2054314608662784
1471,Amor Não É Jogo de Azar,musica1471,musica1471_trecho1,"Tá na hora de você voltar pra mim E dar mais uma chance pra nós dois Meu bem, a gente já se machucou demais Está na hora de voltar atrás",Jorge & Mateus,2007,30,https://www.letras.mus.br/jorge-mateus/1314518/,-1,0.12225107222019282
531,Amor Não Vai Faltar,musica531,musica531_trecho1,"Me diz o que você quer que eu te faça Eu te faço amor Me diz o que você quer que eu te diga Eu te digo sim Me diz o que você quer que eu te dê E eu te dou, meu bem Tudo de mim Eu faço o que você quiser Só pra te ver feliz",Bruno & Marrone,2009,58,https://www.letras.mus.br/bruno-e-marrone/1460080/,-1,0.12997172188037664
531,Amor Não Vai Faltar,musica531,musica531_trecho4,Me diz o que você quer que eu te faça Eu te faço amor Me diz o que você quer que eu te diga Eu te digo sim Me diz se você quer que eu adivinhe Eu posso até tentar Descobrir Eu faço o que você quiser Só pra te ver feliz,Bruno & Marrone,2009,52,https://www.letras.mus.br/bruno-e-marrone/1460080/,-1,0.12997172188037698
287,Amor No Escuro,musica287,musica287_trecho1,"Vê se isso é hora de você aparecer na minha mente Tô com a boca em outra boca, o meu corpo sem roupa E lembrando da gente Disfarçadamente, clack, apaga a luz do quarto É pra não dar na cara que na minha cara Tem olho chorando e tem clima pesado",Simone Mendes,2025,51,https://www.letras.mus.br/simone-mendes/amor-no-escuro/,-1,0.06669701086175472
287,Amor No Escuro,musica287,musica287_trecho2,"Nessa hora, a coisa vai esquentando Quem tá comigo ali nem desconfia Que essa cama só tá balançando Porque a minha mente te imagina Ah-ah",Simone Mendes,2025,25,https://www.letras.mus.br/simone-mendes/amor-no-escuro/,-1,0.1474814716599674
287,Amor No Escuro,musica287,musica287_trecho3,"Até pra te esquecer, tô te lembrando em pensamento Pro meu corpo arrepiar, eu te imagino lá, em cada movimento Até pra te esquecer, tô te lembrando em pensamento Só tô fazendo amor no escuro pra não deixar claro que eu tô sofrendo",Simone Mendes,2025,43,https://www.letras.mus.br/simone-mendes/amor-no-escuro/,-1,0.1373314434918711
314,Amor Pra Recomeçar,musica314,musica314_trecho4,Desejo Que você tenha a quem amar E quando estiver bem cansado Ainda exista amor Pra recomeçar Pra recomeçar,Jorge & Mateus,2013,19,https://www.letras.mus.br/jorge-mateus/amor-pra-recomecar/,-1,0.15419836256222785
314,Amor Pra Recomeçar,musica314,musica314_trecho8,Eu desejo Que você ganhe dinheiro Pois é preciso Viver também E que você diga a ele Pelo menos uma vez Quem é O dono de quem,Jorge & Mateus,2013,27,https://www.letras.mus.br/jorge-mateus/amor-pra-recomecar/,-1,0.28876759069420044
314,Amor Pra Recomeçar,musica314,musica314_trecho9,Desejo Que você tenha a quem amar E quando estiver bem cansado Ainda exista amor Pra recomeçar,Jorge & Mateus,2013,17,https://www.letras.mus.br/jorge-mateus/amor-pra-recomecar/,-1,0.15419836256222763
314,Amor Pra Recomeçar,musica314,musica314_trecho10,"Eu desejo Que você tenha a quem amar E quando estiver bem cansado Ainda, exista amor Pra recomeçar Pra recomeçar Pra recomeçar",Jorge & Mateus,2013,22,https://www.letras.mus.br/jorge-mateus/amor-pra-recomecar/,-1,0.15419836256222752
1453,Amor Pra Vida Inteira,musica1453,musica1453_trecho3,"Me leva pro céu, vira meu mundo de pernas pro ar Essa paixão ardente pronta pra incendiar Eu sou desejo e você sedução Nós dois dentro de um só coração",Marcos & Belutti,2010,30,https://www.letras.mus.br/marcos-belutti/1664358/,-1,0.21139244429560577
1453,Amor Pra Vida Inteira,musica1453,musica1453_trecho4,"Me leva pro céu, vira meu mundo de pernas pro ar Essa paixão ardente pronta pra incendiar Eu sou desejo e você sedução Nós dois dentro de um só coração (É amor demais, gente)",Marcos & Belutti,2010,34,https://www.letras.mus.br/marcos-belutti/1664358/,-1,0.21139244429560577
950,Amor Sem Medida (Te Voy A Amar),musica950,musica950_trecho1,"É pouco dizer Que é você a minha outra metade É pouco dizer Que daria a vida, meu destino E algo a mais",Matheus & Kauan,2015,23,https://www.letras.mus.br/matheus-kauan/amor-sem-medida/,-1,0.684532332350569
950,Amor Sem Medida (Te Voy A Amar),musica950,musica950_trecho2,"Já não me alcançam as palavras, não Pra lhe explicar o que eu sinto E tudo o que você está causando em mim E até no frio eu sinto o seu calor E tudo é doce quando está em sua voz E se vem de você",Matheus & Kauan,2015,46,https://www.letras.mus.br/matheus-kauan/amor-sem-medida/,-1,0.029645645764662
464,Anestesiado,musica464,musica464_trecho1,"A fumaça acaba com meu pulmão A bebida destrói o meu fígado A saudade afoga meus olhos E mesmo assim, sobrevivo",Murilo Huff,2024,21,https://www.letras.mus.br/murilo-huff/anestesiado/,-1,0.14597455727164577
464,Anestesiado,musica464,musica464_trecho2,"Tem pedaços de mim em camas variadas Amores mal vividos, bocas mal beijadas Noites mal dormidas Se sabe o motivo, a razão e a culpada",Murilo Huff,2024,25,https://www.letras.mus.br/murilo-huff/anestesiado/,-1,0.1314537345553044
464,Anestesiado,musica464,musica464_trecho3,"Então, como tem coragem de ficar falando mal dos meus vícios Se eles tão salvando o que fez comigo? Como tem coragem de falar que eu tô vivendo errado Se eu só te esqueço assim, anestesiado?",Murilo Huff,2024,36,https://www.letras.mus.br/murilo-huff/anestesiado/,-1,0.024018695104967125
464,Anestesiado,musica464,musica464_trecho4,"Como tem coragem de ficar falando mal dos meus vícios Se eles tão salvando o que fez comigo? Como tem coragem de falar que eu tô vivendo errado Se eu só te esqueço assim, anestesiado?",Murilo Huff,2024,35,https://www.letras.mus.br/murilo-huff/anestesiado/,-1,0.024018695104967125
464,Anestesiado,musica464,musica464_trecho7,"Como tem coragem de ficar falando mal dos meus vícios Se eles tão salvando o que fez comigo? Como tem coragem de falar que eu tô vivendo errado Se eu só te esqueço assim, anestesiado? Se eu só te esqueço assim, anestesiado?",Murilo Huff,2024,42,https://www.letras.mus.br/murilo-huff/anestesiado/,-1,0.024018695104967458
1162,Anjo,musica1162,musica1162_trecho1,Procurei de toda forma Palavras lindas pra definir Tudo que eu sinto por você Não consegui,Jads e Jadson,2011,16,https://www.letras.mus.br/jads-e-jadson/1989635/,-1,0.029645645764661777
1162,Anjo,musica1162,musica1162_trecho3,"Anjo, puta que pariu, como eu te amo Anjo, puta que pariu, como eu te quero Anjo, nem morrendo eu quero te perder Anjo, sei que sou um trouxa sem você",Jads e Jadson,2011,31,https://www.letras.mus.br/jads-e-jadson/1989635/,-1,0.09821033261145329
1117,Anjo de Vidro,musica1117,musica1117_trecho1,Para de fazer isso comigo As vezes eu me sinto invisível Você não tem idéia da minha paixão E o que sinto no meu coração.,Hugo Pena e Gabriel,2011,25,https://www.letras.mus.br/hugo-pena-e-gabriel/1799475/,-1,0.14628192644840554
1117,Anjo de Vidro,musica1117,musica1117_trecho2,Te vejo nos meus sonhos toda noite Te sinto mesmo quando estamos longe Somos interligados somos fogo e desejo Se te calo com um beijo.,Hugo Pena e Gabriel,2011,25,https://www.letras.mus.br/hugo-pena-e-gabriel/1799475/,-1,0.10450355611372553
1117,Anjo de Vidro,musica1117,musica1117_trecho4,"Você é um anjo de vidro Alguém que eu preciso Tem a delicadeza da flor Meu verso poema É minha pequena, Esquece o mundo e vem provar meu amor.",Hugo Pena e Gabriel,2011,29,https://www.letras.mus.br/hugo-pena-e-gabriel/1799475/,-1,0.09756148096519712
634,Anjo Loiro,musica634,musica634_trecho1,Na casa que o meu bem mora Ao lado do seu portão Eu escrevi o meu nome Dentro de um coração Expressei meus sentimentos A que passa por aqui Vai saber que já tem dono O amor que mora ali,Milionário e José Rico,2008,40,https://www.letras.mus.br/milionario-e-jose-rico/1447683/,-1,0.19378851868471947
634,Anjo Loiro,musica634,musica634_trecho2,É um anjo loiro Dos cabelos cacheados Um metro e setenta e cinco Meu pedaço de pecado É uma paixão Que rasga o peito pelo avesso Trinta e cinco de cintura Cem por cento que eu conheço,Milionário e José Rico,2008,37,https://www.letras.mus.br/milionario-e-jose-rico/1447683/,-1,0.247028192841512
1420,Anjo Moderno,musica1420,musica1420_trecho3,"Uououô De olho aberto ou fechado, eu só vejo você Sua missão no mundo deve ser me proteger Cê é tipo um anjo moderno de roupa e sem asas Que fez desse meu coração, seu céu, sua casa",Jorge & Mateus,2018,38,https://www.letras.mus.br/jorge-mateus/anjo-moderno/,-1,0.22654111252788867
1420,Anjo Moderno,musica1420,musica1420_trecho4,"De olho aberto ou fechado, eu só vejo você Sua missão no mundo deve ser me proteger Cê é tipo um anjo moderno de roupa e sem asas Que fez desse meu coração, seu céu, sua casa",Jorge & Mateus,2018,37,https://www.letras.mus.br/jorge-mateus/anjo-moderno/,-1,0.22654111252788867
1178,Anjo Protetor,musica1178,musica1178_trecho2,Como se um silêncio me tirasse até o ar Está difícil respirar Pois não posso ter você aqui comigo,Eduardo Costa,2012,19,https://www.letras.mus.br/eduardo-costa/anjo-protetor/,-1,0.26586676600481796
1178,Anjo Protetor,musica1178,musica1178_trecho4,"Não como, não bebo, não posso dormir Nada me agrada sem você aqui Fujo dos amigos, tento me esconder Gosto deles, mas amo você",Eduardo Costa,2012,24,https://www.letras.mus.br/eduardo-costa/anjo-protetor/,-1,0.2987439103759443
1178,Anjo Protetor,musica1178,musica1178_trecho5,"Quem vai me acalmar, me suportar E adoçar meus beijos Você que é meu anjo Só você que é meu anjo protetor",Eduardo Costa,2012,22,https://www.letras.mus.br/eduardo-costa/anjo-protetor/,-1,0.22654111252788878
193,Anti-Amor (part. Jorge & Mateus),musica193,musica193_trecho1,"Tô aqui pra te contar Por aqui tá tudo em paz, tudo bem Eu já nem te amo mais Comecei a me tratar de você, e quer saber? Te esqueci há uma semana atrás",Gustavo Mioto,2017,34,https://www.letras.mus.br/gustavo-mioto/anti-amor/,-1,0.15856127920646557
193,Anti-Amor (part. Jorge & Mateus),musica193,musica193_trecho2,"E aquela loucura de mudar pra Salvador Esquece, eu nem gosto de calor Se fez uma cozinha maior Pra juntar a família ao redor Esquece, jantar fora é bem melhor",Gustavo Mioto,2017,30,https://www.letras.mus.br/gustavo-mioto/anti-amor/,-1,0.6843941179463596
193,Anti-Amor (part. Jorge & Mateus),musica193,musica193_trecho3,"Coração receitou De 8 em 8 horas, uma dose de anti-amor Já tomei, funcionou Eu sou paciente, coração é meu doutor",Gustavo Mioto,2017,21,https://www.letras.mus.br/gustavo-mioto/anti-amor/,-1,0.6847148038247032
193,Anti-Amor (part. Jorge & Mateus),musica193,musica193_trecho5,PS: Hoje eu ganhei alta Nem sinto mais sua falta PS: Hoje eu ganhei alta Não sinto mais sua falta,Gustavo Mioto,2017,20,https://www.letras.mus.br/gustavo-mioto/anti-amor/,-1,0.05061062620808521
193,Anti-Amor (part. Jorge & Mateus),musica193,musica193_trecho9,PS: Hoje eu ganhei alta Não sinto mais sua falta PS: Hoje eu ganhei alta Não sinto mais sua falta Não sinto mais sua falta,Gustavo Mioto,2017,25,https://www.letras.mus.br/gustavo-mioto/anti-amor/,-1,0.050610626208084986
1056,Antídoto,musica1056,musica1056_trecho1,"Passei o dia todo pensando em você, ê, ê Ainda não encontrei um antídoto pra te esquecer Como que eu faço pra tirar da cabeça Se deu xeque-mate no meu coração? Oh não, oh não",Matheus & Kauan,2017,35,https://www.letras.mus.br/matheus-kauan/antidoto/,-1,0.032104889720091956
1056,Antídoto,musica1056,musica1056_trecho3,"Ô, menina, eu não vi nada igual nessa vida Até nossa loucura combina Cola esse sorriso no meu Traz o amor que prometeu",Matheus & Kauan,2017,23,https://www.letras.mus.br/matheus-kauan/antidoto/,-1,0.2639216503641474
1056,Antídoto,musica1056,musica1056_trecho4,"Ô menina, ô menina, ô menina, ô menina Até nossa loucura combina Traz o seu abraço, eu levo o meu Sorte é te encontrar e azar de quem perdeu você",Matheus & Kauan,2017,30,https://www.letras.mus.br/matheus-kauan/antidoto/,-1,0.17973791823953278
1056,Antídoto,musica1056,musica1056_trecho8,"Ô, menina, ô, menina, ô, menina, ô, menina Até nossa loucura combina Traz o seu abraço, eu levo o meu Sorte é te encontrar e azar de quem perdeu você",Matheus & Kauan,2017,30,https://www.letras.mus.br/matheus-kauan/antidoto/,-1,0.1797379182395331
1056,Antídoto,musica1056,musica1056_trecho9,"Ô, menina, até nossa loucura combina",Matheus & Kauan,2017,6,https://www.letras.mus.br/matheus-kauan/antidoto/,-1,0.17973791823953278
697,Ao Vivo E A Cores (part. Anitta),musica697,musica697_trecho1,"Por que você não sai daí e vem aqui? Pode invadir, pode chegar, pode ficar No meu quarto, no meu abraço, apertado Duvido que cê vai querer ir embora, não apavora Depois do amor a gente vai fazendo hora E eu não aguento mais, eu não aguento mais",Matheus & Kauan,2018,48,https://www.letras.mus.br/matheus-kauan/ao-vivo-e-a-cores-part-anitta/,-1,0.11722452215284762
697,Ao Vivo E A Cores (part. Anitta),musica697,musica697_trecho6,"Então sai daí, sai daí, vem aqui, vem invadir, invadir o meu quarto Meu abraço apertado, vem, vem, duvido que cê vai querer sair Por que você não sai daí, sai daí, sai daí, vem aqui, vem invadir, invadir o meu quarto Meu abraço, meu abraço apertado Eu não aguento mais",Matheus & Kauan,2018,51,https://www.letras.mus.br/matheus-kauan/ao-vivo-e-a-cores-part-anitta/,-1,0.2779937773214908
4,Apaga Apaga Apaga,musica4,musica4_trecho2,"Oi, boa noite, só vim pedir um tempo pra dar tempo de esquecer Especialmente hoje, coração acordou me pressionando pra te ver Saiu de casa, não posta nada, esconde as farra Apaga, apaga, apaga",Danilo e Davi,2024,34,https://www.letras.mus.br/danilo-e-davi/apaga-apaga-apaga/,-1,0.3348785874433453
4,Apaga Apaga Apaga,musica4,musica4_trecho3,"Meu amor, por favor, fala que você também não me esqueceu Que eu tô digitando tudo que o coração escreveu Se a saudade também molha a sua cara, pega o nosso fim Apaga, apaga, apaga",Danilo e Davi,2024,35,https://www.letras.mus.br/danilo-e-davi/apaga-apaga-apaga/,-1,0.025637178842061847
332,Apaixonadinha (part. Léo Santana e Didá Banda Feminina),musica332,musica332_trecho2,"Ó que coisa boa! Tô sorrindo à toa Tô 100% de boa, de boa, de boa",Marília Mendonça,2019,16,https://www.letras.mus.br/marilia-mendonca/apaixonadinha-part-leo-santana-e-dida-banda-feminina/,-1,0.5402962649779636
332,Apaixonadinha (part. Léo Santana e Didá Banda Feminina),musica332,musica332_trecho3,Apaixonadinha você me deixou Apaixonadinha você me deixou Apaixonadinha você me deixou Vem ficar perto da sua menina,Marília Mendonça,2019,18,https://www.letras.mus.br/marilia-mendonca/apaixonadinha-part-leo-santana-e-dida-banda-feminina/,-1,0.12997172188037687
332,Apaixonadinha (part. Léo Santana e Didá Banda Feminina),musica332,musica332_trecho4,Apaixonadinho você me deixou Apaixonadinho você me deixou Apaixonadinho você me deixou Vem ficar perto aqui do seu pretinho,Marília Mendonça,2019,19,https://www.letras.mus.br/marilia-mendonca/apaixonadinha-part-leo-santana-e-dida-banda-feminina/,-1,0.12997172188037698
575,Apaixonado Por Você,musica575,musica575_trecho1,"Eu nunca imaginei alguém Alguém assim como você Eu nunca encontrei Você não tem explicação Você fez com o meu coração Foi amor, eu sei",Zezé Di Camargo & Luciano,2005,25,https://www.letras.mus.br/zeze-di-camargo-e-luciano/149299/,-1,0.24702819284151223
575,Apaixonado Por Você,musica575,musica575_trecho2,Numa noite de domingo Numa festa com os amigos Aqui no planeta terra Você foi uma estrela,Zezé Di Camargo & Luciano,2005,17,https://www.letras.mus.br/zeze-di-camargo-e-luciano/149299/,-1,0.11030907759903053
575,Apaixonado Por Você,musica575,musica575_trecho5,Foi bom eu te beijar na boca Te esperar a vida toda e Te amar (te amar) Te amar (te amar),Zezé Di Camargo & Luciano,2005,21,https://www.letras.mus.br/zeze-di-camargo-e-luciano/149299/,-1,0.24702819284151245
1434,Apaixonado/ A Loira do Carro Branco (pot-pourri),musica1434,musica1434_trecho1,Moreninha linda Se tu soubesses O quanto padece Quem tem amor Talvez não faria O que faz agora Quem te adora Não tem valor,Luan Santana,2009,24,https://www.letras.mus.br/luan-santana/1483635/,-1,0.12680383102230197
1434,Apaixonado/ A Loira do Carro Branco (pot-pourri),musica1434,musica1434_trecho2,"Não vivo sem ti Sem ti não sei viver Se eu perder seus beijos Juro, querida, que vou morrer",Luan Santana,2009,19,https://www.letras.mus.br/luan-santana/1483635/,-1,0.19270687838157152
1434,Apaixonado/ A Loira do Carro Branco (pot-pourri),musica1434,musica1434_trecho4,"Viajando solitário mergulhado na tristeza Numa curva da estrada eu tive uma surpresa Uma loira encantadora bonita por natureza Me pediu uma carona eu atendi com destreza Sentou bem pertinho de mim com muita delicadeza O meu carro foi o trono, eu passei a ser o dono da rainha da beleza",Luan Santana,2009,51,https://www.letras.mus.br/luan-santana/1483635/,-1,0.16070584912654673
1434,Apaixonado/ A Loira do Carro Branco (pot-pourri),musica1434,musica1434_trecho8,"Por ela ter roubado o carro já tem absolvição Mas vou lhe dar um castigo vai ter que viver comigo, Por roubar meu coração.",Luan Santana,2009,24,https://www.letras.mus.br/luan-santana/1483635/,-1,0.2740114930103037
1306,Apaixonados Pela Lua,musica1306,musica1306_trecho2,Não ficaremos juntos Se não soubermos a arte de amar Esse segredo tão bonito do caminho Hieroglifos de um livro para decifrar,Paula Fernandes,2009,22,https://www.letras.mus.br/paula-fernandes/1497074/,-1,0.19340496805520113
419,Apelido Carinhoso,musica419,musica419_trecho1,"Amor, não é segredo entre a gente Que o meu término é recente E você tá arrumando o que ela revirou",Gusttavo Lima,2017,21,https://www.letras.mus.br/gusttavo-lima/apelido-carinhoso/,-1,0.1543701810069813
419,Apelido Carinhoso,musica419,musica419_trecho2,"E esse sentimento pendente Que insiste em bagunçar a minha mente Vai passar um dia, mas ainda não passou",Gusttavo Lima,2017,19,https://www.letras.mus.br/gusttavo-lima/apelido-carinhoso/,-1,0.12275488610173424
419,Apelido Carinhoso,musica419,musica419_trecho3,"Eu sei que você poderia ter escolhido alguém menos complicado Que não tivesse, no presente, uma pessoa do passado Aceitar essa situação é uma forma de amor Mas eu preciso que você me faça só mais um favor",Gusttavo Lima,2017,38,https://www.letras.mus.br/gusttavo-lima/apelido-carinhoso/,-1,0.2405423644745842
419,Apelido Carinhoso,musica419,musica419_trecho6,"Eu sei que você poderia ter escolhido alguém menos complicado Que não tivesse, no presente, uma pessoa do passado Aceitar essa situação é uma prova de amor Mas eu preciso que você me faça só mais um favor",Gusttavo Lima,2017,38,https://www.letras.mus.br/gusttavo-lima/apelido-carinhoso/,-1,0.2405423644745842
541,Aquela Pessoa,musica541,musica541_trecho4,Na portaria do meu coração já tem seu nome Pode entrar,Henrique & Juliano,2017,11,https://www.letras.mus.br/henrique-e-juliano/aquela-pessoa/,-1,0.19378851868471902
541,Aquela Pessoa,musica541,musica541_trecho8,Na portaria do meu coração já tem seu nome,Henrique & Juliano,2017,9,https://www.letras.mus.br/henrique-e-juliano/aquela-pessoa/,-1,0.19378851868471914
1383,Aquele  1% (part. Wesley Safadão),musica1383,musica1383_trecho2,"Ligo no outro dia no estilo Don Juan Dormiu bem, meu amor? É domingo de manhã Vamos pegar uma praia, deu saudade do seu beijo Trato todas iguais, esse é meu defeito",Marcos & Belutti,2015,32,https://www.letras.mus.br/marcos-belutti/aquele-um-por-cento/,-1,0.26392165036414783
1042,Aqui É o Seu Lugar,musica1042,musica1042_trecho1,Não dá pra entender o meu coração Mudou de amizade pra louca paixão Então foi dessa forma que eu percebi Não quero te assustar ou me iludir,Luan Santana,2009,27,https://www.letras.mus.br/luan-santana/1407541/,-1,0.2730750694141818
1042,Aqui É o Seu Lugar,musica1042,musica1042_trecho2,Não dá mais Não dá pra enganar ou querer fugir Não dá mais Se esse sentimento vai crescendo em mim Mas tenho que encarar essa decisão De me confessar e abrir meu coração,Luan Santana,2009,33,https://www.letras.mus.br/luan-santana/1407541/,-1,0.2891991628921521
1445,Arrasta,musica1445,musica1445_trecho1,"Você se lembra que quase enlouqueci de saudade de você Você toda se achando, me esnobava e nem queria saber Quebrou a cara mais uma vez com alguém que queria curtição Agora vem toda dengosa, carinhosa, implorando meu perdão Se você acha que implorando meu amor, eu vou te perdoar Pode ir tirando seu cavalinho da chuva, senão ele vai molhar Meu coração está com o sinal fechado no vermelho pra você Desaparece, porque a partir de agora eu não quero mais te ver",Gusttavo Lima,2008,84,https://www.letras.mus.br/gusttavo-lima/1581184/,-1,0.1135711749596755
1445,Arrasta,musica1445,musica1445_trecho2,"Agora arrasta Arrasta atrás de mim Mas eu não vou te dar o meu amor Pega, descendo, agora desapareça Você só me enganou! Se você acha que implorando meu amor, eu vou te perdoar Pode ir tirando seu cavalinho da chuva, senão ele vai molhar Meu coração está com o sinal fechado no vermelho pra você Desaparece porque a partir de agora eu não quero mais te ver",Gusttavo Lima,2008,68,https://www.letras.mus.br/gusttavo-lima/1581184/,-1,0.08205110915381575
1445,Arrasta,musica1445,musica1445_trecho3,"Agora arrasta Arrasta atrás de mim Mas eu não vou te dar o meu amor Pega, descendo, agora desapareça Você só me enganou!",Gusttavo Lima,2008,23,https://www.letras.mus.br/gusttavo-lima/1581184/,-1,0.08205110915381553
761,Arruma Um Bão,musica761,musica761_trecho1,"Às vezes paro pra pensar se eu sou tão ruim assim igual você me vê Se realmente eu sou um bosta Se eu faço tudo, tudo errado, toda hora E lá fundo eu sei que você sabe tudo Eu tô apostando no nosso futuro Tô dando o meu sangue pra gente tá junto",Israel & Rodolffo,2024,53,https://www.letras.mus.br/israel-rodolfo/arruma-um-bao/,-1,0.2642024293573284
761,Arruma Um Bão,musica761,musica761_trecho2,Será que é só medo De eu parecer tão bom pros seus defeitos? Ou será que cê acha Que me valorizando cê vai dar asas pra eu voar? Eu vou me achar e te largar? Mal cê sabe que fazendo isso aumenta o risco que cê quer evitar,Israel & Rodolffo,2024,48,https://www.letras.mus.br/israel-rodolfo/arruma-um-bao/,-1,0.08205110915381553
761,Arruma Um Bão,musica761,musica761_trecho3,"Já parou pra pensar como vai ser Se eu empinar a carroça e te fazer descer? Seu te amo não vai segurar O seu choro não vai comover O ruim tá indo embora, arruma um bão procê, vem",Israel & Rodolffo,2024,38,https://www.letras.mus.br/israel-rodolfo/arruma-um-bao/,-1,0.08613884186189757
761,Arruma Um Bão,musica761,musica761_trecho4,"Já parou pra pensar como vai ser Se eu empinar a carroça e te fazer descer? Seu te amo não vai segurar O seu choro não vai comover O ruim tá indo embora, arruma um bão procê",Israel & Rodolffo,2024,37,https://www.letras.mus.br/israel-rodolfo/arruma-um-bao/,-1,0.08613884186189813
761,Arruma Um Bão,musica761,musica761_trecho5,Será que é só medo De eu parecer tão bom pros seus defeitos? Ou será que cê acha Que me valorizando cê vai dar asas pra eu voar? Que eu vou me achar e te largar? Mal cê sabe que fazendo isso aumenta o risco que cê quer evitar,Israel & Rodolffo,2024,49,https://www.letras.mus.br/israel-rodolfo/arruma-um-bao/,-1,0.08205110915381553
1033,As Cowgirl 👢,musica1033,musica1033_trecho2,Eles paga pau Sei que eu tenho o mel Mais um dia normal (Pras menina de chapéu) Eles paga pau Sei que eu tenho o mel Mais um dia normal,Ana Castela,2025,30,https://www.letras.mus.br/ana-castela/as-cowgirl/,-1,0.6842684717547437
1033,As Cowgirl 👢,musica1033,musica1033_trecho3,"(Pras cowgirl) que usa bota, fivela e chapéu Que tem o mel (As cowgirl) que só no beijo te leva pro céu Que tem o mel (As cowgirl)",Ana Castela,2025,28,https://www.letras.mus.br/ana-castela/as-cowgirl/,-1,0.28559515433896077
1033,As Cowgirl 👢,musica1033,musica1033_trecho5,Eles paga pau Sei que eu tenho o mel Mais um dia normal (Pras menina de chapéu) Eles paga pau Sei que eu tenho o mel (mel) Mais um dia normal,Ana Castela,2025,31,https://www.letras.mus.br/ana-castela/as-cowgirl/,-1,0.6842684717547437
1033,As Cowgirl 👢,musica1033,musica1033_trecho6,"(Pras cowgirl) que usa bota, fivela e chapéu Que tem o mel (As cowgirl) que só no beijo te leva pro céu Que tem o mel (As cowgirl) que usa bota, fivela e chapéu Que tem o mel (As cowgirl) que só no beijo te leva pro céu Que tem o mel (As cowgirl)",Ana Castela,2025,54,https://www.letras.mus.br/ana-castela/as-cowgirl/,-1,0.28559515433896054
1085,As Lembranças Vão Na Mala,musica1085,musica1085_trecho3,Sua consciência não vai te deixar dormir Pois ninguém mais faz palhaçada pra te ver sorrir Ninguém vai te abraçar pra ver o sol se pôr Ninguém vai escrever no muro uma história de amor,Luan Santana,2011,35,https://www.letras.mus.br/luan-santana/1805520/,-1,0.1978754683084959
1085,As Lembranças Vão Na Mala,musica1085,musica1085_trecho5,"Mas se mesmo assim, quiser me deixar As lembranças vão na mala pra te atormentar",Luan Santana,2011,15,https://www.letras.mus.br/luan-santana/1805520/,-1,0.13596332416312773
1226,As Mina Pira,musica1226,musica1226_trecho1,"Dá balão no namorado Desliga o celular Pode vim, vem festar",Fernando e Sorocaba,2013,11,https://www.letras.mus.br/fernando-sorocaba/as-mina-pira/,-1,0.15606056669703827
1226,As Mina Pira,musica1226,musica1226_trecho2,Tá tudo programado No apê do Guarujá Hoje não vai prestar,Fernando e Sorocaba,2013,11,https://www.letras.mus.br/fernando-sorocaba/as-mina-pira/,-1,0.05223377799839468
1226,As Mina Pira,musica1226,musica1226_trecho3,O churrascão vai comer solto A champa não pode faltar Liga pra quatro ou cinco amigas Traz o biquíni Que hoje o sol tá de rachar,Fernando e Sorocaba,2013,26,https://www.letras.mus.br/fernando-sorocaba/as-mina-pira/,-1,0.04942517365822707
1226,As Mina Pira,musica1226,musica1226_trecho10,O churrascão vai comer solto A champa não pode faltar Liga pra quatro ou cinco amigas Traz o biquíni (não esquece!) Que hoje o sol tá de rachar,Fernando e Sorocaba,2013,28,https://www.letras.mus.br/fernando-sorocaba/as-mina-pira/,-1,0.04942517365822696
914,As Promessas do Bom Pastor,musica914,musica914_trecho5,Novo reino farei do meu povo Rebanho sem mais opressão Todos serão conduzidos A vida por minhas mãos,Edmilson Aparecido,2015,18,https://www.letras.mus.br/edmilson-aparecido/as-promessas-do-bom-pastor/,-1,0.362992139329928
1469,Às Vezes,musica1469,musica1469_trecho1,"Tá tão difícil de esconder o que eu estou sentindo Se eu te mostro que é amor pensa que eu tô fingindo E cada vez eu me apaixono mais, eu me apego mais",Henrique & Juliano,2014,33,https://www.letras.mus.br/henrique-e-juliano/as-vezes/,-1,0.20330932069955232
552,Assunto Delicado (part. Xand Avião),musica552,musica552_trecho1,"Tá seguindo a sua vida, né? Já tem até outra pessoa Aparentemente você tá de boa",Guilherme & Benuto,2023,16,https://www.letras.mus.br/guilherme-e-benuto/assunto-delicado-part-xand-aviao/,-1,0.10677895165405904
552,Assunto Delicado (part. Xand Avião),musica552,musica552_trecho2,Mas essa pessoa aí mandou parar de me seguir Essa pessoa aí mandou você me bloquear Será que isso tudo é medo De você me procurar?,Guilherme & Benuto,2023,26,https://www.letras.mus.br/guilherme-e-benuto/assunto-delicado-part-xand-aviao/,-1,0.06711683603681096
552,Assunto Delicado (part. Xand Avião),musica552,musica552_trecho5,"Se ele não se garante, eu não sou o culpado",Guilherme & Benuto,2023,10,https://www.letras.mus.br/guilherme-e-benuto/assunto-delicado-part-xand-aviao/,-1,0.643241383619975
552,Assunto Delicado (part. Xand Avião),musica552,musica552_trecho7,Mas essa pessoa aí mandou parar de me seguir Essa pessoa aí mandou você me bloquear Parece que isso tudo é medo De você me procurar,Guilherme & Benuto,2023,26,https://www.letras.mus.br/guilherme-e-benuto/assunto-delicado-part-xand-aviao/,-1,0.0671168360368114
297,Até a Próxima Vida,musica297,musica297_trecho3,"Esse fui eu ontem à noite Chorei na calçada dela, fiz besteira E hoje só tinha uma mensagem dizendo Cê é louco? Tô com outro E pra gente voltar, você vai ter que nascer de novo",Henrique & Juliano,2021,36,https://www.letras.mus.br/henrique-e-juliano/ate-a-proxima-vida/,-1,0.13039501027512057
297,Até a Próxima Vida,musica297,musica297_trecho4,"Até a próxima vida, mas se liga Se der ruim com esse doido aí Cê lembra que eu sou top dois da sua lista",Henrique & Juliano,2021,24,https://www.letras.mus.br/henrique-e-juliano/ate-a-proxima-vida/,-1,0.06619607397359395
297,Até a Próxima Vida,musica297,musica297_trecho5,"Até a próxima vida, mas se liga Se der ruim com esse doido aí Cê nem pensa, me grita",Henrique & Juliano,2021,19,https://www.letras.mus.br/henrique-e-juliano/ate-a-proxima-vida/,-1,0.06619607397359406
1140,Até o Final,musica1140,musica1140_trecho4,"Eu já chorei sozinho quando a gente brigou E confesso, sou ciumento e sempre escondo minha dor As datas importantes vivo sempre a esquecer Machuquei muitas mulheres procurando você",Fernando e Sorocaba,2009,29,https://www.letras.mus.br/fernando-sorocaba/1602775/,-1,0.11357117495967572
304,Até Você Voltar,musica304,musica304_trecho3,"De copo sempre cheio, coração vazio Tô me tornando um cara solitário e frio Vai ser difícil eu me apaixonar de novo E a culpa é sua Antes embriagado do que iludido Acreditar no amor já não faz mais sentido Eu vou continuar nessa vida bandida Até você voltar",Henrique & Juliano,2014,49,https://www.letras.mus.br/henrique-e-juliano/ate-voce-voltar/,-1,0.0276491564342769
304,Até Você Voltar,musica304,musica304_trecho6,"De copo sempre cheio, coração vazio Tô me tornando um cara solitário e frio Vai ser difícil eu me apaixonar de novo E a culpa é sua Antes embriagado do que iludido Acreditar no amor já não faz mais sentido Eu vou continuar nessa vida bandida Até você voltar Até você voltar",Henrique & Juliano,2014,52,https://www.letras.mus.br/henrique-e-juliano/ate-voce-voltar/,-1,0.027649156434276678
676,Áudio,musica676,musica676_trecho4,"Eu tô jogando orgulho fora Chego aí em meia hora Pra acabar com esse clima Você vai ver, eu tô falando sério Áudio enviado com sucesso",Diego e Victor Hugo,2019,26,https://www.letras.mus.br/diego-victor-hugo/audio/,-1,0.03930940213365253
891,Aurora do Mundo,musica891,musica891_trecho1,Quem teve os amores que tive na vida É gente entendida na mágoa e na dor Não sabe por certo que um doce carinho Às vezes é espinho em forma de flor,Belmonte e Amaraí,2021,32,https://www.letras.mus.br/belmonte-e-amarai/1002024/,-1,0.12680383102230208
891,Aurora do Mundo,musica891,musica891_trecho4,"Fumaça distante no azul do horizonte Na encosta do monte, formando espirais Vi tudo que amo na tranquilidade Mas minha saudade ainda era mais",Belmonte e Amaraí,2021,24,https://www.letras.mus.br/belmonte-e-amarai/1002024/,-1,0.18781141449860206
891,Aurora do Mundo,musica891,musica891_trecho5,Passei uma noite no rancho amizade E vi na saudade o começo do fim A chuva caía naquele tugúrio Num triste murmúrio por sobre o capim,Belmonte e Amaraí,2021,26,https://www.letras.mus.br/belmonte-e-amarai/1002024/,-1,0.07508939167550865
394,Ausência,musica394,musica394_trecho2,"É, uma hora eu ia me tocar Que você não vai mais voltar Não receber mensagem Também é mensagem",Marília Mendonça,2018,19,https://www.letras.mus.br/marilia-mendonca/ausencia/,-1,0.2871080108022174
370,Avisa Aí,musica370,musica370_trecho1,Não vou negar que eu mudei demais por você Que nesse ano e meio até parei de beber Eu apostei tudo que tinha nessa relação,Henrique & Juliano,2015,25,https://www.letras.mus.br/henrique-e-juliano/avisa-ai/,-1,0.26869916797497806
370,Avisa Aí,musica370,musica370_trecho4,"Eu tô voltando pra vida que eu amo Avisa ai que eu vou pro show do Henrique e Juliano Eu tô voltando, sou feliz assim Tentei sair da farra, mas a farra não saiu de mim",Henrique & Juliano,2015,36,https://www.letras.mus.br/henrique-e-juliano/avisa-ai/,-1,0.05126869081182106
1333,Avisa Que Eu Cheguei (part. Ivete Sangalo),musica1333,musica1333_trecho1,"Hoje eu vou sair pra dançar E se a saudade me procurar, ninguém me viu Hoje eu acordei virada Tô do avesso e até minha lágrima sorriu",Naiara Azevedo,2017,27,https://www.letras.mus.br/naiara-azevedo/avisa-que-eu-cheguei/,-1,0.14843097440512698
1333,Avisa Que Eu Cheguei (part. Ivete Sangalo),musica1333,musica1333_trecho5,"Se deu certo, bem Se não deu certo, ótimo Próximo, próximo",Naiara Azevedo,2017,11,https://www.letras.mus.br/naiara-azevedo/avisa-que-eu-cheguei/,-1,0.26263405940384665
1286,Baby Fala Pra Mim (Quelq'um M'a Dit),musica1286,musica1286_trecho1,"Será que tudo que por nossa vida passa Tem motivos e que só o coração É quem conhece o verdadeiro amor? E as palavras tem poder, então",Leonardo,2011,27,https://www.letras.mus.br/leonardo/1983922/,-1,0.1011855209086141
1286,Baby Fala Pra Mim (Quelq'um M'a Dit),musica1286,musica1286_trecho3,"Eu sei que um gesto vale mais que mil palavras Mas é sempre bom a gente ouvir Um eu te amo, um adoro você Por isso eu quero ouvir você dizer",Leonardo,2011,31,https://www.letras.mus.br/leonardo/1983922/,-1,0.5471890376908769
637,Baby Me Atende (part. Dilsinho),musica637,musica637_trecho1,"Abandonado dentro de um apartamento Ansiedade, coração desesperado É só bebida quente Por causa de um coração gelado",Matheus Fernandes,2021,18,https://www.letras.mus.br/matheus-fernandes/baby-me-atende/,-1,0.054197241203742696
637,Baby Me Atende (part. Dilsinho),musica637,musica637_trecho3,"Oh, baby, me atende Ai que vontade de tacar meu celular na parede Oh, baby, me atende Ai que vontade de tacar meu celular na parede",Matheus Fernandes,2021,26,https://www.letras.mus.br/matheus-fernandes/baby-me-atende/,-1,0.13757363964290115
637,Baby Me Atende (part. Dilsinho),musica637,musica637_trecho4,"Após o sinal, deixe seu recado Após o sinal, deixe seu recado É o que eu escuto quando ligo pra ela",Matheus Fernandes,2021,21,https://www.letras.mus.br/matheus-fernandes/baby-me-atende/,-1,0.06619607397359406
637,Baby Me Atende (part. Dilsinho),musica637,musica637_trecho8,"Oh, baby, me atende Ai que vontade de tacar meu celular na parede, ai que vontade Oh, baby, me atende Ai que vontade de jogar meu celular na parede",Matheus Fernandes,2021,29,https://www.letras.mus.br/matheus-fernandes/baby-me-atende/,-1,0.13757363964290126
1058,Bagunça Minha Vida,musica1058,musica1058_trecho3,Bagunça minha vida Revira minha cama Meu coração não liga Se gosta ou se ama Se vai durar um mês ou uma hora Não tem que ser pra sempre Tem que ser gostoso agora,George Henrique e Rodrigo,2019,34,https://www.letras.mus.br/george-henrique-rodrigo/bagunca-minha-vida/,-1,0.13693926630708342
1592,Baixinha Linda,musica1592,musica1592_trecho1,"Eu te conheci assim, num dia meio nada a ver Passou por mim, parou, me deu um oi, fiquei sem saber o que fazer E agora tô gostando e não sei como te dizer Por isso fiz essa canção que é pra te fazer entender",Biollo,2016,45,https://www.letras.mus.br/robson-biollo/baixinha-linda/,-1,0.09058244279178873
1592,Baixinha Linda,musica1592,musica1592_trecho3,"Na sua cabeça eu não presto, eu não sou santo, eu confesso O que eu quero é você, e não tô nem aí pro resto",Biollo,2016,25,https://www.letras.mus.br/robson-biollo/baixinha-linda/,-1,0.273075069414182
1592,Baixinha Linda,musica1592,musica1592_trecho5,"A nossa idade não importa, o que interessa é o coração Quando te vi na minha frente, eu fiquei sem reação Baixinha linda eu te quero e o meu sonho é Pra me beijar te ver ficar na pontinha do pé",Biollo,2016,41,https://www.letras.mus.br/robson-biollo/baixinha-linda/,-1,0.28517773782350375
1323,Bala de Prata,musica1323,musica1323_trecho1,Criminosa Não posso olhar dentro do seu olhar Bala de prata acerta pra matar Virei seu refém e não quero escapar,Fernando e Sorocaba,2008,21,https://www.letras.mus.br/fernando-sorocaba/1116095/,-1,0.11939728060426802
1323,Bala de Prata,musica1323,musica1323_trecho5,Não posso olhar dentro do seu olhar Bala de prata acerta pra matar Virei seu refém e não quero escapar,Fernando e Sorocaba,2008,20,https://www.letras.mus.br/fernando-sorocaba/1116095/,-1,0.11939728060426791
1323,Bala de Prata,musica1323,musica1323_trecho7,"Estou vivendo na cela da paixão Eu fui condenado pelo amor Ela é perigo, é abrigo Uma mistura de querer e dor",Fernando e Sorocaba,2008,22,https://www.letras.mus.br/fernando-sorocaba/1116095/,-1,0.04903331685533219
1323,Bala de Prata,musica1323,musica1323_trecho8,"Ela é um pouco do fogo e do gelo Ela é sol, é chuva de verão O seu charme me fez prisioneiro Invadiu de vez meu coração",Fernando e Sorocaba,2008,27,https://www.letras.mus.br/fernando-sorocaba/1116095/,-1,0.02926859243554103
1135,Balada Louca (part. João Neto e Frederico),musica1135,musica1135_trecho2,"Alguém do lado aqui na mesma cama Nem sei quem é, mas tá dizendo que me ama Cabeça tonta cheirando cerveja O som no talo só com moda sertaneja",Munhoz & Mariano,2012,29,https://www.letras.mus.br/munhoz-mariano/balada-louca/,-1,0.41951163994967056
326,Balanço da Rede (part. Xand Avião),musica326,musica326_trecho2,"Fala na minha cara que não gosta do balanço Aquele negócio, a gente faz em todo canto Vem cá (vem cá), pra gente se amar",Matheus Fernandes,2021,25,https://www.letras.mus.br/matheus-fernandes/balanco-da-rede-part-xand-aviao/,-1,0.12320293716930075
326,Balanço da Rede (part. Xand Avião),musica326,musica326_trecho3,"No balanço da rede, só tomando vento O pé na parede, só pra dar o movimento Comigo tu viaja, com ele, tu perde tempo Fazer amor é fácil, quero ver ter sentimento",Matheus Fernandes,2021,32,https://www.letras.mus.br/matheus-fernandes/balanco-da-rede-part-xand-aviao/,-1,0.1232029371693002
326,Balanço da Rede (part. Xand Avião),musica326,musica326_trecho9,"No balanço da rede, só tomando vento O pé na parede, só pra dar- (balança, balança) Comigo tu viaja, com ele, tu perde tempo Fazer amor é fácil, quero ver ter sentimento",Matheus Fernandes,2021,32,https://www.letras.mus.br/matheus-fernandes/balanco-da-rede-part-xand-aviao/,-1,0.12320293716930064
372,Baqueado (part. Ícaro & Gilmar),musica372,musica372_trecho1,Já foi Metade da garrafa E você ainda tá aqui,Panda Cantor,2024,10,https://www.letras.mus.br/panda-cantor/baqueado-part-icaro-e-gilmar/,-1,0.1556790104138358
173,Barulho do Foguete,musica173,musica173_trecho1,Cadê a foto de vocês Com a legenda de textão? Cadê o nome dele na sua bio Do lado de um coração?,Zé Neto e Cristiano,2023,22,https://www.letras.mus.br/ze-neto-cristiano/barulho-do-foguete/,-1,0.2583703518635134
173,Barulho do Foguete,musica173,musica173_trecho3,Que pena que cês terminaram Achei que ia durar pra sempre Tô triste com um negócio desse Escuta aí o barulho do foguete,Zé Neto e Cristiano,2023,23,https://www.letras.mus.br/ze-neto-cristiano/barulho-do-foguete/,-1,0.06903388913472086
173,Barulho do Foguete,musica173,musica173_trecho4,"Que pena que cês terminaram Achei que ia durar pra sempre Tô triste com um negócio desse Escuta aí o barulho do foguete, ó",Zé Neto e Cristiano,2023,24,https://www.letras.mus.br/ze-neto-cristiano/barulho-do-foguete/,-1,0.06903388913472086
853,Bateria Acabou (part. Marília Mendonça),musica853,musica853_trecho2,Resolvi olhar as suas fotos Saber como você está Parece até que tem alguém Fiquei mal por te ver bem,Zé Neto e Cristiano,2017,20,https://www.letras.mus.br/ze-neto-cristiano/bateria-acabou/,-1,0.1988609822204217
853,Bateria Acabou (part. Marília Mendonça),musica853,musica853_trecho6,"Só me fala onde você está Se ainda mora no mesmo lugar Se também está bebendo e sofrendo Bateria acabou, tô quase enlouquecendo",Zé Neto e Cristiano,2017,23,https://www.letras.mus.br/ze-neto-cristiano/bateria-acabou/,-1,0.04722091500761827
853,Bateria Acabou (part. Marília Mendonça),musica853,musica853_trecho11,"Tô precisando falar com meu amor, oh oh oh Alguém me empresta um carregador",Zé Neto e Cristiano,2017,14,https://www.letras.mus.br/ze-neto-cristiano/bateria-acabou/,-1,0.13757363964290115
251,Bebaça (part. Maiara & Maraisa),musica251,musica251_trecho2,"Tentou agarrar o garçom Derrubou a caixa de som Pra variar, cê queimou a largada Tentou até ligar pro ex Pra sua sorte, eu não deixei Já tava tudo rodando, rodando Pediu outra rodada",Marília Mendonça,2019,34,https://www.letras.mus.br/marilia-mendonca/bebaca/,-1,0.12857665602311075
682,Bebi Liguei,musica682,musica682_trecho1,Acordei mais uma vez embriagado E o seu cheiro impregnado na minha roupa,Marília Mendonça,2019,13,https://www.letras.mus.br/marilia-mendonca/bebi-liguei/,-1,0.18781141449860206
682,Bebi Liguei,musica682,musica682_trecho3,"Faltou coragem pra dizer que não Bebi, liguei, parei no seu colchão Chego apaixonado e saio arrependido Amar por dois só me dá prejuízo",Marília Mendonça,2019,24,https://www.letras.mus.br/marilia-mendonca/bebi-liguei/,-1,0.2584018837602087
682,Bebi Liguei,musica682,musica682_trecho4,"Faltou coragem pra dizer que não Bebi, liguei, parei no seu colchão Chego apaixonado e saio arrependido Amar por dois só me dá prejuízo Só me dá prejuízo",Marília Mendonça,2019,28,https://www.letras.mus.br/marilia-mendonca/bebi-liguei/,-1,0.2584018837602088
682,Bebi Liguei,musica682,musica682_trecho8,Chego apaixonado e saio arrependido Amar por dois só me dá prejuízo,Marília Mendonça,2019,12,https://www.letras.mus.br/marilia-mendonca/bebi-liguei/,-1,0.25840188376020845
1189,Bebida Na Ferida,musica1189,musica1189_trecho2,"Agora tá de standby Vai fazer isso com os outros, vai Tudo que vai, volta, ai, ai, ai Quem abre também fecha a porta",Zé Neto e Cristiano,2018,24,https://www.letras.mus.br/ze-neto-cristiano/bebida-na-ferida/,-1,0.1257032204230919
1419,Beijar À Queima Roupa,musica1419,musica1419_trecho2,Na cama me diz que sou rei Pirou na minha cara de mau Pediu pra ser mais uma vez Um replayzinho não faz mal,Lucas Lucco,2014,24,https://www.letras.mus.br/lucas-lucco/beijar-a-queima-roupa/,-1,0.1193972806042678
1419,Beijar À Queima Roupa,musica1419,musica1419_trecho3,Eu tentei ser bonzinho Até quis dar carinho Agora cê aguenta A pegada violenta,Lucas Lucco,2014,14,https://www.letras.mus.br/lucas-lucco/beijar-a-queima-roupa/,-1,0.18233570928618048
1419,Beijar À Queima Roupa,musica1419,musica1419_trecho8,Na cama cê me diz que é rei Pirei na sua cara de mau Pediu pra ser mais uma vez Um replayzinho não faz mal,Lucas Lucco,2014,25,https://www.letras.mus.br/lucas-lucco/beijar-a-queima-roupa/,-1,0.11939728060426824
1419,Beijar À Queima Roupa,musica1419,musica1419_trecho9,Eu tentei ser boazinha Até quis dar carinho Mas você não aguenta A pegada violenta,Lucas Lucco,2014,15,https://www.letras.mus.br/lucas-lucco/beijar-a-queima-roupa/,-1,0.18233570928618037
1419,Beijar À Queima Roupa,musica1419,musica1419_trecho10,"Hoje é promoção Me abusa, me usa Hoje eu vou te pegar Mas vai com calma e não abusa",Lucas Lucco,2014,19,https://www.letras.mus.br/lucas-lucco/beijar-a-queima-roupa/,-1,0.061013317230270925
806,Beijo De Varanda,musica806,musica806_trecho2,"Tava ali fazendo palavra cruzada Pra ver se o tempo passa e o seu nome apareceu Agora a pouco, um vídeo no YouTube E como de costume, sabe o que aconteceu Aquela cena veio e acabou comigo No terceiro replay eu já tinha me convencido Que falta você",Bruno & Marrone,2017,48,https://www.letras.mus.br/bruno-e-marrone/beijo-de-varanda/,-1,0.3348785874433453
806,Beijo De Varanda,musica806,musica806_trecho3,"Nem vou culpar o vento por essa bagunça Se fui eu que deixei a janela aberta Então é minha culpa, ai ai E já que entrou na minha vida, leve, é toda a sua Quero aquele beijo de varanda e a Lua de testemunha Eu tô até com ciúme O vento deve estar usando o seu perfume",Bruno & Marrone,2017,57,https://www.letras.mus.br/bruno-e-marrone/beijo-de-varanda/,-1,0.14829863850741487
1245,Beijo Meu,musica1245,musica1245_trecho1,"Sol, calor, praia, isso é verão Chegando a noite, fogueira e violão Você pediu pra eu tocar",Israel Novaes,2012,17,https://www.letras.mus.br/israel-novaes/1970118/,-1,0.049425173658227406
1245,Beijo Meu,musica1245,musica1245_trecho3,É que um beijo pode fazer a diferença Apaga o passado e arranca o laço Que a paixão deixou Na levada do arrocha é que eu vou,Israel Novaes,2012,27,https://www.letras.mus.br/israel-novaes/1970118/,-1,0.11349799832125851
1245,Beijo Meu,musica1245,musica1245_trecho5,"Frio lá fora, aqui um cobertor Acendo a lareira pra trazer calor Você pediu pra eu tocar",Israel Novaes,2012,17,https://www.letras.mus.br/israel-novaes/1970118/,-1,0.04942517365822696
1245,Beijo Meu,musica1245,musica1245_trecho7,É que um beijo pode fazer a diferença Apaga o passado e arranca o laço que a paixão deixou Na levada do arrocha é que eu vou Se quer um beijo apenas me dê um sorriso Nesse beijo vai querer ficar comigo E acreditar no amor,Israel Novaes,2012,46,https://www.letras.mus.br/israel-novaes/1970118/,-1,0.11349799832125806
987,Beleza Ignorante,musica987,musica987_trecho1,"Pensa numa morena boazuda, do cabelo na cintura Pequena da bunda grande Que entorta o pescoço dos cara, onde passa, o povo fala Que beleza ignorante",Simone Mendes,2024,26,https://www.letras.mus.br/simone-mendes/beleza-ignorante/,-1,0.16101812138274707
987,Beleza Ignorante,musica987,musica987_trecho3,"Eu falo e faço bem gostosinho Quem prova o meu mel num esquece de mim Eu falo e faço, capricho sem dó Duas sanfonada, cabou o forró Eu falo e faço bem gostosin Quem prova o meu mel num esquece de mim Eu falo e faço, capricho sem dó Duas sanfonada, cabou o forró",Simone Mendes,2024,54,https://www.letras.mus.br/simone-mendes/beleza-ignorante/,-1,0.14566201939080325
1381,Bem Feito,musica1381,musica1381_trecho1,"Você saiu, falou que nunca mais ia voltar Que iria ser feliz sem mim, tá bom, haha! Haha, eu duvido!",Thaeme e Thiago,2015,20,https://www.letras.mus.br/thaeme-thiago/bem-feito/,-1,0.26202538963204425
1381,Bem Feito,musica1381,musica1381_trecho4,"Tá vendo, você não me escutou e tá aí sofrendo Foi procurar lá fora o que tinha aqui dentro Enxuga essas lágrimas e olha bem no fundo dos meu olhos",Thaeme e Thiago,2015,30,https://www.letras.mus.br/thaeme-thiago/bem-feito/,-1,0.11357117495967539
659,Bem Pior Que Eu,musica659,musica659_trecho2,"Primeiro que eu nem devia tá aqui Segundo, cê não tinha que ligar pra mim Mas você ligou e eu atendi Eu penso: Não, mas falo: Sim",Marília Mendonça,2019,27,https://www.letras.mus.br/marilia-mendonca/bem-pior-que-eu/,-1,0.06619607397359417
659,Bem Pior Que Eu,musica659,musica659_trecho3,"Bem pior que eu, você Que não deixa ela, e nem deixa de me ver Bem pior que eu, você Desconta sua raiva em duas horas de prazer",Marília Mendonça,2019,28,https://www.letras.mus.br/marilia-mendonca/bem-pior-que-eu/,-1,0.26187630162520026
1171,Bengala E Crochê,musica1171,musica1171_trecho2,"Adoro quando corro pra você, assustada Você é o meu herói, matador de baratas E depois de tudo a gente dá risada",Maiara & Maraisa,2017,22,https://www.letras.mus.br/maiara-maraisa/bengala-e-croche/,-1,0.05195378692394159
1171,Bengala E Crochê,musica1171,musica1171_trecho4,"Eu quero acordar do seu lado toda manhã Ouvir seu bom dia, um café, croissant Duas cópias da gente correndo num quintal Os altos e baixos de todo casal",Maiara & Maraisa,2017,29,https://www.letras.mus.br/maiara-maraisa/bengala-e-croche/,-1,0.2639216503641475
1171,Bengala E Crochê,musica1171,musica1171_trecho5,"Eu quero nós dois bem juntinhos Até ficar bem velhinhos, bengala e crochê Até o final, eu e você",Maiara & Maraisa,2017,19,https://www.letras.mus.br/maiara-maraisa/bengala-e-croche/,-1,0.1414046350712097
1554,Blackout,musica1554,musica1554_trecho3,Eu fico aqui sozinho No meu quarto imaginando Aonde você possa estar Torcendo por um blackout na cidade Que seu carro quebre na garagem E ninguém venha lhe buscar,Cristiano Araújo,2014,29,https://www.letras.mus.br/cristiano-araujo/blackout/,-1,0.1720197614945006
1554,Blackout,musica1554,musica1554_trecho4,"E assim eu vou traçando a sua rota em minha mente Assim meio impaciente, sem certeza, sem radar Pedindo a Deus que mande uma tempestade Que alague toda a cidade, que você não saia do sofá Pra que ninguém roube o meu lugar Pra que ninguém roube o meu lugar Pra que ninguém roube o meu lugar",Cristiano Araújo,2014,57,https://www.letras.mus.br/cristiano-araujo/blackout/,-1,0.1720197614945005
1554,Blackout,musica1554,musica1554_trecho7,"E assim eu vou traçando a sua rota em minha mente Assim meio impaciente, sem certeza, sem radar Pedindo a Deus que mande uma tempestade Que alague toda a cidade, que você não saia do sofá",Cristiano Araújo,2014,36,https://www.letras.mus.br/cristiano-araujo/blackout/,-1,0.1720197614945007
115,Bloqueado,musica115,musica115_trecho4,9912-5003 Olha eu recaindo outra vez,Gusttavo Lima,2021,6,https://www.letras.mus.br/gusttavo-lima/bloqueado/,-1,0.04841905862251572
115,Bloqueado,musica115,musica115_trecho5,Lembrei Que tô bloqueado É muita raiva misturada com tristeza Olha eu chorando e dando porrada na mesa,Gusttavo Lima,2021,18,https://www.letras.mus.br/gusttavo-lima/bloqueado/,-1,0.1417709773919611
115,Bloqueado,musica115,musica115_trecho6,"Lembrei Que tô bloqueado É muita raiva misturada com tristeza Olha eu chorando e dando porrada na mesa Derrama, derrama, cerveja",Gusttavo Lima,2021,21,https://www.letras.mus.br/gusttavo-lima/bloqueado/,-1,0.14177097739196143
115,Bloqueado,musica115,musica115_trecho11,E lembrei Que tô bloqueado É muita raiva misturada com tristeza Olha eu chorando e dando porrada na mesa,Gusttavo Lima,2021,19,https://www.letras.mus.br/gusttavo-lima/bloqueado/,-1,0.1417709773919611
579,Boa Memória,musica579,musica579_trecho2,Que tenha pôr do Sol Banho de chuva e vento na cara Faz amor no meio da estrada Eu te desejo tudo isso e muito mais E muito mais,Luan Santana,2018,29,https://www.letras.mus.br/luan-santana/boa-memoria/,-1,0.2717715333956622
579,Boa Memória,musica579,musica579_trecho3,"Amar é deixar ir, é saber sair de cena É ficar longe pra não te causar nenhum problema Amar é deixar ir, te desejo o bem e só Ah, e que tenha uma boa memória Só pra você lembrar que comigo ia ser bem melhor",Luan Santana,2018,45,https://www.letras.mus.br/luan-santana/boa-memoria/,-1,0.26202538963204414
1122,Boa Sorte Pra Você,musica1122,musica1122_trecho3,Eu já disse o que tinha pra dizer Não quis te perder Fiz tudo por você e nada por mim,Victor & Leo,2010,20,https://www.letras.mus.br/victor-leo/1729755/,-1,0.13406826350520074
12,Boate Azul,musica12,musica12_trecho1,"Doente de amor, procurei remédio na vida noturna Com a flor da noite em uma boate aqui na zona sul A dor do amor é com outro amor que a gente cura Vim curar a dor desse mal de amor na boate azul",Bruno & Marrone,2019,43,https://www.letras.mus.br/bruno-e-marrone/88379/,-1,0.06299962948158488
12,Boate Azul,musica12,musica12_trecho2,"E quando a noite vai se agonizando no clarão da aurora Os integrantes da vida noturna se foram dormir E a dama da noite que estava comigo também foi embora Fecharam-se as portas, sozinho de novo tive que sair",Bruno & Marrone,2019,39,https://www.letras.mus.br/bruno-e-marrone/88379/,-1,0.39339402210141183
194,Body Splash (part. Luan Pereira),musica194,musica194_trecho1,"Troquei de lençol, troquei de colchão Mas de sentimento ainda não",Felipe Araújo,2024,11,https://www.letras.mus.br/felipe-araujo/body-splash/,-1,0.2669360429659491
194,Body Splash (part. Luan Pereira),musica194,musica194_trecho2,Ô mania que cê tinha de dormir cheirosa Deu vontade de respirar sua pele agora Mas o seu perfume só tá perfumando a minha memória,Felipe Araújo,2024,25,https://www.letras.mus.br/felipe-araujo/body-splash/,-1,0.18781141449860195
194,Body Splash (part. Luan Pereira),musica194,musica194_trecho3,"Deito na cama e na minha mente vem uns flash Você pelada, borrifando o body splash O poder da saudade é de dar medo Eu sinto raiva de mim porque ainda sinto o seu cheiro Deito na cama e na minha mente vem uns flash Você pelada, borrifando o body splash O poder da saudade é de dar medo Eu sinto raiva de mim porque ainda sinto o seu cheiro",Felipe Araújo,2024,70,https://www.letras.mus.br/felipe-araujo/body-splash/,-1,0.18781141449860206
253,Boiadeira,musica253,musica253_trecho1,Depois que me conheceu Já quis se mudar aqui pro interior Deixa o carro na garagem Pra andar de Manga-larga Marchador,Ana Castela,2024,21,https://www.letras.mus.br/ana-castela/boiadeira/,-1,0.16175103118498202
1396,Bola de Cristal,musica1396,musica1396_trecho3,O universo conspira Por nós dois A gente faz bobagens Ele conserta depois,Fernando e Sorocaba,2011,13,https://www.letras.mus.br/fernando-sorocaba/1706490/,-1,0.12320293716930031
1396,Bola de Cristal,musica1396,musica1396_trecho6,Não é preciso bola de cristal Pra saber Que eu vivo por você Eu só sei te querer,Fernando e Sorocaba,2011,18,https://www.letras.mus.br/fernando-sorocaba/1706490/,-1,0.24105179575951408
1396,Bola de Cristal,musica1396,musica1396_trecho7,"Nunca existiu no espaço sideral Atração igual Não há nada igual Amo você, amo você",Fernando e Sorocaba,2011,15,https://www.letras.mus.br/fernando-sorocaba/1706490/,-1,0.24702819284151212
1294,Bom Rapaz (part. Jorge e Mateus),musica1294,musica1294_trecho1,"Vai ficar olhando ou vai levar Essa joia pra sua casa? Olha, você tá ouvindo um sim De quem disse não pra tantos caras",Fernando e Sorocaba,2017,24,https://www.letras.mus.br/fernando-sorocaba/bom-rapaz/,-1,0.28876759069420066
1294,Bom Rapaz (part. Jorge e Mateus),musica1294,musica1294_trecho3,"Outra dessa, cê não acha Olha como ela te abraça E você ganhou de graça Corre, que essa chance passa Corre, senão ela escapa",Fernando e Sorocaba,2017,24,https://www.letras.mus.br/fernando-sorocaba/bom-rapaz/,-1,0.1797379182395331
1294,Bom Rapaz (part. Jorge e Mateus),musica1294,musica1294_trecho4,"Vai ficar olhando ou vai levar Essa joia pra sua casa? Olha, você tá ouvindo sim De quem disse não pra tantos caras",Fernando e Sorocaba,2017,23,https://www.letras.mus.br/fernando-sorocaba/bom-rapaz/,-1,0.28876759069420066
1294,Bom Rapaz (part. Jorge e Mateus),musica1294,musica1294_trecho7,"Outra dessa, cê não acha (Outra dessa, cê não acha) Olha como ela te abraça (Olha como ela te abraça) E você ganhou de graça Corre, que essa chance passa Corre, senão ela escapa",Fernando e Sorocaba,2017,34,https://www.letras.mus.br/fernando-sorocaba/bom-rapaz/,-1,0.17973791823953322
1294,Bom Rapaz (part. Jorge e Mateus),musica1294,musica1294_trecho8,"Corre, que essa chance passa",Fernando e Sorocaba,2017,5,https://www.letras.mus.br/fernando-sorocaba/bom-rapaz/,-1,0.03250559991744473
1294,Bom Rapaz (part. Jorge e Mateus),musica1294,musica1294_trecho9,"Outra dessa, cê não acha Olha como ela te abraça (Olha como ela te abraça) E você ganhou de graça Corre, que essa chance passa Corre, senão ela escapa",Fernando e Sorocaba,2017,29,https://www.letras.mus.br/fernando-sorocaba/bom-rapaz/,-1,0.17973791823953278
57,Borboletas,musica57,musica57_trecho1,"Percebo que o tempo já não passa Você diz que não tem graça amar assim Foi tudo tão bonito, mas voou pro infinito Parecido com borboletas de um jardim",Victor & Leo,2008,29,https://www.letras.mus.br/victor-leo/1287417/,-1,0.050977145150064795
57,Borboletas,musica57,musica57_trecho2,"Agora você volta E balança o que eu sentia por outro alguém Dividido entre dois mundos Sei que estou amando, mas ainda não sei quem",Victor & Leo,2008,25,https://www.letras.mus.br/victor-leo/1287417/,-1,0.04955067855048778
57,Borboletas,musica57,musica57_trecho3,Não sei dizer o que mudou Mas nada está igual Numa noite estranha a gente se estranha e fica mal Você tenta provar Que tudo em nós morreu Borboletas sempre voltam e o seu jardim sou eu,Victor & Leo,2008,37,https://www.letras.mus.br/victor-leo/1287417/,-1,0.39339402210141217
57,Borboletas,musica57,musica57_trecho8,Sempre voltam e o seu jardim sou eu,Victor & Leo,2008,8,https://www.letras.mus.br/victor-leo/1287417/,-1,0.11443975277769591
440,Briga Feia,musica440,musica440_trecho1,Era só você ter pedido desculpas E você já saiu pra rua E beijou uma ou duas bocas Que pode tá fazendo o mesmo Com raiva de alguém do mesmo jeito Que tá procurando se acalmar em um beijo alheio,Henrique & Juliano,2020,40,https://www.letras.mus.br/henrique-e-juliano/briga-feia/,-1,0.25482292714338095
1142,"Bruto, Rústico e Sistemático",musica1142,musica1142_trecho2,Por mim faltaro respeito Na muié eu dei um jeito Corretivo do meu modo No quarto deixei trancada Quinze dia aprisionada E com ela não me incomodo,João Carreiro & Capataz,2009,27,https://www.letras.mus.br/joao-carreiro-capataz/1072366/,-1,0.17084869162575578
1142,"Bruto, Rústico e Sistemático",musica1142,musica1142_trecho7,Mas neste mundo moderno Não tem errado e nem certo Achar ruim é preconceito Mas não fujo à minha essência Pra mim isso é indecência E ninguém vai mudar meu jeito,João Carreiro & Capataz,2009,31,https://www.letras.mus.br/joao-carreiro-capataz/1072366/,-1,0.10112855290820943
420,Bye Bye,musica420,musica420_trecho1,"Já memorizei o seu corpo todo Pro caso da gente não se ver de novo Doa a quem doer, essa é a verdade Entre nós dois não cabe saudade",Marília Mendonça,2019,29,https://www.letras.mus.br/marilia-mendonca/bye-bye/,-1,0.16392266611310358
420,Bye Bye,musica420,musica420_trecho2,"Pra você, sou só mais uma carona No final de uma balada, me envolvi sabendo Somos dois estranhos numa cama temporária Fazendo amor, consciente que é só momento O quarto é grande, mas não cabe sentimento",Marília Mendonça,2019,36,https://www.letras.mus.br/marilia-mendonca/bye-bye/,-1,0.12320293716930009
420,Bye Bye,musica420,musica420_trecho5,"Pra você, sou só mais uma carona No final de uma balada, me envolvi sabendo Somos dois estranhos numa cama temporária Fazendo amor, consciente que é só momento O quarto é grande mas não cabe sentimento",Marília Mendonça,2019,36,https://www.letras.mus.br/marilia-mendonca/bye-bye/,-1,0.12320293716930053
1043,Cadeira de Aço,musica1043,musica1043_trecho5,"Ai ai ai, ai ai ai Deu uma saudade dela agora Ai ai ai, ai ai ai Garçom, joga essa lata fora",Zé Neto e Cristiano,2017,22,https://www.letras.mus.br/ze-neto-cristiano/cadeira-de-aco/,-1,0.1303950102751208
1265,Cafajeste,musica1265,musica1265_trecho2,Até declaração O Pedro já me fez Thiago já avisou Que vai até o final,Thaeme e Thiago,2014,15,https://www.letras.mus.br/thaeme-thiago/cafajeste/,-1,0.05126869081182117
1265,Cafajeste,musica1265,musica1265_trecho3,Só que tem um porém Todos eles não sabem É que eu gosto mesmo É de amor com sal,Thaeme e Thiago,2014,19,https://www.letras.mus.br/thaeme-thiago/cafajeste/,-1,0.18899529031112894
1265,Cafajeste,musica1265,musica1265_trecho6,Eu gosto É desse animal Por ele sou capaz De um crime passional,Thaeme e Thiago,2014,13,https://www.letras.mus.br/thaeme-thiago/cafajeste/,-1,0.18899529031112894
708,Café Com Leite,musica708,musica708_trecho1,Tem pele que cola na nossa e não desgruda mais Perfume que não passa Tem música boa que só é boa em uma voz Nas outras não tem graça,Luan Santana,2015,29,https://www.letras.mus.br/luan-santana/cafe-com-leite/,-1,0.17994954285155085
708,Café Com Leite,musica708,musica708_trecho2,É nessa hora que a falta bate E a gente senta e chora E o choro que sobrar A gente guarda pra uma outra história,Luan Santana,2015,25,https://www.letras.mus.br/luan-santana/cafe-com-leite/,-1,0.07428833549965197
708,Café Com Leite,musica708,musica708_trecho3,"É que ninguém nunca morreu de amor E o primeiro, sei que não vou ser (ie,ie)",Luan Santana,2015,16,https://www.letras.mus.br/luan-santana/cafe-com-leite/,-1,0.19340496805520135
708,Café Com Leite,musica708,musica708_trecho5,"Das noites frias, café com leite Um beijo quente, ao som de Djavan Ou de Luan, sou seu fã",Luan Santana,2015,19,https://www.letras.mus.br/luan-santana/cafe-com-leite/,-1,0.5405150674706238
708,Café Com Leite,musica708,musica708_trecho6,Tem pele que cola na nossa e não desgruda mais Perfume que não passa Tem musica boa que só é boa em uma voz Nas outras não tem graça,Luan Santana,2015,29,https://www.letras.mus.br/luan-santana/cafe-com-leite/,-1,0.17994954285155096
708,Café Com Leite,musica708,musica708_trecho8,"É que ninguém nunca morreu de amor E o primeiro, sei que não vou ser (ie,ie,ie,ie)",Luan Santana,2015,16,https://www.letras.mus.br/luan-santana/cafe-com-leite/,-1,0.1934049680552017
708,Café Com Leite,musica708,musica708_trecho10,"Das noites frias, café com leite Um beijo quente, ao som de Djavan",Luan Santana,2015,13,https://www.letras.mus.br/luan-santana/cafe-com-leite/,-1,0.5405150674706238
554,Café e Amor,musica554,musica554_trecho2,"Já percebeu Que quando cê sorri o motivo não é mais eu? Que quando eu tô feliz, é porque o meu time venceu? Ou coisa parecida Não tem nada a ver com a nossa vida",Gusttavo Lima,2021,35,https://www.letras.mus.br/gusttavo-lima/cafe-e-amor/,-1,0.19689921162304835
1229,Calafrio,musica1229,musica1229_trecho4,"Eu não vou mais chorar, eu sei, você quer me amar Eu vou deixar o tempo te mostrar Que o seu amor sou eu, sou eu",Henrique & Juliano,2014,26,https://www.letras.mus.br/henrique-e-juliano/calafrio/,-1,0.28528088709047417
111,Calcinha de Renda (part. Gusttavo Lima),musica111,musica111_trecho1,Hoje vou sair Não vou pegar Deixa o telefone tocar Hoje eu quero ignorar os seus vem cá,Panda Cantor,2025,18,https://www.letras.mus.br/panda-cantor/calcinha-de-renda-part-gusttavo-lima/,-1,0.14928312859590076
427,Calma,musica427,musica427_trecho1,"Não chore mais, sorria, amor Eu trouxe o fim da sua dor Não chore nunca mais, amor",Jorge & Mateus,2015,17,https://www.letras.mus.br/jorge-mateus/calma/,-1,0.050610626208084986
427,Calma,musica427,musica427_trecho2,"Eu sou o sol cercando a chuva Do seu olhar sou eu quem cuida E te peço, por favor Não chore nunca mais, amor",Jorge & Mateus,2015,24,https://www.letras.mus.br/jorge-mateus/calma/,-1,0.14757731672225305
427,Calma,musica427,musica427_trecho3,"Calma, a sua insegurança não te leva a nada Eu quero ser seu homem, te fazer amada Amar, amar você até você se amar e me amar",Jorge & Mateus,2015,27,https://www.letras.mus.br/jorge-mateus/calma/,-1,0.08957727005115446
427,Calma,musica427,musica427_trecho4,"Calma, a sua insegurança não te leva a nada Eu quero ser seu homem, te fazer amada Amar, amar você até você se amar e me amar Calma!",Jorge & Mateus,2015,28,https://www.letras.mus.br/jorge-mateus/calma/,-1,0.08957727005115401
209,Camaro Amarelo,musica209,musica209_trecho1,"Agora eu fiquei doce, doce, doce, doce Agora eu fiquei do-do-do-do-doce, doce",Munhoz & Mariano,2011,12,https://www.letras.mus.br/munhoz-mariano/camaro-amarelo/,-1,0.2888909707954054
209,Camaro Amarelo,musica209,musica209_trecho3,E agora eu fiquei doce igual caramelo Tô tirando onda de Camaro amarelo E agora você diz: Vem cá que eu te quero Quando eu passo no Camaro amarelo,Munhoz & Mariano,2011,29,https://www.letras.mus.br/munhoz-mariano/camaro-amarelo/,-1,0.1462819264484051
209,Camaro Amarelo,musica209,musica209_trecho4,"Quando eu passava por você Na minha CG, você nem me olhava Fazia de tudo pra me ver, pra me perceber Mas nem me olhava",Munhoz & Mariano,2011,25,https://www.letras.mus.br/munhoz-mariano/camaro-amarelo/,-1,0.11357117495967584
209,Camaro Amarelo,musica209,musica209_trecho6,Agora eu fiquei doce igual caramelo Tô tirando onda de Camaro amarelo E agora você diz: Vem cá que eu te quero Quando eu passo no Camaro amarelo,Munhoz & Mariano,2011,28,https://www.letras.mus.br/munhoz-mariano/camaro-amarelo/,-1,0.14628192644840543
209,Camaro Amarelo,musica209,musica209_trecho11,Agora eu fiquei doce igual caramelo Tô tirando onda de Camaro amarelo Agora você diz: Vem cá que eu te quero Quando eu passo no Camaro amarelo,Munhoz & Mariano,2011,27,https://www.letras.mus.br/munhoz-mariano/camaro-amarelo/,-1,0.14628192644840543
209,Camaro Amarelo,musica209,musica209_trecho15,"Agora eu fiquei doce, doce, doce, doce Agora eu fiquei do-do-do-do-doce, doce Agora eu fiquei doce, doce, doce, doce Agora eu fiquei do-do-do-do-doce, doce",Munhoz & Mariano,2011,24,https://www.letras.mus.br/munhoz-mariano/camaro-amarelo/,-1,0.28889097079540527
1224,Canção Perfeita,musica1224,musica1224_trecho6,Apenas um olhar sinto a melodia No seu caminhar vou encontrando a rima As notas me vem no seu abraçar No seu beijo doce a letra se faz,Israel Novaes,2012,28,https://www.letras.mus.br/israel-novaes/1970119/,-1,0.11349799832125862
1224,Canção Perfeita,musica1224,musica1224_trecho7,Agora o resto não importa mais É que o nosso amor canção perfeita traz É que o nosso amor canção perfeita traz,Israel Novaes,2012,22,https://www.letras.mus.br/israel-novaes/1970119/,-1,0.2576939490581004
15,Cantada,musica15,musica15_trecho1,Pela luz do Sol que me ilumina Não existe nada mais que me fascina Que te ver chegar Com a pele bronzeada e a boca vermelha E esse sorrisão de orelha a orelha Vai me faltando o ar,Luan Santana,2015,38,https://www.letras.mus.br/luan-santana/cantada/,-1,0.5402962649779637
15,Cantada,musica15,musica15_trecho2,"Se esse sorriso for pra mim Eu sou o cara que tem mais sorte no mundo Azar de quem perdeu, agora sou eu Quem vai te queimar no meu fogo E amanhã vai ter de novo",Luan Santana,2015,36,https://www.letras.mus.br/luan-santana/cantada/,-1,0.2639216503641477
143,Canudinho (part. Ana Castela),musica143,musica143_trecho2,"Você está me dando umas olhadas E deixando minha cabeça a mil, puta que pariu E o pior é que cê nem disfarça Tem maldade na sua cara",Gusttavo Lima,2024,28,https://www.letras.mus.br/gusttavo-lima/canudinho-part-ana-castela/,-1,0.11939728060426791
143,Canudinho (part. Ana Castela),musica143,musica143_trecho3,"Não vou chegar, já tô chegando, não vou aguentar Esse gin que cê tá tomando me fez delirar Será que cê deixa eu participar?",Gusttavo Lima,2024,24,https://www.letras.mus.br/gusttavo-lima/canudinho-part-ana-castela/,-1,0.1584522128691659
186,Carta Aberta,musica186,musica186_trecho1,Posso amar outra pessoa Que ainda assim eu vou amar você Porque coração tem seus departamentos E cabe uma pancada de gente dentro,Henrique & Juliano,2023,23,https://www.letras.mus.br/henrique-e-juliano/carta-aberta/,-1,0.19340496805520124
186,Carta Aberta,musica186,musica186_trecho7,Lembre-se de mim só até certo ponto Se a lembrança machucar é que passou do ponto Lembre-se da gente só até ser saudável Pelo amor de Deus Não deixa qualquer coisa te deixar instável Não seja frágil,Henrique & Juliano,2023,37,https://www.letras.mus.br/henrique-e-juliano/carta-aberta/,-1,0.05126869081182095
605,Carta Branca,musica605,musica605_trecho1,"Por amor eu faço mil loucuras se você quiser Me sirvo de bandeja pra você mulher Só pra te ver feliz e mais apaixonada Por esse amor entrego minha vida toda em suas mãos Abro todas as portas do meu coração Enfrento um vendaval, topo qualquer parada Oh, oh, oh",Gusttavo Lima,2015,50,https://www.letras.mus.br/gusttavo-lima/carta-branca/,-1,0.0719394229210184
1284,Cartaz,musica1284,musica1284_trecho1,Eu sonhei com você Eu quero me deitar Numa tarde assim namorar Entre o azul do céu e o verde do mar Tanta coisa ainda há,Jorge & Mateus,2012,26,https://www.letras.mus.br/jorge-mateus/833961/,-1,0.5440378929804465
606,Casa Amarela,musica606,musica606_trecho1,"E olha eu aqui, pela décima vez Tô passando na frente da casa amarela Se algum vizinho me denunciar A culpa é dela De ex-namorado, agora Eu tô virando suspeito",Guilherme & Santiago,2016,30,https://www.letras.mus.br/guilherme-e-santiago/casa-amarela/,-1,0.1303950102751208
606,Casa Amarela,musica606,musica606_trecho2,"Olha o meu desespero Tô fazendo amizade com um vigilante Pra me explicar Meu problema é amor, tô sofrendo Eu não tô querendo roubar Mas, me diz uma coisa De quem é aquele carro preto Na frente da casa amarela?",Guilherme & Santiago,2016,40,https://www.letras.mus.br/guilherme-e-santiago/casa-amarela/,-1,0.13757363964290137
606,Casa Amarela,musica606,musica606_trecho3,E o vigilante tá mandando a real Não vale a pena eu ficar passando mal Tem só três dias que ela me deixou Faz mais de um mês Que esse carro preto busca o meu amor,Guilherme & Santiago,2016,36,https://www.letras.mus.br/guilherme-e-santiago/casa-amarela/,-1,0.15592563167442508
606,Casa Amarela,musica606,musica606_trecho4,"E o vigilante tá mandando a real Não vale a pena eu ficar passando mal Tem só três dias que ela me deixou Faz mais de um mês Que esse carro preto busca o meu amor Agora, acabou",Guilherme & Santiago,2016,38,https://www.letras.mus.br/guilherme-e-santiago/casa-amarela/,-1,0.15592563167442486
606,Casa Amarela,musica606,musica606_trecho9,"Faz mais de um mês Que esse carro preto busca o meu amor Agora, acabou",Guilherme & Santiago,2016,15,https://www.letras.mus.br/guilherme-e-santiago/casa-amarela/,-1,0.15592563167442508
1112,Caso Consumado,musica1112,musica1112_trecho2,Você vai ver o que perdeu quando me encontrar Nos braços de outro alguém Aí cê vai chorar,Gusttavo Lima,2008,18,https://www.letras.mus.br/gusttavo-lima/1541348/,-1,0.07412665757249925
3,Caso Indefinido,musica3,musica3_trecho4,"Se você quiser A gente casa ou namora A gente fica ou enrola O que eu mais quero é que você me queira, oh",Cristiano Araújo,2013,24,https://www.letras.mus.br/cristiano-araujo/caso-indefinido/,-1,0.13693926630708353
3,Caso Indefinido,musica3,musica3_trecho5,"Se você quiser A gente casa ou namora A gente fica ou enrola O que eu mais quero é que você me queira, oh Por um momento ou pra vida inteira",Cristiano Araújo,2013,31,https://www.letras.mus.br/cristiano-araujo/caso-indefinido/,-1,0.13693926630708364
1501,Castigo,musica1501,musica1501_trecho2,"Sei que não sou santo Nunca fui um anjo, mas não sou ruim E quando eu amo sou do meu amor Quero ela só pra mim Quando você quer você me abandona Me deixa o pó do caco, me manda pra lona Aí eu canto e bebo pra tentar te esquecer",Jorge & Mateus,2007,51,https://www.letras.mus.br/jorge-mateus/941326/,-1,0.024208283889393778
1501,Castigo,musica1501,musica1501_trecho3,"Eu já perdi o jogo, já perdi o norte Sei que no amor também não tô com sorte Tô roendo o toco, tô rindo pra não chorar Essa indiferença, paixão dividida Agora cada um segue a sua vida De hoje em diante é eu pra cá, você pra lá",Jorge & Mateus,2007,49,https://www.letras.mus.br/jorge-mateus/941326/,-1,0.02764915643427701
1501,Castigo,musica1501,musica1501_trecho4,"Sei que não sou santo, nunca fui um anjo, mas não sou ruim E quando eu amo, sou do meu amor, quero ela só pra mim Quando você quer você me abandona Me deixa o pó do caco, me manda pra lona Aí eu canto e bebo pra tentar te esquecer",Jorge & Mateus,2007,51,https://www.letras.mus.br/jorge-mateus/941326/,-1,0.024208283889393556
1501,Castigo,musica1501,musica1501_trecho6,"Eu já perdi o jogo, já perdi o norte Sei que no amor também não tô com sorte Tô roendo o toco, tô rindo pra não chorar Nessa indiferença, paixão dividida Agora cada um segue a sua vida De hoje em diante é eu pra cá, você pra lá",Jorge & Mateus,2007,49,https://www.letras.mus.br/jorge-mateus/941326/,-1,0.027649156434276567
1248,Catra Presidente (part. Mr. Catra),musica1248,musica1248_trecho3,"Você não sabe o que aconteceu! Meu Deus, o Catra se candidatou!",Thiago Matheus,2017,12,https://www.letras.mus.br/thiagomatheus/catra-presidente/,-1,0.1675932917729377
1248,Catra Presidente (part. Mr. Catra),musica1248,musica1248_trecho4,Segunda-feira é folga Terça ninguém trabalha De quarta a domingo é dia de balada Vote 69 que ele não te engana Imagina o Catra presidente uma semana?,Thiago Matheus,2017,27,https://www.letras.mus.br/thiagomatheus/catra-presidente/,-1,0.1446264768816441
939,Cds e Livros,musica939,musica939_trecho2,Eu digo as palavras certas Eu canto a nossa canção Memórias de um filme de amor Que terminou em traição,Léo Magalhães,2014,20,https://www.letras.mus.br/leo-magalhaes/cds-e-livros/,-1,0.25095145376882766
939,Cds e Livros,musica939,musica939_trecho3,"Pegue todos os cd's Pegue nossos livros, as fotografias Joga fora no lixo, leve suas roupas O quadro da sala, sua liberdade Leve na sua mala",Léo Magalhães,2014,26,https://www.letras.mus.br/leo-magalhaes/cds-e-livros/,-1,0.33385883187905097
1526,Cê É Louco!,musica1526,musica1526_trecho1,"Um metro e sessenta de pura sedução São duas e quarenta, é hora de meter pressão Já, já a noite acaba e eu não vou sair daqui sem ela",Bruninho e Davi,2014,29,https://www.letras.mus.br/bruninho-davi/ce-e-louco/,-1,0.18406964762753408
1526,Cê É Louco!,musica1526,musica1526_trecho4,"Cê é loco, ela é top demais Cê é loco, ela beija demais Assim eu vou me apaixonar Cê é loco, uma noite foi pouco Cê é loco, eu já quero de novo E tô loco pra te encontrar",Bruninho e Davi,2014,39,https://www.letras.mus.br/bruninho-davi/ce-e-louco/,-1,0.04903331685533219
931,Cê Me Conhece Eu Me Conheço,musica931,musica931_trecho2,"Cê facilita o processo do choro descer Do arrependimento vir Esfregar na sua cara que de novo eu usei você Ó, tem que aprender a não me atender",Henrique & Juliano,2025,28,https://www.letras.mus.br/henrique-e-juliano/ce-me-conhece-e-eu-me-conheco/,-1,0.16104174171787256
931,Cê Me Conhece Eu Me Conheço,musica931,musica931_trecho3,"Cê me conhece, eu me conheço Depois de uns copo seco Eu lembro o telefone, eu lembro o endereço Eu ligo e apareço, cê acha que é saudade Mas, na verdade, cê sabe, é tesão E cê tá levando pro coração E quer que eu sinta saudade nossa Saudade é uma palavra forte pro que eu sinto da gente lá fora",Henrique & Juliano,2025,61,https://www.letras.mus.br/henrique-e-juliano/ce-me-conhece-e-eu-me-conheco/,-1,0.11292166236214318
931,Cê Me Conhece Eu Me Conheço,musica931,musica931_trecho5,Cê facilita o processo do choro descer Do arrependimento vir Esfregar na sua cara que de novo eu usei você Cê tem que aprender a não me atender,Henrique & Juliano,2025,28,https://www.letras.mus.br/henrique-e-juliano/ce-me-conhece-e-eu-me-conheco/,-1,0.16104174171787278
491,Cê Que Sabe,musica491,musica491_trecho2,"O que temos pra hoje é saudade Mas qual de nós vai procurar Um pretexto, um motivo pra voltar Foi ontem, mas eu já sinto vontade Das bocas juntas e o calor Do nosso lugarzinho de amor",Cristiano Araújo,2014,37,https://www.letras.mus.br/cristiano-araujo/ce-que-sabe/,-1,0.28731129696740154
491,Cê Que Sabe,musica491,musica491_trecho3,"Já é tarde, tá frio, é noite, eu sozinho Minhas mãos tão comichando pra ligar Final 15-04 pra falar",Cristiano Araújo,2014,19,https://www.letras.mus.br/cristiano-araujo/ce-que-sabe/,-1,0.3933940221014117
827,Cê Topa?,musica827,musica827_trecho2,Presta atenção em tudo o que a gente faz Já somos mais felizes que muitos casais Desapega do medo e deixa acontecer Eu tenho uma proposta para te fazer,Luan Santana,2013,29,https://www.letras.mus.br/luan-santana/ce-topa/,-1,0.12004130325402995
827,Cê Topa?,musica827,musica827_trecho3,"Eu, você, dois filhos e um cachorro Um edredom, um filme bom no frio de agosto E aí, cê topa?",Luan Santana,2013,20,https://www.letras.mus.br/luan-santana/ce-topa/,-1,0.05445905536603746
827,Cê Topa?,musica827,musica827_trecho4,"Eu, você, dois filhos e um cachorro Um edredom, um filme bom no frio de agosto Diz aí, cê topa?",Luan Santana,2013,20,https://www.letras.mus.br/luan-santana/ce-topa/,-1,0.05445905536603746
1515,Celebridade,musica1515,musica1515_trecho1,"Tá famosa Só porque eu te larguei fica fazendo show Barraqueira demais Sobe na mesa, fala alto e diz que me esnobou Cê tá virando celebridade Desse jeito eu nunca vou te querer Tá conhecida em toda a cidade Mas não é assim que vai me convencer",Fernando e Sorocaba,2009,47,https://www.letras.mus.br/fernando-sorocaba/1602797/,-1,0.14988203149262602
1515,Celebridade,musica1515,musica1515_trecho2,"Se quer aparecer, vira atriz de novela Faz foto sensual, sobe na passarela Se quer aparecer, raspa o cabelo no zero Vai pra um reality show, dá o golpe no cara certo Se quer aparecer, me tira fora dessa Esse seu jeito de maluca não me interessa",Fernando e Sorocaba,2009,47,https://www.letras.mus.br/fernando-sorocaba/1602797/,-1,0.13693926630708342
972,Cem Mil,musica972,musica972_trecho2,Vê se me esquece e some Se eu te ver de longe Viro a cara e finjo que não vi,Gusttavo Lima,2018,20,https://www.letras.mus.br/gusttavo-lima/cem-mil/,-1,0.08613884186189813
972,Cem Mil,musica972,musica972_trecho3,"Mas eu não vou mentir Tá doendo lá no fundo Sem você, eu não consigo mais dormir",Gusttavo Lima,2018,17,https://www.letras.mus.br/gusttavo-lima/cem-mil/,-1,0.2658667660048182
972,Cem Mil,musica972,musica972_trecho4,Vamos fazer assim Melhor não me procurar Porque eu morro de medo de te perdoar,Gusttavo Lima,2018,15,https://www.letras.mus.br/gusttavo-lima/cem-mil/,-1,0.0671168360368114
794,CERTEZA,musica794,musica794_trecho1,Os opostos se atraem Os iguais não se querem E só os dispostos permanecem,Luan Santana,2024,14,https://www.letras.mus.br/luan-santana/certeza/,-1,0.1445706920167148
794,CERTEZA,musica794,musica794_trecho2,"A gente ouviu muito mais: Não vai dar certo Do que: Vai dar certo Mas esses pitacos nunca levamos a sério Corpo às vezes longe, coração sempre perto Você sempre soube o que cê quis Eu sempre soube o que eu quero",Luan Santana,2024,42,https://www.letras.mus.br/luan-santana/certeza/,-1,0.26263405940384665
794,CERTEZA,musica794,musica794_trecho4,"Mas todas as dúvidas a gente tira de letra Tirando essas dúvidas, o resto é certeza",Luan Santana,2024,16,https://www.letras.mus.br/luan-santana/certeza/,-1,0.14566201939080325
1477,Certos Detalhes,musica1477,musica1477_trecho1,Esqueça o mundo Apague a luz e escute só a minha voz Tem certos detalhes Que insistem em te fazer desistir de nós,Conrado e Aleksandro,2013,23,https://www.letras.mus.br/conrado-aleksandro/1928633/,-1,0.05126869081182095
1477,Certos Detalhes,musica1477,musica1477_trecho2,"Razão te implora E pede pra você se afastar de mim Mas tem certos detalhes Que fazem o coração falar mais alto, sim",Conrado e Aleksandro,2013,23,https://www.letras.mus.br/conrado-aleksandro/1928633/,-1,0.3425737239379786
1477,Certos Detalhes,musica1477,musica1477_trecho4,"É complicado pra você viver a minha vida Mas se tá disposta eu vou, buscar outra saída Eu já tentei deixar rolar dizer que tanto faz Mas certos detalhes fazem eu te amar demais",Conrado e Aleksandro,2013,34,https://www.letras.mus.br/conrado-aleksandro/1928633/,-1,0.2987439103759444
1477,Certos Detalhes,musica1477,musica1477_trecho5,É complicado pra você viver a minha vida Mas se tá disposta eu vou buscar outra saída Eu já tentei deixar rolar dizer que tanto faz Mas certos detalhes fazem eu te amar demais,Conrado e Aleksandro,2013,34,https://www.letras.mus.br/conrado-aleksandro/1928633/,-1,0.2987439103759444
1477,Certos Detalhes,musica1477,musica1477_trecho9,É complicado pra você viver a minha vida Mas se tá disposta eu vou buscar outra saída Eu já tentei deixar rolar dizer que tanto faz Mas certos detalhes fazem eu te amar demais Eu te amar demais,Conrado e Aleksandro,2013,38,https://www.letras.mus.br/conrado-aleksandro/1928633/,-1,0.2987439103759445
299,Chá de Casa Nova,musica299,musica299_trecho3,"Minha vontade é baixar na sua porta E jogar pra fora a raiva que eu senti Mas esse sorriso aí eu nunca vi No fundo, eu tô feliz por você tá feliz",Henrique & Juliano,2021,32,https://www.letras.mus.br/henrique-e-juliano/cha-de-casa-nova/,-1,0.03078443147372356
299,Chá de Casa Nova,musica299,musica299_trecho4,Minha vontade era voltar no tempo Mesmo já sabendo que ia ser assim Sou parte da história de final feliz O amor da sua vida é esse cara aí,Henrique & Juliano,2021,29,https://www.letras.mus.br/henrique-e-juliano/cha-de-casa-nova/,-1,0.19415952087515065
299,Chá de Casa Nova,musica299,musica299_trecho5,E tá doendo aqui Mas o amor da sua vida é esse cara aí E tá doendo aqui Mas o amor da sua vida é esse cara aí,Henrique & Juliano,2021,28,https://www.letras.mus.br/henrique-e-juliano/cha-de-casa-nova/,-1,0.13724511600773825
1174,Chega Mais Pra Cá (part. Gusttavo Lima),musica1174,musica1174_trecho2,Só quero o seu carinho Eu sei que não estou sozinho,Humberto e Ronaldo,2012,11,https://www.letras.mus.br/humberto-ronaldo/1846775/,-1,0.27307506941418214
1174,Chega Mais Pra Cá (part. Gusttavo Lima),musica1174,musica1174_trecho3,E chega mais pra cá Pra perto do meu peito E traz o seu olhar E o sorriso perfeito Que hoje eu vou te amar Daquele nosso jeito,Humberto e Ronaldo,2012,28,https://www.letras.mus.br/humberto-ronaldo/1846775/,-1,0.2639216503641475
1174,Chega Mais Pra Cá (part. Gusttavo Lima),musica1174,musica1174_trecho4,E agora não dá mais Já não tem mais saída Nem como tirar você da minha vida E o meu destino é ficar do seu lado,Humberto e Ronaldo,2012,26,https://www.letras.mus.br/humberto-ronaldo/1846775/,-1,0.14776780385470611
1309,Cheirosa,musica1309,musica1309_trecho1,Se eu dissesse que tá tudo bem Eu estaria mentido pra vocês A marca de Sol da aliança no meu dedo mostra Que ela me deixou tem menos de um mês,Jorge & Mateus,2020,31,https://www.letras.mus.br/jorge-mateus/cheirosa/,-1,0.06389617125699587
1309,Cheirosa,musica1309,musica1309_trecho2,Na fronha ainda tem O cheiro do shampoo Na mente ainda tem ela usando aquele baby doll azul,Jorge & Mateus,2020,18,https://www.letras.mus.br/jorge-mateus/cheirosa/,-1,0.18781141449860217
1309,Cheirosa,musica1309,musica1309_trecho3,"Por isso, essa gelada eu vou beber Em homenagem à saudade que eu tô da minha cheirosa Que jurou na minha cara que a gente não tem mais volta",Jorge & Mateus,2020,29,https://www.letras.mus.br/jorge-mateus/cheirosa/,-1,0.28885483527813316
1309,Cheirosa,musica1309,musica1309_trecho4,"Essa gelada eu vou beber Em homenagem à saudade que eu tô da minha cheirosa Se ela não voltar pra mim, esse mundão pode acabar agora",Jorge & Mateus,2020,26,https://www.letras.mus.br/jorge-mateus/cheirosa/,-1,0.28885483527813316
1309,Cheirosa,musica1309,musica1309_trecho5,E se eu dissesse que tá tudo bem Eu estaria mentido pra vocês A marca de Sol da aliança no meu dedo mostra Que ela me deixou tem menos de um mês,Jorge & Mateus,2020,32,https://www.letras.mus.br/jorge-mateus/cheirosa/,-1,0.0638961712569962
1309,Cheirosa,musica1309,musica1309_trecho9,Essa gelada eu vou beber Em homenagem à saudade que eu tô da minha cheirosa Que jurou na minha cara que a gente não tem mais volta,Jorge & Mateus,2020,27,https://www.letras.mus.br/jorge-mateus/cheirosa/,-1,0.28885483527813305
1136,Chocolate,musica1136,musica1136_trecho3,Seu olhar é o meu Sonho de Valsa É o doce que eu sempre quis Meu Prestígio é estar com você E pedir sempre Bis,Luan Santana,2009,25,https://www.letras.mus.br/luan-santana/1306429/,-1,0.19349762129938364
417,"Chora, Me Liga",musica417,musica417_trecho2,Não vai ser tão fácil assim Você me ter nas mãos Logo você que era acostumada A brincar com outro coração,João Bosco & Vinícius,2009,21,https://www.letras.mus.br/joao-bosco-viniciusacustico/1334799/,-1,0.06238907046087405
417,"Chora, Me Liga",musica417,musica417_trecho3,Não venha me perguntar Qual a melhor saída Eu sofri muito por amor Agora eu vou curtir a vida,João Bosco & Vinícius,2009,19,https://www.letras.mus.br/joao-bosco-viniciusacustico/1334799/,-1,0.0741266575724987
229,Choram as Rosas (Lloran las Rosas),musica229,musica229_trecho3,"Lágrimas que invadem meu coração Lágrimas, palavras da alma Lágrimas, a pura linguagem do amor",Bruno & Marrone,2005,15,https://www.letras.mus.br/bruno-e-marrone/747791/,-1,0.029645645764662
229,Choram as Rosas (Lloran las Rosas),musica229,musica229_trecho5,"Falta seu cheiro Que eu sentia quando você me abraçava Sem teu corpo, sem teu beijo Tudo é sem graça",Bruno & Marrone,2005,20,https://www.letras.mus.br/bruno-e-marrone/747791/,-1,0.13150287806445038
1127,"Chove, Chove",musica1127,musica1127_trecho1,"Chove quando você some Chove amor quando se esconde Chove só de te querer Chove, chove em mim você",Jorge & Mateus,2010,19,https://www.letras.mus.br/jorge-mateus/1701393/,-1,0.29835934658262064
1127,"Chove, Chove",musica1127,musica1127_trecho3,"E sem motivos quer me achar Olha pro céu que eu vou tá lá Em cada gota que chover Amor, molhar você",Jorge & Mateus,2010,22,https://www.letras.mus.br/jorge-mateus/1701393/,-1,0.14757731672225283
1127,"Chove, Chove",musica1127,musica1127_trecho11,Chove em mim você Chove em mim você Chove em mim você,Jorge & Mateus,2010,12,https://www.letras.mus.br/jorge-mateus/1701393/,-1,0.14756008641723362
1104,Chuva,musica1104,musica1104_trecho1,O céu está fechado escuro Me parece vai chover no meu jardim Depois que você me deixou Nunca mais choveu em mim,João Bosco & Vinícius,2011,22,https://www.letras.mus.br/joao-bosco-viniciusacustico/1764793/,-1,0.39339402210141206
1104,Chuva,musica1104,musica1104_trecho2,"Como esquecer todas as noites Que a gente se amava sem pensar? Não tinha luz, fazia frio e a chuva nos molhava",João Bosco & Vinícius,2011,22,https://www.letras.mus.br/joao-bosco-viniciusacustico/1764793/,-1,0.3289813494542715
134,Chuva de Arroz,musica134,musica134_trecho2,"Por isso todo mundo passa E quem nunca passou, vai passar Já tô dizendo aos meus amigos Calma que eu não vou pirar Já pirei!",Luan Santana,2015,25,https://www.letras.mus.br/luan-santana/chuvas-de-arroz/,-1,0.27160214892814927
134,Chuva de Arroz,musica134,musica134_trecho4,"Vai ser nossa cidade, nosso telefone Nosso endereço, nosso apartamento Sabe aquela igreja? Tô aqui na frente, imaginando chuva de arroz na gente!",Luan Santana,2015,23,https://www.letras.mus.br/luan-santana/chuvas-de-arroz/,-1,0.054459055366037346
134,Chuva de Arroz,musica134,musica134_trecho8,"Vai ser nossa cidade, nosso telefone Nosso endereço, nosso apartamento Sabe aquela igreja? Tô aqui na frente, imaginando chuvas",Luan Santana,2015,19,https://www.letras.mus.br/luan-santana/chuvas-de-arroz/,-1,0.054459055366037123
206,Ciclo,musica206,musica206_trecho2,"Mãe, pra muito coisa eu sei que demorei E quanto tempo isso faz eu já nem sei Os anos insistiam em passar e eu cresci Foi quando aprendi voar E o mundo inteiro quis pegar pra mim",Jorge & Mateus,2012,37,https://www.letras.mus.br/jorge-mateus/ciclo/,-1,0.060315391296412835
206,Ciclo,musica206,musica206_trecho3,"A gente nasce, cresce, casa e sonha em ser feliz Por isso eu fui buscar no mundo tudo o que eu quis Todas as vezes, minha mãe, que alguém me disse não Você disse sim pro meu coração",Jorge & Mateus,2012,38,https://www.letras.mus.br/jorge-mateus/ciclo/,-1,0.050977145150064906
67,Cidade Vizinha,musica67,musica67_trecho1,Seis Essa é a hora que ela vai sair pra correr Depois Vai procurar alguma coisa leve pra comer,Henrique & Juliano,2018,19,https://www.letras.mus.br/henrique-e-juliano/cidade-vizinha/,-1,0.16648631857236662
67,Cidade Vizinha,musica67,musica67_trecho2,"Sua cabeça anda sem ter tempo pra pensar Que antes era a gente e hoje é vida singular E agora? Pra quem tá solteiro, cidade grande é foda",Henrique & Juliano,2018,28,https://www.letras.mus.br/henrique-e-juliano/cidade-vizinha/,-1,0.15781392652394888
67,Cidade Vizinha,musica67,musica67_trecho3,"Eu sei que ela tá na cidade vizinha Mas eu preciso da boca dela na minha, ai, ai, ai, ai Talvez essa hora saiu do banho Tá se arrumando pra sair com as amigas, ai, ai, ai, ai",Henrique & Juliano,2018,38,https://www.letras.mus.br/henrique-e-juliano/cidade-vizinha/,-1,0.09615916117169154
67,Cidade Vizinha,musica67,musica67_trecho4,"Tomara que saia e dê tudo errado E volte mais cedo, sem ninguém do seu lado, oh Tomara que saia, dê tudo errado E sinta saudades aqui do meu quarto",Henrique & Juliano,2018,30,https://www.letras.mus.br/henrique-e-juliano/cidade-vizinha/,-1,0.08613884186189802
330,Ciumeira,musica330,musica330_trecho1,"No começo, eu entendia Mas era só cama, não tinha amor Lembro quando você dizia Vou desligar porque ela chegou",Marília Mendonça,2019,20,https://www.letras.mus.br/marilia-mendonca/ciumeira/,-1,0.31856226264423215
330,Ciumeira,musica330,musica330_trecho2,"E a gente foi se envolvendo, perdendo o medo Não tinha lugar e nem hora pra dar um beijo Coração não tá mais aceitando Só metade do seu: Te amo",Marília Mendonça,2019,30,https://www.letras.mus.br/marilia-mendonca/ciumeira/,-1,0.19863484786166952
330,Ciumeira,musica330,musica330_trecho3,É uma ciumeira atrás da outra Ter que dividir seu corpo e a sua boca Tá bom que eu aceitei por um instante A verdade é que amante não quer ser amante,Marília Mendonça,2019,32,https://www.letras.mus.br/marilia-mendonca/ciumeira/,-1,0.1232029371693002
330,Ciumeira,musica330,musica330_trecho4,É uma ciumeira atrás da outra Ter que dividir seu corpo e a sua boca Tá bom que eu aceitei por um instante A verdade é que amante não que ser amante É uma ciumeira atrás da outra,Marília Mendonça,2019,38,https://www.letras.mus.br/marilia-mendonca/ciumeira/,-1,0.12320293716930031
330,Ciumeira,musica330,musica330_trecho5,"E a gente foi se envolvendo, perdendo o medo Não tinha lugar e em hora pra dar um beijo Coração não tá mais aceitando Só metade do seu: Te amo",Marília Mendonça,2019,30,https://www.letras.mus.br/marilia-mendonca/ciumeira/,-1,0.1986348478616694
330,Ciumeira,musica330,musica330_trecho7,É uma ciumeira atrás da outra Ter que dividir seu corpo e a sua boca Tá bom que eu aceitei por um instante A verdade é que amante não quer ser amante É uma ciumeira atrás da outra Ter que dividir seu corpo e a sua boca Tá bom que eu aceitei por um instante A verdade é que amante não quer ser amante É uma ciumeira atrás da outra,Marília Mendonça,2019,70,https://www.letras.mus.br/marilia-mendonca/ciumeira/,-1,0.1232029371693002
763,Ciumenta,musica763,musica763_trecho2,"Ciumenta Para de ser tão ciumenta Desse jeito nenhum homem te aguenta Ah, eu já não sei o que fazer",César Menotti & Fabiano,2008,20,https://www.letras.mus.br/cesar-menotti-e-fabiano/1280619/,-1,0.1914389282008957
763,Ciumenta,musica763,musica763_trecho3,Ciumenta Para de ser tão ciumenta Desse jeito nenhum homem te aguenta Se liga ou você vai me perder,César Menotti & Fabiano,2008,19,https://www.letras.mus.br/cesar-menotti-e-fabiano/1280619/,-1,0.1914389282008958
1100,Clichê (part. Jorge & Mateus),musica1100,musica1100_trecho2,"E se eu parecer um bobo você pode rir, É que esse seu jeito manhoso me deixou assim, Completamente louco por você, Fazendo minhas rimas só pra te dizer.",João Neto e Frederico,2013,29,https://www.letras.mus.br/joao-neto-frederico/cliche/,-1,0.20823518559410525
919,CLONE,musica919,musica919_trecho1,"Pra começar, sua mãe vai se encantar comigo Se eu contar piada pro seu pai, ele vai cair no riso (E aí?)",Luan Santana,2024,22,https://www.letras.mus.br/luan-santana/clone/,-1,0.12454953450741757
919,CLONE,musica919,musica919_trecho2,"Sua amiga mais chata vai falar que agora acertou Churrasquin em família vai perder a graça se eu num for Agarra o amor e não deixa escapar Só pra garantir, vou passando aqui até você me agarrar",Luan Santana,2024,37,https://www.letras.mus.br/luan-santana/clone/,-1,0.2889961851123043
919,CLONE,musica919,musica919_trecho3,"Ah-ah-ah, pensa nos fio bonito que a gente vai dar Eu vou soltar foguete se sair seu clone Cê entra com a beleza e eu com o sobrenome (vai!) Ah-ah-ah, pensa nos fio bonito que a gente vai dar Eu vou soltar foguete se sair seu clone Cê entra com a beleza e eu entro com o sobrenome",Luan Santana,2024,58,https://www.letras.mus.br/luan-santana/clone/,-1,0.25105251098875536
919,CLONE,musica919,musica919_trecho6,"Ah-ah-ah, pensa nos fio bonito que a gente vai dar Eu vou soltar foguete se sair seu clone Cê entra com a beleza e eu com o sobrenome Ah-ah-ah, pensa nos fio bonito que a gente vai dar Eu vou soltar foguete se sair seu clone Cê entra com a beleza e eu entro com o sobrenome",Luan Santana,2024,57,https://www.letras.mus.br/luan-santana/clone/,-1,0.2510525109887556
919,CLONE,musica919,musica919_trecho7,"Uou-uou-uou, eu vou soltar foguete se sair seu clone Cê entra com a beleza e eu entro com o sobrenome",Luan Santana,2024,20,https://www.letras.mus.br/luan-santana/clone/,-1,0.2510525109887556
341,Cobaia (part. Maiara & Maraisa),musica341,musica341_trecho1,"Você tem um emprego pra mim? Olha aí Qualquer coisa que, que me mantenha perto de você Posso fazer cafuné no cabelo Vigio o seu sono, sei lá Até provo o seu beijo Pra ver se a barba vai me arranhar Eu posso ser fiscal do seu olhar Nem precisa pagar",Lauana Prado,2018,51,https://www.letras.mus.br/lauana-prado/cobaia/,-1,0.1299717218803771
1161,Coisa e Tal,musica1161,musica1161_trecho1,"Olhe em mim, diz o que vê Não, eu não estou tão satisfeito Não é como diz Não vou ser feliz com o nosso fim Não vai ser tão fácil assim",Lucas Lucco,2014,31,https://www.letras.mus.br/lucas-lucco/coisa-e-tal/,-1,0.04750616109991124
1161,Coisa e Tal,musica1161,musica1161_trecho2,"Me deseja boa sorte Diz que sou especial Que vou encontrar alguém Que me queira, coisa e tal",Lucas Lucco,2014,18,https://www.letras.mus.br/lucas-lucco/coisa-e-tal/,-1,0.5460044338663057
1161,Coisa e Tal,musica1161,musica1161_trecho3,"Comprei seu perfume pra lembrar do seu cheiro Chorei por você aqui em meu travesseiro Pra sentir sua presença, achei aquele ursinho Jogado no canto do quarto Reli as mensagens aqui em meu celular O último te amo fiz questão de guardar Como aceitar que você se foi? Não dá",Lucas Lucco,2014,50,https://www.letras.mus.br/lucas-lucco/coisa-e-tal/,-1,0.18781141449860184
1161,Coisa e Tal,musica1161,musica1161_trecho6,"Comprei seu perfume pra lembrar do seu cheiro Chorei por você aqui em meu travesseiro Pra sentir sua presença, achei aquele ursinho Jogado no canto do quarto Reli as mensagens aqui em meu celular O último te amo fiz questão de guardar Como aceitar que você se foi? Não dá (ie, ie)",Lucas Lucco,2014,52,https://www.letras.mus.br/lucas-lucco/coisa-e-tal/,-1,0.18781141449860195
1066,Coisas de Quem Ama,musica1066,musica1066_trecho2,Lembra que fui eu Não esquece que fui eu Que te amou demais Desde o dia em que te conheceu,Jorge & Mateus,2015,20,https://www.letras.mus.br/jorge-mateus/coisas-de-quem-ama/,-1,0.06338056419865679
1066,Coisas de Quem Ama,musica1066,musica1066_trecho3,"Sempre te fez sorrir Admite, eu sei que também sente falta Dos dias difíceis, da falta de grana De pipoca e filme todo fim de semana Eu ia de comédia, você sempre de drama Um colchão na sala, nós dois de pijama Coisas de quem ama Coisas de quem ama",Jorge & Mateus,2015,50,https://www.letras.mus.br/jorge-mateus/coisas-de-quem-ama/,-1,0.1401783493232942
1066,Coisas de Quem Ama,musica1066,musica1066_trecho4,Mas o último filme não chegou ao final A gente apagou bem na briga do casal Que depois de discutir vários assuntos Deram um beijo de amor Deram um beijo de amor Deram um beijo de amor E terminaram juntos,Jorge & Mateus,2015,40,https://www.letras.mus.br/jorge-mateus/coisas-de-quem-ama/,-1,0.03525047350620314
1066,Coisas de Quem Ama,musica1066,musica1066_trecho7,"Mas o último filme não chegou ao final A gente apagou bem na briga do casal Que depois de discutir vários assuntos Deram um beijo de amor, oh, oh Deram um beijo de amor Deram um beijo",Jorge & Mateus,2015,37,https://www.letras.mus.br/jorge-mateus/coisas-de-quem-ama/,-1,0.03525047350620325
1066,Coisas de Quem Ama,musica1066,musica1066_trecho8,"Mas o último filme não chegou ao final A gente apagou bem na briga do casal Que depois de discutir vários assuntos Deram um beijo de amor, oh, oh E terminaram Um beijo de amor, oh, oh Deram um beijo de amor E terminaram juntos",Jorge & Mateus,2015,45,https://www.letras.mus.br/jorge-mateus/coisas-de-quem-ama/,-1,0.03525047350620347
570,Coisas Esotéricas,musica570,musica570_trecho1,"A minha cabeça está virada Fico louco pela madrugada À procura de alguém, um ombro pra chorar Só por seu amor, seu amor, seu amor",Maria Cecília e Rodolfo,2008,25,https://www.letras.mus.br/maria-cecilia-rodolfo/1293127/,-1,0.3000852081482501
1148,Coitado,musica1148,musica1148_trecho5,"Antes de eu me esquecer Só para você saber Todos, todos que provaram São melhores que você",Naiara Azevedo,2016,17,https://www.letras.mus.br/naiara-azevedo/1850616/,-1,0.3338588318790511
1548,Coladinha Em Mim (part. Anitta),musica1548,musica1548_trecho1,"Às vezes, acho que Deus tava bem de boa Tava à toa quando decidiu criar você Caprichou tanto no teu sorriso Que Da Vinci fez a Monalisa só pra concorrer",Gustavo Mioto,2017,30,https://www.letras.mus.br/gustavo-mioto/coladinha-em-mim/,-1,0.03078443147372334
1548,Coladinha Em Mim (part. Anitta),musica1548,musica1548_trecho6,"Às vezes, acho que Deus tava bem de boa Tava à toa quando decidiu criar você Caprichou tanto nesse sorriso Que Da Vinci fez a Monalisa só pra concorrer",Gustavo Mioto,2017,29,https://www.letras.mus.br/gustavo-mioto/coladinha-em-mim/,-1,0.03078443147372334
385,Com Ou Sem Mim,musica385,musica385_trecho2,Não prometo te esperar Coração vai cicatrizar E uma hora eu sei que vou te esquecer Se era medo de me machucar Já tem o meu perdão Tá esperando o que?,Gustavo Mioto,2020,31,https://www.letras.mus.br/gustavo-mioto/com-ou-sem-mim/,-1,0.0861388418618978
385,Com Ou Sem Mim,musica385,musica385_trecho3,Só quero que você seja feliz Com ou sem mim E quando der saudade e for dormir Com ou sem mim E quando perceber que eu não tô E que não vai achar um novo amor Vai ter que aceitar que é assim Com ou sem mim,Gustavo Mioto,2020,47,https://www.letras.mus.br/gustavo-mioto/com-ou-sem-mim/,-1,0.19735193907317317
385,Com Ou Sem Mim,musica385,musica385_trecho4,"Se tem outro em meu lugar Ou se você quer colocar Te deixo livre, livre pra viver Não prometo te esperar Coração vai cicatrizar E uma hora eu sei que vou te esquecer Se era medo de me machucar Tá esperando o que?",Gustavo Mioto,2020,43,https://www.letras.mus.br/gustavo-mioto/com-ou-sem-mim/,-1,0.0861388418618978
385,Com Ou Sem Mim,musica385,musica385_trecho5,Só quero que você seja feliz Com ou sem mim E quando der saudade e for dormir Com ou sem mim E quando perceber que eu não tô E que não vai achar um outro amor Vai ter que aceitar que é assim Com ou sem mim,Gustavo Mioto,2020,47,https://www.letras.mus.br/gustavo-mioto/com-ou-sem-mim/,-1,0.19735193907317317
1124,Com Você,musica1124,musica1124_trecho3,"É por você a verdadeira dor da saudade Sem você, sou apenas aquela metade E que fica sem ter razão",Henrique & Diego,2013,20,https://www.letras.mus.br/henrique-diego/com-voce/,-1,0.1927068783815714
664,Como É Que a Gente Fica,musica664,musica664_trecho1,"Eu tava certo de que o amor era pros outros não era pra mim Um cara esperto, fechado no meu canto, eu só vivia assim Entre uma boca e outra, uma dose e outra Toda madrugada nessa vida louca Nem passou pela cabeça me apaixonar",Henrique & Juliano,2015,45,https://www.letras.mus.br/henrique-e-juliano/como-e-que-a-gente-fica/,-1,0.027330021791035164
664,Como É Que a Gente Fica,musica664,musica664_trecho4,Entre uma boca e outra uma dose e outra Toda madrugada nessa vida louca Nem passou pela cabeça me apaixonar,Henrique & Juliano,2015,20,https://www.letras.mus.br/henrique-e-juliano/como-e-que-a-gente-fica/,-1,0.170848691625756
386,Como Faz Com Ela,musica386,musica386_trecho1,Vai se preparando que eu não vou ter paciência Se acha que eu não sei o que aprontou na minha ausência Não vou deixar barato Não vou fingir que não vi Eu já fiquei sabendo De outras bocas por ai,Marília Mendonça,2015,40,https://www.letras.mus.br/marilia-mendonca/como-faz-com-ela/,-1,0.0861388418618978
386,Como Faz Com Ela,musica386,musica386_trecho3,"É saber se você faz amor comigo como faz com ela Se quando beija, morde a boca dela Fala besteira no ouvido, como faz comigo Tudo o que eu preciso É saber se você faz amor comigo como faz com ela",Marília Mendonça,2015,41,https://www.letras.mus.br/marilia-mendonca/como-faz-com-ela/,-1,0.2534416858679558
386,Como Faz Com Ela,musica386,musica386_trecho4,"Se quando beija, morde a boca dela Fala besteira no ouvido, como faz comigo Tudo o que eu preciso É saber se você faz amor comigo como faz com ela, ôôô Se é melhor com ela",Marília Mendonça,2015,36,https://www.letras.mus.br/marilia-mendonca/como-faz-com-ela/,-1,0.25344168586795646
386,Como Faz Com Ela,musica386,musica386_trecho8,"Saber se você faz amor comigo como faz com ela Se quando beija, morde a boca dela Fala besteira no ouvido, como faz comigo Tudo o que eu preciso É saber se você faz amor comigo como faz com ela, ôôô Se é melhor com ela",Marília Mendonça,2015,46,https://www.letras.mus.br/marilia-mendonca/como-faz-com-ela/,-1,0.2534416858679561
386,Como Faz Com Ela,musica386,musica386_trecho9,Saber se você faz amor comigo como faz com ela,Marília Mendonça,2015,10,https://www.letras.mus.br/marilia-mendonca/como-faz-com-ela/,-1,0.25344168586795623
1275,Como Não Me Apaixonar,musica1275,musica1275_trecho3,"Tenho a certeza e aquela incerteza Não existe mais, ficou pra trás O meu pensamento, vive e pensa todo tempo E me pede mais, eu vou atrás",Jorge & Mateus,2015,27,https://www.letras.mus.br/jorge-mateus/como-nao-me-apaixonar/,-1,0.02606374570857084
1275,Como Não Me Apaixonar,musica1275,musica1275_trecho4,Tenho o que quer e precisa E as briguinhas comigo eu deixo pra lá Quem sabe é o seu jeito de amar Tenho o que quer e precisa E as briguinhas comigo eu deixo pra lá Quem sabe é o seu jeito de amar,Jorge & Mateus,2015,44,https://www.letras.mus.br/jorge-mateus/como-nao-me-apaixonar/,-1,0.08256045068915496
321,Como Um Anjo,musica321,musica321_trecho1,"Como um anjo Você apareceu na minha vida Uuuh, como um anjo Repleto de ternura e de paixão Ouououou",César Menotti & Fabiano,2005,19,https://www.letras.mus.br/cesar-menotti-e-fabiano/235658/,-1,0.24702819284151234
321,Como Um Anjo,musica321,musica321_trecho2,"Como um anjo Encanto, sedução Doce aventura Uuuh, que loucura Você desabrochando No meu coração",César Menotti & Fabiano,2005,15,https://www.letras.mus.br/cesar-menotti-e-fabiano/235658/,-1,0.10248527180165568
321,Como Um Anjo,musica321,musica321_trecho4,"Anjo A luz do sol tá me acordando Não vá embora, estou te amando Por favor, não me deixe só Ai! Ai! ai! ai! ai!",César Menotti & Fabiano,2005,25,https://www.letras.mus.br/cesar-menotti-e-fabiano/235658/,-1,0.1475773167222526
321,Como Um Anjo,musica321,musica321_trecho5,Anjo Não quero abrir meus olhos Quero seguir vivendo um sonho De sermos só você e eu,César Menotti & Fabiano,2005,17,https://www.letras.mus.br/cesar-menotti-e-fabiano/235658/,-1,0.24529601633023623
750,Compensa Me Amar,musica750,musica750_trecho1,"A razão tem atrapalhado nós dois E o perdão tem ficado de lado E depois coração, dia inteiro pedindo atenção Não sei, não, se esse amor dura mais um verão",Henrique & Juliano,2015,30,https://www.letras.mus.br/henrique-e-juliano/compensa-me-amar/,-1,0.26258665645168144
750,Compensa Me Amar,musica750,musica750_trecho4,E depois que a nossa cama esquentar Cê vai ver que compensa me amar E no chão da nossa sala vai rolar Cê vai ver que compensa me amar,Henrique & Juliano,2015,29,https://www.letras.mus.br/henrique-e-juliano/compensa-me-amar/,-1,0.12454953450741724
750,Compensa Me Amar,musica750,musica750_trecho8,E no chão da nossa sala vai rolar Cê vai ver que compensa me amar E no chão da nossa sala vai rolar Cê vai ver que compensa me amar,Henrique & Juliano,2015,30,https://www.letras.mus.br/henrique-e-juliano/compensa-me-amar/,-1,0.12454953450741679
1285,Complicados Demais,musica1285,musica1285_trecho1,Se algum dia algo te lembrar E a emoção tocar inteira a face do teu rosto Não se envergonhe em dizer Que o ciúme levou teu amor E te afastou de vez de minha voz o teu silêncio Não me deixou opção,Paula Fernandes,2009,42,https://www.letras.mus.br/paula-fernandes/1498434/,-1,0.12259718829273869
1285,Complicados Demais,musica1285,musica1285_trecho3,"Te aceito assim, complicado demais Também sou assim, complicada demais E já faz tempo que o tempo parou Não envelheço à espera do teu amor",Paula Fernandes,2009,25,https://www.letras.mus.br/paula-fernandes/1498434/,-1,0.2852808870904744
1285,Complicados Demais,musica1285,musica1285_trecho4,Se nos sentimos como a terra e o mar E o desamor desfez um sonho lindo desse jeito Feito uma nuvem no céu Eu não queria mesmo acreditar Que o ser humano tão sereno fosse assim Um oposto afim de causar confusão,Paula Fernandes,2009,42,https://www.letras.mus.br/paula-fernandes/1498434/,-1,0.4152316730881317
1285,Complicados Demais,musica1285,musica1285_trecho5,Eu estarei aqui esperando você Se redimindo do teu erro pra ver Teus olhos rasos decidido a voltar Sem ter ciúme vem pra mim vem me amar,Paula Fernandes,2009,27,https://www.letras.mus.br/paula-fernandes/1498434/,-1,0.10057806480510789
1450,Conquistando o Impossível,musica1450,musica1450_trecho2,"Acredite que nenhum de nós Já nasceu com jeito pra super herói Nossos sonhos a gente é quem constrói É vencendo os limites, escalando as fortalezas Conquistando o impossível pela fé",Luan Santana,2011,31,https://www.letras.mus.br/luan-santana/1792480/,-1,0.12004130325403006
1450,Conquistando o Impossível,musica1450,musica1450_trecho4,Acredite que nenhum de nós Já nasceu com jeito pra super herói Nossos sonhos a gente é quem constrói É vencendo os limites escalando as fortalezas Conquistando o impossível pela fé,Luan Santana,2011,31,https://www.letras.mus.br/luan-santana/1792480/,-1,0.12004130325402995
1336,Contar Pra Quê?,musica1336,musica1336_trecho3,Contar pra quê? Ninguém precisa entender Que quando a cidade dorme A gente sai pra se ver,Henrique & Juliano,2015,17,https://www.letras.mus.br/henrique-e-juliano/contar-pra-que/,-1,0.15721586491120998
1559,Conto de Fadas,musica1559,musica1559_trecho2,"Jurei não te deixar Falei que não iria te fazer chorar Que apostaria tudo nessa relação Mas para, espera um pouco, tenho a explicação",Israel & Rodolffo,2012,24,https://www.letras.mus.br/israel-rodolfo/1986805/,-1,0.13406826350520096
1559,Conto de Fadas,musica1559,musica1559_trecho4,"Agora pode me xingar que pra mim tanto faz Pode se revoltar, mostrar a sua ira Era tudo mentira Entenda que não quero mais Passou, ficou pra trás Agora tanto faz e eu não sinto nada Você caiu no meu conto de fadas",Israel & Rodolffo,2012,43,https://www.letras.mus.br/israel-rodolfo/1986805/,-1,0.11357117495967595
444,Contramão,musica444,musica444_trecho2,Não quero ser precipitado Muito menos te assustar Mas é nesse teu sorriso Que o meu beijo quer morar,Gustavo Mioto,2017,19,https://www.letras.mus.br/gustavo-mioto/contramao/,-1,0.2226923732970717
444,Contramão,musica444,musica444_trecho3,E nas curvas do seu corpo Invadir a contramão Dar de frente com seu peito SOS coração,Gustavo Mioto,2017,17,https://www.letras.mus.br/gustavo-mioto/contramao/,-1,0.020038711629078
444,Contramão,musica444,musica444_trecho4,Conheci o amor Só de te olhar Tava quase congelando Você veio pra esquentar Conheci o amor E ele me fez ver Que eu voei tempo demais Deixa eu pousar em você,Gustavo Mioto,2017,32,https://www.letras.mus.br/gustavo-mioto/contramao/,-1,0.09058244279178873
444,Contramão,musica444,musica444_trecho7,E nas curvas do seu corpo Invadir a contramão Dar de frente com teu peito SOS coração,Gustavo Mioto,2017,17,https://www.letras.mus.br/gustavo-mioto/contramao/,-1,0.020038711629078
444,Contramão,musica444,musica444_trecho8,Conheci o amor Só de te olhar Tava quase congelando Você veio pra esquentar Conheci o amor E ele me fez ver Que eu voei tempo demais Deixa eu pousar em você Deixa eu pousar em você Deixa eu pousar em você,Gustavo Mioto,2017,42,https://www.letras.mus.br/gustavo-mioto/contramao/,-1,0.09058244279178895
967,Conveniência,musica967,musica967_trecho2,"Será que não lembra mais da gente? Nem me olhou quando passou na frente Enlouqueci naquela hora Achei que seria diferente Entendi o porquê tá ausente E você nem aí, só entrou no carro e foi embora",Hugo & Guilherme,2018,37,https://www.letras.mus.br/hugo-guilherme/conveniencia/,-1,0.11357117495967561
967,Conveniência,musica967,musica967_trecho8,"E pode tentar fazer ciúmes que eu não ligo A gente é caso velho, é amor antigo",Hugo & Guilherme,2018,17,https://www.letras.mus.br/hugo-guilherme/conveniencia/,-1,0.11451287285803746
863,Conversa E Lençóis,musica863,musica863_trecho2,"O tal do homem, na primeira olhada, não procura sentimento De cara, cê vê o amor da sua vida, ele só vê cama batendo O processo é lento, pra amar leva um tempo Bota uma coisa na sua cabeça Que cê não vai sofrer mais na mão dos caras",Henrique & Juliano,2025,49,https://www.letras.mus.br/henrique-e-juliano/conversas-e-lencois/,-1,0.1318102796285111
863,Conversa E Lençóis,musica863,musica863_trecho3,"Mulher é emoção demais e homem é tesão demais Usa isso a seu favor, fala não que cê vai ver Uma porrada de marmanjo aí correndo atrás Dificulta mais Cê tem a faca e o queijo na mão, é só aprender mexer com nós Aí você vai ver que cê cai menos em conversas e lençóis",Henrique & Juliano,2025,56,https://www.letras.mus.br/henrique-e-juliano/conversas-e-lencois/,-1,0.1930298200048164
863,Conversa E Lençóis,musica863,musica863_trecho4,"O tal do homem, na primeira olhada, não procura sentimento De cara, cê vê o amor da sua vida, ele só vê cama batendo O processo é lento, pra amar leva um tempo",Henrique & Juliano,2025,33,https://www.letras.mus.br/henrique-e-juliano/conversas-e-lencois/,-1,0.13181027962851133
1405,Copinho,musica1405,musica1405_trecho4,"Aquele guarda chuva que você perdeu O troco do supermercado que você esqueceu Sou eu, sou eu, sou eu Sou eu, sou eu, sou eu",Henrique & Diego,2013,25,https://www.letras.mus.br/henrique-diego/1805939/,-1,0.07208409149724693
1405,Copinho,musica1405,musica1405_trecho5,Mas tá difícil pra ganhar seu coração Tá difícil pra viver sem essa paixão Mas tá difícil pra ganhar seu coração Tá difícil pra viver sem essa paixão,Henrique & Diego,2013,28,https://www.letras.mus.br/henrique-diego/1805939/,-1,0.18505731612494436
1576,Copo De Vinho (Você Você Você),musica1576,musica1576_trecho2,Eu e minha namorada A gente tava agarradinho Até que o meu amor Bebeu um copo de vinho,Zé Ricardo e Thiago,2012,18,https://www.letras.mus.br/ze-ricardo-thiago/1921616/,-1,0.26938445806045797
1576,Copo De Vinho (Você Você Você),musica1576,musica1576_trecho4,Ta chapada ta doidona Ta descendo até o chão Eu to pagando mico Olha que situação,Zé Ricardo e Thiago,2012,16,https://www.letras.mus.br/ze-ricardo-thiago/1921616/,-1,0.1600336562835053
1576,Copo De Vinho (Você Você Você),musica1576,musica1576_trecho7,"Amor assim não dá Amor assim não dá Eu gosto de você, você, você Você, você, você, você, você, você Você, você, você, você quer?!",Zé Ricardo e Thiago,2012,25,https://www.letras.mus.br/ze-ricardo-thiago/1921616/,-1,0.10665707866909702
379,Cor de Ouro,musica379,musica379_trecho2,Esse cabelo cor de ouro é que me deixa louco Esse sorriso nos seus lábios que eu me entrego todo Não sei mais ver minha vida sem você por perto Amor sem você comigo a vida é um deserto,Gusttavo Lima,2008,39,https://www.letras.mus.br/gusttavo-lima/1612175/,-1,0.20686185615904396
379,Cor de Ouro,musica379,musica379_trecho3,"Esse cabelo cor de ouro é que me deixa louco Esse sorriso nos seus lábios que eu me entrego todo Não sei mais ver minha vida, sem você por perto Amor sem você comigo, a vida é um deserto",Gusttavo Lima,2008,39,https://www.letras.mus.br/gusttavo-lima/1612175/,-1,0.20686185615904407
379,Cor de Ouro,musica379,musica379_trecho5,"Esse cabelo cor de ouro é que me deixa louco Esse sorriso nos seus lábios, que eu me entrego todo Não sei mais ver minha vida, sem você por perto Amor sem você comigo, a vida é um deserto",Gusttavo Lima,2008,39,https://www.letras.mus.br/gusttavo-lima/1612175/,-1,0.20686185615904373
944,Coração Apertado,musica944,musica944_trecho2,Eu tô vendo as horas passar E aqui dentro tudo faz lembrar Tem seu cheiro Grudado no meu cobertor,Thaeme e Thiago,2014,19,https://www.letras.mus.br/thaeme-thiago/coracao-apertado-2/,-1,0.18781141449860195
944,Coração Apertado,musica944,musica944_trecho4,Vai que a gente se encontra de novo Numa balada no meio do povo Eu meio travado Coração apertado,Thaeme e Thiago,2014,19,https://www.letras.mus.br/thaeme-thiago/coracao-apertado-2/,-1,0.04841905862251583
44,Coração Bandido (part. Maiara & Maraisa),musica44,musica44_trecho3,Eu não vou mais te esconder Vou contar tudo pra você Contar que beijo em outra boca,Marília Mendonça,2020,17,https://www.letras.mus.br/marilia-mendonca/coracao-bandido-part-maiara-e-maraisa/,-1,0.28528088709047417
44,Coração Bandido (part. Maiara & Maraisa),musica44,musica44_trecho4,Dizer que já tem mais de um ano Dizer também que eu te amo Mas gosto de outra,Marília Mendonça,2020,18,https://www.letras.mus.br/marilia-mendonca/coracao-bandido-part-maiara-e-maraisa/,-1,0.1183590617546958
44,Coração Bandido (part. Maiara & Maraisa),musica44,musica44_trecho6,"Paixão é só obsessão No fim, quem sofre é o coração Que perde o verdadeiro amor Coração tava dormindo e acordou Mas está sujeito à solidão",Marília Mendonça,2020,26,https://www.letras.mus.br/marilia-mendonca/coracao-bandido-part-maiara-e-maraisa/,-1,0.15016545542387327
44,Coração Bandido (part. Maiara & Maraisa),musica44,musica44_trecho8,E eu não vou mais te esconder Vou contar tudo pra você Contar que beijo em outra boca,Marília Mendonça,2020,18,https://www.letras.mus.br/marilia-mendonca/coracao-bandido-part-maiara-e-maraisa/,-1,0.2852808870904743
44,Coração Bandido (part. Maiara & Maraisa),musica44,musica44_trecho9,Dizer que já faz mais de um ano Dizer também que eu te amo (credo) Mas gosto de outra,Marília Mendonça,2020,19,https://www.letras.mus.br/marilia-mendonca/coracao-bandido-part-maiara-e-maraisa/,-1,0.11835906175469568
1228,Coração Calejado,musica1228,musica1228_trecho1,"Meus fracassos amorosos me afastam de ti Tenho medo de me iludir Eu já tive alguns amores, mas não tive amor E foi isso que me deixou",Jorge & Mateus,2018,27,https://www.letras.mus.br/jorge-mateus/coracao-calejado/,-1,0.0276491564342769
1228,Coração Calejado,musica1228,musica1228_trecho2,"Com o coração calejado Morre de medo de se machucar Coração calejado Pra se entregar de novo, tem que escutar",Jorge & Mateus,2018,20,https://www.letras.mus.br/jorge-mateus/coracao-calejado/,-1,0.3951155993005755
1228,Coração Calejado,musica1228,musica1228_trecho3,"Que você vai me amar com força Que a nossa saudade vai ser louca Se não for pra ser assim, esquece Se me quer mesmo pra você, promete",Jorge & Mateus,2018,28,https://www.letras.mus.br/jorge-mateus/coracao-calejado/,-1,0.14776780385470578
144,CORAÇÃO CIGANO (part. Luísa Sonza),musica144,musica144_trecho3,"Coração cigano, cigano Segue me enganando, mudando De cheiro em cheiro, de beijo em beijo E aqui no meu olhar morando, oh",Luan Santana,2022,22,https://www.letras.mus.br/luan-santana/coracao-cigano-part-luisa-sonza/,-1,0.642931120250656
144,CORAÇÃO CIGANO (part. Luísa Sonza),musica144,musica144_trecho4,"Coração cigano, cigano Segue me enganando, mudando De cheiro em cheiro, de beijo em beijo E aqui no meu olhar morando",Luan Santana,2022,21,https://www.letras.mus.br/luan-santana/coracao-cigano-part-luisa-sonza/,-1,0.642931120250656
144,CORAÇÃO CIGANO (part. Luísa Sonza),musica144,musica144_trecho5,Yeah (coração cigano) Segue me enganando,Luan Santana,2022,6,https://www.letras.mus.br/luan-santana/coracao-cigano-part-luisa-sonza/,-1,0.642931120250656
144,CORAÇÃO CIGANO (part. Luísa Sonza),musica144,musica144_trecho6,"Do que você me dá, eu quero sempre mais Por uma hora ou duas noites, tanto faz Já leu minha mão, meu olhar, meu futuro Já sabe: Se manda mensagem, eu nem durmo Me leva pro céu, lá de cima me joga Esse amor cigano é um caminho sem volta",Luan Santana,2022,50,https://www.letras.mus.br/luan-santana/coracao-cigano-part-luisa-sonza/,-1,0.2511260286982806
144,CORAÇÃO CIGANO (part. Luísa Sonza),musica144,musica144_trecho9,"Coração cigano, cigano Segue me enganando, mudando De cheiro em cheiro, de beijo em beijo E aqui no meu olhar, aqui no meu olhar",Luan Santana,2022,24,https://www.letras.mus.br/luan-santana/coracao-cigano-part-luisa-sonza/,-1,0.6429311202506559
144,CORAÇÃO CIGANO (part. Luísa Sonza),musica144,musica144_trecho10,"Você não entra mais, chega Coração disse: Chega Mas por que meu Deus colocou numa só tanta beleza? E se eu chego à toa e vou tirando a roupa Se eu disser que não quero, ri, que essa piada é boa",Luan Santana,2022,41,https://www.letras.mus.br/luan-santana/coracao-cigano-part-luisa-sonza/,-1,0.18478918410304468
144,CORAÇÃO CIGANO (part. Luísa Sonza),musica144,musica144_trecho11,"Coração cigano, cigano Segue me enganando, mudando De cheiro em cheiro, de beijo em beijo E aqui no meu olhar morando, coração cigano",Luan Santana,2022,23,https://www.letras.mus.br/luan-santana/coracao-cigano-part-luisa-sonza/,-1,0.642931120250656
144,CORAÇÃO CIGANO (part. Luísa Sonza),musica144,musica144_trecho12,"Coração cigano, cigano Segue me enganando, mudando De cheiro em cheiro, de beijo em beijo E aqui no meu olhar, e aqui no meu olhar morando",Luan Santana,2022,26,https://www.letras.mus.br/luan-santana/coracao-cigano-part-luisa-sonza/,-1,0.642931120250656
1330,Coração Só Vê Você,musica1330,musica1330_trecho1,"Se esse amor não falasse tão alto assim Se você não estivesse tão presente em mim Eu te deixava, te deixava",João Bosco & Vinícius,2009,21,https://www.letras.mus.br/joao-bosco-viniciusacustico/1451388/,-1,0.14605291679649102
1330,Coração Só Vê Você,musica1330,musica1330_trecho4,"Fácil é dizer, difícil é conviver Sem você tudo é saudade, solidão Fácil é dizer, que é fácil te esquecer O difícil é convencer meu coração",João Bosco & Vinícius,2009,26,https://www.letras.mus.br/joao-bosco-viniciusacustico/1451388/,-1,0.08851412810867476
1330,Coração Só Vê Você,musica1330,musica1330_trecho8,"Fácil é dizer, difícil é conviver Sem você tudo é saudade, solidão Fácil é dizer que é fácil te esquecer O difícil é convencer meu coração",João Bosco & Vinícius,2009,26,https://www.letras.mus.br/joao-bosco-viniciusacustico/1451388/,-1,0.08851412810867487
886,Cowboy Chora (part. Luan Pereira),musica886,musica886_trecho4,"E é por essas que o cowboy chora, chora E é por essas que o cowboy chora, chora",Rionegro & Solimões,2025,18,https://www.letras.mus.br/rio-negro-e-solimoes/cowboy-chora-part-luan-pereira/,-1,0.07508939167550832
886,Cowboy Chora (part. Luan Pereira),musica886,musica886_trecho9,Soltei meu cavalo pro pasto Hoje vou tomar umas pra matar essa saudade Ela foi embora e é por isso que o cowboy chora,Rionegro & Solimões,2025,24,https://www.letras.mus.br/rio-negro-e-solimoes/cowboy-chora-part-luan-pereira/,-1,0.07508939167550865
512,Criança Pequena - Família,musica512,musica512_trecho1,"Sexta-feira, vinte e pouco Eu na fila de um cinema Pra quem era o filho da noite, o pai do problema Hoje pega leve porque tem criança pequena",Diego e Victor Hugo,2025,28,https://www.letras.mus.br/diego-victor-hugo/familia/,-1,0.07359832765133334
512,Criança Pequena - Família,musica512,musica512_trecho3,"E quando alguém me pergunta o que me motiva todos os dias Por quem eu iria pra guerra, por quem eu daria minha vida Não é o dinheiro, não é o sucesso, esquece a correria E a resposta seria A minha família",Diego e Victor Hugo,2025,42,https://www.letras.mus.br/diego-victor-hugo/familia/,-1,0.0719394229210184
512,Criança Pequena - Família,musica512,musica512_trecho8,Esquece a correria E a resposta seria A minha família,Diego e Victor Hugo,2025,10,https://www.letras.mus.br/diego-victor-hugo/familia/,-1,0.05126869081182106
848,Cronômetro,musica848,musica848_trecho3,"Nos primeiros duzentos A espuma sobe no meu copo E você vai saindo sem ressentimento Ó meus gole, ó seu tempo Nos segundos duzentos Vai entrar no carro enquanto cai no choro Vai caindo no meu esquecimento Ó meus gole, ó seu tempo escorrendo",Matheus & Kauan,2024,44,https://www.letras.mus.br/matheus-kauan/cronometro/,-1,0.11292166236214274
848,Cronômetro,musica848,musica848_trecho6,"E nos primeiros duzentos A espuma sobe no meu copo E você vai saindo sem ressentimento Ó meus gole, ó seu tempo Nos segundos duzentos Vai entrar no carro enquanto cai no choro Vai caindo no meu esquecimento Ó meus gole, ó seu tempo escorrendo",Matheus & Kauan,2024,45,https://www.letras.mus.br/matheus-kauan/cronometro/,-1,0.11292166236214285
27,Cuida Bem Dela,musica27,musica27_trecho3,"Cuida bem dela Você não vai conhecer alguém melhor que ela Promete pra mim O que você jurar pra ela, você vai cumprir Cuida bem dela Ela gosta que reparem no cabelo dela Foi por um triz Mas fui incapaz de ser o que ela sempre quis Faça ela feliz",Henrique & Juliano,2014,50,https://www.letras.mus.br/henrique-e-juliano/cuida-bem-dela/,-1,0.16340304114754423
27,Cuida Bem Dela,musica27,musica27_trecho6,"Cuida bem dela Você não vai conhecer alguém melhor que ela Promete pra mim O que você jurar pra ela, você vai cumprir Cuida bem dela Ela gosta que reparem no cabelo dela Foi por um triz Mas fui incapaz de ser o que ela sempre quis",Henrique & Juliano,2014,47,https://www.letras.mus.br/henrique-e-juliano/cuida-bem-dela/,-1,0.16340304114754411
27,Cuida Bem Dela,musica27,musica27_trecho7,"Cuida bem dela Você não vai conhecer alguém melhor que ela Promete pra mim O que você jurar pra ela, você vai cumprir Cuida bem dela Ela gosta que reparem no cabelo dela Foi por um triz Mas fui incapaz de ser o que ela sempre quis Faça ela feliz, uou",Henrique & Juliano,2014,51,https://www.letras.mus.br/henrique-e-juliano/cuida-bem-dela/,-1,0.163403041147544
1137,Cuidar Mais de Mim,musica1137,musica1137_trecho1,"Eu vim falar do que eu perdi Que eu já chorei, do que eu vivi Porque eu amei, me entreguei E quantas vezes eu sorri Eu vim contar pro seu coração Que eu já provei da desilusão De um amor",Paula Fernandes,2012,40,https://www.letras.mus.br/paula-fernandes/cuidar-mais-de-mim/,-1,0.047405125005995585
1137,Cuidar Mais de Mim,musica1137,musica1137_trecho2,"Eu vim falar que eu também sofri E quantas vezes me desesperei Foi grande a dor que eu senti E, desde então, eu me toquei Que sem amor, sem ilusão A minha vida é em vão Isso é morrer",Paula Fernandes,2012,39,https://www.letras.mus.br/paula-fernandes/cuidar-mais-de-mim/,-1,0.04740512500599592
1137,Cuidar Mais de Mim,musica1137,musica1137_trecho3,Eu sei que parte do que eu passei Foi culpa minha porque eu deixei Que outro alguém me dominasse assim Sei que preciso cuidar mais de mim,Paula Fernandes,2012,27,https://www.letras.mus.br/paula-fernandes/cuidar-mais-de-mim/,-1,0.19455759604924872
1137,Cuidar Mais de Mim,musica1137,musica1137_trecho4,"Tá complicado esquecer teu sorriso O sentimento, a paixão que ficou Serão pra sempre os mesmos encantos Mas, no momento, eu desejo outro amor",Paula Fernandes,2012,24,https://www.letras.mus.br/paula-fernandes/cuidar-mais-de-mim/,-1,0.046192454375867054
1137,Cuidar Mais de Mim,musica1137,musica1137_trecho5,"Eu vim falar que eu também sofri E muitas vezes me desesperei Foi grande a dor que eu senti E, desde então, eu me toquei Que sem amor, sem ilusão A minha vida é em vão Isso é morrer",Paula Fernandes,2012,39,https://www.letras.mus.br/paula-fernandes/cuidar-mais-de-mim/,-1,0.04740512500599536
1137,Cuidar Mais de Mim,musica1137,musica1137_trecho7,"Tá complicado esquecer teu sorriso O sentimento, a paixão que ficou Serão pra sempre os mesmos encantos Mas no momento eu desejo outro amor Tá complicado esquecer teu sorriso O sentimento, a paixão que ficou Serão pra sempre os mesmos encantos Mas, no momento, eu desejo outro amor",Paula Fernandes,2012,48,https://www.letras.mus.br/paula-fernandes/cuidar-mais-de-mim/,-1,0.046192454375867054
1137,Cuidar Mais de Mim,musica1137,musica1137_trecho8,"Tá complicado esquecer teu sorriso O sentimento, a paixão que ficou Serão pra sempre os mesmos encantos Mas, no momento, eu desejo outro amor Nesse momento eu desejo outro amor Nesse momento eu desejo outro amor",Paula Fernandes,2012,36,https://www.letras.mus.br/paula-fernandes/cuidar-mais-de-mim/,-1,0.04619245437586694
1585,Curtição,musica1585,musica1585_trecho1,"Chega fazendo de conta que não me conhece, não Sorri pra todo mundo me olha por um segundo Pra ver se tem minha atenção",João Bosco & Vinícius,2009,24,https://www.letras.mus.br/joao-bosco-viniciusacustico/1481906/,-1,0.16022715200345838
1585,Curtição,musica1585,musica1585_trecho2,Se falo contigo me ignora Não quer me dar razão E diz pra todo mundo que vive me dando fora Que sirvo só pra curtição,João Bosco & Vinícius,2009,25,https://www.letras.mus.br/joao-bosco-viniciusacustico/1481906/,-1,0.09615916117169165
1585,Curtição,musica1585,musica1585_trecho3,Me diz pra quê? Fazer tanto charminho Tá perdendo seu tempo Sem me dar carinho,João Bosco & Vinícius,2009,15,https://www.letras.mus.br/joao-bosco-viniciusacustico/1481906/,-1,0.07241193726799189
1585,Curtição,musica1585,musica1585_trecho4,Assuma de vez Que quer me amar Quem desdenha quer comprar,João Bosco & Vinícius,2009,11,https://www.letras.mus.br/joao-bosco-viniciusacustico/1481906/,-1,0.28876759069420044
1585,Curtição,musica1585,musica1585_trecho5,"Quero pedir, menina, não brinque comigo Não deixe demais meu coração de castigo Você sabe que tem toda minha atenção E que não sirvo só pra curtição",João Bosco & Vinícius,2009,27,https://www.letras.mus.br/joao-bosco-viniciusacustico/1481906/,-1,0.072411937267992
1585,Curtição,musica1585,musica1585_trecho9,"Quero pedir, menina não brinque comigo Não deixe demais meu coração de castigo Você sabe que tem toda minha atenção E que não sirvo só pra curtição",João Bosco & Vinícius,2009,27,https://www.letras.mus.br/joao-bosco-viniciusacustico/1481906/,-1,0.07241193726799178
970,Da Cor do Pecado,musica970,musica970_trecho4,"Ai, ai, joga seu charme e vai embora Ai, ai, ela me usa e me ignora Ai, ai, vivo implorando teu amor Ai, ai, eu sou só teu, vou contigo aonde for",Fernando e Sorocaba,2009,32,https://www.letras.mus.br/fernando-sorocaba/1439184/,-1,0.2730750694141817
32,De Quem É a Culpa?,musica32,musica32_trecho1,"Exagerado, sim Sou mais você que eu Sobrevivo de olhares E alguns abraços que me deu",Marília Mendonça,2017,16,https://www.letras.mus.br/marilia-mendonca/de-quem-e-a-culpa/,-1,0.15600057815492896
32,De Quem É a Culpa?,musica32,musica32_trecho2,"E o que vai ser de mim E o meu assunto que não muda? Minha cabeça não ajuda Loucura, tortura",Marília Mendonça,2017,20,https://www.letras.mus.br/marilia-mendonca/de-quem-e-a-culpa/,-1,0.07835710536664298
32,De Quem É a Culpa?,musica32,musica32_trecho3,"E que se dane a minha postura Se eu mudei, você não viu Eu só queria ter você por perto Mas você sumiu",Marília Mendonça,2017,23,https://www.letras.mus.br/marilia-mendonca/de-quem-e-a-culpa/,-1,0.0671168360368114
32,De Quem É a Culpa?,musica32,musica32_trecho4,"É tipo um vício que não tem mais cura E agora, de quem é a culpa? A culpa é sua por ter esse sorriso Ou a culpa é minha por me apaixonar por ele? Só isso",Marília Mendonça,2017,36,https://www.letras.mus.br/marilia-mendonca/de-quem-e-a-culpa/,-1,0.27956878725485645
32,De Quem É a Culpa?,musica32,musica32_trecho5,"Não finja que eu não tô falando com você Eu tô parado no meio da rua Eu tô entrando no meio dos carros Sem você, a vida não continua",Marília Mendonça,2017,29,https://www.letras.mus.br/marilia-mendonca/de-quem-e-a-culpa/,-1,0.19270687838157163
32,De Quem É a Culpa?,musica32,musica32_trecho6,"Não finja que eu não tô falando com você Ninguém entende o que eu tô passando Quem é você, que eu não conheço mais? Me apaixonei pelo que eu inventei de você",Marília Mendonça,2017,32,https://www.letras.mus.br/marilia-mendonca/de-quem-e-a-culpa/,-1,0.1409156140710386
32,De Quem É a Culpa?,musica32,musica32_trecho7,"Mas você sumiu É tipo um vício que não tem mais cura E agora, de quem é a culpa? A culpa é sua por ter esse sorriso Ou a culpa é minha por me apaixonar por ele? Só isso",Marília Mendonça,2017,39,https://www.letras.mus.br/marilia-mendonca/de-quem-e-a-culpa/,-1,0.2795687872548568
32,De Quem É a Culpa?,musica32,musica32_trecho10,"Iê-iê, iê-iê Me apaixonei pelo que eu inventei de você",Marília Mendonça,2017,10,https://www.letras.mus.br/marilia-mendonca/de-quem-e-a-culpa/,-1,0.10864914173833173
489,De Tanto Te Querer,musica489,musica489_trecho1,Larga tudo e vem correndo Vem matar minha vontade Já faz tempo que eu tô sofrendo Mereço um pouco de felicidade,Jorge & Mateus,2007,21,https://www.letras.mus.br/jorge-mateus/1068908/,-1,0.12303427676827627
489,De Tanto Te Querer,musica489,musica489_trecho2,Larga tudo e vem correndo Pra eu mergulhar no teu sorriso Me arranca desse inferno Me leva pro seu paraíso,Jorge & Mateus,2007,20,https://www.letras.mus.br/jorge-mateus/1068908/,-1,0.2527168253902652
489,De Tanto Te Querer,musica489,musica489_trecho4,Ficar sozinho não rola Mas amor não se implora Nem se joga fora O amor a gente conquista E não há quem desista Se o coração chora,Jorge & Mateus,2007,27,https://www.letras.mus.br/jorge-mateus/1068908/,-1,0.05846726669452973
768,De Trás Pra Frente,musica768,musica768_trecho1,"O problema dos erros é que às vezes eles beijam bem E olha eu aqui, hein? Errando de novo O problema dos erros é que às vezes eles fazem bem Como ninguém E a gente fica bobo",Henrique & Juliano,2017,37,https://www.letras.mus.br/henrique-e-juliano/de-tras-pra-frente/,-1,0.14566201939080325
768,De Trás Pra Frente,musica768,musica768_trecho2,"Bobo, já sabendo que não vai dar certo Mas é bem pior não ter você por perto E se eu for errando assim, vai que eu acerto Vou adiando o fim só pra viver nesse presente incerto",Henrique & Juliano,2017,37,https://www.letras.mus.br/henrique-e-juliano/de-tras-pra-frente/,-1,0.12854832798591065
768,De Trás Pra Frente,musica768,musica768_trecho3,"E se fosse ao contrário, do avesso ou de trás pra frente Esse amor começaria errado e terminaria bem E se fosse ao contrário, do avesso ou de trás pra frente Esse amor começaria errado e terminaria bem com a gente",Henrique & Juliano,2017,41,https://www.letras.mus.br/henrique-e-juliano/de-tras-pra-frente/,-1,0.19340496805520113
1057,De Volta Pra Macambira,musica1057,musica1057_trecho3,Menina dos olhos negros igual asas de anum Não queira se apaixonar por um vaqueiro comum Hoje mesmo eu vou embora Eu sei que você me adora Mas vou lhe deixar no sul,Amado Edílson,2019,33,https://www.letras.mus.br/amado-edilson/de-volta-pra-macambira/,-1,0.29887951468521745
1057,De Volta Pra Macambira,musica1057,musica1057_trecho5,Vou rever a parentada e os vaqueiros da minha terra Vou lá no saco do junco só pra ver aquela serra Vou passar lá na salgada Pra rever a minha amada Porque eu sei que ela me espera,Amado Edílson,2019,38,https://www.letras.mus.br/amado-edilson/de-volta-pra-macambira/,-1,0.23984204846789003
1057,De Volta Pra Macambira,musica1057,musica1057_trecho6,"Quero ficar para sempre no meu querido Piauí Berço da minha existência, torrão que eu nunca esqueci Vou voltar pra macambira Pra recuperar a vida E os valores que perdi",Amado Edílson,2019,30,https://www.letras.mus.br/amado-edilson/de-volta-pra-macambira/,-1,0.19415952087515043
1057,De Volta Pra Macambira,musica1057,musica1057_trecho7,Vou voltar pra macambira Pra recuperar a vida E os valores que perdi,Amado Edílson,2019,13,https://www.letras.mus.br/amado-edilson/de-volta-pra-macambira/,-1,0.14776780385470578
774,Decide Aí,musica774,musica774_trecho2,Já tá pronta a minha mala E não tô levando nada Nada que é seu Nada que me deu,Matheus & Kauan,2016,19,https://www.letras.mus.br/matheus-kauan/decide-ai/,-1,0.05126869081182106
774,Decide Aí,musica774,musica774_trecho3,"Eu não vou te esquecer Em questão de segundo Mas pra facilitar, pego minhas coisas E sumo, eu sumo",Matheus & Kauan,2016,19,https://www.letras.mus.br/matheus-kauan/decide-ai/,-1,0.05126869081182117
1317,Deixa a Gente Quieto (part. Henrique & Juliano),musica1317,musica1317_trecho2,"Quem falou Que dois corpos não ocupam O mesmo espaço, nunca viu Nem de perto o nosso abraço",João Bosco & Vinícius,2016,18,https://www.letras.mus.br/joao-bosco-viniciusacustico/deixa-a-gente-quieto/,-1,0.19863484786166996
1320,Deixa Ela Saber,musica1320,musica1320_trecho3,Eu sei que a gente começou errado Eu poderia até ter evitado Mas não funciona assim com o coração Eu poderia ter falado não,Henrique & Juliano,2015,24,https://www.letras.mus.br/henrique-e-juliano/deixa-ela-saber/,-1,0.6836009767645981
1320,Deixa Ela Saber,musica1320,musica1320_trecho4,O nosso pouco tempo é tão contado Não tem por que procurar um culpado Vamos com cuidado Se descobrirem ta tudo acabado Mas pensando bem,Henrique & Juliano,2015,25,https://www.letras.mus.br/henrique-e-juliano/deixa-ela-saber/,-1,0.059582242596109336
265,Deixa Eu,musica265,musica265_trecho2,"Ô queridona Te dói me ver seguindo a vida adiante Desculpa, cê deixou de ser interessante Por essa cê não esperava",Murilo Huff,2025,21,https://www.letras.mus.br/murilo-huff/deixa-eu/,-1,0.262025389632044
265,Deixa Eu,musica265,musica265_trecho3,Que a nossa terminada foi a terminada,Murilo Huff,2025,7,https://www.letras.mus.br/murilo-huff/deixa-eu/,-1,0.29015331043557946
1208,Deixa Falar,musica1208,musica1208_trecho10,"Vai, mais eu fico pop Tô solteiro, ligeiro, pegando as top",Fernando e Sorocaba,2013,11,https://www.letras.mus.br/fernando-sorocaba/deixa-falar-homens-e-anjos/,-1,0.1600336562835052
1561,Deixaria Tudo,musica1561,musica1561_trecho1,"Já tentei te convencer de tudo quanto é jeito Antes que o mundo desabasse todo de uma vez Fiquei perdido sem você, no meio de um deserto Me perguntando se ainda sobreviverei",João Bosco & Vinícius,2010,32,https://www.letras.mus.br/joao-bosco-viniciusacustico/1662573/,-1,0.29308890552559075
1561,Deixaria Tudo,musica1561,musica1561_trecho3,"Eu deixaria tudo se você ficasse Meus sonhos, meu passado, minha religião Depois de tudo, estás fugindo dos meus braços Deixando o silêncio dessa solidão Não sei mais o que eu faria Desejos, loucuras, todas fantasias Nada tenho a perder Diz pra mim O que mais você quer da minha vida?",João Bosco & Vinícius,2010,51,https://www.letras.mus.br/joao-bosco-viniciusacustico/1662573/,-1,0.07193942292101807
1561,Deixaria Tudo,musica1561,musica1561_trecho6,"Eu deixaria tudo se você ficasse Meus sonhos, meu passado, minha religião Depois de tudo, estás fugindo dos meus braços Deixando o silêncio dessa solidão Não sei mais o que eu faria Desejos, loucuras, todas fantasias Nada tenho a perder Diz pra mim O que mais você quer?",João Bosco & Vinícius,2010,48,https://www.letras.mus.br/joao-bosco-viniciusacustico/1662573/,-1,0.07193942292101829
1561,Deixaria Tudo,musica1561,musica1561_trecho7,"Por isso eu juro que Eu deixaria tudo se você ficasse Meus sonhos, meu passado, minha religião Depois de tudo, está fugindo dos meus braços Deixando o silêncio dessa solidão Não sei mais o que eu faria Desejos, loucuras, todas fantasias Nada tenho a perder Diz pra mim O que mais você quer da minha vida?",João Bosco & Vinícius,2010,56,https://www.letras.mus.br/joao-bosco-viniciusacustico/1662573/,-1,0.07193942292101818
544,DEJA VU (part. Ana Castela),musica544,musica544_trecho1,"Ana, deixa eu te falar uma coisa",Luan Santana,2023,7,https://www.letras.mus.br/luan-santana/deja-vu-part-ana-castela/,-1,0.12017256728188042
544,DEJA VU (part. Ana Castela),musica544,musica544_trecho2,"Você não precisa de nenhum livro de autoajuda Você só precisa de um cheiro meu na sua nuca Você não precisa de uma sessão de terapia, não Você só precisa de uma noite mal dormida",Luan Santana,2023,35,https://www.letras.mus.br/luan-santana/deja-vu-part-ana-castela/,-1,0.12997172188037698
544,DEJA VU (part. Ana Castela),musica544,musica544_trecho4,"Sou aquela saudade ruim que você quer sentir Sou a pessoa que odeia, mas quer bem aí Eu sou aquele nunca mais que cê quer repetir Que eu tenho a voz que te arrepia, mas não quer ouvir",Luan Santana,2023,38,https://www.letras.mus.br/luan-santana/deja-vu-part-ana-castela/,-1,0.12083839253152051
544,DEJA VU (part. Ana Castela),musica544,musica544_trecho5,"Sou aquela saudade ruim que você quer sentir Sou a pessoa que odeia, mas quer bem aí Eu sou aquele nunca mais que cê quer repetir Que eu tenho a voz que te arrepia, mas não quer ouvir Me desbloqueia aí Me desbloqueia aí",Luan Santana,2023,44,https://www.letras.mus.br/luan-santana/deja-vu-part-ana-castela/,-1,0.1208383925315204
544,DEJA VU (part. Ana Castela),musica544,musica544_trecho8,"Você que não soube me amar e perdeu Cê não tem coração e quer cuidar do meu E o pior é que meu corpo ainda quer grudar no seu Se eu te desbloqueio agora, aí o erro vai ser meu",Luan Santana,2023,40,https://www.letras.mus.br/luan-santana/deja-vu-part-ana-castela/,-1,0.11357117495967584
544,DEJA VU (part. Ana Castela),musica544,musica544_trecho10,"Que sou aquela saudade ruim que você quer sentir Sou a pessoa que odeia, mas quer bem aí Eu sou aquele nunca mais que cê quer repetir Que eu tenho a voz que te arrepia, mas não quer ouvir",Luan Santana,2023,39,https://www.letras.mus.br/luan-santana/deja-vu-part-ana-castela/,-1,0.12083839253152073
544,DEJA VU (part. Ana Castela),musica544,musica544_trecho11,"Sou aquela saudade ruim que você quer sentir (sou aquela saudade ruim) Sou a pessoa que odeia, mas quer bem aí Eu sou aquele nunca mais que cê quer repetir Que eu tenho a voz que te arrepia, mas não quer ouvir Me desbloqueia aí (entende) Me desbloqueia aí",Luan Santana,2023,49,https://www.letras.mus.br/luan-santana/deja-vu-part-ana-castela/,-1,0.12083839253152051
1378,Depende,musica1378,musica1378_trecho1,"Passou a unha no meu braço Me puxou pelo bolso que deixou rasgado Jeito de menina mimada Que é uma frescura pra sair de casa Tem corpo de adolescente Conversa de mulher que nunca foi carente Já sabe, vou perder o controle Quando eu estiver ai na sua frente Eu te falei, que dependia de você Que ia fazer de tudo para ir te ver Te prometi ôô E depois, se o amor acontecer Pode tornar um vicio, mas vai dar prazer Porque depende de mim e de você! ﻿",Israel Novaes,2012,90,https://www.letras.mus.br/israel-novaes/depende/,-1,0.23524297029001995
860,Dependente,musica860,musica860_trecho2,"Eu não sei andar sozinho Com minhas forças eu não consigo Eu preciso ser guiado por ti, preciso ser ajudado por ti Preciso ser alimentado por ti, senão eu não vou conseguir",Alisson Santos,2019,32,https://www.letras.mus.br/alisson-santos/dependente/,-1,0.19270687838157152
860,Dependente,musica860,musica860_trecho12,"E contemplando face a face todos nós cantaremos: Santo De dor, de angústia e de tristeza nunca mais Choraremos de novo",Alisson Santos,2019,21,https://www.letras.mus.br/alisson-santos/dependente/,-1,0.05061062620808465
940,Desatino,musica940,musica940_trecho3,Conversando com a solidão Pra encontrar um certo alguém Será que me convém Ou tudo acabe dando em nada,Daniel,2005,19,https://www.letras.mus.br/daniel/134999/,-1,0.2752894507188127
940,Desatino,musica940,musica940_trecho6,É que esse meu desatino É uma mulher envolvente Amor diferente Olhar de serpente É o doce veneno Que me satisfaz,Daniel,2005,21,https://www.letras.mus.br/daniel/134999/,-1,0.2743250914317351
571,Desbloqueado,musica571,musica571_trecho1,"É, não é que seu espelho anda diferente? Tá refletindo um sorriso muito mais atraente Notei que seu cabelo tem mais brilho e tá cheia de vida Seu olhar confirma que se sente muito mais bonita",Diego e Victor Hugo,2021,36,https://www.letras.mus.br/diego-victor-hugo/desbloqueado/,-1,0.28486788761538273
1190,Desce do Salto (part. Michel Teló),musica1190,musica1190_trecho1,"Desce do salto pra que ao menos eu possa te ver Com esse nariz empinado, é difícil chegar em você A sua cobertura é muito alta pra eu fazer serenata Na vida eu nasci pra ganhar, meu bem Então não me empaca",Marcos & Belutti,2011,42,https://www.letras.mus.br/marcos-belutti/1879251/,-1,0.07201815281407176
1190,Desce do Salto (part. Michel Teló),musica1190,musica1190_trecho2,"O mais engraçado é que eu sei, que quando eu pei Não vai desgrudar de mim Ficar de marrinha pra que? Se entrega de vez, que eu vou te fazer feliz Se eu te pegar, sei que vai me ligar, até de madrugada Vou colocar você no seu lugar, você tá ferrada",Marcos & Belutti,2011,52,https://www.letras.mus.br/marcos-belutti/1879251/,-1,0.0661960739735944
1190,Desce do Salto (part. Michel Teló),musica1190,musica1190_trecho4,"O mais engraçado é que eu sei que quando eu pei Não vai desgrudar de mim Ficar de marrinha pra que? Se entrega de vez, que eu vou te fazer feliz Se eu te pegar, sei que vai me ligar até de madrugada Vou colocar você no seu lugar, você tá ferrada",Marcos & Belutti,2011,52,https://www.letras.mus.br/marcos-belutti/1879251/,-1,0.06619607397359395
1584,Desculpas,musica1584,musica1584_trecho4,"Desculpas, papo furado Você não faz questão de ficar do meu lado Desculpas, enrolação Não tá dando a mínima pro meu coração",Luan Santana,2011,22,https://www.letras.mus.br/luan-santana/1854566/,-1,0.0820511091538153
1147,Deserto,musica1147,musica1147_trecho1,Vou construir um edifício No meio do seu deserto Pra ver se chego perto De ter sua atenção,Thaeme e Thiago,2013,18,https://www.letras.mus.br/thaeme-thiago/deserto/,-1,0.1762932675016331
1147,Deserto,musica1147,musica1147_trecho3,"Eu tô pintando a sua cara Em cada rosto, por esse universo Pra te fazer tá perto Em qualquer situação",Thaeme e Thiago,2013,20,https://www.letras.mus.br/thaeme-thiago/deserto/,-1,0.10864914173833184
1147,Deserto,musica1147,musica1147_trecho4,Eu tô te vendo em todo mundo Acho mesmo que eu tô ficando cega Pode me chamar de louca Mas isso me faz bem,Thaeme e Thiago,2013,24,https://www.letras.mus.br/thaeme-thiago/deserto/,-1,0.10450355611372508
1147,Deserto,musica1147,musica1147_trecho12,Eu irei até o fim Mesmo sem ter direção Porque prometi pra mim Meus pés vão tocar seu chão,Thaeme e Thiago,2013,19,https://www.letras.mus.br/thaeme-thiago/deserto/,-1,0.08054960477529571
1147,Deserto,musica1147,musica1147_trecho13,Vou construir um edifício No meio do seu deserto,Thaeme e Thiago,2013,9,https://www.letras.mus.br/thaeme-thiago/deserto/,-1,0.17629326750163277
710,Desliga,musica710,musica710_trecho3,"Desliga, por Deus, eu não quero Cair na cilada do meu coração Matar a vontade da pele, da boca Do gosto do amor, do fogo da paixão",Bruno & Marrone,2009,27,https://www.letras.mus.br/bruno-e-marrone/1460892/,-1,0.13757363964290148
710,Desliga,musica710,musica710_trecho6,"Desliga, por Deus, eu não quero Cair na cilada do meu coração Matar a vontade da pele, da boca Do gosto do amor do fogo da paixão",Bruno & Marrone,2009,27,https://www.letras.mus.br/bruno-e-marrone/1460892/,-1,0.1375736396429017
766,Desocupa (part. Cleber e Cauan),musica766,musica766_trecho1,"Tô sentindo o seu beijo diferente Tem coisas que a boca não fala, mas o corpo sente Deu saudade da sua saudade De quando era amor e não comodidade Cê quer terminar, só não toma coragem",Matheus Vargas,2025,36,https://www.letras.mus.br/matheus-vargas/desocupa-part-cleber-e-cauan/,-1,0.19863484786166963
766,Desocupa (part. Cleber e Cauan),musica766,musica766_trecho2,"Se meu coração não é mais seu lugar, desocupa É loucura deixar um solteiro preso Se lugar de solteiro é na rua, no mei da bagunça Pegando gente nua Ou você me solta ou me segura",Matheus Vargas,2025,36,https://www.letras.mus.br/matheus-vargas/desocupa-part-cleber-e-cauan/,-1,0.43279479774183727
431,Despedida de Casal,musica431,musica431_trecho1,"Mesa pra dois num restaurante chique Vinho chileno, na entrada um ceviche Toda cheirosa, fez até penteado Batom vermelho e vestido colado",Gustavo Mioto,2020,22,https://www.letras.mus.br/gustavo-mioto/despedida-de-casal/,-1,0.1664863185723663
431,Despedida de Casal,musica431,musica431_trecho3,Foi nosso jantar à luz de adeus Nossa despedida de casal Ela terminou sem derramar nenhuma lágrima E eu ainda não digeri esse final,Gustavo Mioto,2020,24,https://www.letras.mus.br/gustavo-mioto/despedida-de-casal/,-1,0.1941793023071251
917,Destino,musica917,musica917_trecho3,Que a gente estragou tudo Porque pensamos tanto em ser perfeitos E os perfeitos não sabem amar,Lucas Lucco,2014,17,https://www.letras.mus.br/lucas-lucco/o-destino/,-1,0.13720254801190412
917,Destino,musica917,musica917_trecho4,A gente estragou tudo Por apontarmos tanto os nossos erros Os erros vão sempre estar aqui,Lucas Lucco,2014,16,https://www.letras.mus.br/lucas-lucco/o-destino/,-1,0.13720254801190446
917,Destino,musica917,musica917_trecho11,Não foi amor E o que faltou? Foi o que então? Não me pergunte não,Lucas Lucco,2014,15,https://www.letras.mus.br/lucas-lucco/o-destino/,-1,0.19863484786166974
694,Detalhe Bobo,musica694,musica694_trecho2,Tem amor que não era pra ser Tipo eu e você,Simone Mendes,2025,11,https://www.letras.mus.br/simone-mendes/detalhe-bobo/,-1,0.10147526790634853
694,Detalhe Bobo,musica694,musica694_trecho6,Se eu te ver beijando ao vivo vai doer Evita me esquecer na minha frente Vai ser difícil ver a nossa história De amor com personagens diferentes,Simone Mendes,2025,27,https://www.letras.mus.br/simone-mendes/detalhe-bobo/,-1,0.04810992054230412
694,Detalhe Bobo,musica694,musica694_trecho9,Não era pra ser a gente,Simone Mendes,2025,6,https://www.letras.mus.br/simone-mendes/detalhe-bobo/,-1,0.0375355168860273
694,Detalhe Bobo,musica694,musica694_trecho16,Não era pra ser a gente Não era pra ser a gente Não era pra ser a gente,Simone Mendes,2025,18,https://www.letras.mus.br/simone-mendes/detalhe-bobo/,-1,0.03753551688602774
797,Deus Coloca O Chão (part. Deive Leonardo),musica797,musica797_trecho1,"Que graça teria se a vida sempre fosse do jeito que a gente quer? Que graça teria se a vida sempre fosse do jeito que a gente quer E não do jeito que Deus quer? Não teria graça, né? Por que que a gente ia ter fé?",Felipe Araújo,2025,47,https://www.letras.mus.br/felipe-araujo/deus-coloca-o-chao-part-deive-leonardo/,-1,0.10112855290820943
797,Deus Coloca O Chão (part. Deive Leonardo),musica797,musica797_trecho2,Já reparou que o Sol brilha bem mais depois de uma chuva? Repara de novo que o olho brilha mais depois do choro Todo não que você escutar É pra você tá preparado quando o sim chegar,Felipe Araújo,2025,37,https://www.letras.mus.br/felipe-araujo/deus-coloca-o-chao-part-deive-leonardo/,-1,0.2717715333956622
797,Deus Coloca O Chão (part. Deive Leonardo),musica797,musica797_trecho3,"Tudo, tudo que eu tenho hoje É bem mais que sonhei no início Deus nunca brinca em serviço Tudo, tudo que eu tenho hoje É bem mais que sonhei no início Deus nunca brinca em serviço",Felipe Araújo,2025,36,https://www.letras.mus.br/felipe-araujo/deus-coloca-o-chao-part-deive-leonardo/,-1,0.14602144784027704
797,Deus Coloca O Chão (part. Deive Leonardo),musica797,musica797_trecho13,"Tudo, tudo que eu tenho hoje É bem mais do que sonhei no início Deus nunca brinca em serviço Tudo, tudo que eu tenho hoje É bem mais que sonhei no início Deus nunca brinca em serviço",Felipe Araújo,2025,37,https://www.letras.mus.br/felipe-araujo/deus-coloca-o-chao-part-deive-leonardo/,-1,0.14602144784027715
1036,Deus É Caipira,musica1036,musica1036_trecho3,E Ele deve amar um cafezinho E gostar de um queijinho Derretido no pão E mesmo Ele sendo onipotente Deve amar ver a semente Brotando no chão,Eduardo Costa,2025,27,https://www.letras.mus.br/eduardo-costa/deus-e-caipira/,-1,0.04942517365822752
1036,Deus É Caipira,musica1036,musica1036_trecho7,Ele deve amar um cafezinho E gostar de um queijinho Derretido no pão E mesmo Ele sendo onipotente Deve amar ver a semente Brotando no chão,Eduardo Costa,2025,26,https://www.letras.mus.br/eduardo-costa/deus-e-caipira/,-1,0.049425173658227184
670,DEUS É MUITO BOM,musica670,musica670_trecho3,Você me trouxe um caminhão de coisas boas Foi minha sorte disfarçada de pessoa Por tantas noites que eu passei juntando as mãos Pedindo ao céu pra me mandar uma direção,Luan Santana,2023,31,https://www.letras.mus.br/luan-santana/deus-e-muito-bom/,-1,0.04498984439113163
528,"Dia, Lugar e Hora",musica528,musica528_trecho3,Eu não teria te encontrado Eu não teria me apaixonado Mas aconteceu Foi mais forte que eu e você,Luan Santana,2016,19,https://www.letras.mus.br/luan-santana/dia-lugar-e-hora/,-1,0.041214599837966714
362,Discurso,musica362,musica362_trecho2,Mas antes de cortar o bolo Preciso explicar pra esse povo O motivo da água no olho,Henrique & Juliano,2025,17,https://www.letras.mus.br/henrique-e-juliano/discurso/,-1,0.049252541445478526
362,Discurso,musica362,musica362_trecho4,"Quando eu soprar essa vela Eu vou fazer um pedido Se tiver outras vidas, que em todas elas, essas pessoas estejam comigo Saúde pra mim e pros meus Que eu viva o máximo possível Obrigado por ter me dado exatamente tudo que eu preciso",Henrique & Juliano,2025,44,https://www.letras.mus.br/henrique-e-juliano/discurso/,-1,0.1460214478402776
362,Discurso,musica362,musica362_trecho6,O pedido vai ser em silêncio Mas quem nos protege tá ouvindo,Henrique & Juliano,2025,12,https://www.letras.mus.br/henrique-e-juliano/discurso/,-1,0.173677510717559
147,Diz Pra Mim (Just Give Me a Reason),musica147,musica147_trecho1,Desde o início você esteve tão presente E eu só te evitando Estou do outro lado as coisas mudam com o tempo E hoje não vivo sem você,Gusttavo Lima,2014,28,https://www.letras.mus.br/gusttavo-lima/diz-pra-mim/,-1,0.29161854535691756
147,Diz Pra Mim (Just Give Me a Reason),musica147,musica147_trecho2,E agora você diz pra mim Que já não é bem assim Já está tão perto o fim do nosso amor Nosso amor,Gusttavo Lima,2014,23,https://www.letras.mus.br/gusttavo-lima/diz-pra-mim/,-1,0.06389617125699609
147,Diz Pra Mim (Just Give Me a Reason),musica147,musica147_trecho4,"Desculpe, mas eu não entendo A gente se perdeu no tempo E eu fiquei tão perdido Confesso que às vezes penso na gente E em um recomeço Melhor e bem diferente",Gusttavo Lima,2014,31,https://www.letras.mus.br/gusttavo-lima/diz-pra-mim/,-1,0.1708486916257561
147,Diz Pra Mim (Just Give Me a Reason),musica147,musica147_trecho5,"Mas tem que partir de você Amor, fazer por merecer Porque não se conserta assim O nosso amor, nosso amor Nosso amor, amor",Gusttavo Lima,2014,23,https://www.letras.mus.br/gusttavo-lima/diz-pra-mim/,-1,0.12174374545746391
147,Diz Pra Mim (Just Give Me a Reason),musica147,musica147_trecho7,"Não posso aceitar, não é nosso fim Está escrito nas estrelas você nasceu pra mim Depende de nós tudo mudar Eu quero e sei que você também (Diz pra mim)",Gusttavo Lima,2014,30,https://www.letras.mus.br/gusttavo-lima/diz-pra-mim/,-1,0.06039452079332197
705,Do Brasil À Argentina,musica705,musica705_trecho1,Já comprei o passaporte dos meus sonhos No primeiro avião eu voo pra buscar meu amor E ela mora na província de Santa Fé E em Rosário me espera e se Deus quiser Hoje mesmo eu vou pra Argentina,Jorge & Mateus,2007,39,https://www.letras.mus.br/jorge-mateus/985047/,-1,0.5379490881340014
705,Do Brasil À Argentina,musica705,musica705_trecho2,Ya no puedo más vivir Quedarme un dia sin sintir tu calor Te besar me puedo loco De envolverte en sus besos deliciosos,Jorge & Mateus,2007,23,https://www.letras.mus.br/jorge-mateus/985047/,-1,0.20590584202111628
705,Do Brasil À Argentina,musica705,musica705_trecho4,E ela mora na província de Santa Fé E em Rosário me espera e se Deus quiser Hoje mesmo eu vou pra Argentina,Jorge & Mateus,2007,23,https://www.letras.mus.br/jorge-mateus/985047/,-1,0.5379490881340016
641,Dois Enganados (part. Marília Mendonça),musica641,musica641_trecho3,Dois enganados Dando uma chance pro amor Eu quero voltar no passado Ela sonha em ter de volta o que passou,Murilo Huff,2021,21,https://www.letras.mus.br/murilo-huff/dois-enganados-part-marilia-mendonca/,-1,0.3127983844177922
641,Dois Enganados (part. Marília Mendonça),musica641,musica641_trecho4,E na hora da cama O corpo não aceita A pele não esquenta Nem beijar a gente beija,Murilo Huff,2021,18,https://www.letras.mus.br/murilo-huff/dois-enganados-part-marilia-mendonca/,-1,0.24738223377580149
641,Dois Enganados (part. Marília Mendonça),musica641,musica641_trecho5,"Respiro, fecho os olhos E já que eu não esqueço Lembro de quem eu amo E só assim eu compareço",Murilo Huff,2021,20,https://www.letras.mus.br/murilo-huff/dois-enganados-part-marilia-mendonca/,-1,0.03210488972009151
418,Dois Fugitivos,musica418,musica418_trecho4,Mas cansei É o fim de nós dois Depois de um ano e pouco,Simone Mendes,2023,14,https://www.letras.mus.br/simone-mendes/dois-fugitivos/,-1,0.29015331043557924
26,Dois Tristes,musica26,musica26_trecho2,"Ontem saímos de novo, e você emburrada, com a cara fechada Tinha um casal do lado, curtindo de boa Quando eu pedi alguém pra Deus Eu queria esse tipo de pessoa",Simone Mendes,2024,31,https://www.letras.mus.br/simone-mendes/dois-tristes/,-1,0.13504439830389037
26,Dois Tristes,musica26,musica26_trecho3,Nós somos dois tristes Que nunca serão felizes,Simone Mendes,2024,8,https://www.letras.mus.br/simone-mendes/dois-tristes/,-1,0.048577201258824254
26,Dois Tristes,musica26,musica26_trecho6,Pra mim já deu Cansei de ver todo mundo feliz menos eu,Simone Mendes,2024,12,https://www.letras.mus.br/simone-mendes/dois-tristes/,-1,0.29015331043557946
46,Domingo de Manhã,musica46,musica46_trecho3,"Poderia estar agora no espaço Em um módulo lunar, oh, que chato E se eu tivesse agora velejando Num barquinho no Caribe, Deus me livre Poderia estar agora num hotel mil estrelas em Dubai",Marcos & Belutti,2014,34,https://www.letras.mus.br/marcos-belutti/domingo-de-manha/,-1,0.23984204846789015
366,DONA,musica366,musica366_trecho1,"Tem segunda intenção nesse: Não, não para, não No selinho no fim do beijo que você insiste em me dar Isso é coisa de quem quer amar Cê me conheceu depois que deixei de ser dois e voltei a ser só um Você não tem culpa, isso é um erro comum",Luan Santana,2025,51,https://www.letras.mus.br/luan-santana/dona/,-1,0.19863484786166996
366,DONA,musica366,musica366_trecho2,"Eu tava ali pra esquecer alguém Cê tava ali pra encontrar alguém E encontrou, só que tem um porém",Luan Santana,2025,19,https://www.letras.mus.br/luan-santana/dona/,-1,0.14656391816023684
366,DONA,musica366,musica366_trecho5,"Cê me conheceu depois que deixei de ser dois e voltei a ser só um Você não tem culpa, isso é um erro comum",Luan Santana,2025,24,https://www.letras.mus.br/luan-santana/dona/,-1,0.09698307030089748
744,Dona Maria (part. Jorge),musica744,musica744_trecho2,Faz três dias que eu não durmo direito Sua filha me deixou desse jeito E o que ela mais fala é que a senhora é brava Mas hoje eu não vou aceitar levar um não pra casa,Thiago Brava,2017,37,https://www.letras.mus.br/thiago-brava/um-violao-e-uma-catuaba/,-1,0.1617510311849819
744,Dona Maria (part. Jorge),musica744,musica744_trecho3,Dona Maria Deixa eu namorar a sua filha Vai me desculpando a ousadia Essa menina é um desenho no céu,Thiago Brava,2017,20,https://www.letras.mus.br/thiago-brava/um-violao-e-uma-catuaba/,-1,0.1797379182395331
744,Dona Maria (part. Jorge),musica744,musica744_trecho4,Dona Maria Deixa eu namorar a sua filha Vai me desculpando a ousadia Essa menina é um desenho no céu Que Deus pintou e jogou fora o pincel,Thiago Brava,2017,28,https://www.letras.mus.br/thiago-brava/um-violao-e-uma-catuaba/,-1,0.1797379182395329
744,Dona Maria (part. Jorge),musica744,musica744_trecho8,Dona Maria Deixa eu namorar a sua filha Vai me desculpando a ousadia Essa menina é um presente no céu Que Deus pintou e jogou fora o pincel,Thiago Brava,2017,28,https://www.letras.mus.br/thiago-brava/um-violao-e-uma-catuaba/,-1,0.179737918239533
916,Dou a Vida Por Um Beijo,musica916,musica916_trecho1,Difícil demais Te amar assim Minha timidez Tem que ter um fim Preciso perder O medo de falar Pra não te perder Vou me declarar,Zezé Di Camargo,2022,25,https://www.letras.mus.br/zeze-di-camargo/dou-a-vida-por-um-beijo/,-1,0.26786037348348735
916,Dou a Vida Por Um Beijo,musica916,musica916_trecho13,Dou a vida por um beijo Quero ter você pra mim Dou a vida por um beijo Quero ter você pra mim,Zezé Di Camargo,2022,22,https://www.letras.mus.br/zeze-di-camargo/dou-a-vida-por-um-beijo/,-1,0.19349762129938364
843,Duas Cicatrizes,musica843,musica843_trecho1,A gente não se conhece Mas sabe do passado um do outro Se a gente se pegar agora Pode machucar o dobro,Simone Mendes,2025,22,https://www.letras.mus.br/simone-mendes/duas-cicatrizes/,-1,0.16415720745341833
843,Duas Cicatrizes,musica843,musica843_trecho2,Você ainda não tá bem E eu também não tô Igualmente desvalorizados por pessoas que um dia chamamos de amor,Simone Mendes,2025,20,https://www.letras.mus.br/simone-mendes/duas-cicatrizes/,-1,0.048577201258824254
843,Duas Cicatrizes,musica843,musica843_trecho4,"Melhor você chamar o Uber E dormir na sua casa Vai que cê dorme na minha e acorda com uma saudade a mais do que cê tava Eu também não tô cem por cento Tô colando as quebrada de cara Nós somos dois disponíveis, mas com cicatrizes não cicatrizadas O medo que eu tô de outros traumas",Simone Mendes,2025,57,https://www.letras.mus.br/simone-mendes/duas-cicatrizes/,-1,0.04357840979943872
843,Duas Cicatrizes,musica843,musica843_trecho5,"Nós somos dois disponíveis, mas com cicatrizes não cicatrizadas",Simone Mendes,2025,9,https://www.letras.mus.br/simone-mendes/duas-cicatrizes/,-1,0.048577201258824365
843,Duas Cicatrizes,musica843,musica843_trecho8,"Melhor você chamar o Uber E dormir na sua casa E vai que cê dorme na minha e acorda com uma saudade a mais do que cê tava Eu também não tô cem por cento Tô colando as quebrada de cara Nós somos dois disponíveis, mas com cicatrizes não cicatrizadas O medo que eu tô de outros traumas",Simone Mendes,2025,58,https://www.letras.mus.br/simone-mendes/duas-cicatrizes/,-1,0.043578409799438944
140,Duas Metades,musica140,musica140_trecho1,Pra falar do amor de verdade Vou começar pela melhor metade Te mostrar tudo de bom que tenho E se for preciso eu desenho Que eu amo você Que eu quero você,Jorge & Mateus,2012,32,https://www.letras.mus.br/jorge-mateus/duas-metades/,-1,0.5410650811900202
140,Duas Metades,musica140,musica140_trecho7,E pra falar do amor de verdade Vou começar pela melhor metade E te mostrar tudo de bom que tenho E se for preciso eu desenho Que eu amo você Que eu quero você,Jorge & Mateus,2012,34,https://www.letras.mus.br/jorge-mateus/duas-metades/,-1,0.5410650811900206
140,Duas Metades,musica140,musica140_trecho13,E pra falar do amor de verdade Vou começar pela melhor metade,Jorge & Mateus,2012,12,https://www.letras.mus.br/jorge-mateus/duas-metades/,-1,0.5410650811900204
1363,Duas Vidas,musica1363,musica1363_trecho1,Só pelo fato de te amar Me sinto uma pessoa melhor Na certeza que você existe Na tua ausência não me sinto só,Henrique & Juliano,2013,23,https://www.letras.mus.br/henrique-e-juliano/duas-vidas/,-1,0.285177737823504
1363,Duas Vidas,musica1363,musica1363_trecho4,Faço mais de mil perguntas E às vezes até acredito Que as nossas duas vidas já viveram juntas,Henrique & Juliano,2013,18,https://www.letras.mus.br/henrique-e-juliano/duas-vidas/,-1,0.029761573577324008
1363,Duas Vidas,musica1363,musica1363_trecho7,Faço um monte de perguntas E às vezes até acredito Que as nossas duas vidas já viveram juntas,Henrique & Juliano,2013,18,https://www.letras.mus.br/henrique-e-juliano/duas-vidas/,-1,0.02976157357732445
1551,Dupla Solidão,musica1551,musica1551_trecho2,Quis me conhecer Mas eu me perdi Nada entendi Foi tudo em vão,Marcos & Belutti,2011,13,https://www.letras.mus.br/marcos-belutti/1851901/,-1,0.19886098222042203
1551,Dupla Solidão,musica1551,musica1551_trecho6,Seu corpo eu senti Mas não tem emoção Eu e você aqui É dupla solidão,Marcos & Belutti,2011,15,https://www.letras.mus.br/marcos-belutti/1851901/,-1,0.18233570928618015
1504,Duvido Você Não Tomar Uma,musica1504,musica1504_trecho2,"Mas é muita tentação O Whatsapp tá chamando Farras, festas e baladas Pra curar desilusão Ou por uma boa causa Toda jura feita será perdoada",Simone & Simaria,2016,25,https://www.letras.mus.br/simone-simaria-as-coleguinhas/duvido-voce-nao-tomar-uma/,-1,0.125703220423092
1504,Duvido Você Não Tomar Uma,musica1504,musica1504_trecho5,Eu duvido você não tomar uma,Simone & Simaria,2016,6,https://www.letras.mus.br/simone-simaria-as-coleguinhas/duvido-voce-nao-tomar-uma/,-1,0.05354484320322861
1384,E Aí Tempo,musica1384,musica1384_trecho3,"Como planejado, o tempo passou Como já esperado, você não voltou E o tempo que antes era meu amigo Agora já não joga ao meu favor",Chitãozinho & Xororó,2013,26,https://www.letras.mus.br/chitaozinho-e-xororo/e-ai-tempo/,-1,0.034014740338208393
1384,E Aí Tempo,musica1384,musica1384_trecho4,"E aí, tempo? Não era você que ficou de resolver? Não foi você que prometeu que ia curar? Que iria me ajudar a esquecer?",Chitãozinho & Xororó,2013,24,https://www.letras.mus.br/chitaozinho-e-xororo/e-ai-tempo/,-1,0.024018695104966903
1384,E Aí Tempo,musica1384,musica1384_trecho5,"E aí, tempo? De tudo que me prometeu Nada cumpriu Me prometeu o Sol Mas só trouxe mais frio Ah, seu pudesse voltar no tempo",Chitãozinho & Xororó,2013,25,https://www.letras.mus.br/chitaozinho-e-xororo/e-ai-tempo/,-1,0.1230342767682765
1089,E Daí?,musica1089,musica1089_trecho1,E daí se eu quiser farrear Tomar todas num bar Sair pra namorar O que é que tem? Foi você quem falou Que a paixão acabou Que eu me lembre Eu não sou de ninguém,Guilherme & Santiago,2010,35,https://www.letras.mus.br/guilherme-e-santiago/1587074/,-1,0.027330021791035608
1089,E Daí?,musica1089,musica1089_trecho5,Se eu quiser farrear Tomar todas num bar Sair pra namorar O que é que tem? Foi você quem falou Que a paixão acabou Que eu me lembre Eu não sou de ninguém,Guilherme & Santiago,2010,33,https://www.letras.mus.br/guilherme-e-santiago/1587074/,-1,0.027330021791035053
1132,É Fato,musica1132,musica1132_trecho3,É tão difícil dar adeus a um sentimento Que não desencana Quero curtir a vida mas sempre depois de uma balada O coração te chama,Cristiano Araújo,2011,25,https://www.letras.mus.br/cristiano-araujo/1847634/,-1,0.0321048897200914
1257,É Pra Cabá,musica1257,musica1257_trecho4,Essa paixão é quente Parece até Cuiabá Tô faceiro igual criança Que tá conhecendo o mar Tô feliz demais da conta Agora o peito desconta as dores que já sofreu É fogo na gasolina O amor dessa menina em mim bateu e valeu,João Carreiro & Capataz,2010,43,https://www.letras.mus.br/joao-carreiro-capataz/1690716/,-1,0.049033316855331965
633,Efeitos (part. Jorge),musica633,musica633_trecho3,"Preciso de um remédio que cure essa saudade Que diminua a dor que no meu peito invade Que me cure ou me ajude a esquecer Preciso de um antídoto que salve esse amor Que tire os sintomas que me causam dor Eu não sei mais o que vou fazer Se, pra curar, o meu remédio é você",Cristiano Araújo,2011,57,https://www.letras.mus.br/cristiano-araujo/1842103/,-1,0.13697934715941396
1299,Eh Tudo Toiss,musica1299,musica1299_trecho3,Se embolar na cama Fazer amor de madrugada Desliga o celular Pra não tocar na hora errada,Henrique & Diego,2013,17,https://www.letras.mus.br/henrique-diego/e-tudo-tois/,-1,0.25335060186984293
1263,"Ei, Psiu! Beijo Me Liga (part. João Bosco e Vinícius)",musica1263,musica1263_trecho2,"Agora você vem me procurar Eu sei, cê tá querendo é já Me esnobou e mudou de ideia Me deixou olhando pra plateia",Michel Teló,2010,23,https://www.letras.mus.br/michel-telo/1504900/,-1,0.11357117495967561
1263,"Ei, Psiu! Beijo Me Liga (part. João Bosco e Vinícius)",musica1263,musica1263_trecho3,"Ei, psiu! Beijo, me liga Eu tô curtindo a noite Te encontro na saída",Michel Teló,2010,14,https://www.letras.mus.br/michel-telo/1504900/,-1,0.05445905536603746
900,Ela e Ela,musica900,musica900_trecho1,Nessa casa têm Duas pessoas enganadas Uma que não sabe de nada E a que sabe tudo Escondendo lágrimas,Zé Neto e Cristiano,2023,19,https://www.letras.mus.br/ze-neto-cristiano/ela-e-ela/,-1,0.14362401649785672
900,Ela e Ela,musica900,musica900_trecho2,E choro na dispensa No chuveiro quente Num filme de romance Disfarçadamente Mas não na frente de quem não traiu ninguém,Zé Neto e Cristiano,2023,21,https://www.letras.mus.br/ze-neto-cristiano/ela-e-ela/,-1,0.024018695104967347
900,Ela e Ela,musica900,musica900_trecho3,"Como eu vou falar pro meu amor Que eu tô sofrendo por amor E que esse amor não é o dela? E se ela descobrir, eu perco ela e ela Se ela descobrir, eu perco ela e ela",Zé Neto e Cristiano,2023,38,https://www.letras.mus.br/ze-neto-cristiano/ela-e-ela/,-1,0.13406826350520096
434,Ele Quer Ser Eu,musica434,musica434_trecho1,"Você vive me procurando nele E hoje está com ele Sua cabeça está em outro lugar Até o seu sorriso é de mentira Olha que ironia, você tá querendo me comparar Quer ensinar pra ele o que aprendeu comigo O gosto pela roupa, a cor do vestido Duvido que ele foi além do que a gente foi Eu fico imaginando vocês dois, mas eu duvido Duvido que ele te amou mais do que eu te amei",Henrique & Juliano,2015,76,https://www.letras.mus.br/henrique-e-juliano/ele-quer-ser-eu/,-1,0.40718511868052887
434,Ele Quer Ser Eu,musica434,musica434_trecho2,Ele também usa preto Tem os meus defeitos Gosta de cabelo cacheado Sei que ele quer ser eu Ele é quase eu Mas não é ele quem você quer ter do lado,Henrique & Juliano,2015,32,https://www.letras.mus.br/henrique-e-juliano/ele-quer-ser-eu/,-1,0.14244279117869152
434,Ele Quer Ser Eu,musica434,musica434_trecho3,Ele também usa preto Tem os meus defeitos Gosta de cabelo cacheado Ele nunca vai ser eu Não deixa ele saber Que ainda ama o seu passado,Henrique & Juliano,2015,27,https://www.letras.mus.br/henrique-e-juliano/ele-quer-ser-eu/,-1,0.14244279117869185
935,Elevador,musica935,musica935_trecho3,"O prédio inteiro sabe que a gente acabou Não foi só eu, até o porteiro chorou E de você o que sobrou Só a saudade Seu cheiro no elevador",Hugo & Guilherme,2023,29,https://www.letras.mus.br/hugo-guilherme/elevador/,-1,0.18781141449860206
1181,Enamorado,musica1181,musica1181_trecho1,"Já não sei se é amor O que eu sinto no meu coração Eu só sei que esse amor Me envolve, eu não sei dizer não",Eduardo Costa,2013,26,https://www.letras.mus.br/eduardo-costa/enamorado/,-1,0.02964564576466222
1181,Enamorado,musica1181,musica1181_trecho3,"Chega perto, minha cabeça gira Sua voz é uma poesia Um beijo pra fazer meu mundo parar E te amar",Eduardo Costa,2013,20,https://www.letras.mus.br/eduardo-costa/enamorado/,-1,0.07998398599637835
310,Enquanto o Sol Brilhar (Amor Sem Fim),musica310,musica310_trecho1,"Uma estrela ainda brilha em nosso olhar Nosso beijo ainda quer se encontrar Esse amor de corpo, alma e coração Passam os anos, e eu te amo cada vez mais",Matogrosso & Mathias,2025,30,https://www.letras.mus.br/matogrosso-e-mathias/112666/,-1,0.1948900085938292
310,Enquanto o Sol Brilhar (Amor Sem Fim),musica310,musica310_trecho4,"Nosso amor Pra sempre vai durar, eu sei, está escrito assim Quando Deus nos colocou num só caminho Já sabia que seria amor sem fim",Matogrosso & Mathias,2025,25,https://www.letras.mus.br/matogrosso-e-mathias/112666/,-1,0.2264370641758775
310,Enquanto o Sol Brilhar (Amor Sem Fim),musica310,musica310_trecho8,Já sabia que seria amor sem fim Já sabia que seria amor Sem fim,Matogrosso & Mathias,2025,14,https://www.letras.mus.br/matogrosso-e-mathias/112666/,-1,0.15867211824222183
883,Então Valeu,musica883,musica883_trecho1,"Te dei o meu amor, você não quis cuidar Eu senti o sabor da lágrima rolar Agora senta aqui, você vai escutar Tudo que me fez sofrer, tudo que me fez passar",Jorge & Mateus,2022,32,https://www.letras.mus.br/jorge-mateus/entao-valeu/,-1,0.12339074496250046
883,Então Valeu,musica883,musica883_trecho2,"Ao encontrar você eu me perdi de mim O que é que eu fui querer? Por que te amei assim? Sem alma e coração, você é tão ruim E agora que eu tô bem, cê quer voltar pra mim",Jorge & Mateus,2022,39,https://www.letras.mus.br/jorge-mateus/entao-valeu/,-1,0.25214580373071616
883,Então Valeu,musica883,musica883_trecho3,"Então valeu te ver assim, pedindo pra voltar Valeu demais te ver no meu lugar Valeu te ver sofrer o que sofri, chorar o que chorei",Jorge & Mateus,2022,26,https://www.letras.mus.br/jorge-mateus/entao-valeu/,-1,0.04768271014426839
883,Então Valeu,musica883,musica883_trecho9,"Então valeu (te ver assim), pedindo pra voltar Valeu demais te ver no meu lugar Valeu te ver sofrer o que sofri, chorar o que chorei",Jorge & Mateus,2022,26,https://www.letras.mus.br/jorge-mateus/entao-valeu/,-1,0.04768271014426828
1553,Entre Quatro Paredes,musica1553,musica1553_trecho1,"Sabe, nosso problema é igualdade Já estamos conscientes Que por mais que a gente tente Não dá certo, mas quem sabe o certo é assim",Marília Mendonça,2015,25,https://www.letras.mus.br/marilia-mendonca/entre-quatro-paredes/,-1,0.13720254801190424
1553,Entre Quatro Paredes,musica1553,musica1553_trecho2,Lembra de como tudo era perfeito Mas assim é todo começo A gente esconde os defeitos Até se conhecer melhor,Marília Mendonça,2015,20,https://www.letras.mus.br/marilia-mendonca/entre-quatro-paredes/,-1,0.13720254801190457
785,Entregador de Flor,musica785,musica785_trecho3,Pra não dar tempo dela me esquecer Toda semana eu mando um buquê,Diego e Victor Hugo,2019,13,https://www.letras.mus.br/diego-victor-hugo/entregador-de-flor/,-1,0.18411280385287176
139,Equivocada (part. Gusttavo Lima),musica139,musica139_trecho1,"Eu Dentro do meu carro, indo pro trabalho Dando play no áudio que ela me mandou na madrugada Quando ela tava bêba e desbocada Sem filtro nenhum na suas palavras Fechei o vidro e enxuguei as lágrimas",Traia Véia,2025,37,https://www.letras.mus.br/traia-veia/equivocada-part-gusttavo-lima/,-1,0.08257084015806604
9,Erro Gostoso,musica9,musica9_trecho1,"Calma, deixa eu respirar um pouco Nós somos dois loucos Olha a gente nessa cama de novo",Simone Mendes,2023,17,https://www.letras.mus.br/simone-mendes/erro-gostoso/,-1,0.1474814716599675
9,Erro Gostoso,musica9,musica9_trecho3,"Ah, e agora como eu fico nessa casa? Com sorriso ou choro no rosto? Cê vem aqui, me acostuma errado Cola meus pedaços pra quebrar de novo Eu preciso aprender a falar não um pouco Pra esse erro gostoso",Simone Mendes,2023,39,https://www.letras.mus.br/simone-mendes/erro-gostoso/,-1,0.049252541445478304
601,Erro Planejado (part. Henrique e Juliano),musica601,musica601_trecho3,"A culpa é sempre de uma briga, de umas pinga De uma amiga que te arrasta pra rua Mas as perna é sua Você é sempre inocente, mente que nem sente E sempre erra como nunca, uô",Luan Santana,2022,37,https://www.letras.mus.br/luan-santana/erro-planejado/,-1,0.6432413836199748
601,Erro Planejado (part. Henrique e Juliano),musica601,musica601_trecho4,"A culpa é sempre de uma briga, de umas pinga De uma amiga que te arrasta pra rua Mas as perna é sua Você é sempre inocente, mente que nem sente Sempre erra como nunca",Luan Santana,2022,35,https://www.letras.mus.br/luan-santana/erro-planejado/,-1,0.6432413836199747
453,Escolhas,musica453,musica453_trecho3,De tombo em tombo Porrada em porrada Depois de umas bocas erradas Tem beijo que é divisão de mágoas,Zé Neto e Cristiano,2023,19,https://www.letras.mus.br/ze-neto-cristiano/escolhas/,-1,0.14566201939080325
453,Escolhas,musica453,musica453_trecho5,Eu escolhi te amar E pra sempre ter você Escolho nunca te fazer chorar E nunca te perder,Zé Neto e Cristiano,2023,18,https://www.letras.mus.br/ze-neto-cristiano/escolhas/,-1,0.031249039343591578
453,Escolhas,musica453,musica453_trecho7,"Se hoje eu tô de terno preto E você, de noiva É por causa das nossas escolhas",Zé Neto e Cristiano,2023,17,https://www.letras.mus.br/ze-neto-cristiano/escolhas/,-1,0.129012250810137
453,Escolhas,musica453,musica453_trecho12,"Se hoje eu tô de terno preto E você, de noiva É por causa das nossas escolhas Das nossas escolhas",Zé Neto e Cristiano,2023,20,https://www.letras.mus.br/ze-neto-cristiano/escolhas/,-1,0.12901225081013756
378,Escondendo o Ouro,musica378,musica378_trecho1,"Eu já peguei, gostei, fiquei Larguei, nem sei Em quantas bocas eu errei Mas tem uma que eu acertei",Zé Neto e Cristiano,2025,19,https://www.letras.mus.br/ze-neto-cristiano/escondendo-o-ouro/,-1,0.2888548352781334
378,Escondendo o Ouro,musica378,musica378_trecho2,Eu acertei na sua E que ela seja a última Porque se for Você é a primeira que vai ser pra sempre Meu amor,Zé Neto e Cristiano,2025,24,https://www.letras.mus.br/ze-neto-cristiano/escondendo-o-ouro/,-1,0.10599770505460082
378,Escondendo o Ouro,musica378,musica378_trecho3,"Eu já tive paixões jurando que eram amores Eu já mandei errado alguns buquês de flores Deus tava me preparando esse tempo todo Te deixou pro final, tava escondendo o ouro Eu já tive paixões jurando que eram amores Eu já mandei errado alguns buquês de flores Deus tava me preparando esse tempo todo Te deixou pro final, tava escondendo o ouro Te deixou pro final, tava escondendo o ouro",Zé Neto e Cristiano,2025,70,https://www.letras.mus.br/ze-neto-cristiano/escondendo-o-ouro/,-1,0.14572166400232955
378,Escondendo o Ouro,musica378,musica378_trecho5,"Eu já tive paixões jurando que eram amores Eu já mandei errado alguns buquês de flores Deus tava me preparando esse tempo todo Te deixou pro final, tava escondendo o ouro Eu já tive paixões jurando que eram amores Eu já mandei errado alguns buquês de flores Deus tava me preparando esse tempo todo Te deixou pro final, tava escondendo o ouro Te deixou pro final Tava escondendo o ouro",Zé Neto e Cristiano,2025,70,https://www.letras.mus.br/ze-neto-cristiano/escondendo-o-ouro/,-1,0.14572166400232978
1425,Espaçosa Demais,musica1425,musica1425_trecho1,"Quando você chegou Já tinha muita gente por lá Aff, tá dando um trabalhão pra organizar",Felipe Araújo,2019,16,https://www.letras.mus.br/felipe-araujo/espacosa-demais/,-1,0.125703220423092
1425,Espaçosa Demais,musica1425,musica1425_trecho3,"Não aperta o povo, não Tem mais gente no meu coração Mamãe tá num cantinho Papai, apertadinho Tem amigo indo parar lá no pulmão",Felipe Araújo,2019,24,https://www.letras.mus.br/felipe-araujo/espacosa-demais/,-1,0.05256717075835127
1425,Espaçosa Demais,musica1425,musica1425_trecho4,Tem como ser um pouco menos linda? Tem como eu ser o dono da minha vida? Tem como não ser assim tão perfeita? Já tomou meu coração e tá subindo pra cabeça,Felipe Araújo,2019,32,https://www.letras.mus.br/felipe-araujo/espacosa-demais/,-1,0.3457866957375362
1425,Espaçosa Demais,musica1425,musica1425_trecho11,Espaçosa demais Espaçosa demais Já tomou meu coração e tá subindo pra cabeça,Felipe Araújo,2019,13,https://www.letras.mus.br/felipe-araujo/espacosa-demais/,-1,0.0783571053666432
1152,Espelho,musica1152,musica1152_trecho1,"Baby, as palavras estão mudas As conversas tão vazias As explicações são vagas Só eu sei como eu queria falar do meu amor Abertamente sim, ir até o fim Só eu conheço a dor de não acreditar Que mereço ser feliz",Jorge & Mateus,2009,41,https://www.letras.mus.br/jorge-mateus/1444404/,-1,0.24476271416544737
1152,Espelho,musica1152,musica1152_trecho2,"Como num espelho, te olhando vejo O meu próprio medo, minha indecisão Mesmo te amando não estou seguro Será que é verdade ou uma ilusão?",Jorge & Mateus,2009,25,https://www.letras.mus.br/jorge-mateus/1444404/,-1,0.2660797811678701
448,Esqueça-Me Se For Capaz (part. Maiara & Maraisa),musica448,musica448_trecho2,"Tá aproveitando a vida, os novos amigos Indo para lugares que não ia comigo Tá se enganando e nem sabe disso",Marília Mendonça,2021,21,https://www.letras.mus.br/marilia-mendonca/esqueca-me-se-for-capaz/,-1,0.29015331043557935
448,Esqueça-Me Se For Capaz (part. Maiara & Maraisa),musica448,musica448_trecho3,Beijar outras bocas depois que termina é fácil demais Fazer sexo por fazer todo mundo faz Mas esqueça-me se for capaz,Marília Mendonça,2021,21,https://www.letras.mus.br/marilia-mendonca/esqueca-me-se-for-capaz/,-1,0.14566201939080325
1432,Esquece o Medo,musica1432,musica1432_trecho1,Você contou pra galera toda Que se apaixonou por mim Mas não tem certeza do meu sentimento Não sabe se eu to afim,Jorge & Mateus,2010,23,https://www.letras.mus.br/jorge-mateus/1716851/,-1,0.3759779008185732
1432,Esquece o Medo,musica1432,musica1432_trecho2,Que foi que deu em você? Será que não percebe o meu olhar,Jorge & Mateus,2010,13,https://www.letras.mus.br/jorge-mateus/1716851/,-1,0.18233570928618026
1215,Esqueci de Te Esquecer,musica1215,musica1215_trecho2,Tava pensando em te roubar Fugir pra longe do país Morar num lugarzinho em cancún Não é o que você sempre quis,Luan Santana,2012,22,https://www.letras.mus.br/luan-santana/1917738/,-1,0.2608044319241025
1215,Esqueci de Te Esquecer,musica1215,musica1215_trecho3,Sem precisar me preocupar Em te levar pra casa cedo Enquanto eu tiver do seu lado Não precisa mais ter medo,Luan Santana,2012,21,https://www.letras.mus.br/luan-santana/1917738/,-1,0.08054960477529549
1215,Esqueci de Te Esquecer,musica1215,musica1215_trecho5,"Se quiser saber Minha alegria é te ver, te ver, te ver Quem sabe eu te quero Tanto assim porque esqueci de te esquecer",Luan Santana,2012,24,https://www.letras.mus.br/luan-santana/1917738/,-1,0.26786037348348735
1358,Essas Nossas Brigas,musica1358,musica1358_trecho1,"Tô sofrendo e tô fazendo você sofrer O que a gente tá vivendo não tem nada a ver É melhor cada um seguir o seu caminho Toda hora a gente briga sem explicação Não tem amor, não tem respeito, não tem paixão E por isso que eu prefiro é ficar sozinha",Marília Mendonça,2015,51,https://www.letras.mus.br/marilia-mendonca/essas-nossas-brigas/,-1,0.26851873233570245
1358,Essas Nossas Brigas,musica1358,musica1358_trecho2,"Já é hora, é agora O nosso lance acabou Não implora, vou embora E o que passou, passou",Marília Mendonça,2015,18,https://www.letras.mus.br/marilia-mendonca/essas-nossas-brigas/,-1,0.15512443767854311
1358,Essas Nossas Brigas,musica1358,musica1358_trecho3,Não vejo outra saída Pra essas nossas brigas Melhor é dar um tempo Pra que sofrimento? Segue a sua vida,Marília Mendonça,2015,20,https://www.letras.mus.br/marilia-mendonca/essas-nossas-brigas/,-1,0.13603545578818454
709,Esta Noite Foi Maravilhosa (Wonderful Tonight),musica709,musica709_trecho2,"No meio da festa tentam flertar você Mas você me abraça, dizendo que só me vê Parece um sonho, vejo em seu olhar Tanta paixão, tenho medo de acordar",Leonardo,2006,29,https://www.letras.mus.br/leonardo/487499/,-1,0.1961348966100226
618,Estranho,musica618,musica618_trecho2,Minha mão já não tá mais na sua A gente anda pela rua separados Nem parecemos namorados,Marília Mendonça,2018,17,https://www.letras.mus.br/marilia-mendonca/estranho/,-1,0.6842345057213749
618,Estranho,musica618,musica618_trecho3,"A aliança virou enfeite do dedo Nossa cama agora é só pra dormir mesmo E, no carro, parece que eu tô levando um simples passageiro",Marília Mendonça,2018,25,https://www.letras.mus.br/marilia-mendonca/estranho/,-1,0.1474814716599675
618,Estranho,musica618,musica618_trecho4,"Estranho Você me beija e minha boca estranha O seu carinho parece que arranha O seu abraço é tão solto, não consegue me prender",Marília Mendonça,2018,24,https://www.letras.mus.br/marilia-mendonca/estranho/,-1,0.12701448082351996
618,Estranho,musica618,musica618_trecho5,"Estranho Você me beija e minha boca estranha O seu carinho parece que arranha O seu abraço é tão solto, não consegue me prender Onde eu desconheci você?",Marília Mendonça,2018,28,https://www.letras.mus.br/marilia-mendonca/estranho/,-1,0.12701448082351996
618,Estranho,musica618,musica618_trecho9,"Estranho Você me beija e minha boca estranha O seu carinho parece que arranha O seu abraço é tão solto, não consegue me prender Onde eu desconheci você? Onde eu desconheci você?",Marília Mendonça,2018,32,https://www.letras.mus.br/marilia-mendonca/estranho/,-1,0.12701448082351985
703,Estrela,musica703,musica703_trecho2,"Minha estrela não se esconda Pois sei que eu vou te encontrar Vamos viajar e acender de vez a nossa paixão Virar constelação, num só coração",Hugo Pena e Gabriel,2011,26,https://www.letras.mus.br/hugo-pena-e-gabriel/1664707/,-1,0.13976347801302558
241,Estrelinha (part. Di Paullo & Paulino),musica241,musica241_trecho1,"Enxugue esse rosto E venha aqui fora, como de costume Vamos conversar Pra te alegrar tem até vaga-lumes",Marília Mendonça,2018,18,https://www.letras.mus.br/marilia-mendonca/estrelinha-part-di-paullo-e-paulino/,-1,0.2717715333956623
241,Estrelinha (part. Di Paullo & Paulino),musica241,musica241_trecho4,"Daqui não é diferente Te beijo, mas você não sente",Marília Mendonça,2018,10,https://www.letras.mus.br/marilia-mendonca/estrelinha-part-di-paullo-e-paulino/,-1,0.12701448082351985
241,Estrelinha (part. Di Paullo & Paulino),musica241,musica241_trecho6,"Hoje é minha morada A minha casinha Mesmo que de longe, tão pequenininha Ela brilha mais toda vez que te vê",Marília Mendonça,2018,21,https://www.letras.mus.br/marilia-mendonca/estrelinha-part-di-paullo-e-paulino/,-1,0.10404348268332209
241,Estrelinha (part. Di Paullo & Paulino),musica241,musica241_trecho7,"Enxugue esse rosto E venha aqui fora, como de costume Vamos conversar Pra te alegrar tem até vaga-lume",Marília Mendonça,2018,18,https://www.letras.mus.br/marilia-mendonca/estrelinha-part-di-paullo-e-paulino/,-1,0.2717715333956622
1364,Estressada,musica1364,musica1364_trecho1,Quando a gente começou Estava tudo tão bem Você só pensava em mim Eu não pensava em ninguém,César Menotti & Fabiano,2012,18,https://www.letras.mus.br/cesar-menotti-e-fabiano/estressada/,-1,0.2669360429659492
1364,Estressada,musica1364,musica1364_trecho2,"Era só carinho, era só amor Era só beijinho e paixão Era tudo flor, não existia dor Era a mais perfeita emoção",César Menotti & Fabiano,2012,22,https://www.letras.mus.br/cesar-menotti-e-fabiano/estressada/,-1,0.15246916205390548
1364,Estressada,musica1364,musica1364_trecho3,"Foi ficando diferente, sua atitude mudou Daquela flor tão bonita Só o espinho ficou Espetou, espetou, espetou, espetou",César Menotti & Fabiano,2012,18,https://www.letras.mus.br/cesar-menotti-e-fabiano/estressada/,-1,0.264005638593516
1562,Eu Aposto,musica1562,musica1562_trecho1,"Eu aposto a minha vida Meu sorriso, o meu dinheiro Quando seu rosto Encostar no travesseiro Seus pensamentos Vão tentar achar os meus",Eduardo Costa,2008,23,https://www.letras.mus.br/eduardo-costa/1280568/,-1,0.3543703685403953
1562,Eu Aposto,musica1562,musica1562_trecho2,Eu aposto que a sua paz Vai guerrear com a saudade Seu coração vai descobrir Toda verdade Na minha falta Vai buscar ajuda em Deus,Eduardo Costa,2008,25,https://www.letras.mus.br/eduardo-costa/1280568/,-1,0.23782988584036047
1562,Eu Aposto,musica1562,musica1562_trecho4,"Se eu perder, vai doer menos Do que está doendo agora Quando você me disse: Chega, tô indo embora Meu coração me disse: Aposta, que ela volta",Eduardo Costa,2008,27,https://www.letras.mus.br/eduardo-costa/1280568/,-1,0.08613884186189791
1562,Eu Aposto,musica1562,musica1562_trecho5,"Mas se eu ganhar Logo vou ver Aquela porta se abrindo Você entrar, me abraçar Dizer sorrindo Que eu sou tudo Tudo que você mais gosta",Eduardo Costa,2008,26,https://www.letras.mus.br/eduardo-costa/1280568/,-1,0.2639216503641476
519,Eu Era,musica519,musica519_trecho2,Me diz se adiantou alguma coisa Procurar alívio passageiro Beijar umas quatro ou cinco bocas Com beijos que não têm gosto de beijo,Marcos & Belutti,2017,23,https://www.letras.mus.br/marcos-belutti/eu-era/,-1,0.2548229271433815
519,Eu Era,musica519,musica519_trecho4,"Beijou a boca errada, lembrou da boca certa Entrou numa gelada, lembrou da minha coberta Sabe esse alguém perfeito que você tanto espera? Eu era, eu era",Marcos & Belutti,2017,27,https://www.letras.mus.br/marcos-belutti/eu-era/,-1,0.2888548352781328
519,Eu Era,musica519,musica519_trecho5,"Aí você se lembra que a gente se completa E vai voltar pra mim, se for um pouco esperta Porque esse alguém perfeito que você tanto espera Eu era, eu era Eu era",Marcos & Belutti,2017,33,https://www.letras.mus.br/marcos-belutti/eu-era/,-1,0.13720254801190435
519,Eu Era,musica519,musica519_trecho10,"Aí você se lembra que a gente se completa E vai voltar pra mim, se for um pouco esperta Porque esse alguém perfeito que você tanto espera Eu era, eu era",Marcos & Belutti,2017,31,https://www.letras.mus.br/marcos-belutti/eu-era/,-1,0.13720254801190424
519,Eu Era,musica519,musica519_trecho12,"Aí você se lembra que a gente se completa E vai voltar pra mim, se for um pouco esperta Porque esse alguém perfeito que você tanto espera Eu era, eu era, eu era Eu era",Marcos & Belutti,2017,35,https://www.letras.mus.br/marcos-belutti/eu-era/,-1,0.13720254801190457
405,Eu Gosto Assim (part. Mari Fernandez),musica405,musica405_trecho1,Tem gente que não quer amor Só gosta do calor Que faz embaixo do lençol Que chega ainda tem Lua Passa a noite toda nua E vaza no nascer do Sol,Gustavo Mioto,2024,31,https://www.letras.mus.br/gustavo-mioto/eu-gosto-assim-part-mari-fernandez/,-1,0.29983002847157825
999,Eu Ligo Pra Você,musica999,musica999_trecho3,Tô gritando socorro Meu único pedido Aquele amor gostoso Faz de novo comigo Quero sentir seu cheiro Ver o seu corpo suar Então atende o celular,Zé Neto e Cristiano,2015,26,https://www.letras.mus.br/ze-neto-cristiano/eu-ligo-pra-voce/,-1,0.022040789120356896
558,Eu Menti,musica558,musica558_trecho3,"Muitas, muitas, muitas vezes O meu corpo é seu Mas meu coração ainda é dele",Simone Mendes,2025,15,https://www.letras.mus.br/simone-mendes/eu-menti/,-1,0.26028941971918484
558,Eu Menti,musica558,musica558_trecho6,"Muitas, muitas, muitas vezes O meu corpo é seu Mas meu coração",Simone Mendes,2025,12,https://www.letras.mus.br/simone-mendes/eu-menti/,-1,0.2602894197191845
1243,Eu Não Merecia Isso,musica1243,musica1243_trecho1,Que burrice você fez Destruiu os nossos planos Em troca de uma noite no motel Esqueceu da nossa linda lua de mel,Luan Santana,2015,22,https://www.letras.mus.br/luan-santana/eu-nao-merecia-isso/,-1,0.19965240659125227
1243,Eu Não Merecia Isso,musica1243,musica1243_trecho2,"Que burrice você fez Foi bem mais que desumano O nosso casamento era tão lindo Eu não esperava isso de você, não",Luan Santana,2015,22,https://www.letras.mus.br/luan-santana/eu-nao-merecia-isso/,-1,0.13754521475961778
1168,Eu Não Quero Casar,musica1168,musica1168_trecho1,"Eu tenho um amigo que chora e reclama Que, de sexta a domingo, sua balada é na cama Vendo os seus amigos que ainda estão solteiros Saindo todo dia, bebendo o dia inteiro, uôuô",Thiago Matheus,2017,34,https://www.letras.mus.br/thiagomatheus/eu-nao-quero-casar/,-1,0.06520513786035398
1168,Eu Não Quero Casar,musica1168,musica1168_trecho2,"Mas não adianta avisar, pois quem quer casar Não quer escutar e quer pagar o preço Depois não adianta chorar e nem reclamar Quem quer casar escuta este conselho",Thiago Matheus,2017,29,https://www.letras.mus.br/thiagomatheus/eu-nao-quero-casar/,-1,0.14204422548484896
1168,Eu Não Quero Casar,musica1168,musica1168_trecho3,"Eu não quero casar, eu não quero casar Eu não quero casar, eu não quero casar Eu vou pro bar, bar bar bar bar bar bar bar bar bar bar bar bar Eu vou pro bar, bar bar bar bar bar bar bar bar bar bar bar bar",Thiago Matheus,2017,48,https://www.letras.mus.br/thiagomatheus/eu-nao-quero-casar/,-1,0.0578136535199979
1168,Eu Não Quero Casar,musica1168,musica1168_trecho6,"Mas não adianta avisar, pois quem quer casar Não quer escutar e quer pagar o preço Depois não adianta chorar e nem reclamar Pois quem quer casar escuta este conselho",Thiago Matheus,2017,30,https://www.letras.mus.br/thiagomatheus/eu-nao-quero-casar/,-1,0.14204422548484896
1168,Eu Não Quero Casar,musica1168,musica1168_trecho8,Mas meu amigo conseguiu fugir E tá solteiro só por um dia Mas sua mulher já descobriu E acabou com sua alegria,Thiago Matheus,2017,22,https://www.letras.mus.br/thiagomatheus/eu-nao-quero-casar/,-1,0.15592563167442486
1168,Eu Não Quero Casar,musica1168,musica1168_trecho11,"Eu não quero casar, eu não quero casar Eu não quero casar, eu não quero casar",Thiago Matheus,2017,16,https://www.letras.mus.br/thiagomatheus/eu-nao-quero-casar/,-1,0.05781365351999812
1264,Eu Não Sou de Ninguém,musica1264,musica1264_trecho1,Eu não sou de ninguém Não quero ninguém Dei férias pro meu coração,Humberto e Ronaldo,2012,13,https://www.letras.mus.br/humberto-ronaldo/eu-nao-sou-de-ninguem/,-1,0.02764915643427701
1264,Eu Não Sou de Ninguém,musica1264,musica1264_trecho3,Sete dias da semana Sete festa pra curtir Sete bocas pra beijar Sete noites sem dormir,Humberto e Ronaldo,2012,16,https://www.letras.mus.br/humberto-ronaldo/eu-nao-sou-de-ninguem/,-1,0.1257032204230919
1563,Eu Não Vou Aceitar,musica1563,musica1563_trecho1,"Aceito tudo de você, Tiro de mim só pra te dar prazer Troco meu jogo por novela Meu futebol por cem mil rosas amarelas Perde a cabeça sempre que eu esqueço O dia e o mês do primeiro beijo E no banheiro sempre reclama Do meu jeito de menino que só te ama Meu sentimento não te engana...",Bruno & Marrone,2012,58,https://www.letras.mus.br/bruno-e-marrone/eu-nao-vou-aceitar/,-1,0.0523551324765088
1563,Eu Não Vou Aceitar,musica1563,musica1563_trecho2,"Você não pode saber, Que sou nada sem você e se você partir",Bruno & Marrone,2012,13,https://www.letras.mus.br/bruno-e-marrone/eu-nao-vou-aceitar/,-1,0.1927068783815714
1138,Eu Quero Ser Teu Sol,musica1138,musica1138_trecho3,Eu quero ser teu sol Eu quero ser teu ar Sua respiração A fonte desse amor Veio do seu olhar Direto pro coração,Jorge & Mateus,2012,23,https://www.letras.mus.br/jorge-mateus/eu-quero-ser-o-teu-sol/,-1,0.5402962649779635
1138,Eu Quero Ser Teu Sol,musica1138,musica1138_trecho7,A fonte desse amor Veio do seu olhar Direto pro coração,Jorge & Mateus,2012,11,https://www.letras.mus.br/jorge-mateus/eu-quero-ser-o-teu-sol/,-1,0.06795187419177484
646,Eu Quero Só Você,musica646,musica646_trecho1,O que todos querem é só separar nós dois Você é o que eu quero e vou continuar te amando Eu não tô nem aí pro que os outros vão dizer O que a gente sente ninguém tem nada a ver,Jorge & Mateus,2012,41,https://www.letras.mus.br/jorge-mateus/1938456/,-1,0.08256045068915485
646,Eu Quero Só Você,musica646,musica646_trecho2,"Sei que andam falando que eu não sirvo pra você Dizem que eu não presto, só me meto em confusão Querem nos afastar e acabar com nosso amor Tirar você de mim",Jorge & Mateus,2012,32,https://www.letras.mus.br/jorge-mateus/1938456/,-1,0.05781365351999779
646,Eu Quero Só Você,musica646,musica646_trecho3,O nosso amor Todos querem por um fim Querem nos afastar Tirar você de mim O nosso amor Todos querem por um fim Querem nos afastar Tirar você de mim,Jorge & Mateus,2012,30,https://www.letras.mus.br/jorge-mateus/1938456/,-1,0.06389617125699565
1565,Eu Quero Você Só Pra Mim,musica1565,musica1565_trecho1,"Eu me perco nesse seu olhar Fico bobo só de imaginar seu corpo com o meu se encontrar Nosso amor é pura magia, te busco todos os dias Minha vida é só pra te amar Eu não sei se tem outra paixão e nem quero saber Vou ser dono do seu coração Menina, você pode escrever",Marcos e Fernando,2009,56,https://www.letras.mus.br/marcos-e-fernando/1508638/,-1,0.18606923149919874
1150,Eu Respiro Você,musica1150,musica1150_trecho1,"O tempo para, não sei por que Quando estou perto de você Um sentimento que me faz bem Ao teu lado, não preciso de ninguém",Jorge & Mateus,2009,25,https://www.letras.mus.br/jorge-mateus/1486840/,-1,0.11431752635776149
1150,Eu Respiro Você,musica1150,musica1150_trecho2,"Quando eu te chamo, você responde E eu me perco se você se esconde Se tenho forças, são todas suas Eu sem você sou como um céu sem lua",Jorge & Mateus,2009,29,https://www.letras.mus.br/jorge-mateus/1486840/,-1,0.1927068783815714
1150,Eu Respiro Você,musica1150,musica1150_trecho4,"Sigo vivendo você Vivo pra poder te ter Meu ar, tô precisando respirar Mas sem você não consigo",Jorge & Mateus,2009,18,https://www.letras.mus.br/jorge-mateus/1486840/,-1,0.19270687838157174
1150,Eu Respiro Você,musica1150,musica1150_trecho5,"Vivo pensando em você É impossível te esquecer Meu bem, eu sem você não sou ninguém Te quero pra sempre comigo",Jorge & Mateus,2009,21,https://www.letras.mus.br/jorge-mateus/1486840/,-1,0.1927068783815713
68,Eu Sei de Cor,musica68,musica68_trecho2,"E todo esse caminho eu sei de cor Se eu não me engano, agora vai me deixar só O segundo passo é não me atender O terceiro é se arrepender Se o que dói em mim doesse em você",Marília Mendonça,2017,39,https://www.letras.mus.br/marilia-mendonca/eu-sei-de-cor/,-1,0.12155852456182414
68,Eu Sei de Cor,musica68,musica68_trecho3,"Deixa, deixa mesmo de ser importante Vai deixando a gente pra outra hora Vai tentar abrir a porta desse amor Quando eu tiver jogado a chave fora",Marília Mendonça,2017,27,https://www.letras.mus.br/marilia-mendonca/eu-sei-de-cor/,-1,0.1517835247753231
68,Eu Sei de Cor,musica68,musica68_trecho4,"Deixa, deixa mesmo de ser importante Vai deixando a gente pra outra hora E quando se der conta, já passou Quando olhar pra trás, já fui embora",Marília Mendonça,2017,27,https://www.letras.mus.br/marilia-mendonca/eu-sei-de-cor/,-1,0.29015331043557957
68,Eu Sei de Cor,musica68,musica68_trecho5,"E todo esse caminho, eu sei de cor Se eu não me engano, agora vai me deixar só O segundo passo é não me atender O terceiro é se arrepender Se o que dói em mim doesse em você",Marília Mendonça,2017,39,https://www.letras.mus.br/marilia-mendonca/eu-sei-de-cor/,-1,0.12155852456182414
1227,Eu Te Achei,musica1227,musica1227_trecho1,"Se queres saber Só vivo por existir você Pare de esconder Somos corpo e alma, pode crer",Gusttavo Lima,2011,17,https://www.letras.mus.br/gusttavo-lima/1763752/,-1,0.12017256728187997
1227,Eu Te Achei,musica1227,musica1227_trecho3,Dizer que ser só meu amor não vai rolar Na vida às vezes a gente tem que mostrar No mundo eu te achei e você me escolheu Não jogue fora o seu destino Se o seu amor sou eu,Gusttavo Lima,2011,39,https://www.letras.mus.br/gusttavo-lima/1763752/,-1,0.036163750259253225
1472,Eu Te Amo e Open Bar,musica1472,musica1472_trecho1,Tudo o que eu quero ouvir: Eu te amo e open bar,Michel Teló,2011,12,https://www.letras.mus.br/michel-telo/1993671/,-1,0.05664383275822671
1472,Eu Te Amo e Open Bar,musica1472,musica1472_trecho3,"Eee, eê Eee, eá Tudo o que eu quero ouvir: Eu te amo e open bar",Michel Teló,2011,16,https://www.letras.mus.br/michel-telo/1993671/,-1,0.05664383275822649
1290,Eu Te Esperarei,musica1290,musica1290_trecho2,"Sem me dar conta, eu regresso, paro e penso E eu confesso, espero que o perdão esteja em sua mente Por isso eu rezo Eu sou sincero, eu te prometo, não me olha Depois que abrir essa porta Aí te digo: Se for, não volta E 7 de setembro a tua amiga me ligou me dizendo Que você tava morando perto dela E eu confesso, eu só queria te ver, ficar com você Pra te dizer, pra te dizer",Simone & Simaria,2013,79,https://www.letras.mus.br/simone-simaria-as-coleguinhas/eu-te-esperarei-1/,-1,0.06711683603681129
41,Eu Te Seguro,musica41,musica41_trecho3,"Você até despenteada, vestida ou desarrumada É linda de todos os ângulos E nem é de beleza só que eu tô falando Não tem porquê cê tá chorando",Panda Cantor,2025,28,https://www.letras.mus.br/panda-cantor/eu-te-seguro/,-1,0.13693926630708353
41,Eu Te Seguro,musica41,musica41_trecho4,"Vestida ou desarrumada Com humor ou emburrada E quando tiver caindo o seu mundo No dia em que se sentir insegura, eu te seguro",Panda Cantor,2025,24,https://www.letras.mus.br/panda-cantor/eu-te-seguro/,-1,0.1369392663070833
41,Eu Te Seguro,musica41,musica41_trecho7,"Vestida ou desarrumada Com humor ou emburrada E quando tiver caindo o seu mundo No dia em que se sentir insegura, eu te seguro Confia em mim",Panda Cantor,2025,27,https://www.letras.mus.br/panda-cantor/eu-te-seguro/,-1,0.13693926630708353
1366,Eu Tentei (part. Mateus),musica1366,musica1366_trecho1,"Alta madrugada, eu aqui sem sono Por todos os lugares, escrevo o seu nome Já procurei pro sul, já procurei pro norte E não te encontrei O sol já vai surgindo, mais um dia está por vir Vejo as flores num jardim, sigo sem você aqui Mas não, não acabou não",Matheus & Kauan,2012,51,https://www.letras.mus.br/matheus-kauan/1746810/,-1,0.2970873116156375
1366,Eu Tentei (part. Mateus),musica1366,musica1366_trecho3,"Alta madrugada, eu aqui sem sono Por todos os lugares, escrevo o seu nome Já procurei pro sul, já procure pro norte E não te encontrei O sol já vai surgir mais um dia esta por vir Vejo as flores num jardim, sigo sem você aqui Mas não, não acabou não Tudo que a brisa leva Um dia volta com o vento Sinto uma coisa muito forte É o fim do sofrimento",Matheus & Kauan,2012,72,https://www.letras.mus.br/matheus-kauan/1746810/,-1,0.2970873116156373
1353,"Eu Vou Contar Procêis (part. Jorge e Mateus, Gusttavo Lima e Israel Novaes)",musica1353,musica1353_trecho1,"Eu vou contar pro cêis, eu vou contar pro cêis A história de um amor, de tudo que ela me fez Eu vou contar pro cêis, eu vou contar pro cêis A história de um amor, de tudo que ela me fez",Humberto e Ronaldo,2012,42,https://www.letras.mus.br/humberto-ronaldo/eu-vou-contar-pro-ceis/,-1,0.2884559237572637
1353,"Eu Vou Contar Procêis (part. Jorge e Mateus, Gusttavo Lima e Israel Novaes)",musica1353,musica1353_trecho10,"Eu vou contar pro cêis, eu vou contar pro cêis A história de um amor, de tudo que ela me fez Eu vou contar pro cêis, eu vou contar pro cêis A história de um amor, de tudo que ela me fez A história de um amor, de tudo que ela me fez",Humberto e Ronaldo,2012,53,https://www.letras.mus.br/humberto-ronaldo/eu-vou-contar-pro-ceis/,-1,0.28845592375726337
1353,"Eu Vou Contar Procêis (part. Jorge e Mateus, Gusttavo Lima e Israel Novaes)",musica1353,musica1353_trecho12,Pensa no mal que ela me faz Pensa no que ela foi capaz Agora vou compra uma Dodge Ram Vou ficar cheio das fãs Igual o Israel Novaes,Humberto e Ronaldo,2012,28,https://www.letras.mus.br/humberto-ronaldo/eu-vou-contar-pro-ceis/,-1,0.1600336562835053
1182,Eu Vou Pegar Você e Tãe,musica1182,musica1182_trecho2,"Você passa por mim, finge que não me vê Eu fico aqui sonhando, apaixonado por você Que não olha pra mim, que nunca me dá bola Tô me acabando todo enquanto você rebola",Munhoz & Mariano,2011,33,https://www.letras.mus.br/munhoz-mariano/1990026/,-1,0.11357117495967572
1182,Eu Vou Pegar Você e Tãe,musica1182,musica1182_trecho3,"Só anda perfumada, blusinha coladinha Marquinha de biquíni e sainha bem curtinha E eu alucinado, louquinho de tesão Não sei o que fazer para ganhar seu coração",Munhoz & Mariano,2011,27,https://www.letras.mus.br/munhoz-mariano/1990026/,-1,0.2909204613298255
1182,Eu Vou Pegar Você e Tãe,musica1182,musica1182_trecho4,Mas se um dia você vacilar E eu chegar bem perto de você Vou prender você na minha rede Você vai ver o que é que eu vou fazer,Munhoz & Mariano,2011,29,https://www.letras.mus.br/munhoz-mariano/1990026/,-1,0.06619607397359395
1552,Eu Vou Te Buscar (part. Hungria),musica1552,musica1552_trecho1,Fernando de Noronha não tem mais o mesmo brilho sem você aqui As noites de Goiânia ficam até sem graça com você longe de mim,Gusttavo Lima,2018,25,https://www.letras.mus.br/gusttavo-lima/eu-vou-te-buscar/,-1,0.1927068783815713
1552,Eu Vou Te Buscar (part. Hungria),musica1552,musica1552_trecho2,"Amazonas fica preto e branco Até o Rio de Janeiro perde o seu calor Fica triste até o carnaval de Salvador Sem você, sem você",Gusttavo Lima,2018,25,https://www.letras.mus.br/gusttavo-lima/eu-vou-te-buscar/,-1,0.1962345871575557
1552,Eu Vou Te Buscar (part. Hungria),musica1552,musica1552_trecho3,"Cha-la-la-la-la Você rouba a beleza de qualquer lugar Cha-la-la-la-la Você volta, ou eu vou aí te buscar Cha-la-la-la-la Já tentei, fiz de tudo, sem você não dá Cha-la-la-la-la Você volta, ou eu vou aí te buscar",Gusttavo Lima,2018,36,https://www.letras.mus.br/gusttavo-lima/eu-vou-te-buscar/,-1,0.25498682889509217
1552,Eu Vou Te Buscar (part. Hungria),musica1552,musica1552_trecho4,"Olha eu louco de novo, dia de semana, seus lábios me chama E por falar em chama, tem cinza em cima da cama O calor que você deixou e queimou esse corpo Rio de Janeiro tá sem graça sem seu jeito louco Me lembrei daquela sexta só com a luz de vela Pensando alto, igual as pipa no céu da favela Seu GPS tá ligado no meu celular Vai voltar por contra própria, ou eu vou te buscar",Gusttavo Lima,2018,78,https://www.letras.mus.br/gusttavo-lima/eu-vou-te-buscar/,-1,0.06669701086175439
1552,Eu Vou Te Buscar (part. Hungria),musica1552,musica1552_trecho5,"E Amazonas fica preto e branco Até o Rio de Janeiro perde o seu calor Fica triste até o carnaval de Salvador (sem graça) Sem você, sem você",Gusttavo Lima,2018,28,https://www.letras.mus.br/gusttavo-lima/eu-vou-te-buscar/,-1,0.1962345871575556
1552,Eu Vou Te Buscar (part. Hungria),musica1552,musica1552_trecho6,"Cha-la-la-la-la Você rouba a beleza de qualquer lugar (de qualquer lugar) Cha-la-la-la-la Você volta, ou eu vou aí te buscar (olha que eu vou, olha que eu vou) Cha-la-la-la-la Já tentei, fiz de tudo, sem você não dá Cha-la-la-la-la Você volta, ou eu vou aí te buscar Eu vou te buscar",Gusttavo Lima,2018,51,https://www.letras.mus.br/gusttavo-lima/eu-vou-te-buscar/,-1,0.25498682889509217
1552,Eu Vou Te Buscar (part. Hungria),musica1552,musica1552_trecho7,"Cha-la-la-la-la Já tentei, fiz de tudo, sem você não dá Cha-la-la-la-la Você volta, ou eu vou aí te buscar Eu vou te buscar",Gusttavo Lima,2018,23,https://www.letras.mus.br/gusttavo-lima/eu-vou-te-buscar/,-1,0.2549868288950925
957,Eu Vou Te Levantar,musica957,musica957_trecho1,Porque estás assim? Cabisbaixo e comigo já não fala mais? Cada dia que se passa mais distante Eu não vejo mais você me procurar Eu não vejo mais você se ajoelhar Eu não vejo você comigo falar O que aconteceu?,Lucas Roque e Gabriel,2020,40,https://www.letras.mus.br/lucas-rock-e-gabriel/eu-vou-te-levantar/,-1,0.06711683603681118
957,Eu Vou Te Levantar,musica957,musica957_trecho8,Ele cuida de você E não vai faltar nada Ele está cuidando,Lucas Roque e Gabriel,2020,12,https://www.letras.mus.br/lucas-rock-e-gabriel/eu-vou-te-levantar/,-1,0.06795307257046479
957,Eu Vou Te Levantar,musica957,musica957_trecho9,"Então canta, descansa e anda",Lucas Roque e Gabriel,2020,5,https://www.letras.mus.br/lucas-rock-e-gabriel/eu-vou-te-levantar/,-1,0.25866206471813347
1086,Eu Vou Tentando Te Agarrar,musica1086,musica1086_trecho1,"Eu vou tentando te agarrar, e você diz: Chega pra cá E o desejo só aumenta olhando em teu olhar Eu tava quase desistindo, e você chega sorrindo Me pedindo pra te amar",Gusttavo Lima,2011,33,https://www.letras.mus.br/gusttavo-lima/1810824/,-1,0.25218473015247134
1086,Eu Vou Tentando Te Agarrar,musica1086,musica1086_trecho5,"Eu vou tentando te agarrar, e você diz: Chega pra cá E o desejo só aumenta olhando em seu olhar Eu tava quase desistindo, e você chega sorrindo Me pedindo pra te amar",Gusttavo Lima,2011,33,https://www.letras.mus.br/gusttavo-lima/1810824/,-1,0.25218473015247145
478,"Eu, Você, o Mar e Ela",musica478,musica478_trecho2,"Eu só quero uma noite de amor Como as outras, só mais uma que passou",Luan Santana,2016,15,https://www.letras.mus.br/luan-santana/eu-voce-o-mar-e-ela/,-1,0.31279838441779184
53,Evento Cancelado,musica53,musica53_trecho2,"Eu perdi minha chance quando me entreguei pra outro alguém Se não for com você, não vai ser com ninguém",Henrique & Juliano,2022,20,https://www.letras.mus.br/henrique-e-juliano/evento-cancelado/,-1,0.14791120301728256
1214,Everest (part. Luan Santana),musica1214,musica1214_trecho1,Eu vou contar meu segredo Falar pro mundo inteiro Tatuar seu nome Roubar o seu beijo Porque eu te amo sem medo Quer saber Faço de tudo pra te merecer Quer saber O impossível é pouco pra você,Fernando e Sorocaba,2012,38,https://www.letras.mus.br/fernando-sorocaba/1980905/,-1,0.07193942292101818
1214,Everest (part. Luan Santana),musica1214,musica1214_trecho2,Vou escalar o Everest com uma mão só Atravessar o oceano em um barco de papel Se for preciso eu posso até roubar um avião Pra te levar pro céu,Fernando e Sorocaba,2012,30,https://www.letras.mus.br/fernando-sorocaba/1980905/,-1,0.07193942292101807
1214,Everest (part. Luan Santana),musica1214,musica1214_trecho3,Eu corro a 120 com o carro na contramão Eu me lanço ao vento do décimo quinto andar Aprendo a voar pra te provar Que a fé move montanhas e eu movo o mundo Pra te amar,Fernando e Sorocaba,2012,37,https://www.letras.mus.br/fernando-sorocaba/1980905/,-1,0.07193942292101851
1214,Everest (part. Luan Santana),musica1214,musica1214_trecho7,Eu atravesso o universo Mudo o meu destino por você Por você,Fernando e Sorocaba,2012,12,https://www.letras.mus.br/fernando-sorocaba/1980905/,-1,0.07193942292101807
1570,Ex do Seu Atual,musica1570,musica1570_trecho1,Eu conheço essa pessoa Que tá chegando aqui no bar Eu sei quem ela é O meu ex está ficando com essa mulher,Naiara Azevedo,2016,23,https://www.letras.mus.br/naiara-azevedo/ex-do-seu-atual/,-1,0.060911977531467265
1570,Ex do Seu Atual,musica1570,musica1570_trecho4,Preciso avisar que ela corre perigo Que mais cedo ou mais tarde Vai fazer com ela o que fez comigo,Naiara Azevedo,2016,20,https://www.letras.mus.br/naiara-azevedo/ex-do-seu-atual/,-1,0.2922179552306332
1570,Ex do Seu Atual,musica1570,musica1570_trecho5,"Prazer, eu sou a ex do seu atual Não me leve a mal Cê tá num beco sem saída Ele vai ferrar com a sua vida",Naiara Azevedo,2016,26,https://www.letras.mus.br/naiara-azevedo/ex-do-seu-atual/,-1,0.14791120301728244
1489,Exclusividade,musica1489,musica1489_trecho1,"É, faz uma semana que eu quero te ver Coração tá sentindo falta de você Manda uma mensagem, um sinal Deixa um recado na caixa postal",Matheus & Kauan,2017,26,https://www.letras.mus.br/matheus-kauan/exclusividade/,-1,0.05582260195691635
1489,Exclusividade,musica1489,musica1489_trecho3,"Pensando bem, não foi um bom negócio Andar de boca em boca por aí Mas eu não tô aqui pra te julgar Pois, nesse tempo, eu também me diverti",Matheus & Kauan,2017,29,https://www.letras.mus.br/matheus-kauan/exclusividade/,-1,0.2996641864662921
1489,Exclusividade,musica1489,musica1489_trecho5,"E longe de você Eu peço socorro Mas é só te ver O tempo para, a boca seca, o peito pega fogo",Matheus & Kauan,2017,22,https://www.letras.mus.br/matheus-kauan/exclusividade/,-1,0.07835710536664309
1489,Exclusividade,musica1489,musica1489_trecho7,"E só de pensar Dá uma saudade Se quiser voltar Não pega fila, cê tem exclusividade",Matheus & Kauan,2017,16,https://www.letras.mus.br/matheus-kauan/exclusividade/,-1,0.17629326750163332
779,Fã Clube (part. Marília Mendonça),musica779,musica779_trecho1,"Ah, se meus olhos tirassem fotos Das poses que você faz Eu nem piscaria mais",Maiara & Maraisa,2021,15,https://www.letras.mus.br/maiara-maraisa/fa-clube/,-1,0.2711031196194932
43,Facas (part. Bruno & Marrone),musica43,musica43_trecho3,"Você com raiva, me atacando E eu só com um beijo dou o troco Cê sabe que a gente não tem moral Pra viver longe um do outro",Diego e Victor Hugo,2021,28,https://www.letras.mus.br/diego-victor-hugo/facas-part-bruno-e-marrone/,-1,0.1986348478616694
43,Facas (part. Bruno & Marrone),musica43,musica43_trecho4,Como se duas facas se riscassem procurando o corte São dois corações disputando quem é o mais forte,Diego e Victor Hugo,2021,18,https://www.letras.mus.br/diego-victor-hugo/facas-part-bruno-e-marrone/,-1,0.14457069201671502
43,Facas (part. Bruno & Marrone),musica43,musica43_trecho12,Como se duas facas se riscassem procurando o corte São dois corações disputando quem é o mais forte São dois corações disputando quem é o mais forte,Diego e Victor Hugo,2021,27,https://www.letras.mus.br/diego-victor-hugo/facas-part-bruno-e-marrone/,-1,0.14457069201671469
1545,Fake News,musica1545,musica1545_trecho1,"Se a cidade falar que me viu sofrendo, é mentira Não acredita Se o povo falou que me viu chorando, mentiu É fake news",Gustavo Mioto,2019,24,https://www.letras.mus.br/gustavo-mioto/fake-news/,-1,0.04609210938666963
1545,Fake News,musica1545,musica1545_trecho2,Cê acha que eu tenho cara de alguém que sofre por alguém Que não tem coração? Se acha não Cê acha que pra te esquecer tô tendo que usar medicação? Cê tem razão,Gustavo Mioto,2019,33,https://www.letras.mus.br/gustavo-mioto/fake-news/,-1,0.06711683603681107
1545,Fake News,musica1545,musica1545_trecho5,"Cê acha que eu tenho cara de alguém que sofre por alguém Que não tem coração? Se acha não Cê acha que pra te esquecer tô tendo que usar medicação? É, mais ou menos isso, viu?",Gustavo Mioto,2019,36,https://www.letras.mus.br/gustavo-mioto/fake-news/,-1,0.06711683603681085
1545,Fake News,musica1545,musica1545_trecho8,Não sai com nada Amor não sai com água Amor não sai com nada,Gustavo Mioto,2019,14,https://www.letras.mus.br/gustavo-mioto/fake-news/,-1,0.06280830924101621
1072,Fala Comigo,musica1072,musica1072_trecho2,"É, eu descobri seu verdadeiro Instagram E vi sua foto com aquele outro galã Brigou comigo e me deve explicação Sim ou não?",Gusttavo Lima,2021,23,https://www.letras.mus.br/gusttavo-lima/fala-comigo/,-1,0.13117062334942764
1072,Fala Comigo,musica1072,musica1072_trecho3,"Fala comigo, bebê Fala comigo Quer eu ou ele? Por favor, fala comigo",Gusttavo Lima,2021,13,https://www.letras.mus.br/gusttavo-lima/fala-comigo/,-1,0.13117062334942775
1072,Fala Comigo,musica1072,musica1072_trecho4,"Fala comigo, bebê Fala comigo Paga de moça Mas adora o proibido",Gusttavo Lima,2021,12,https://www.letras.mus.br/gusttavo-lima/fala-comigo/,-1,0.5487552723293889
597,Falando Sério,musica597,musica597_trecho1,"Você não tem limite, você não tem hora Liga pra brincar com o meu sentimento Faz proposta que sempre me apavora Sabe o que é amar e tá perdendo tempo",João Bosco & Vinícius,2010,30,https://www.letras.mus.br/joao-bosco-viniciusacustico/1092847/,-1,0.13757363964290137
597,Falando Sério,musica597,musica597_trecho8,"Ouô, eu tô falando sério Ouô, saiba, eu também te quero",João Bosco & Vinícius,2010,11,https://www.letras.mus.br/joao-bosco-viniciusacustico/1092847/,-1,0.1201725672818803
1417,Falando sério,musica1417,musica1417_trecho1,"Você não tem limite Você não tem hora Liga pra brincar com o meu sentimento Faz propostas que sempre me apavoram Sabe o que é amar e tá perdendo tempo Você me provoca, eu entro no seu jogo Sabe dar as cartas, sabe me ganhar Me coloca sempre em prova de fogo E é tudo que eu preciso pra me entregar",Luan Santana,2008,61,https://www.letras.mus.br/luan-santana/1060198/,-1,0.10057806480510789
1417,Falando sério,musica1417,musica1417_trecho7,"Ôuô, eu tô falando sério Ôuô, saiba também te quero",Luan Santana,2008,10,https://www.letras.mus.br/luan-santana/1060198/,-1,0.12017256728188042
1538,Fama de Pegador,musica1538,musica1538_trecho2,"Eu não sou duas caras, eu não tenho dinheiro Fim de noite acompanhado eu vo pra casa, eu to faceiro Eu não sou herdeiro, mais sou bom no converseiro E mesmo a pé tem muita mulher no meu pé A noite inteira",Pedro Paulo e Alex,2012,42,https://www.letras.mus.br/pedro-paulo-alex/fama-de-pegador/,-1,0.6848464709968787
1538,Fama de Pegador,musica1538,musica1538_trecho6,"Eu não sou duas caras, eu não tenho dinheiro Fim de noite acompanhado eu vo pra casa, eu to faceiro Eu não sou herdeiro, mais sou bom no converseiro E mesmo a pé tem muita mulher no meu pé A noite inteira Não tenho dodge ram, nem camaro amarelo Eu pego as gatinhas do xaveco e no chinelo Sou conquistador, na balada um terror Pedro paulo e Alex tem fama de pegador Tem fama de pegador",Pedro Paulo e Alex,2012,76,https://www.letras.mus.br/pedro-paulo-alex/fama-de-pegador/,-1,0.6848464709968787
1327,Fantasma (part. Marília Mendonça),musica1327,musica1327_trecho1,"Quando anoitece lá fora, aqui dentro faz tédio Mesmo querendo fugir Quando tento escapar, chego ainda mais perto",Luan Santana,2016,18,https://www.letras.mus.br/luan-santana/fantasma/,-1,0.39339402210141194
381,Faz de Conta,musica381,musica381_trecho1,"Chega fazendo de conta que não me conhece não Sorri pra todo mundo, Me olha por um segundo Pra ver se tem minha atenção.",Luan Santana,2008,24,https://www.letras.mus.br/luan-santana/1129633/,-1,0.16022715200345838
381,Faz de Conta,musica381,musica381_trecho2,Se falo contigo me ignora Não quer me dar razão ! Diz pra todo mundo que vive me dando fora Que eu sirvo só pra curtição !,Luan Santana,2008,27,https://www.letras.mus.br/luan-santana/1129633/,-1,0.09615916117169165
381,Faz de Conta,musica381,musica381_trecho3,"Me diz pra quê ? Fazer tanto charminho Tá perdendo seu tempo, sem me dar carinho Assuma de vez Que quer me amar Quem desdenha quer comprar Quero pedir, menina não brinque comigo Não deixe demais meu coração de castigo Você sabe que tem toda minha atenção E que eu não sirvo só pra curtição.",Luan Santana,2008,55,https://www.letras.mus.br/luan-santana/1129633/,-1,0.07241193726799144
381,Faz de Conta,musica381,musica381_trecho5,"Me diz pra quê ? Fazer tanto charminho Tá perdendo seu tempo, sem me dar carinho Assuma de vez.. Que quer me amar. Quem desdenha quer comprar Quero pedir, menina não brinque comigo. Não deixe demais meu coração de castigo Você sabe que tem toda minha atenção. E que eu não sirvo só pra curtição.",Luan Santana,2008,55,https://www.letras.mus.br/luan-santana/1129633/,-1,0.07241193726799189
1499,Faz do Seu Jeito,musica1499,musica1499_trecho1,"Faz do seu jeito, que eu Topo te acompanhar Coração apaixonado Dança do jeito que a banda tocar Parece que eu tô flutuando Se eu me empolgar, me desculpa Me puxa de volta com jeito, que, dessa altura Se eu cair, machuca",Henrique & Juliano,2017,42,https://www.letras.mus.br/henrique-e-juliano/no-seu-tempo/,-1,0.1475600864172335
771,FAZENDEIRO,musica771,musica771_trecho3,(Fazendeiro) Ela se amarra num cowboy porque playboy não tem dinheiro (Fazendeiro) Ela quer minha pegada bruta com aroma de paieiro (Fazendeiro) Ela se amarra num cowboy porque playboy não tem dinheiro (Fazendeiro) Ela quer minha pegada bruta com aroma de paieiro,Luan Pereira,2025,42,https://www.letras.mus.br/luan-pereira/fazendeiro/,-1,0.15554092961655264
771,FAZENDEIRO,musica771,musica771_trecho8,"Ela se amarra num cowboy porque playboy não tem dinheiro (Fazendeiro) quem gostou, dá um grito!",Luan Pereira,2025,16,https://www.letras.mus.br/luan-pereira/fazendeiro/,-1,0.06520513786035409
1134,Férias Em Salvador,musica1134,musica1134_trecho1,Tudo errado Eu joguei Os meus sonhos pro alto No momento em que te deixei,Fernando e Sorocaba,2012,15,https://www.letras.mus.br/fernando-sorocaba/1945414/,-1,0.05097714515006457
1134,Férias Em Salvador,musica1134,musica1134_trecho2,Quatro anos de paixão Só serviram pra mostrar Que não se brinca com o coração E o desespero bate forte,Fernando e Sorocaba,2012,20,https://www.letras.mus.br/fernando-sorocaba/1945414/,-1,0.15016545542387383
1134,Férias Em Salvador,musica1134,musica1134_trecho5,Procuro em outros olhos Encontrar o brilho seu No som do carro Ainda toca o CD que me deu,Fernando e Sorocaba,2012,19,https://www.letras.mus.br/fernando-sorocaba/1945414/,-1,0.13744971322178523
1134,Férias Em Salvador,musica1134,musica1134_trecho6,Simples detalhes De uma vida a dois O amor ficou só que você se foi Você se foi,Fernando e Sorocaba,2012,18,https://www.letras.mus.br/fernando-sorocaba/1945414/,-1,0.03525047350620314
1134,Férias Em Salvador,musica1134,musica1134_trecho7,Tudo errado Jogo aberto Só menti pra adiar o final Que já era certo,Fernando e Sorocaba,2012,14,https://www.letras.mus.br/fernando-sorocaba/1945414/,-1,0.29755709771850236
1449,Ferida Curada,musica1449,musica1449_trecho1,"Tão cheia de certeza, você duvidou Que não existia mais resquícios de amor Saiu perdida na vida, ficando por ficar E não contava que a saudade ia te encontrar",Zé Neto e Cristiano,2020,29,https://www.letras.mus.br/ze-neto-cristiano/ferida-curada/,-1,0.1941793023071251
1071,Ficha Limpa,musica1071,musica1071_trecho1,"Quando você me toca não arrepia a pele Suas palavras não me cortam, mas me ferem",Gusttavo Lima,2021,16,https://www.letras.mus.br/gusttavo-lima/ficha-limpa/,-1,0.13718410514757484
593,Fim de Namoro,musica593,musica593_trecho1,"Chegou a hora, eu vou ter que tomar uma decisão por nós dois Mesmo não tendo a certeza do que vai acontecer depois",Henrique & Juliano,2025,23,https://www.letras.mus.br/henrique-e-juliano/fim-de-namoro/,-1,0.28955873726498615
593,Fim de Namoro,musica593,musica593_trecho3,"Esse é o fim do nosso namoro Devolve a aliança de prata e toma aliança de ouro Esse é o fim do nosso namoro Vai lá no meu contato e apaga: Namorado, e escreve: Meu Noivo",Henrique & Juliano,2025,36,https://www.letras.mus.br/henrique-e-juliano/fim-de-namoro/,-1,0.0638961712569962
593,Fim de Namoro,musica593,musica593_trecho4,Te ver chorar com a sensação de me perder É o sim que cê falou pra mim sem me dizer Te ver chorar com a sensação de me perder É o sim que cê falou pra mim sem me dizer,Henrique & Juliano,2025,40,https://www.letras.mus.br/henrique-e-juliano/fim-de-namoro/,-1,0.12339074496250046
1454,Final de Semana,musica1454,musica1454_trecho11,Eu posso te fazer feliz por toda a vida E mais um final de semana,João Bosco & Vinícius,2012,15,https://www.letras.mus.br/joao-bosco-viniciusacustico/final-de-semana/,-1,0.14602144784027726
736,Flor de Plástico (part. Jorge e Mateus),musica736,musica736_trecho3,Olhando de longe é tão linda Mas me diz Por que me encantou depois matou meu amor Bem me quer mal me quis Com seu perfume você me enganou Foi tudo falso Foi vista na primavera mas na verdade era Flor de plástico,Fred & Fabrício,2023,43,https://www.letras.mus.br/fred-e-fabricio/flor-de-plastico-part-jorge-e-mateus/,-1,0.04806722890642634
50,Flor E O Beija-Flor (part. Marília Mendonça),musica50,musica50_trecho3,"Ai, que saudade de um beija-flor Que me beijou, depois voou Pra longe demais Pra longe de nós",Henrique & Juliano,2015,18,https://www.letras.mus.br/henrique-e-juliano/a-flor-e-o-beija-flor/,-1,0.050977145150064906
244,Flores Em Vida,musica244,musica244_trecho2,Quero sua companhia Caminhar na mesma direção É certo que um certo dia A vida nos separe em alguma estação,Zezé Di Camargo & Luciano,2014,20,https://www.letras.mus.br/zeze-di-camargo-e-luciano/flores-em-vida/,-1,0.1870207470062829
244,Flores Em Vida,musica244,musica244_trecho3,Quero flores em vida Seu sorriso a me iluminar As lágrimas de despedida Não estarei por perto pra enxugar,Zezé Di Camargo & Luciano,2014,19,https://www.letras.mus.br/zeze-di-camargo-e-luciano/flores-em-vida/,-1,0.19415952087515076
160,Fogueira,musica160,musica160_trecho1,"Não para de chover E eu preciso do Sol pra lembrar seu calor Se eu te magoei Desculpa, estou aprendendo o que é amor",Jorge & Mateus,2007,24,https://www.letras.mus.br/jorge-mateus/774531/,-1,0.14757731672225305
160,Fogueira,musica160,musica160_trecho2,"Nas noites mais escuras Nos bares, nas ruas Tudo é solidão Não me deixe sozinho, falta de carinho Rima com nova paixão",Jorge & Mateus,2007,22,https://www.letras.mus.br/jorge-mateus/774531/,-1,0.39339402210141194
250,Foi por Conveniência,musica250,musica250_trecho3,"Não foi por amor, foi aquele domingo de cama vazia Saudade dos filhos, da mensagem de bom dia Medo de morrer sozinho, pressão da família Foi tudo, menos isso que chamam de amor",Marília Mendonça,2021,33,https://www.letras.mus.br/marilia-mendonca/conveniencia/,-1,0.16248846283971186
250,Foi por Conveniência,musica250,musica250_trecho4,"Não teve pedido, nem data marcada Nem quer casar comigo, nem beijo na escada Em nome da solidão e da carência Não foi por amor, foi por conveniência",Marília Mendonça,2021,28,https://www.letras.mus.br/marilia-mendonca/conveniencia/,-1,0.16248846283971152
250,Foi por Conveniência,musica250,musica250_trecho8,"Não foi por amor, foi por conveniência Não foi por amor, foi por conveniência",Marília Mendonça,2021,14,https://www.letras.mus.br/marilia-mendonca/conveniencia/,-1,0.16248846283971186
1310,Folgado,musica1310,musica1310_trecho1,"Não venha, não Eu vivo do jeito que eu quero, não pedi opinião Você chegou agora e tá querendo mandar em mim Da minha vida cuido eu Deitou na minha cama e quer dormir com o travesseiro",Marília Mendonça,2015,37,https://www.letras.mus.br/marilia-mendonca/folgado/,-1,0.16175103118498202
1310,Folgado,musica1310,musica1310_trecho3,"Não venha, não Tá querendo pegar no pé, você nunca me deu a mão Eu não sou obrigada a viver dando satisfação Da minha vida cuido eu Tô vendo, se continuar assim, cê vai morrer solteiro",Marília Mendonça,2015,36,https://www.letras.mus.br/marilia-mendonca/folgado/,-1,0.05781365351999812
1310,Folgado,musica1310,musica1310_trecho5,Folgado! Maldita hora que eu chamei você de namorado Imagina se a gente tivesse casado Deus me livre da latada que eu ia entrar Dá um arrepio,Marília Mendonça,2015,27,https://www.letras.mus.br/marilia-mendonca/folgado/,-1,0.06389617125699609
1310,Folgado,musica1310,musica1310_trecho6,Folgado Maldita hora que eu chamei você de namorado Imagina se a gente tivesse casado Deus me livre da latada que eu iria entrar Dá um arrepio só de imaginar,Marília Mendonça,2015,30,https://www.letras.mus.br/marilia-mendonca/folgado/,-1,0.0638961712569962
1310,Folgado,musica1310,musica1310_trecho9,Folgado! Maldita hora que eu chamei você de namorado Imagina se a gente tivesse casado Deus me livre da latada que eu iria entrar Dá um arrepio só de imaginar,Marília Mendonça,2015,30,https://www.letras.mus.br/marilia-mendonca/folgado/,-1,0.06389617125699598
1079,Fora do Comum,musica1079,musica1079_trecho1,"Nossa história é longa, mas vou resumir Perguntas sem respostas, te respondo sim Entrada sem saída do meu coração Depois de enfeitiçado nessa ilusão",Gusttavo Lima,2011,24,https://www.letras.mus.br/gusttavo-lima/1831161/,-1,0.05097714515006524
1079,Fora do Comum,musica1079,musica1079_trecho2,"Eu sei que pra você é fácil superar Em outra pessoa, em qualquer lugar A tática perfeita eu vou elaborar Em outra ocasião a gente se reencontrar Se amar",Gusttavo Lima,2011,29,https://www.letras.mus.br/gusttavo-lima/1831161/,-1,0.13720254801190424
1079,Fora do Comum,musica1079,musica1079_trecho4,"A nossa história é longa, mas vou resumir Perguntas sem respostas, te respondo sim Entrada sem saída do meu coração Depois de enfeitiçado nessa ilusão",Gusttavo Lima,2011,25,https://www.letras.mus.br/gusttavo-lima/1831161/,-1,0.05097714515006446
762,Fotos,musica762,musica762_trecho2,Finjo que o tempo não passou Busco em outros olhos ver você Fotos do que foi o nosso amor Não revelam outra pessoa pra ser,Victor & Leo,2007,25,https://www.letras.mus.br/victor-leo/1088823/,-1,0.050977145150064684
138,Fronteira (part. Gustavo Mioto),musica138,musica138_trecho1,"Não emociona eu, não Cê não brinca comigo Que meu coração tá quieto Tá longe de qualquer risco Sabe aquele placa de aviso? Cuidado, perigo, cê ultrapassou Então pensa bem nas consequências Desse eu te amo que você falou",Ana Castela,2024,39,https://www.letras.mus.br/ana-castela/fronteira-part-gustavo-mioto/,-1,0.07241193726799189
138,Fronteira (part. Gustavo Mioto),musica138,musica138_trecho2,Acho bom cê não ficar brincando com a expectativa que você criou,Ana Castela,2024,12,https://www.letras.mus.br/ana-castela/fronteira-part-gustavo-mioto/,-1,0.05354484320322839
138,Fronteira (part. Gustavo Mioto),musica138,musica138_trecho5,"Não emociona eu, não Cê não brinca comigo Que meu coração tá quieto Tá longe de qualquer risco Sabe aquela placa de aviso? Cuidado, perigo, cê ultrapassou Então pensa bem nas consequências Desse eu te amo que você falou",Ana Castela,2024,39,https://www.letras.mus.br/ana-castela/fronteira-part-gustavo-mioto/,-1,0.072411937267992
138,Fronteira (part. Gustavo Mioto),musica138,musica138_trecho6,Eu acho bom cê não ficar brincando com a expectativa que você criou,Ana Castela,2024,13,https://www.letras.mus.br/ana-castela/fronteira-part-gustavo-mioto/,-1,0.05354484320322883
138,Fronteira (part. Gustavo Mioto),musica138,musica138_trecho9,"Cê tá cruzando a fronteira Se quer isso, bora, se não, nem me beija",Ana Castela,2024,14,https://www.letras.mus.br/ana-castela/fronteira-part-gustavo-mioto/,-1,0.03386926396568024
1087,Fugidinha,musica1087,musica1087_trecho3,"Tô bem na parada, ninguém consegue entender Chego na balada, todos param pra me ver Tudo dando certo, mas eu tô esperto Não posso botar tudo a perder",Michel Teló,2010,28,https://www.letras.mus.br/michel-telo/1679247/,-1,0.0484190586225155
1087,Fugidinha,musica1087,musica1087_trecho4,"Sempre tem aquela pessoa especial Que fica na dela, sabe seu potencial E mexe comigo, isso é um perigo Logo agora que eu fiquei legal",Michel Teló,2010,25,https://www.letras.mus.br/michel-telo/1679247/,-1,0.3123436176973232
1087,Fugidinha,musica1087,musica1087_trecho5,Tô morrendo de vontade de te agarrar Não sei quanto tempo mais vou suportar Mas pra gente se encontrar ninguém pode saber Já pensei e sei o que devo fazer,Michel Teló,2010,30,https://www.letras.mus.br/michel-telo/1679247/,-1,0.26786037348348746
1087,Fugidinha,musica1087,musica1087_trecho6,"O jeito é dar uma fugidinha com você O jeito é dar uma fugida com você Se você quer saber o que vai acontecer Primeiro a gente foge, depois a gente vê O jeito é dar uma fugidinha com você O jeito é dar uma fugida com você Se você quer saber o que vai acontecer Primeiro a gente foge, depois a gente vê",Michel Teló,2010,64,https://www.letras.mus.br/michel-telo/1679247/,-1,0.06619607397359384
1087,Fugidinha,musica1087,musica1087_trecho10,Tô morrendo de vontade de te agarrar Não sei quanto tempo mais vou suportar Mas pra gente se encontrar ninguém pode saber Já pensei e sei o que devo fazer O jeito é dar uma fugidinha com você O jeito é dar uma fugida com você Se você quer saber o que vai acontecer Primeiro a gente foge (e o quê?),Michel Teló,2010,61,https://www.letras.mus.br/michel-telo/1679247/,-1,0.07736219548251322
1087,Fugidinha,musica1087,musica1087_trecho11,"O jeito é dar uma fugidinha com você O jeito é dar uma fugida com você Se você quer saber o que vai acontecer Primeiro a gente foge, depois a gente vê O jeito é dar uma fugidinha com você O jeito é dar uma fugida com você Se você quer saber o que vai acontecer Primeiro a gente foge, depois a gente vê Vamo lá",Michel Teló,2010,66,https://www.letras.mus.br/michel-telo/1679247/,-1,0.06619607397359406
629,Fui Fiel,musica629,musica629_trecho2,"Te amei, te mostrei que o meu amor Foi o mais profundo Me doei, me entreguei, fui fiel Chorei, chorei",Gusttavo Lima,2014,20,https://www.letras.mus.br/gusttavo-lima/fui-fiel/,-1,0.5503355286800173
629,Fui Fiel,musica629,musica629_trecho3,"Hoje eu acordei, me veio a falta de você Saudade de você, saudade de você Lembrei que me acordava de manhã só pra dizer Bom dia, meu bebê! Te amo, meu bebê!",Gusttavo Lima,2014,32,https://www.letras.mus.br/gusttavo-lima/fui-fiel/,-1,0.05937448034250381
850,Fumo da Noite,musica850,musica850_trecho1,"Ô, delegado, arquiva esse caso Eu sei que quem bate na traseira sempre tá errado Mas escuta meu lado, se você ama ou já foi amado Com certeza eu vou ser inocentado",Danilo e Davi,2023,32,https://www.letras.mus.br/danilo-e-davi/fumo-da-noite/,-1,0.08613884186189813
850,Fumo da Noite,musica850,musica850_trecho3,"Nesse trânsito parado Assumo que me distraí Ela postou foto nova com alguém Quando eu vi, bati",Danilo e Davi,2023,17,https://www.letras.mus.br/danilo-e-davi/fumo-da-noite/,-1,0.13504439830389037
116,Garotas Não Merecem Chorar,musica116,musica116_trecho1,Ela é uma mulher-menina que precisa urgentemente ser mais forte Ela quer alguém que leia seu sorriso antes de olhar o seu decote Ela vê suas amigas se entregando ao primeiro que aparecer Numa tentativa boba de se preencher,Luan Santana,2013,39,https://www.letras.mus.br/luan-santana/garotas-nao-merecem-chorar/,-1,0.1232029371693002
116,Garotas Não Merecem Chorar,musica116,musica116_trecho2,"Garotas querem mais amor de verdade, mais sinceridade Garotos são todos iguais: Têm necessidade, não passam vontade Mas tô aqui pra provar",Luan Santana,2013,22,https://www.letras.mus.br/luan-santana/garotas-nao-merecem-chorar/,-1,0.23713554148309757
116,Garotas Não Merecem Chorar,musica116,musica116_trecho3,"Eu não te deixaria por uma aventura à toa (oh) E nem te trocaria por qualquer outra pessoa (oh) Só pra matar a vontade, o crime não compensa Garotas inocentes não merecem chorar (oh) Por garotos que não têm a verdade no olhar (oh) Escolhi ser diferente, amor Só pra te amar (Oh, oh)",Luan Santana,2013,54,https://www.letras.mus.br/luan-santana/garotas-nao-merecem-chorar/,-1,0.08256045068915474
116,Garotas Não Merecem Chorar,musica116,musica116_trecho6,"Eu não te deixaria por uma aventura à toa (oh) E nem te trocaria por qualquer outra pessoa (oh) Só pra matar a vontade, o crime não compensa Garotas inocentes não merecem chorar (oh) Por garotos que não têm a verdade no olhar (oh) Escolhi ser diferente, amor",Luan Santana,2013,48,https://www.letras.mus.br/luan-santana/garotas-nao-merecem-chorar/,-1,0.08256045068915507
116,Garotas Não Merecem Chorar,musica116,musica116_trecho7,"Eu não te deixaria por uma aventura à toa (oh) E nem te trocaria por qualquer outra pessoa (oh) O crime não compensa Garotas inocentes não merecem chorar (oh) Por garotos que não têm a verdade no olhar (oh) Escolhi ser diferente, amor Só pra te amar",Luan Santana,2013,47,https://www.letras.mus.br/luan-santana/garotas-nao-merecem-chorar/,-1,0.08256045068915485
1153,Gatinha Assanhada,musica1153,musica1153_trecho1,"Gatinha assanhada, cê tá querendo o quê? Eu quero mexer, eu quero mexer",Gusttavo Lima,2012,13,https://www.letras.mus.br/gusttavo-lima/gatinha-assanhada/,-1,0.07329018943021559
1130,Gaveta,musica1130,musica1130_trecho3,"Tá duvidando, é? Cuidado Que eu te esqueço e você cai do cavalo Tá se achando, é? Aproveita Que um dia eu te esqueço na gaveta Que um dia eu te esqueço na gaveta",Fernando e Sorocaba,2014,34,https://www.letras.mus.br/fernando-sorocaba/gaveta/,-1,0.08613884186189791
1130,Gaveta,musica1130,musica1130_trecho7,"Tá duvidando, é? Cuidado Que eu te esqueço e você cai do cavalo Tá se achando, é? Aproveita Que um dia eu te esqueço na gaveta Na gaveta",Fernando e Sorocaba,2014,28,https://www.letras.mus.br/fernando-sorocaba/gaveta/,-1,0.08613884186189802
584,Gerente da Sicredi (part. CountryBeat),musica584,musica584_trecho3,"Comprei um Hilucão Enchi ela de som Se a vida tem dois lados, eu vou viver só o lado bão",Bruno e Barretto,2025,20,https://www.letras.mus.br/bruno-e-barretto/gerente-da-sicredi-part-countrybeat/,-1,0.32898134945427127
584,Gerente da Sicredi (part. CountryBeat),musica584,musica584_trecho4,"Alô gerente da Sicredi, aumenta aí O limite do cartão Black que eu vou sortá Ele na mão das piriguete Passa combo de Black Passa combo de Red Passa combo de Jack",Bruno e Barretto,2025,32,https://www.letras.mus.br/bruno-e-barretto/gerente-da-sicredi-part-countrybeat/,-1,0.1173014075888672
1177,Girassol,musica1177,musica1177_trecho2,Não tô querendo me envolver Mas eu já me envolvi com você Eu tô querendo te falar E você vai me ouvir te dizer,João Bosco & Vinícius,2014,24,https://www.letras.mus.br/joao-bosco-viniciusacustico/girassol/,-1,0.2871080108022175
1373,Gordinho Saliente,musica1373,musica1373_trecho3,"Que ignorância da sua mãe que te fez tão gostosa assim Que covardia do seu pai deixar você sair Cê tem coragem de experimentar esse gordinho? Cê é boa demais, não deu pra resistir",Henrique & Juliano,2014,34,https://www.letras.mus.br/henrique-e-juliano/gordinho-saliente/,-1,0.1797379182395329
503,Gosta de Rua,musica503,musica503_trecho1,"E tá, então tá Era alguém parecido, seu sapato nem viu rua Tá, então tá Então explica essa foto sua",Felipe e Rodrigo,2024,20,https://www.letras.mus.br/felipe-e-rodrigo/gosta-de-rua/,-1,0.13734093965018845
503,Gosta de Rua,musica503,musica503_trecho3,"Já vi de tudo nessa vida Gente que gosta de tapa, e alguns, de carinho Mas seu fetiche é trair",Felipe e Rodrigo,2024,20,https://www.letras.mus.br/felipe-e-rodrigo/gosta-de-rua/,-1,0.15781392652394888
503,Gosta de Rua,musica503,musica503_trecho4,Já que cê gosta tanto de rua Pega suas coisas e vaza Hoje cê dorme em qualquer fim de mundo Menos aqui em casa,Felipe e Rodrigo,2024,24,https://www.letras.mus.br/felipe-e-rodrigo/gosta-de-rua/,-1,0.1578139265239492
401,Graveto,musica401,musica401_trecho1,Vou ser sincero com você Acho que pra mim já deu Faz um tempinho que não sou seu Até a cama percebeu Que esfriou demais E o seu toque não traz,Marília Mendonça,2020,31,https://www.letras.mus.br/marilia-mendonca/graveto/,-1,0.31856226264423204
481,Hackearam-Me (part. Tierry),musica481,musica481_trecho3,Meu coração clonou meu chip E só para te avisar Se essa noite eu te ligar Não me atenda,Marília Mendonça,2020,19,https://www.letras.mus.br/marilia-mendonca/hackearam-me-part-tierry/,-1,0.06619607397359406
481,Hackearam-Me (part. Tierry),musica481,musica481_trecho5,"Dizendo: Ainda te amo É alguém que sabe que eu te perdi Hackearam-me, hackearam-me",Marília Mendonça,2020,14,https://www.letras.mus.br/marilia-mendonca/hackearam-me-part-tierry/,-1,0.11782682588371574
481,Hackearam-Me (part. Tierry),musica481,musica481_trecho11,"Dizendo: Ainda te amo, te amo, te amo É alguém que sabe que eu te perdi Hackearam-me, hackearam-me Joguei as nossas fotos na lixeira",Marília Mendonça,2020,24,https://www.letras.mus.br/marilia-mendonca/hackearam-me-part-tierry/,-1,0.11782682588371607
1572,Halls Preto,musica1572,musica1572_trecho12,"Pra esfriar a cabeça Diz que tem Halls Preto Tem, tem Se quiser tenho também Diz que tem, tem, tem É gostoso, vem que vem Diz que tem, tem E se quiser",Conrado e Aleksandro,2013,32,https://www.letras.mus.br/conrado-aleksandro/halls-preto/,-1,0.10386261569932342
1572,Halls Preto,musica1572,musica1572_trecho13,"Pra esfriar a cabeça Diz que tem Halls Preto Tem, tem Tem, tem, tem, tem Diz que tem, tem, tem É gostoso, vem que vem Diz que tem, tem Se quiser",Conrado e Aleksandro,2013,31,https://www.letras.mus.br/conrado-aleksandro/halls-preto/,-1,0.10386261569932309
1343,Hoje Eu Tô Terrível,musica1343,musica1343_trecho1,"Ela não quis me namorar, perdeu Tô muito bem solteiro, agora quem não quer sou eu Cheio de mulher na minha volta (meu Deus!) Uma amiga dela veio e me reconheceu",Cristiano Araújo,2014,31,https://www.letras.mus.br/cristiano-araujo/hoje-eu-to-terrivel/,-1,0.6841461884745068
1343,Hoje Eu Tô Terrível,musica1343,musica1343_trecho2,"Sei que sou gostoso, pode conferir, meu bem Eu já peguei sua amiga, mas quero você também Tem pra todo mundo, não precisa preocupar Minha casa tá sozinha e hoje não vai prestar",Cristiano Araújo,2014,33,https://www.letras.mus.br/cristiano-araujo/hoje-eu-to-terrivel/,-1,0.27307506941418225
1343,Hoje Eu Tô Terrível,musica1343,musica1343_trecho3,"Pra romance é off, pra balada é disponível Hoje eu tô terrível, hoje eu tô terrível Pra romance é off, pra balada é disponível Hoje eu tô terrível, hoje eu tô terrível",Cristiano Araújo,2014,32,https://www.letras.mus.br/cristiano-araujo/hoje-eu-to-terrivel/,-1,0.6848464709968788
1343,Hoje Eu Tô Terrível,musica1343,musica1343_trecho6,"Pra romance é off, pra balada é disponível Hoje eu tô terrível, hoje eu tô terrível Pra romance é off, pra balada é disponível Hoje eu tô terrível, hoje eu tô terrível Eu tô terrível",Cristiano Araújo,2014,35,https://www.letras.mus.br/cristiano-araujo/hoje-eu-to-terrivel/,-1,0.6848464709968787
1398,Hoje Não (part. Thaeme e Thiago),musica1398,musica1398_trecho2,"Lembra daquele bolo que me deu Daquela noite que você não apareceu Foi cara-de-pau de me ligar de madrugada Querendo se explicar, vindo aqui na minha casa Pode gritar fazer barraco Pode até chamar o Papa Pode querer, fica querendo",Luan Santana,2013,40,https://www.letras.mus.br/luan-santana/hoje-nao/,-1,0.11939728060426802
1482,Hoje Somos Só Metade,musica1482,musica1482_trecho2,A gente falava de amor Que pena que a nossa voz já se calou E a cama que dormimos não tem mais calor Dois estranhos perdidos Tão perto e distantes do amor,Marília Mendonça,2015,32,https://www.letras.mus.br/marilia-mendonca/hoje-somos-so-metade/,-1,0.03525047350620347
1482,Hoje Somos Só Metade,musica1482,musica1482_trecho3,Que pena que a nossa voz já se calou E a cama que dormimos não tem mais calor Dois estranhos perdidos,Marília Mendonça,2015,21,https://www.letras.mus.br/marilia-mendonca/hoje-somos-so-metade/,-1,0.39339402210141217
1482,Hoje Somos Só Metade,musica1482,musica1482_trecho4,"Fomos dois, viramos um Hoje, somos só metade Chegamos em lugar nenhum Hoje, somos só metade",Marília Mendonça,2015,16,https://www.letras.mus.br/marilia-mendonca/hoje-somos-so-metade/,-1,0.2901533104355797
1293,Hoje Sonhei Com Você,musica1293,musica1293_trecho5,"E quando te beijei, você tão linda me abraçou Me disse assim sorrindo: Bom dia, meu amor! A minha vida é um sonho por poder te encontrar E por você me amar",Humberto e Ronaldo,2013,32,https://www.letras.mus.br/humberto-ronaldo/hoje-sonhei-com-voce/,-1,0.24702819284151256
348,Homem de Família,musica348,musica348_trecho3,"E quem me viu, se visse hoje não acreditaria Que o cachaceiro virou homem de família Troquei a noite pelo dia",Gusttavo Lima,2016,21,https://www.letras.mus.br/gusttavo-lima/homem-de-familia/,-1,0.022548366537232356
348,Homem de Família,musica348,musica348_trecho4,"E quem me viu, se visse hoje não acreditaria Troquei o bar, agora é só sorveteria Só eu e ela quem diria Que o cachaceiro virou homem de família",Gusttavo Lima,2016,29,https://www.letras.mus.br/gusttavo-lima/homem-de-familia/,-1,0.0225483665372328
348,Homem de Família,musica348,musica348_trecho7,"E quem me viu, se visse hoje não acreditaria Deixei o bar, agora é só sorveteria Só eu e ela quem diria Que o cachaceiro virou homem de família",Gusttavo Lima,2016,29,https://www.letras.mus.br/gusttavo-lima/homem-de-familia/,-1,0.02254836653723269
348,Homem de Família,musica348,musica348_trecho8,"Acreditaria, que o cachaceiro virou homem de família Troquei a noite pelo dia",Gusttavo Lima,2016,13,https://www.letras.mus.br/gusttavo-lima/homem-de-familia/,-1,0.022548366537232356
348,Homem de Família,musica348,musica348_trecho10,"Só eu e ela quem diria Que o cachaceiro virou homem de família, de família",Gusttavo Lima,2016,15,https://www.letras.mus.br/gusttavo-lima/homem-de-familia/,-1,0.022548366537232578
1397,Homens e Anjos,musica1397,musica1397_trecho1,"Eu vivo no chão, ela tem asas Sou a escuridão, ela é iluminada Ela é tudo, eu sou quase nada Homens e anjos",Fernando e Sorocaba,2013,23,https://www.letras.mus.br/fernando-sorocaba/homens-e-anjos/,-1,0.12320293716930031
1397,Homens e Anjos,musica1397,musica1397_trecho2,"Sou tão comum, ela é diferente Sou tão ciumento, mas anjos não mentem Morro por ela, ela vive pra gente Homens e anjos",Fernando e Sorocaba,2013,23,https://www.letras.mus.br/fernando-sorocaba/homens-e-anjos/,-1,0.12320293716930031
1397,Homens e Anjos,musica1397,musica1397_trecho4,"Parece estranho, mas nós nos amamos Homens e anjos",Fernando e Sorocaba,2013,9,https://www.letras.mus.br/fernando-sorocaba/homens-e-anjos/,-1,0.2576939490581006
1397,Homens e Anjos,musica1397,musica1397_trecho5,"Os nossos caminhos se encontravam Talvez foi destino, talvez o acaso O doce o amargo, a pureza e o pecado Homens e anjos",Fernando e Sorocaba,2013,23,https://www.letras.mus.br/fernando-sorocaba/homens-e-anjos/,-1,0.2576939490581005
1397,Homens e Anjos,musica1397,musica1397_trecho10,"Parece estranho mas, nós nos amamos Homens e anjos",Fernando e Sorocaba,2013,9,https://www.letras.mus.br/fernando-sorocaba/homens-e-anjos/,-1,0.2576939490581003
1118,Humilde Residência,musica1118,musica1118_trecho1,Vou te esperar aqui Mas vê se atende o telefone mesmo se for a cobrar Hoje eu não vou sair Porque meu carro tá quebrado Eu não tô podendo gastar,Michel Teló,2011,30,https://www.letras.mus.br/michel-telo/1993728/,-1,0.2947808309178267
1118,Humilde Residência,musica1118,musica1118_trecho2,Quando chegar aqui Me dê um grito lá na frente Eu vou correndo te buscar Não tem ninguém aqui Mas vou deixar a luz acesa,Michel Teló,2011,25,https://www.letras.mus.br/michel-telo/1993728/,-1,0.054459055366037346
1118,Humilde Residência,musica1118,musica1118_trecho3,Já te passei meu celular e o endereço Naquele dia em que te vi sair de casa Eu tô ligado que você sempre me deu uma moral Até dizia que me amava,Michel Teló,2011,32,https://www.letras.mus.br/michel-telo/1993728/,-1,0.05937448034250392
1118,Humilde Residência,musica1118,musica1118_trecho4,"Agora tá mudada, se formou na faculdade No meu cursinho eu não cheguei nem na metade Você tá muito diferente Eu vou atrás, você na frente Tô louco pra te pegar",Michel Teló,2011,31,https://www.letras.mus.br/michel-telo/1993728/,-1,0.07774891873158385
1118,Humilde Residência,musica1118,musica1118_trecho5,Vou te esperar Na minha humilde residência Pra gente fazer amor Mas eu te peço só um pouquinho de paciência A cama tá quebrada e não tem cobertor,Michel Teló,2011,28,https://www.letras.mus.br/michel-telo/1993728/,-1,0.12454953450741735
1121,I Love You,musica1121,musica1121_trecho7,Me ame como eu amo tu Me ame como eu amo tu,Marcos & Belutti,2012,12,https://www.letras.mus.br/marcos-belutti/i-love-you/,-1,0.18201275875842915
1409,Idas e Voltas,musica1409,musica1409_trecho2,"Odeio quando você vai, vai, vai, vai E demora pra voltar Eu nunca sei se a gente só tá revivendo Ou tentando recomeçar",Jorge & Mateus,2015,23,https://www.letras.mus.br/jorge-mateus/idas-e-voltas/,-1,0.04188496596760116
1409,Idas e Voltas,musica1409,musica1409_trecho6,"E odeio quando você vai, vai, vai, vai, vai, vai E demora pra voltar Eu nunca sei se a gente só ta revivendo Ou tentando recomeçar",Jorge & Mateus,2015,26,https://www.letras.mus.br/jorge-mateus/idas-e-voltas/,-1,0.04188496596760083
278,ILHA,musica278,musica278_trecho4,"Também vou procurar outro amor em outro planeta Guardo seu ciúme em qualquer gaveta Primeiro a gente peita, depois a gente aceita Que amores vem, amores vão Cê vai pro céu, volta pro chão",Luan Santana,2025,34,https://www.letras.mus.br/luan-santana/ilha/,-1,0.19340496805520124
870,Impasse (part. Henrique & Juliano),musica870,musica870_trecho1,"Eu só queria entender seus pensamentos E o que realmente tá rolando E o que te faz fugir de mim Te juro, estou tentando ler seus olhos Mas percebo que disfarça E não consegue me encarar",Marília Mendonça,2015,36,https://www.letras.mus.br/marilia-mendonca/impasse/,-1,0.06711683603681107
870,Impasse (part. Henrique & Juliano),musica870,musica870_trecho3,Você diz que não E eu acho que sim Você não se entrega Seu medo te cerca Te pega e te joga Pra longe de mim,Marília Mendonça,2015,26,https://www.letras.mus.br/marilia-mendonca/impasse/,-1,0.06711683603681096
870,Impasse (part. Henrique & Juliano),musica870,musica870_trecho7,Você diz que não Eu acho que sim Você não se entrega Seu medo te cerca Te pega e te joga Pra longe de mim,Marília Mendonça,2015,25,https://www.letras.mus.br/marilia-mendonca/impasse/,-1,0.06711683603681129
438,Imperfeito,musica438,musica438_trecho2,Tua foto no espelho Um pedacinho de ilusão A cama ainda tem seu cheiro Perfume de sedução,Zezé Di Camargo,2021,17,https://www.letras.mus.br/zeze-di-camargo/imperfeito/,-1,0.18781141449860206
438,Imperfeito,musica438,musica438_trecho6,O céu e a terra aqui se juntam Porque eu não posso mais te amar Vivo e morro entre perguntas Sem respostas pra me dar,Zezé Di Camargo,2021,25,https://www.letras.mus.br/zeze-di-camargo/imperfeito/,-1,0.02976157357732445
303,Impressionando Os Anjos,musica303,musica303_trecho1,"Hoje foi tudo bem, só um pouco cansativo Dia duro no trabalho que acabou comigo Tô aqui com os pés pra cima pronto pra dormir",Gustavo Mioto,2017,25,https://www.letras.mus.br/gustavo-mioto/impressionando-os-anjos/,-1,0.15304148646200122
303,Impressionando Os Anjos,musica303,musica303_trecho3,"Tirando isso, do resto até que eu tô dando conta A Julinha tá banguela e o Pedro só apronta O que faltava do carro, eu já quitei a conta",Gustavo Mioto,2017,29,https://www.letras.mus.br/gustavo-mioto/impressionando-os-anjos/,-1,0.058881742526842085
1361,Incerteza,musica1361,musica1361_trecho1,"Eu sou do tipo de pessoa que ama rápido demais Meu jeito todo estranho não combina com os normais E eu olho pro relógio e espero o tempo passar Sempre penso que é você, quando toca o celular",Matheus & Kauan,2016,38,https://www.letras.mus.br/matheus-kauan/incerteza/,-1,0.14605291679649102
1361,Incerteza,musica1361,musica1361_trecho2,"Se recebo um bom dia, soa como eu te amo Bagunçou a minha vida, mudou todos os meus planos Eu dependo desse amor que até hoje não me deu E eu fico na saudade de alguém que não é meu",Matheus & Kauan,2016,40,https://www.letras.mus.br/matheus-kauan/incerteza/,-1,0.13032188245225473
1361,Incerteza,musica1361,musica1361_trecho3,E nessa incerteza Deu uma vontade louca de virar a mesa No bar eu amanheço e perco a cabeça Não sei se seus abraços são meus,Matheus & Kauan,2016,26,https://www.letras.mus.br/matheus-kauan/incerteza/,-1,0.2509918210960266
505,Incondicional,musica505,musica505_trecho1,"Eu vou pedir ao Sol pra iluminar nosso caminho E todas as estrelas pra enfeitar nosso destino Me leve onde for, segure a minha mão Pois sei que você vai ser a minha direção",Luan Santana,2012,34,https://www.letras.mus.br/luan-santana/incondicional/,-1,0.04498984439113107
505,Incondicional,musica505,musica505_trecho2,"A gente é assim, temos tanta coisa em comum Você tem marca em mim e pra você não sou mais um Assim é nosso amor, tão forte como a noite Perfeito como o dia",Luan Santana,2012,34,https://www.letras.mus.br/luan-santana/incondicional/,-1,0.04619245437586661
505,Incondicional,musica505,musica505_trecho7,"Em minhas digitais já tem um pouco de você Eu sigo os seus sinais, assim nunca vou te perder É incondicional, você tem a forma exata pra me prender Em você",Luan Santana,2012,31,https://www.letras.mus.br/luan-santana/incondicional/,-1,0.059374480342504254
706,Inesperado,musica706,musica706_trecho1,Entrei pra ver se dava pé nesse amor Mergulhei Que atire a primeira pedra quem não se entregou Como eu me entreguei,Jorge & Mateus,2018,22,https://www.letras.mus.br/jorge-mateus/inesperado/,-1,0.23524297029001995
895,Infarto,musica895,musica895_trecho2,Eu tenho uma doença Que tem um metro e sessenta E acabou de entrar ali naquela porta Fecha a conta Tá aumentando os sintomas,Diego e Victor Hugo,2018,24,https://www.letras.mus.br/diego-victor-hugo/infarto/,-1,0.1600336562835053
895,Infarto,musica895,musica895_trecho3,"E o peito tá doendo Tomara que seja infarto Se for amor, eu tô ferrado Aí vai ser pior o estrago",Diego e Victor Hugo,2018,21,https://www.letras.mus.br/diego-victor-hugo/infarto/,-1,0.04722091500761816
18,Infiel,musica18,musica18_trecho1,Isso não é uma disputa Eu não quero te provocar Descobri faz um ano e tô te procurando pra dizer Hoje a farsa vai acabar,Marília Mendonça,2015,25,https://www.letras.mus.br/marilia-mendonca/infiel/,-1,0.2869845414832788
18,Infiel,musica18,musica18_trecho2,"Hoje não tem hora de ir embora Hoje ele vai ficar No momento deve estar feliz e achando que ganhou Não perdi nada, acabei de me livrar",Marília Mendonça,2015,27,https://www.letras.mus.br/marilia-mendonca/infiel/,-1,0.050610626208084875
18,Infiel,musica18,musica18_trecho3,"Com certeza ele vai atrás, mas com outra intenção Tá sem casa, sem rumo e você é a única opção E agora, será que aguenta a barra sozinha? Se sabia de tudo, se vira, a culpa não é minha",Marília Mendonça,2015,39,https://www.letras.mus.br/marilia-mendonca/infiel/,-1,0.6432413836199748
18,Infiel,musica18,musica18_trecho4,"O seu prêmio, que não vale nada, estou te entregando Pus as malas lá fora e ele ainda saiu chorando Essa competição por amor só serviu pra me machucar Tá na sua mão, você agora vai cuidar de um traidor Me faça esse favor",Marília Mendonça,2015,44,https://www.letras.mus.br/marilia-mendonca/infiel/,-1,0.03184794712838679
18,Infiel,musica18,musica18_trecho6,"Iê, iê, iê, infiel Agora ela vai fazer o meu papel Daqui um tempo você vai se acostumar E aí vai ser a ela a quem vai enganar Você não vai mudar",Marília Mendonça,2015,32,https://www.letras.mus.br/marilia-mendonca/infiel/,-1,0.062389070460874274
18,Infiel,musica18,musica18_trecho10,"Iê-ê-ê, infiel Agora ela vai fazer o meu papel Daqui um tempo você vai se acostumar E aí vai ser a ela a quem vai enganar Você não vai mudar",Marília Mendonça,2015,30,https://www.letras.mus.br/marilia-mendonca/infiel/,-1,0.06238907046087416
527,Instinto Animal,musica527,musica527_trecho1,"Dizem que o homem tem instinto animal Só sei dizer que o homem que ama uma mulher Não cai, não trai o seu amor Fica frágil, bobo, e de caçador é caça É assim que eu sou",Zé Henrique & Gabriel,2005,37,https://www.letras.mus.br/ze-henrique-gabriel/172965/,-1,0.13229763280894746
527,Instinto Animal,musica527,musica527_trecho2,Um homem pra ser homem Não precisa provar que é homem conquistando um harém Mas precisa várias vezes conquistar o amor da mulher que tem Sonhar teus sonhos,Zé Henrique & Gabriel,2005,28,https://www.letras.mus.br/ze-henrique-gabriel/172965/,-1,0.23713554148309768
527,Instinto Animal,musica527,musica527_trecho3,"Tem que ter o dom de apaixonar Não ter vergonha de falar que é louco por ela Quando uma mulher te ama, ama pra valer Não duvide dela",Zé Henrique & Gabriel,2005,28,https://www.letras.mus.br/ze-henrique-gabriel/172965/,-1,0.09378518158432947
527,Instinto Animal,musica527,musica527_trecho4,Não tem segredos no amor Não tem mistério a paixão Quem ama de verdade sabe tudo um do outro É coração!,Zé Henrique & Gabriel,2005,21,https://www.letras.mus.br/ze-henrique-gabriel/172965/,-1,0.1970124828766282
527,Instinto Animal,musica527,musica527_trecho6,Homem pra ser homem Não precisa provar que é homem conquistando um harém Mas precisa várias vezes conquistar o amor da mulher que tem Sonhar teus sonhos,Zé Henrique & Gabriel,2005,27,https://www.letras.mus.br/ze-henrique-gabriel/172965/,-1,0.2371355414830979
556,Intenção (part. Gaab),musica556,musica556_trecho1,Desculpa o meu tom de voz É que não estamos a sós Tô falando baixinho pra ninguém sacar minha intenção,Marília Mendonça,2019,20,https://www.letras.mus.br/marilia-mendonca/intencao-part-gaab/,-1,0.028858922750501947
556,Intenção (part. Gaab),musica556,musica556_trecho2,Vamos sair daqui Lugar melhor não vai faltar Onde eu possa até falar mais alto e você gritar,Marília Mendonça,2019,18,https://www.letras.mus.br/marilia-mendonca/intencao-part-gaab/,-1,0.13641523599784167
556,Intenção (part. Gaab),musica556,musica556_trecho3,"Eu não tô de palhaçada, vamo lá pra casa Bora, que o cafofo hoje é brasa E nesse tanto de curva, eu me arrisco até na contramão Deixa eu te apresentar pro meu colchão",Marília Mendonça,2019,34,https://www.letras.mus.br/marilia-mendonca/intencao-part-gaab/,-1,0.16003365628350485
556,Intenção (part. Gaab),musica556,musica556_trecho6,"Fala baixinho, vamo pra minha suíte, vixe Altos fetiche, ah, imagina a gente no 220 Tomando um vinho Hoje você vai ser a minha taça Pode ficar em paz, amor, relaxa Que hoje você tá aqui em casa",Marília Mendonça,2019,38,https://www.letras.mus.br/marilia-mendonca/intencao-part-gaab/,-1,0.1475600864172334
556,Intenção (part. Gaab),musica556,musica556_trecho7,"E não explana pra não estragar É que amanhã eu tô em outro lugar Mas se quiser de novo, é só chamar Só não exagera pra não enjoar",Marília Mendonça,2019,28,https://www.letras.mus.br/marilia-mendonca/intencao-part-gaab/,-1,0.03930940213365264
556,Intenção (part. Gaab),musica556,musica556_trecho11,"Fala baixinho, vamo pra minha suíte, vixe Altos fetiche, já imagina a gente ligado no 220 Tomando um vinho Hoje você, amor, vai ser a minha taça Pode ficar em paz e relaxa, meu amor Você está aqui em casa",Marília Mendonça,2019,40,https://www.letras.mus.br/marilia-mendonca/intencao-part-gaab/,-1,0.14756008641723362
556,Intenção (part. Gaab),musica556,musica556_trecho12,"Só não explana pra não estragar É que amanhã eu tô em outro lugar Mas se quiser de novo, é só chamar Só não exagera pra não enjoar",Marília Mendonça,2019,28,https://www.letras.mus.br/marilia-mendonca/intencao-part-gaab/,-1,0.03930940213365275
1251,Invasões,musica1251,musica1251_trecho2,O tempo é o remédio pra curar A dor de se perder um grande amor Mas nada é capaz de apagar As lembranças que você deixou,Jorge & Mateus,2012,26,https://www.letras.mus.br/jorge-mateus/invasoes/,-1,0.026274505126443914
1251,Invasões,musica1251,musica1251_trecho3,Eu não tenho forças pra evitar as invasões Foi forte o que houve entre nós dois Eu já não posso mais escutar certas canções Que lembranças da gente vem depois,Jorge & Mateus,2012,30,https://www.letras.mus.br/jorge-mateus/invasoes/,-1,0.14765697363252483
1251,Invasões,musica1251,musica1251_trecho4,"Uô, uô, uô, uô, uô, ô, ô, Agora estou pensando em nós dois Uô, uô, uô, uô, uô, ô, ô Que lembranças da gente vem depois Uô, uô, uô, uô, uô, ô, ô Agora estou pensando em nós dois Uô, uô, uô, uô, uô, ô, ô Agora estou pensando em nós dois",Jorge & Mateus,2012,52,https://www.letras.mus.br/jorge-mateus/invasoes/,-1,0.02976157357732434
1251,Invasões,musica1251,musica1251_trecho8,Minha cabeça diz que já se foi,Jorge & Mateus,2012,7,https://www.letras.mus.br/jorge-mateus/invasoes/,-1,0.02606374570857084
602,Inventor Dos Amores,musica602,musica602_trecho1,Eu já não sei mais o que faço com meu coração Eu não tenho mais o controle da situação Todo caminho que eu sigo me leva a você,Gusttavo Lima,2010,28,https://www.letras.mus.br/gusttavo-lima/1700642/,-1,0.30008520814825024
602,Inventor Dos Amores,musica602,musica602_trecho4,"Meu coração apaixonado, atormentado em dores Procura entre os outros, o inventor dos amores Espero que essa paixão nunca me deixe mal Eu quero te amar e também quero ser amado Desejo ser o seu amor e não o seu escravo Espero que essa paixão não tenha ponto final Senão adeus, tchau, tchau!",Gusttavo Lima,2010,53,https://www.letras.mus.br/gusttavo-lima/1700642/,-1,0.28528088709047394
602,Inventor Dos Amores,musica602,musica602_trecho7,"Meu coração apaixonado atormentado em dores Procura entre os outros, o inventor dos amores Espero que essa paixão nunca me deixe mal Eu quero te amar e quero também ser amado Desejo ser o seu amor e não o seu escravo Espero que essa paixão não tenha ponto final Senão adeus, tchau, tchau!",Gusttavo Lima,2010,53,https://www.letras.mus.br/gusttavo-lima/1700642/,-1,0.28528088709047406
1250,Irracional,musica1250,musica1250_trecho1,"Basta apenas um olhar, um beijo, um toque Pra eu perder meu chão, ficar em choque Perder o sentido e a razão, desequilibrar o coração Não responder mais por mim",Marcos & Belutti,2014,30,https://www.letras.mus.br/marcos-belutti/irracional/,-1,0.14628192644840532
1250,Irracional,musica1250,musica1250_trecho2,"Basta um cheiro ou apenas um sorriso Pra eu perder meu ar e o juízo Seu domínio em mim é fatal Eu me sinto tão irracional Mas não tem jeito é assim Nunca vai mudar, vou me declarar",Marcos & Belutti,2014,38,https://www.letras.mus.br/marcos-belutti/irracional/,-1,0.14628192644840543
1110,Já Não Sei Mais Nada (Yo No Se Mañana),musica1110,musica1110_trecho1,Eu não sei dizer se este amor Vai voltar a ser o que já foi Não sei se depois que amanhecer Nós vamos saber o que fazer Se vai me julgar mais uma vez Não pergunte coisas que eu não sei Coisas que eu não sei,Bruno & Marrone,2011,46,https://www.letras.mus.br/bruno-e-marrone/1958200/,-1,0.19340496805520158
1110,Já Não Sei Mais Nada (Yo No Se Mañana),musica1110,musica1110_trecho2,Não sabemos onde vai parar Sei que até você vai duvidar Mas não vou jurar nem prometer Algo que não sei se vou fazer Eu não sei se é eterno Mas posso te dar todo meu tempo,Bruno & Marrone,2011,37,https://www.letras.mus.br/bruno-e-marrone/1958200/,-1,0.17052625215593376
1110,Já Não Sei Mais Nada (Yo No Se Mañana),musica1110,musica1110_trecho3,Já não sei mais nada Já não sei mais nada Se estaremos juntos Até o fim do mundo Eu não sei se sou pra você Se você é pra mim,Bruno & Marrone,2011,30,https://www.letras.mus.br/bruno-e-marrone/1958200/,-1,0.19340496805520124
1110,Já Não Sei Mais Nada (Yo No Se Mañana),musica1110,musica1110_trecho4,O amor que amamos sonhando Já não sei mais nada Já não sei mais nada Se vai ser assim,Bruno & Marrone,2011,19,https://www.letras.mus.br/bruno-e-marrone/1958200/,-1,0.19340496805520146
1110,Já Não Sei Mais Nada (Yo No Se Mañana),musica1110,musica1110_trecho5,Seu café derrama no sofá Distraída não sabe o que faz Não consegue ver que acabou Não quer desistir mais deste amor Mas tudo que vê é o que sou Não me peça mais do que eu te dou Não!,Bruno & Marrone,2011,40,https://www.letras.mus.br/bruno-e-marrone/1958200/,-1,0.5740514507206028
1110,Já Não Sei Mais Nada (Yo No Se Mañana),musica1110,musica1110_trecho6,Já não sei mais nada Já não sei mais nada Se estaremos juntos Até o fim do mundo Eu não sei se sou pra você Se você é pra mim O amor que amamos sonhando Já não sei mais nada Já não sei mais nada Se vai ser assim,Bruno & Marrone,2011,49,https://www.letras.mus.br/bruno-e-marrone/1958200/,-1,0.19340496805520113
1110,Já Não Sei Mais Nada (Yo No Se Mañana),musica1110,musica1110_trecho7,Essa vida é como um livro Cada página é um dia vivido Que não podemos escrever e apagar Essa noite eu preciso Eu preciso tanto te beijar!,Bruno & Marrone,2011,27,https://www.letras.mus.br/bruno-e-marrone/1958200/,-1,0.13196635817386448
485,Jeito Carinhoso,musica485,musica485_trecho1,Como esquecer o beijo que você me deu? Como esquecer o beijo que você me deu? Não sei se era pra esquecer ou lembrar E ficou um pedaço de você em mim E hoje eu quero te ver pra me entregar,Jads e Jadson,2013,41,https://www.letras.mus.br/jads-e-jadson/jeito-carinhoso/,-1,0.12701448082351996
164,Jejum de Amor,musica164,musica164_trecho1,"Não sou de ficar mais de uma semana sem amor Sem um beijo, sem um corpo, tá difícil Deixa eu te falar, eu vou fazer jejum de amor Pra provar o que eu sinto",Gusttavo Lima,2014,34,https://www.letras.mus.br/gusttavo-lima/jejum-de-amor/,-1,0.20590584202111595
164,Jejum de Amor,musica164,musica164_trecho2,"Quer saber? Eu tô arrependido Porque não falei no seu ouvido As frases de amor que não falei em nosso cobertor Sentimento proibido, até parece impossível Quer saber? Eu necessito ter de volta seu calor",Gusttavo Lima,2014,35,https://www.letras.mus.br/gusttavo-lima/jejum-de-amor/,-1,0.16441869888386584
1541,Jesus Apaga a Luz,musica1541,musica1541_trecho1,"E ela me seduz, tira ela de perto Se não vou fazer besteira Tô falando sério, eu não tô de brincadeira Espero que ela tenha pelo menos 18 Se não eu tô morto",Henrique & Juliano,2014,33,https://www.letras.mus.br/henrique-e-juliano/jesus-apaga-a-luz/,-1,0.20423356657477765
1541,Jesus Apaga a Luz,musica1541,musica1541_trecho2,"Meu Deus abana forte Com que cara que eu vou perguntar pra ela Se ela já pode ou esconde da mãe dela Sua carinha não nega, o sorriso entrega que gosta demais",Henrique & Juliano,2014,32,https://www.letras.mus.br/henrique-e-juliano/jesus-apaga-a-luz/,-1,0.16809750015806668
397,Jogado Na Rua,musica397,musica397_trecho3,"É no som da viola que o peito chora, ai Nessas noites de lua jogado na rua, ai Ai amor, ai amor Nessas noites de lua jogado na rua, ai",Guilherme & Santiago,2014,30,https://www.letras.mus.br/guilherme-e-santiago/jogado-na-rua/,-1,0.39339402210141183
560,José Ou Maria,musica560,musica560_trecho1,"O exame já confirmou E marcou dois tracinhos Não existe mais dúvida, tá garantido Que o seu ventre vai gerar o nosso filho Avisei a família e até os vizinhos",Zé Felipe,2020,30,https://www.letras.mus.br/ze-felipe/jose-ou-maria/,-1,0.12901225081013745
560,José Ou Maria,musica560,musica560_trecho2,"Os sintomas já começaram aparecer Tontura, enjoo, estresse E, sem perceber A barriguinha, de longe, já dá pra ver Tá cada vez mais linda Junto com você",Zé Felipe,2020,27,https://www.letras.mus.br/ze-felipe/jose-ou-maria/,-1,0.17192551433805336
560,José Ou Maria,musica560,musica560_trecho4,"Eu não vou sair do seu lado, não Dentro de você bate mais que um coração E a pergunta que não quer calar Carrinho ou boneca? José ou Maria?",Zé Felipe,2020,29,https://www.letras.mus.br/ze-felipe/jose-ou-maria/,-1,0.18150908271549415
560,José Ou Maria,musica560,musica560_trecho5,"Eu não vou sair do seu lado, não Dentro de você bate mais que um coração E a pergunta que não quer calar Carrinho ou boneca? José ou Maria? Menino ou menina?",Zé Felipe,2020,32,https://www.letras.mus.br/ze-felipe/jose-ou-maria/,-1,0.18150908271549437
906,Juras de Amor,musica906,musica906_trecho1,Eu pensei que fosse fácil esquecer Uma paixão Descobri como é difícil dominar O coração,Bruno & Marrone,2011,15,https://www.letras.mus.br/bruno-e-marrone/1955761/,-1,0.08851412810867487
906,Juras de Amor,musica906,musica906_trecho4,Não quero lembrar Que tudo acabou Só quero lembrar Dos momentos de amor,Bruno & Marrone,2011,13,https://www.letras.mus.br/bruno-e-marrone/1955761/,-1,0.05097714515006502
1422,Lágrimas,musica1422,musica1422_trecho1,"Tantos planos, tantos sonhos Tantos erros, era cedo",Victor & Leo,2011,8,https://www.letras.mus.br/victor-leo/1979152/,-1,0.05097714515006457
1422,Lágrimas,musica1422,musica1422_trecho3,Não procure lágrimas no meu olhar Eu não vou perguntar o que aconteceu Seus olhos dizem tudo que eu preciso ouvir Mas não vejo em você o que está em mim (em mim),Victor & Leo,2011,33,https://www.letras.mus.br/victor-leo/1979152/,-1,0.06711683603681118
1422,Lágrimas,musica1422,musica1422_trecho4,"Mil desejos, fantasias Segredos sentimentos Perdidos no tempo As lembranças, os momentos E lágrimas choradas jogadas ao vento",Victor & Leo,2011,18,https://www.letras.mus.br/victor-leo/1979152/,-1,0.050977145150064684
1307,Larga de Bobeira,musica1307,musica1307_trecho2,Chega de me controlar aceite como eu sou Chega de falar que eu tenho outro amor Te quero só pra mim,Michel Teló,2010,21,https://www.letras.mus.br/michel-telo/1525685/,-1,0.2852808870904746
1307,Larga de Bobeira,musica1307,musica1307_trecho3,Chega de fazer promessa pro meu coração Eu já não agüento essa solidão Porque me trata assim,Michel Teló,2010,17,https://www.letras.mus.br/michel-telo/1525685/,-1,0.14988203149262624
1307,Larga de Bobeira,musica1307,musica1307_trecho4,Será que não percebe o quanto eu te amo Quando a saudade bate é seu nome que eu chamo E tudo o que eu olho me lembra você,Michel Teló,2010,28,https://www.letras.mus.br/michel-telo/1525685/,-1,0.24028935476663937
1307,Larga de Bobeira,musica1307,musica1307_trecho5,Será que não percebe o quanto que eu te quero Cansei dessa ilusão faz tempo que eu te espero Eu já tentei mas não consigo te esquecer,Michel Teló,2010,27,https://www.letras.mus.br/michel-telo/1525685/,-1,0.26786037348348746
179,Largado Às Traças,musica179,musica179_trecho2,"Tô tentando te esquecer Mas meu coração não entende De novo, eu fechando esse bar Afogando a saudade num querosene",Zé Neto e Cristiano,2018,20,https://www.letras.mus.br/ze-neto-cristiano/largado-as-tracas/,-1,0.07177472556359032
179,Largado Às Traças,musica179,musica179_trecho3,"Vou beijando esse copo, abraçando as garrafas Solidão é companheira nesse risca faca Enquanto cê não volta, eu tô largado às traças Maldito sentimento que nunca se acaba",Zé Neto e Cristiano,2018,28,https://www.letras.mus.br/ze-neto-cristiano/largado-as-tracas/,-1,0.28885483527813316
1082,Lê Lê Lê,musica1082,musica1082_trecho2,Você no camarote E eu rodado no pedaço Caçando um jeitinho De invadir o seu espaço,João Neto e Frederico,2012,16,https://www.letras.mus.br/joao-neto-frederico/1972478/,-1,0.06419506096167427
1082,Lê Lê Lê,musica1082,musica1082_trecho3,Não tenho grana Não tenho fama Não tenho carro Tô de carona,João Neto e Frederico,2012,12,https://www.letras.mus.br/joao-neto-frederico/1972478/,-1,0.6848464709968787
1082,Lê Lê Lê,musica1082,musica1082_trecho4,O meu cartão Foi bloqueado E o meu limite Tá estourado,João Neto e Frederico,2012,11,https://www.letras.mus.br/joao-neto-frederico/1972478/,-1,0.11730140758886709
1082,Lê Lê Lê,musica1082,musica1082_trecho6,Lê Lê Lê Lê Lê Lê Se eu te pegar você vai ver Lê Lê Lê Lê Lê Lê Você jamais vai me esquecer,João Neto e Frederico,2012,24,https://www.letras.mus.br/joao-neto-frederico/1972478/,-1,0.17629326750163332
34,Leão,musica34,musica34_trecho4,"Sua linda, tão louca Minha Mona Lisa, tira a minha roupa Me fascina, me assassina, me beija na boca Minha mulher, menina, me ensina a ser vida louca Teu olho piscina me afoga e faz boca a boca Renova minha rima, vem de garfo que hoje é sopa, menina",Marília Mendonça,2023,49,https://www.letras.mus.br/marilia-mendonca/leao/,-1,0.2983593465826203
34,Leão,musica34,musica34_trecho5,Mas quem vai nos julgar? Vilão particular,Marília Mendonça,2023,7,https://www.letras.mus.br/marilia-mendonca/leao/,-1,0.2426071473889554
34,Leão,musica34,musica34_trecho6,"Se eu subo nesse palco aqui Foi Deus que me criou assim E os holofotes vêm ao meu encontro É que eu te amo e nem te conto Não, não posso ser seu santo",Marília Mendonça,2023,34,https://www.letras.mus.br/marilia-mendonca/leao/,-1,0.2977449813880564
34,Leão,musica34,musica34_trecho8,"Sei que cê me quer também Marília leoa gostosa Posso te ligar, meu bem? Que que cê tá fazendo agora?",Marília Mendonça,2023,20,https://www.letras.mus.br/marilia-mendonca/leao/,-1,0.13757363964290126
34,Leão,musica34,musica34_trecho10,Pode ser até que você não me dê moral Até me ver no espaço pela banca de jornal,Marília Mendonça,2023,18,https://www.letras.mus.br/marilia-mendonca/leao/,-1,0.05126869081182095
1128,Lei do Desapego,musica1128,musica1128_trecho3,E que Não sente nada Que eu não era nada Que você pensava,Thiago Brava,2012,13,https://www.letras.mus.br/thiago-brava/lei-do-desapego/,-1,0.18233570928618026
1128,Lei do Desapego,musica1128,musica1128_trecho4,E eu já decidi que hoje eu vou sair Sem preocupar eu vou me divertir Já que agora eu não preciso me explicar E com certeza você vai ouvir falar,Thiago Brava,2012,30,https://www.letras.mus.br/thiago-brava/lei-do-desapego/,-1,0.03930940213365286
1128,Lei do Desapego,musica1128,musica1128_trecho6,Que diz Que não preciso me apaixonar Pra ser feliz Eu não preciso me entregar,Thiago Brava,2012,15,https://www.letras.mus.br/thiago-brava/lei-do-desapego/,-1,0.09837196871687603
1128,Lei do Desapego,musica1128,musica1128_trecho7,E eu já tô que tô Eu tô pegando mesmo E sei que você Vai ficar sabendo,Thiago Brava,2012,17,https://www.letras.mus.br/thiago-brava/lei-do-desapego/,-1,0.06669701086175428
1128,Lei do Desapego,musica1128,musica1128_trecho8,Que tô feliz Sem você do meu lado Hoje eu tô livre Leve e desapegado,Thiago Brava,2012,15,https://www.letras.mus.br/thiago-brava/lei-do-desapego/,-1,0.0506106262080851
1128,Lei do Desapego,musica1128,musica1128_trecho15,Que tô feliz Sem você do meu lado Hoje eu tô livre Leve,Thiago Brava,2012,13,https://www.letras.mus.br/thiago-brava/lei-do-desapego/,-1,0.050610626208084764
177,Leilão,musica177,musica177_trecho1,Estou à beira da loucura Ninguém mais me segura Tô fora da sua vida Eu já fui,César Menotti & Fabiano,2005,17,https://www.letras.mus.br/cesar-menotti-e-fabiano/839008/,-1,0.26786037348348724
177,Leilão,musica177,musica177_trecho2,Quero a minha liberdade Posso até sentir saudades Sei que custa dominar o coração Mas meu amor não dá mais Pra você tanto faz Eu me entrego Eu já fui,César Menotti & Fabiano,2005,30,https://www.letras.mus.br/cesar-menotti-e-fabiano/839008/,-1,0.2987439103759444
383,Lembrança Boa,musica383,musica383_trecho1,"Não me olha assim que eu vicio só de imaginar Minha boca na sua, já tô doido pra provar Nem rolou o primeiro beijo, mas tem tanta química Que não dá pra explicar nem na tabela periódica",Henrique & Juliano,2018,37,https://www.letras.mus.br/henrique-e-juliano/lembranca-boa/,-1,0.02204078912035634
383,Lembrança Boa,musica383,musica383_trecho2,"Me fala que não vai Passar a noite só sorrindo Me tira daqui Me leva pro seu paraíso Não quero voltar Pra casa imaginando o que poderia rolar Com você, quero fazer agora",Henrique & Juliano,2018,33,https://www.letras.mus.br/henrique-e-juliano/lembranca-boa/,-1,0.26080443192410274
383,Lembrança Boa,musica383,musica383_trecho5,"Me fala que não vai Passar a noite só sorrindo Me tira daqui Me leva pro seu paraíso Não quero voltar Pra casa imaginando o que poderia rolar Com você, quero fazer (quero fazer)",Henrique & Juliano,2018,34,https://www.letras.mus.br/henrique-e-juliano/lembranca-boa/,-1,0.26080443192410274
271,Lembranças de Amor,musica271,musica271_trecho2,Afinal O nosso caso não difere de outros casos que acabaram mal E só pra te lembrar,Victor & Leo,2007,17,https://www.letras.mus.br/victor-leo/797041/,-1,0.290153310435579
551,LENÇOL DE SEDA (part. Lauana Prado),musica551,musica551_trecho3,"E eu, você, dentro de uma banheira Alagando a suíte inteira Eu te beijo, cê me beija Nós se ama a noite inteira Pensa nós dois molhando o lençol de seda Eu, você, dentro de uma banheira Alagando a suíte inteira Eu te beijo, cê me beija Nós se ama a noite inteira Pensa nós dois molhando o lençol de seda",Luan Pereira,2025,61,https://www.letras.mus.br/luan-pereira/lencol-de-seda-part-lauana-prado/,-1,0.07646999801949772
551,LENÇOL DE SEDA (part. Lauana Prado),musica551,musica551_trecho6,"Eu, você, dentro de uma banheira Alagando a suíte inteira Eu te beijo, cê me beija Nós se ama a noite inteira Pensa nós dois molhando o lençol de seda Eu, você, dentro de uma banheira Alagando a suíte inteira Eu te beijo, cê me beija Nós se ama a noite inteira Pensa nós dois molhando o lençol de seda",Luan Pereira,2025,60,https://www.letras.mus.br/luan-pereira/lencol-de-seda-part-lauana-prado/,-1,0.07646999801949772
317,Lendas e Mistérios,musica317,musica317_trecho4,Foi assim que aconteceu Um amor que não morreu,Fred e Gustavo,2013,9,https://www.letras.mus.br/fred-gustavo/1872101/,-1,0.19340496805520113
263,Liberdade Provisória,musica263,musica263_trecho1,No início foi assim Terminou tá terminado Cada um pro seu lado Não precisa ligar mais,Henrique & Juliano,2020,16,https://www.letras.mus.br/henrique-e-juliano/liberdade-provisoria/,-1,0.29015331043557935
263,Liberdade Provisória,musica263,musica263_trecho2,Só que foi eu quem terminou E quem foi largado não espera Eu segui minha vida Até ela começar seguir a dela,Henrique & Juliano,2020,22,https://www.letras.mus.br/henrique-e-juliano/liberdade-provisoria/,-1,0.06031539129641328
263,Liberdade Provisória,musica263,musica263_trecho4,E ela tava mais linda Cada vez que eu olhava O ciúme não tava batendo Tava dando porrada,Henrique & Juliano,2020,18,https://www.letras.mus.br/henrique-e-juliano/liberdade-provisoria/,-1,0.26400563859351645
263,Liberdade Provisória,musica263,musica263_trecho5,E eu implorei pra você voltar E ela me matou na unha Disse que eu tava solteiro Eu tava solteiro porra nenhuma,Henrique & Juliano,2020,22,https://www.letras.mus.br/henrique-e-juliano/liberdade-provisoria/,-1,0.6841461884745067
263,Liberdade Provisória,musica263,musica263_trecho6,Implorei pra voltar Não me manda embora Sou preso na sua vida Era só liberdade provisória,Henrique & Juliano,2020,16,https://www.letras.mus.br/henrique-e-juliano/liberdade-provisoria/,-1,0.05126869081182128
263,Liberdade Provisória,musica263,musica263_trecho10,E eu implorei pra voltar E ela me matou na unha Disse que eu tava solteiro Eu tava solteiro porra nenhuma,Henrique & Juliano,2020,21,https://www.letras.mus.br/henrique-e-juliano/liberdade-provisoria/,-1,0.6841461884745068
263,Liberdade Provisória,musica263,musica263_trecho13,Eu implorei pra voltar E ela me matou na unha Disse que eu tava solteiro Eu tava solteiro porra nenhuma,Henrique & Juliano,2020,20,https://www.letras.mus.br/henrique-e-juliano/liberdade-provisoria/,-1,0.6841461884745067
263,Liberdade Provisória,musica263,musica263_trecho14,Eu implorei pra voltar Não me manda embora Sou preso na sua vida Era só liberdade provisória,Henrique & Juliano,2020,17,https://www.letras.mus.br/henrique-e-juliano/liberdade-provisoria/,-1,0.05126869081182106
943,Liga Lá Em Casa,musica943,musica943_trecho3,Vou inventar uma viagem pra ficar com ela Tô morrendo de saudade querendo te ver Só não desligo o celular pra não dar na cara Sei que vão saber que eu estou na farra Mas se alguém ligar eu não posso atender,Leonardo,2014,42,https://www.letras.mus.br/leonardo/liga-la-em-casa/,-1,0.032104889720091734
943,Liga Lá Em Casa,musica943,musica943_trecho5,"Liga lá em casa Conte uma história, fale uma mentira Fala que eu fiquei sem gasolina Que estou de fogo e meu carro quebrou",Leonardo,2014,24,https://www.letras.mus.br/leonardo/liga-la-em-casa/,-1,0.046092109386669855
1388,Livre,musica1388,musica1388_trecho1,"Vamos girar, girar Até o dia clarear A vida é muito curta Não vou parar",Fernando e Sorocaba,2013,15,https://www.letras.mus.br/fernando-sorocaba/livre/,-1,0.030786704268044085
1388,Livre,musica1388,musica1388_trecho4,Esse é meu jeito E ninguém consegue me mudar Acordo em um canto E vou dormir em outro lugar,Fernando e Sorocaba,2013,19,https://www.letras.mus.br/fernando-sorocaba/livre/,-1,0.12177962206094572
1388,Livre,musica1388,musica1388_trecho8,Eu acelero na balada E no meu rancho encontro a paz Não perco tempo pra dormir Eu quero é mais,Fernando e Sorocaba,2013,20,https://www.letras.mus.br/fernando-sorocaba/livre/,-1,0.030786704268044196
484,Logo Eu,musica484,musica484_trecho2,Logo eu que nem pensava Eu não imaginava te merecer E agora sou o dono desse amor Eu nem quero saber por que Eu só preciso viver O resto dessa vida com você,Jorge & Mateus,2015,33,https://www.letras.mus.br/jorge-mateus/logo-eu/,-1,0.10785960818706875
484,Logo Eu,musica484,musica484_trecho5,Eu que nem pensava Eu não imaginava te merecer E agora sou o dono desse amor Eu nem quero saber por que Eu só preciso viver O resto dessa vida com você,Jorge & Mateus,2015,32,https://www.letras.mus.br/jorge-mateus/logo-eu/,-1,0.1078596081870693
484,Logo Eu,musica484,musica484_trecho6,O resto dessa vida com você,Jorge & Mateus,2015,6,https://www.letras.mus.br/jorge-mateus/logo-eu/,-1,0.19340496805520124
1531,Longe Daqui (part. Luan Santana),musica1531,musica1531_trecho1,"Tá com vergonha de mim, tá? Tá com medo do que pensam de nós? Finge que não tem ninguém aqui Fale o que você quiser, quero te ouvir!",Munhoz & Mariano,2014,28,https://www.letras.mus.br/munhoz-mariano/longe-daqui/,-1,0.09615916117169154
1531,Longe Daqui (part. Luan Santana),musica1531,musica1531_trecho2,"Até quando você vai tentar negar Se enganar, se esconder de si mesma Se prefere eu posso inventar um lugar diferente Onde não há ninguém pra falar mal da vida da gente",Munhoz & Mariano,2014,32,https://www.letras.mus.br/munhoz-mariano/longe-daqui/,-1,0.13641523599784156
1531,Longe Daqui (part. Luan Santana),musica1531,musica1531_trecho6,Se prefere eu posso inventar um lugar diferente Onde não há ninguém pra falar mal da vida da gente,Munhoz & Mariano,2014,19,https://www.letras.mus.br/munhoz-mariano/longe-daqui/,-1,0.13641523599784178
55,Louca de Saudade,musica55,musica55_trecho1,"Se uma canção me lembrar Troque o CD, não ouça mais Se um perfume me recordar Troque de marca, não use mais",Jorge & Mateus,2016,22,https://www.letras.mus.br/jorge-mateus/louca-de-saudade/,-1,0.2589447439008461
55,Louca de Saudade,musica55,musica55_trecho2,Já que me trocou por um outro alguém Substituir é o que te convém,Jorge & Mateus,2016,14,https://www.letras.mus.br/jorge-mateus/louca-de-saudade/,-1,0.12838496597956417
55,Louca de Saudade,musica55,musica55_trecho3,"Mas quando o coração não me enxergar Vai te deixar louca de saudade, louca de saudade O coração vai me desejar E te deixar louca de saudade, louca de saudade Eu quero ver então Se vai poder trocar de coração",Jorge & Mateus,2016,40,https://www.letras.mus.br/jorge-mateus/louca-de-saudade/,-1,0.23782988584036036
55,Louca de Saudade,musica55,musica55_trecho4,"Se algum lugar me lembrar Troque de rota, não passe lá Se um filme me recordar Troque o canal, é só desligar",Jorge & Mateus,2016,22,https://www.letras.mus.br/jorge-mateus/louca-de-saudade/,-1,0.2589447439008462
55,Louca de Saudade,musica55,musica55_trecho6,"Mas quando o coração não me enxergar Vai te deixar louca de saudade, louca de saudade O coração vai me desejar E te deixar louca de saudade, louca de saudade",Jorge & Mateus,2016,30,https://www.letras.mus.br/jorge-mateus/louca-de-saudade/,-1,0.23782988584036047
55,Louca de Saudade,musica55,musica55_trecho7,Eu quero ver então Se vai poder trocar Eu quero ver então Se vai poder trocar de coração,Jorge & Mateus,2016,18,https://www.letras.mus.br/jorge-mateus/louca-de-saudade/,-1,0.1811560269947714
142,Madri,musica142,musica142_trecho1,"Que saudade, amor Estou sabendo que aí na Espanha tudo é lindo Você me deixou E aqui dentro o meu coração ficou partido Nessa cidade, não vou mais sorrir Que bom seria Se São Paulo fosse do lado de Madri",Fernando e Sorocaba,2009,40,https://www.letras.mus.br/fernando-sorocaba/1580145/,-1,0.04702769732097156
142,Madri,musica142,musica142_trecho3,"Que saudade, amor Volta logo pro Hemisfério Sul do mundo Ficar sem você Me mostrou o quanto é bom estarmos juntos Sonho tão lindo é ter você aqui Que bom seria Se São Paulo fosse do lado de Madri",Fernando e Sorocaba,2009,39,https://www.letras.mus.br/fernando-sorocaba/1580145/,-1,0.29308890552559075
707,Mágica,musica707,musica707_trecho2,"Quando eu perguntava, me chamava de doido Quando não falava: Ih, vai começar de novo? Ela falou: Acha Achei sem fazer muito esforço",Hugo & Guilherme,2023,23,https://www.letras.mus.br/hugo-guilherme/magica-part-gusttavo-lima/,-1,0.11939728060426769
707,Mágica,musica707,musica707_trecho8,Faz uma mágica aí pra gente e some,Hugo & Guilherme,2023,8,https://www.letras.mus.br/hugo-guilherme/magica-part-gusttavo-lima/,-1,0.14601427926626476
1544,Mágica (part. Gusttavo Lima),musica1544,musica1544_trecho2,"Se quer saber se me arrependo, eu não Se troco essa nossa vida, troco não E longe de você é tudo mais ou menos Se eu ganhar o mundo sem você, eu tô perdendo",Matheus & Kauan,2019,34,https://www.letras.mus.br/matheus-kauan/magica-part-gusttavo-lima/,-1,0.07193942292101829
1544,Mágica (part. Gusttavo Lima),musica1544,musica1544_trecho3,"E um beijo seu pesa mais, muito mais Que um fim de semana na boate louco E que ninguém satisfaz, não faz A mágica que você faz no meu corpo",Matheus & Kauan,2019,30,https://www.letras.mus.br/matheus-kauan/magica-part-gusttavo-lima/,-1,0.1619618166704484
1544,Mágica (part. Gusttavo Lima),musica1544,musica1544_trecho4,"E um beijo seu pesa mais, muito mais Que um fim de semana na boate louco E que ninguém satisfaz, não faz A mágica que você faz no meu corpo Eu perdi tudo, mas ganhei em dobro, aiai, aiai",Matheus & Kauan,2019,39,https://www.letras.mus.br/matheus-kauan/magica-part-gusttavo-lima/,-1,0.16196181667044784
1544,Mágica (part. Gusttavo Lima),musica1544,musica1544_trecho6,"E um beijo seu pesa mais, e muito mais Que um fim de semana na boate louco E que ninguém satisfaz, não faz A mágica que você faz com meu corpo",Matheus & Kauan,2019,31,https://www.letras.mus.br/matheus-kauan/magica-part-gusttavo-lima/,-1,0.16196181667044784
1544,Mágica (part. Gusttavo Lima),musica1544,musica1544_trecho7,"E um beijo seu pesa mais, e muito mais Que um fim de semana na boate louco E que ninguém satisfaz, não faz A mágica que você faz com meu corpo Eu perdi tudo, mas ganhei em dobro, aiai, aiai Eu perdi tudo, mas ganhei, mas ganhei em dobro Eu perdi tudo, mas ganhei em dobro",Matheus & Kauan,2019,56,https://www.letras.mus.br/matheus-kauan/magica-part-gusttavo-lima/,-1,0.1619618166704483
1266,Mais Amor e Menos Drama,musica1266,musica1266_trecho1,"Faz tão pouco tempo que provei teu beijo Gostei, mas eu não nego que eu tô com medo Vai que acontece como da última vez Me entrego, te amo, cê foge, sobrei",Henrique & Juliano,2017,32,https://www.letras.mus.br/henrique-e-juliano/mais-amor-e-menos-drama/,-1,0.13497207960112578
1266,Mais Amor e Menos Drama,musica1266,musica1266_trecho2,"Quando eu tento ir devagar, daí cê vem pra cima Basta uma mensagem e olha você virando a esquina Na minha intimidade, você foi entrando Meus pais já te aprovaram e a gente tá só ficando",Henrique & Juliano,2017,36,https://www.letras.mus.br/henrique-e-juliano/mais-amor-e-menos-drama/,-1,0.04841905862251539
1266,Mais Amor e Menos Drama,musica1266,musica1266_trecho3,"Mas antes de te entregar meu coração Eu preciso saber da sua intenção Se é só fogo de palha, qualquer boca apaga Se for por aí, a gente para",Henrique & Juliano,2017,29,https://www.letras.mus.br/henrique-e-juliano/mais-amor-e-menos-drama/,-1,0.07241193726799189
1266,Mais Amor e Menos Drama,musica1266,musica1266_trecho4,"Antes de te entregar meu coração Eu preciso saber da sua intenção Se é só fogo de palha, qualquer boca apaga Se for por aí, a gente para",Henrique & Juliano,2017,28,https://www.letras.mus.br/henrique-e-juliano/mais-amor-e-menos-drama/,-1,0.07241193726799189
1266,Mais Amor e Menos Drama,musica1266,musica1266_trecho5,Para na minha cama até dizer que me ama Mais amor e menos drama Para na minha cama até dizer que me ama Mais amor e menos drama,Henrique & Juliano,2017,28,https://www.letras.mus.br/henrique-e-juliano/mais-amor-e-menos-drama/,-1,0.12454953450741757
1266,Mais Amor e Menos Drama,musica1266,musica1266_trecho6,"E quando eu tento ir devagar, daí cê vem pra cima Basta uma mensagem e olha você virando a esquina Na minha intimidade, você foi entrando Meus pais já te aprovaram e a gente tá só ficando",Henrique & Juliano,2017,37,https://www.letras.mus.br/henrique-e-juliano/mais-amor-e-menos-drama/,-1,0.04841905862251561
1266,Mais Amor e Menos Drama,musica1266,musica1266_trecho11,Para na minha cama até dizer que me ama Mais amor e menos drama Para na minha cama até dizer que me ama Mais amor e menos drama Mais amor e menos drama,Henrique & Juliano,2017,33,https://www.letras.mus.br/henrique-e-juliano/mais-amor-e-menos-drama/,-1,0.12454953450741735
1521,Mais Que Amigos,musica1521,musica1521_trecho1,Não é preciso mais adormecer Pra sonhar com um anjo descendo do céu Basta você perceber Que sou mais que um amigo fiel,Luan Santana,2013,23,https://www.letras.mus.br/luan-santana/mais-que-amigos/,-1,0.2452960163302359
1521,Mais Que Amigos,musica1521,musica1521_trecho4,Sou muito mais que um amigo Sou o anjo que o Senhor enviou Pode gritar para o mundo ouvir Sou o anjo que o Senhor enviou pra ti,Luan Santana,2013,28,https://www.letras.mus.br/luan-santana/mais-que-amigos/,-1,0.23962702139186143
1521,Mais Que Amigos,musica1521,musica1521_trecho7,"Sou muito mais que um amigo Sou o anjo que o Senhor enviou Pode gritar para o mundo ouvir Sou o anjo, que o Senhor enviou",Luan Santana,2013,26,https://www.letras.mus.br/luan-santana/mais-que-amigos/,-1,0.23962702139186165
1521,Mais Que Amigos,musica1521,musica1521_trecho9,Nós somos mais que amigos Somos anjos que o Senhor enviou Vamos gritar para o mundo ouvir Somos anjos que o senhor enviou,Luan Santana,2013,23,https://www.letras.mus.br/luan-santana/mais-que-amigos/,-1,0.23962702139186176
1521,Mais Que Amigos,musica1521,musica1521_trecho10,Nós somos mais que amigos Somos anjos que o Senhor enviou Vamos gritar para o mundo ouvir Somos anjos,Luan Santana,2013,19,https://www.letras.mus.br/luan-santana/mais-que-amigos/,-1,0.23962702139186165
1241,Mais Que Pai e Filho,musica1241,musica1241_trecho2,"Filho, eu às vezes, nem sei se mereço Mesmo assim, todo dia agradeço A magia de te ver sorrir",Rick & Renner,2008,19,https://www.letras.mus.br/rick-e-renner/1304408/,-1,0.10974633202179584
1241,Mais Que Pai e Filho,musica1241,musica1241_trecho3,"Pai, tô deixando de ser um menino Mas não quero que o meu destino Venha nos distanciar",Rick & Renner,2008,17,https://www.letras.mus.br/rick-e-renner/1304408/,-1,0.1764070694843931
1241,Mais Que Pai e Filho,musica1241,musica1241_trecho5,Que bom que Deus fez de nós dois mais do que pai e filho Permitiu que a gente dividisse o brilho do Sol Que pra muitos jamais vai nascer,Rick & Renner,2008,29,https://www.letras.mus.br/rick-e-renner/1304408/,-1,0.10661235895605403
1241,Mais Que Pai e Filho,musica1241,musica1241_trecho7,"Pai, sua voz hoje é minha voz (o nosso amor) Tem um elo de paz entre nós Que nada poderá romper",Rick & Renner,2008,21,https://www.letras.mus.br/rick-e-renner/1304408/,-1,0.1860991140574486
292,Mal Feito (part. Marília Mendonça),musica292,musica292_trecho3,"Você começou a me tratar mal E na hora de fazer amor Sempre diz que não tá bem, não tá legal Lembra quando eu perguntei se tinha outro alguém? Você negou, chegou na parte principal",Hugo & Guilherme,2022,35,https://www.letras.mus.br/hugo-guilherme/mal-feito-part-marilia-mendonca/,-1,0.26187630162520015
292,Mal Feito (part. Marília Mendonça),musica292,musica292_trecho4,"Você me traiu, levou um tempo, mas eu descobri Você não vale nada, tá claro pra mim Seu plano era bom, era quase perfeito Pena que tudo que cê faz, cê faz mal feito",Hugo & Guilherme,2022,34,https://www.letras.mus.br/hugo-guilherme/mal-feito-part-marilia-mendonca/,-1,0.0718924890198408
292,Mal Feito (part. Marília Mendonça),musica292,musica292_trecho5,"Me traiu, levou um tempo, mas eu descobri Você não vale nada, tá claro pra mim Seu plano era bom, era quase perfeito Pena que tudo que cê faz, cê faz mal feito",Hugo & Guilherme,2022,33,https://www.letras.mus.br/hugo-guilherme/mal-feito-part-marilia-mendonca/,-1,0.07189248901984102
292,Mal Feito (part. Marília Mendonça),musica292,musica292_trecho10,"Pena que tudo que cê faz, cê faz mal feito",Hugo & Guilherme,2022,10,https://www.letras.mus.br/hugo-guilherme/mal-feito-part-marilia-mendonca/,-1,0.07189248901984147
252,Mala,musica252,musica252_trecho1,Se eu não posso ter Eu fico imaginando Se me falta coragem fico esperando Mas até quando?,Hugo Henrique,2017,17,https://www.letras.mus.br/hugo-henrique/mala/,-1,0.12281732268714773
252,Mala,musica252,musica252_trecho3,Ouvi falar que vai se mudar daqui E vai levar minha alegria e meu sorriso na tua mala Ouvi falar que vai se mudar daqui E eu não tô bem Será que não cabe eu nessa mala aí também?,Hugo Henrique,2017,39,https://www.letras.mus.br/hugo-henrique/mala/,-1,0.262025389632044
783,Malú,musica783,musica783_trecho1,"Em Londres eu a conheci numa madrugada, na mesa de um bar Um sorriso sutil, confiante, vi no seu semblante um brilho nobre no olhar E surpreso, feliz eu fiquei quando convidou-me ao seu lado sentar oh, ooh Depois de uma taça de vinho, me chamou pra dançar Perguntei o que faz e seu nome, desviou o olhar Não quis me falar",Di Paullo e Paulino,2011,62,https://www.letras.mus.br/di-paulo-e-paulino/malu/,-1,0.1607058491265465
783,Malú,musica783,musica783_trecho2,"Pedi a conta e saí, na avenida ouvi: Me espere, também vou No agito da noite urbana, sem trauma e sem drama, sua história contou Em silêncio no carro ficamos, quando suas mãos o meu corpo tocou Num abraço, mil beijos trocamos, me levando para o céu azul Com o Sol me aquecendo, acordei, onde mora não sei, o seu nome é Malu",Di Paullo e Paulino,2011,63,https://www.letras.mus.br/di-paulo-e-paulino/malu/,-1,0.1607058491265465
783,Malú,musica783,musica783_trecho4,"Em silêncio no carro ficamos Quando suas mãos o meu corpo tocou Num abraço, mil beijos trocamos Me levando para o céu azul Com o Sol me aquecendo, acordei, onde mora não sei O seu nome é Malu",Di Paullo e Paulino,2011,38,https://www.letras.mus.br/di-paulo-e-paulino/malu/,-1,0.16070584912654606
305,Manda um Oi (part. Simone Mendes),musica305,musica305_trecho1,"Você já foi de A a Z nos meus contatos Já revirou todas conversas de cima pra baixo Não viu foto, não viu vídeo, não viu nada suspeito Mas o erro do errado é achar que faz tudo direito",Guilherme & Benuto,2024,39,https://www.letras.mus.br/guilherme-e-benuto/manda-um-oi-part-simone-mendes/,-1,0.06031539129641306
305,Manda um Oi (part. Simone Mendes),musica305,musica305_trecho2,Mas um detalhe não escapou do seu olho Ela cismou com um contato diferente e disse Fala com ela agora na minha frente,Guilherme & Benuto,2024,23,https://www.letras.mus.br/guilherme-e-benuto/manda-um-oi-part-simone-mendes/,-1,0.13734093965018856
305,Manda um Oi (part. Simone Mendes),musica305,musica305_trecho3,Manda um oi aí pra eu ver Ela falando com você Pra eu ver o grau de intimidade Se o nada a ver tem mesmo nada a ver,Guilherme & Benuto,2024,28,https://www.letras.mus.br/guilherme-e-benuto/manda-um-oi-part-simone-mendes/,-1,0.253441685867956
305,Manda um Oi (part. Simone Mendes),musica305,musica305_trecho4,Manda um oi aí pra eu ver O que ela vai responder Você tá a uma mensagem De provar o que você vale ou de me perder,Guilherme & Benuto,2024,27,https://www.letras.mus.br/guilherme-e-benuto/manda-um-oi-part-simone-mendes/,-1,0.36677439358441755
305,Manda um Oi (part. Simone Mendes),musica305,musica305_trecho6,Mas um detalhe não escapou do seu olho Ele cismou com um contato diferente e disse Fala com ele agora na minha frente,Guilherme & Benuto,2024,23,https://www.letras.mus.br/guilherme-e-benuto/manda-um-oi-part-simone-mendes/,-1,0.13734093965018845
305,Manda um Oi (part. Simone Mendes),musica305,musica305_trecho7,Manda um oi aí pra eu ver Ele falando com você Pra eu ver o grau de intimidade Se o nada a ver tem mesmo nada a ver,Guilherme & Benuto,2024,28,https://www.letras.mus.br/guilherme-e-benuto/manda-um-oi-part-simone-mendes/,-1,0.25344168586795657
1372,Maneira Errada,musica1372,musica1372_trecho1,Eu te prometo não prometer nada Também prometo não te cobrar nada A minha vida ainda vai ser minha E as suas coisas continuam suas,Jorge & Mateus,2015,25,https://www.letras.mus.br/jorge-mateus/maneira-errada/,-1,0.1364152359978419
1372,Maneira Errada,musica1372,musica1372_trecho3,Se eu te deixo livre é porque te amo A gente não precisa fazer nem um plano Quando tô com saudade eu te chamo Eu deixo você ir só pra te ver voltando,Jorge & Mateus,2015,33,https://www.letras.mus.br/jorge-mateus/maneira-errada/,-1,0.23984204846789015
1372,Maneira Errada,musica1372,musica1372_trecho8,Se eu te deixo livre é porque te amo A gente não precisa fazer nem um plano Quando tô com saudade eu te chamo Eu deixo você ir só pra te ver voltando Eu deixo você ir só pra te ver voltando,Jorge & Mateus,2015,42,https://www.letras.mus.br/jorge-mateus/maneira-errada/,-1,0.23984204846789026
230,Maus Bocados,musica230,musica230_trecho1,Sei que seu coração falou de mim Sei que ele falou que eu tô fazendo falta Ele falou também que sem mim tá difícil As noitadas e os amigos não tão ajudando,Cristiano Araújo,2013,32,https://www.letras.mus.br/cristiano-araujo/maus-bocados/,-1,0.2697273330829797
395,Me Ama Ou Me Larga,musica395,musica395_trecho2,"Me incomoda o fato que cê não me olha mais Daquele jeito, hum Me incomoda essa preguiça da sua língua Dos nossos beijos",Simone Mendes,2025,23,https://www.letras.mus.br/simone-mendes/me-ama-ou-me-larga/,-1,0.19863484786166974
395,Me Ama Ou Me Larga,musica395,musica395_trecho3,Sem falar no amor mal feito Que o corpo acaba seco Que os poros não derramam as águas do desejo Eu preciso de uma resposta Porque entre o tchau e o fica Eu tô no meio (joga a mão!),Simone Mendes,2025,39,https://www.letras.mus.br/simone-mendes/me-ama-ou-me-larga/,-1,0.19863484786166963
395,Me Ama Ou Me Larga,musica395,musica395_trecho4,"Se você quer que eu fique Me pega, faça, aqui no chão da sala Me entrelaça Até eu pedir água (diga!) (Me ama ou me larga) Se você quer que eu fique Me pega, faça, aqui no chão da sala Me entrelaça Até eu pedir água Me ama ou me larga",Simone Mendes,2025,51,https://www.letras.mus.br/simone-mendes/me-ama-ou-me-larga/,-1,0.13408776798028177
395,Me Ama Ou Me Larga,musica395,musica395_trecho6,Sem falar no amor mal feito Que o corpo acaba seco Que os poros não derramam as águas do desejo Eu preciso de uma resposta Porque entre o tchau e o fica Eu tô no meio (vai!),Simone Mendes,2025,37,https://www.letras.mus.br/simone-mendes/me-ama-ou-me-larga/,-1,0.19863484786166996
395,Me Ama Ou Me Larga,musica395,musica395_trecho7,"Se você quer que eu fique Me pega, faça, aqui no chão da sala Me entrelaça Até eu pedir água Me ama ou me larga Se você quer que eu fique Me pega, faça, aqui no chão da sala Me entrelaça Até eu pedir água Me ama ou me larga",Simone Mendes,2025,50,https://www.letras.mus.br/simone-mendes/me-ama-ou-me-larga/,-1,0.1340877679802821
380,Me Apaixonei (A Primeira Vez Que Eu Te Vi),musica380,musica380_trecho3,"Me apaixonei Quando vi os teus lindos olhos brilhando Em outra direção olhando E eu não existia pra você Me apavorei (me apavorei) Quando vi o seu sorriso lindo se abrindo Despedindo e indo, chorei sem querer Quando vi o seu sorriso lindo se abrindo Despedindo e indo, chorei sem querer",Eduardo Costa,2006,51,https://www.letras.mus.br/eduardo-costa/502244/,-1,0.0905824427917884
380,Me Apaixonei (A Primeira Vez Que Eu Te Vi),musica380,musica380_trecho4,Pensei que nunca mais ia te ver Chorei sem querer E eu sem uma chance pra dizer O quanto estava apaixonado por você,Eduardo Costa,2006,23,https://www.letras.mus.br/eduardo-costa/502244/,-1,0.09058244279178873
380,Me Apaixonei (A Primeira Vez Que Eu Te Vi),musica380,musica380_trecho7,"Me apaixonei Quando vi os seus lindos olhos brilhando Em outra direção olhando E eu não existia pra você Me apavorei (me apavorei) Quando vi o seu sorriso lindo se abrindo Despedindo e indo, chorei sem querer Quando vi o seu sorriso lindo se abrir Despedindo e indo, chorei sem querer",Eduardo Costa,2006,51,https://www.letras.mus.br/eduardo-costa/502244/,-1,0.09058244279178862
380,Me Apaixonei (A Primeira Vez Que Eu Te Vi),musica380,musica380_trecho8,Pensei que nunca mais ia te ver Chorei sem querer E eu sem uma chance pra dizer O quanto estava apaixonado por você Chorei sem querer,Eduardo Costa,2006,26,https://www.letras.mus.br/eduardo-costa/502244/,-1,0.09058244279178918
1101,Me Apego,musica1101,musica1101_trecho2,"Quando acontece não tem pra que, nem por que Eu admito, me enlouqueço por você Não quero nem saber",Cristiano Araújo,2012,19,https://www.letras.mus.br/cristiano-araujo/2003141/,-1,0.02964564576466222
636,Me Bloqueia,musica636,musica636_trecho1,"Seu corpo tá aí Mas a cabeça tá aqui Lutando contra o sentimento Rindo, mas chorando por dentro",Zé Neto e Cristiano,2023,18,https://www.letras.mus.br/ze-neto-cristiano/me-bloqueia/,-1,0.1362837095575561
636,Me Bloqueia,musica636,musica636_trecho4,Me bloqueia Me odeia Mas duvido que meu beijo será esquecido Me bloqueia Me odeia Mas duvido que meu beijo será esquecido Sai desse paredão sofrido,Zé Neto e Cristiano,2023,26,https://www.letras.mus.br/ze-neto-cristiano/me-bloqueia/,-1,0.12701448082351996
636,Me Bloqueia,musica636,musica636_trecho7,Me bloqueia Me odeia Mas duvido que meu beijo será esquecido Me bloqueia Me odeia Mas duvido que meu beijo será esquecido Sai desse paredão sofrido Sai desse paredão sofrido,Zé Neto e Cristiano,2023,30,https://www.letras.mus.br/ze-neto-cristiano/me-bloqueia/,-1,0.12701448082351952
274,Me Leva Pra Casa,musica274,musica274_trecho2,"No amor, sempre fui bandido E agora que estou perdido Uou uou, me leva pra casa",Zezé Di Camargo,2022,16,https://www.letras.mus.br/zeze-di-camargo/me-leva-pra-casa-part-luciano/,-1,0.0774843029374751
274,Me Leva Pra Casa,musica274,musica274_trecho9,Me leva pra casa Me leva pra casa Me leva pra casa,Zezé Di Camargo,2022,12,https://www.letras.mus.br/zeze-di-camargo/me-leva-pra-casa-part-luciano/,-1,0.14756008641723362
225,Me Leva Pra Casa / Escrito Nas Estrelas / Saudade,musica225,musica225_trecho1,"Cansei de ficar sozinho Na rua não tem carinho Uô-uô, me leva pra casa No amor sempre fui bandido E agora estou perdido Uô-uô, me leva pra casa",Lauana Prado,2023,28,https://www.letras.mus.br/lauana-prado/me-leva-pra-casa-escrito-nas-estrelas-saudade/,-1,0.07748430293747477
22,Medo Bobo,musica22,musica22_trecho1,"Ah, esse tom de voz eu reconheço Mistura de medo e desejo Tô aplaudindo a sua coragem de me ligar",Maiara & Maraisa,2016,20,https://www.letras.mus.br/maiara-maraisa/medo-bobo/,-1,0.13150287806445027
22,Medo Bobo,musica22,musica22_trecho2,"Eu pensei que só tava alimentando Uma loucura da minha cabeça Mas quando ouvi sua voz, respirei aliviado",Maiara & Maraisa,2016,18,https://www.letras.mus.br/maiara-maraisa/medo-bobo/,-1,0.1965182713985768
22,Medo Bobo,musica22,musica22_trecho4,"É, e na hora que eu te beijei Foi melhor do que eu imaginei Se eu soubesse tinha feito antes No fundo sempre fomos bons amantes",Maiara & Maraisa,2016,26,https://www.letras.mus.br/maiara-maraisa/medo-bobo/,-1,0.15049683936752478
22,Medo Bobo,musica22,musica22_trecho5,E na hora que eu te beijei Foi melhor do que eu imaginei Se eu soubesse tinha feito antes No fundo sempre fomos bons amantes No fundo sempre fomos bons amantes É o fim daquele medo bobo,Maiara & Maraisa,2016,37,https://www.letras.mus.br/maiara-maraisa/medo-bobo/,-1,0.15049683936752434
22,Medo Bobo,musica22,musica22_trecho8,E na hora que eu te beijei Foi melhor do que eu imaginei Se eu soubesse tinha feito antes No fundo sempre fomos bons amantes No fundo sempre fomos bons amantes É o fim daquele medo bobo É o fim daquele medo bobo,Maiara & Maraisa,2016,43,https://www.letras.mus.br/maiara-maraisa/medo-bobo/,-1,0.15049683936752456
1458,Meio Caminho Andado,musica1458,musica1458_trecho3,"Quem mandou você me olhar? E quem mandou ser linda desse jeito? Quem mandou conhece meu gosto muito bem Chega, não precisa mandar mais ninguém",Enzo Rabelo,2020,25,https://www.letras.mus.br/enzo-rabelo/meio-caminho-andado/,-1,0.300404360915966
109,MEIO TERMO,musica109,musica109_trecho1,"Vida Teu cheiro ainda tá na minha camisa Toda vez que cê vai, uma parte fica Só pra me assombrar",Luan Santana,2023,20,https://www.letras.mus.br/luan-santana/meio-termo/,-1,0.18781141449860184
109,MEIO TERMO,musica109,musica109_trecho2,"Que por mais que eu queira, você não é minha ainda Se eu der bobeira O que não falta é marmanjo na fila Torcendo pra gente não vingar",Luan Santana,2023,28,https://www.letras.mus.br/luan-santana/meio-termo/,-1,0.14566201939080337
109,MEIO TERMO,musica109,musica109_trecho4,"Se cê não quiser nada sério, eu espero Que não se arrependa de me devolver pra rua Não tem meio-termo, eu não sou bagunça Ou ama pra porra ou porra nenhuma Se não quer nada sério, eu espero Que não se arrependa de me devolver pra rua Não tem meio-termo, eu não sou bagunça Ou ama pra porra ou porra nenhuma",Luan Santana,2023,61,https://www.letras.mus.br/luan-santana/meio-termo/,-1,0.2809352389622348
109,MEIO TERMO,musica109,musica109_trecho5,"Ô, vida Teu cheiro ainda tá na minha camisa Toda vez que cê vai, uma parte fica Só pra me assombrar",Luan Santana,2023,21,https://www.letras.mus.br/luan-santana/meio-termo/,-1,0.18781141449860184
109,MEIO TERMO,musica109,musica109_trecho9,"Se não quer nada sério, eu espero Que não se arrependa de me devolver pra rua Não tem meio-termo, eu não sou bagunça Ou ama pra porra ou porra nenhuma Se não quer nada sério, eu espero Que não se arrependa de me devolver pra rua Não tem meio-termo, eu não sou bagunça Ou ama pra porra ou porra nenhuma",Luan Santana,2023,60,https://www.letras.mus.br/luan-santana/meio-termo/,-1,0.28093523896223493
1046,Melhor Trair Agora,musica1046,musica1046_trecho1,"Foi com um cheiro E voltou com outro pra casa Me fala por que seu cabelo voltou molhado Se nem chovendo tava Cê tá pedindo calma, tô calma",Marília Tavares,2025,28,https://www.letras.mus.br/marilia-tavares/melhor-trair-agora/,-1,0.27031057260531344
1046,Melhor Trair Agora,musica1046,musica1046_trecho2,Eu espero que tenha valido a pena O seu momento de prazer Porque tudo que cê ganhou lá Vai ter que compensar o que cê vai perder,Marília Tavares,2025,27,https://www.letras.mus.br/marilia-tavares/melhor-trair-agora/,-1,0.050610626208084986
1046,Melhor Trair Agora,musica1046,musica1046_trecho3,Eu tô terminando em paz Com meu coração tranquilo Já pensou se fosse mais pra frente? Já pensou a gente casado e com filho?,Marília Tavares,2025,24,https://www.letras.mus.br/marilia-tavares/melhor-trair-agora/,-1,0.27352185603703605
1046,Melhor Trair Agora,musica1046,musica1046_trecho4,"Tô terminando em paz Evitando mais dor de cabeça Foi melhor cê me trair agora Do que, no futuro, uma família inteira",Marília Tavares,2025,22,https://www.letras.mus.br/marilia-tavares/melhor-trair-agora/,-1,0.029288271634536622
934,Mensagem Pra Ela,musica934,musica934_trecho3,Vou te ligar Vou deixar recado Vou mandar mensagem,César Menotti & Fabiano,2005,9,https://www.letras.mus.br/cesar-menotti-e-fabiano/566162/,-1,0.06619607397359384
934,Mensagem Pra Ela,musica934,musica934_trecho4,Pois só desse jeito eu tive coragem De abrir o jogo nessa ligação,César Menotti & Fabiano,2005,13,https://www.letras.mus.br/cesar-menotti-e-fabiano/566162/,-1,0.04841905862251561
934,Mensagem Pra Ela,musica934,musica934_trecho5,"Por quê? Me deu a esperança de ficar com você? Me deu o seu telefone, se não ia atender? Por que você brincou com o meu coração?",César Menotti & Fabiano,2005,27,https://www.letras.mus.br/cesar-menotti-e-fabiano/566162/,-1,0.06051989099758581
1593,Mentalmente (part. MC Kevinho),musica1593,musica1593_trecho2,Tô sarrando em você mentalmente Tô sarrando em você mentalmente Tô sarrando em você Olhei pro seu sorriso e viajei de repente,Naiara Azevedo,2017,22,https://www.letras.mus.br/naiara-azevedo/mentalmente/,-1,0.03078443147372323
272,Mente Pra Mim,musica272,musica272_trecho1,Olha dentro dos meus olhos E me conta umas mentiras só pra me agradar Fala que hoje eu tô bonito Que ainda pensa em mim quando vai se deitar,Cristiano Araújo,2012,29,https://www.letras.mus.br/cristiano-araujo/mente-pra-mim/,-1,0.053180533696090326
272,Mente Pra Mim,musica272,musica272_trecho3,"O amor da sua vida era eu Não era verdade Eu vou amar doendo, eu vou amar sofrendo Mesmo sabendo que tudo pode acabar (vai)",Cristiano Araújo,2012,25,https://www.letras.mus.br/cristiano-araujo/mente-pra-mim/,-1,0.28528088709047417
272,Mente Pra Mim,musica272,musica272_trecho4,"Mente pra mim, é o que eu gosto Quanto mais você me ilude, mais eu te adoro Menina indecente, que finge ser carente E é desse jeito que eu te provoco",Cristiano Araújo,2012,31,https://www.letras.mus.br/cristiano-araujo/mente-pra-mim/,-1,0.5487552723293889
70,Mentes Tão Bem,musica70,musica70_trecho1,"Me promete amor sincero, uma vida inteira Com você, o meu inverno vira primavera Vive me jurando estar apaixonada Prometeu o mundo e nunca me deu nada Você não cumpre nada",Zezé Di Camargo,2022,31,https://www.letras.mus.br/zeze-di-camargo/mentes-tao-bem/,-1,0.5503355286800173
70,Mentes Tão Bem,musica70,musica70_trecho2,"Se eu seguir o seu caminho chegarei ao céu Eu vou provando o gosto amargo do seu doce mel Na mentira das palavras entro no seu jogo Procurando água, só encontro fogo E queimo nesse fogo",Zezé Di Camargo,2022,36,https://www.letras.mus.br/zeze-di-camargo/mentes-tao-bem/,-1,0.1475600864172334
70,Mentes Tão Bem,musica70,musica70_trecho4,Mentes tão bem Que parece verdade O que você me fala Vou acreditando,Zezé Di Camargo,2022,13,https://www.letras.mus.br/zeze-di-camargo/mentes-tao-bem/,-1,0.19256223261884697
361,Mentira Estampada Na Cara,musica361,musica361_trecho3,"Por que agir assim? Mentir pra mim? Me prometendo o céu, dizendo que me ama E aí, quando chego da rua, eu abro essa porta Eu sinto outro cheiro quando você me toca Eu vejo a mentira estampada em tua cara",Simone & Simaria,2016,41,https://www.letras.mus.br/simone-simaria-as-coleguinhas/mentira-estampada-na-cara/,-1,0.07568857661341866
1348,Mentirosa,musica1348,musica1348_trecho1,Tá espalhando pra galera que tudo acabou Que foi tempo perdido a história que a gente ficou Ainda diz pra todo mundo que você que terminou Mentirosa!,Marcos & Belutti,2014,27,https://www.letras.mus.br/marcos-belutti/mentirosa/,-1,0.060315391296412946
1348,Mentirosa,musica1348,musica1348_trecho2,"Quem terminou foi eu Falou pra todo mundo que não sou mais nada Mas no mesmo dia me liga de madrugada Me querendo, me implorando Tá fazendo plantão na porta da minha casa",Marcos & Belutti,2014,33,https://www.letras.mus.br/marcos-belutti/mentirosa/,-1,0.04841905862251561
425,Mentirosa (part. Wesley Safadão),musica425,musica425_trecho8,"Vem cá, Safadão Vem cantar com a gente E contar sua história",Hugo & Guilherme,2025,12,https://www.letras.mus.br/hugo-guilherme/mentirosa-part-wesley-safadao/,-1,0.2586620647181336
1029,Mesmice,musica1029,musica1029_trecho3,"Eu já fingi de tudo pra gente não acabar Até fingi prazer com você na hora H Mas feliz não dá (não dá) Fingir que eu tô feliz Não dá, não dá Eu já fingi de tudo pra gente não acabar Até fingi prazer com você na hora H Mas feliz não dá Fingir que eu tô feliz Não dá, não dá",Simone Mendes,2025,62,https://www.letras.mus.br/simone-mendes/mesmice/,-1,0.11835906175469568
872,Mesmo Sem Estar (part. Sandy),musica872,musica872_trecho1,Eu tô na preguiça que sempre te dá Quando olha no relógio e já passou das seis Eu tô na playlist do teu celular Escondido na história da música três,Luan Santana,2016,30,https://www.letras.mus.br/luan-santana/mesmo-sem-estar/,-1,0.07051660908814528
872,Mesmo Sem Estar (part. Sandy),musica872,musica872_trecho2,"Tô no teu reflexo no espelho, no teu travesseiro Sonho, pesadelo E quando acordar, eu tô aí Mesmo sem estar",Luan Santana,2016,20,https://www.letras.mus.br/luan-santana/mesmo-sem-estar/,-1,0.18781141449860195
872,Mesmo Sem Estar (part. Sandy),musica872,musica872_trecho3,"Tô naquela fome louca de manhã Na vontade de comer besteira no café Tô naquela blusa que eu sei que é azul Só pra me irritar, insiste em dizer que não é",Luan Santana,2016,32,https://www.letras.mus.br/luan-santana/mesmo-sem-estar/,-1,0.13578681828421257
872,Mesmo Sem Estar (part. Sandy),musica872,musica872_trecho4,"Tô na solidão do elevador No teu cobertor, no filme de amor Seja onde for, eu tô aí Mesmo sem estar",Luan Santana,2016,21,https://www.letras.mus.br/luan-santana/mesmo-sem-estar/,-1,0.19494040779734045
872,Mesmo Sem Estar (part. Sandy),musica872,musica872_trecho5,"Uh, uh, uh, uh, uh Saiba que eu sempre tô aí Uh, uh, uh, uh, uh Saiba que eu sempre tô aí Uh, uh, uh, uh, uh Mesmo sem estar",Luan Santana,2016,30,https://www.letras.mus.br/luan-santana/mesmo-sem-estar/,-1,0.19494040779734
872,Mesmo Sem Estar (part. Sandy),musica872,musica872_trecho8,"No teu reflexo no espelho, no teu travesseiro Sonho e pesadelo E quando acordar, eu tô aí Mesmo sem estar",Luan Santana,2016,20,https://www.letras.mus.br/luan-santana/mesmo-sem-estar/,-1,0.18781141449860195
668,Metade da Estrada,musica668,musica668_trecho2,"Vai me largar aqui? Ah tá E resolve sumir? Então tá Você só não levou essa casa Porque não dava pra carregar Nunca pensou em mim, nunca Só me deixou o eco e mais nada Me prometeu vida toda E me deixou na metade da estrada",Henrique & Juliano,2018,46,https://www.letras.mus.br/henrique-e-juliano/metade-da-estrada/,-1,0.04357840979943861
668,Metade da Estrada,musica668,musica668_trecho3,"Mas esse sofrimento tem dia, hora e minuto contado Eu vou sofrer o resto desse dia Porque tudo serve de aprendizado Amanhã eu levanto do chão E encho essa casa de móveis Passo álcool em mim, na parede e no teto Eu gasto uma caixa, mas me desinfeto",Henrique & Juliano,2018,48,https://www.letras.mus.br/henrique-e-juliano/metade-da-estrada/,-1,0.15845221286916555
668,Metade da Estrada,musica668,musica668_trecho5,"Nunca pensou em mim, nunca Só me deixou o eco e mais nada Me prometeu vida toda E me deixou na metade da estrada",Henrique & Juliano,2018,24,https://www.letras.mus.br/henrique-e-juliano/metade-da-estrada/,-1,0.043578409799438944
1114,Mete Sua Boca,musica1114,musica1114_trecho2,"Quero sorrir da saudade Zombar da tristeza e da solidão Agora é só felicidade, amor de verdade Desejo e paixão Não quero mais bebedeira",Guilherme & Santiago,2010,24,https://www.letras.mus.br/guilherme-e-santiago/1630466/,-1,0.050610626208084764
498,Meteoro,musica498,musica498_trecho1,"Te dei o sol, te dei o mar Pra ganhar seu coração Você é raio de saudade Meteoro da paixão Explosão de sentimentos Que eu não pude acreditar Ah! Como é bom poder te amar!",Luan Santana,2009,35,https://www.letras.mus.br/luan-santana/1407542/,-1,0.10864914173833162
498,Meteoro,musica498,musica498_trecho3,"Se for sonho, não me acorde Eu preciso flutuar Pois só quem sonha Consegue alcançar",Luan Santana,2009,15,https://www.letras.mus.br/luan-santana/1407542/,-1,0.3491416240848594
498,Meteoro,musica498,musica498_trecho8,"Tão veloz quanto a luz Pelo universo eu viajei Vem! Me guia, me conduz E pra sempre te amarei",Luan Santana,2009,19,https://www.letras.mus.br/luan-santana/1407542/,-1,0.044989844391131295
498,Meteoro,musica498,musica498_trecho10,"Te dei o sol, te dei o mar Pra ganhar seu coração Você é raio de saudade Meteoro da paixão Explosão de sentimentos Que eu não pude acreditar Ah! Como é bom poder te amar! Ah! Como é bom poder te amar!",Luan Santana,2009,42,https://www.letras.mus.br/luan-santana/1407542/,-1,0.10864914173833162
1312,Meu Amor,musica1312,musica1312_trecho2,"O coração, naquele tempo, só doía A pouca idade e a vergonha, eu não sabia Falar de amor, falar de amor",Henrique & Juliano,2017,21,https://www.letras.mus.br/henrique-e-juliano/meu-amor/,-1,0.046857011032905405
1096,Meu Coração Pede Carona,musica1096,musica1096_trecho2,"Se eu puder me controlar, ganhar seu coração Viajaria o mundo inteiro para te ter nas mãos Se for preciso perco medo, pago o preço para encontrar a direção Uô, uô, uô",João Neto e Frederico,2012,32,https://www.letras.mus.br/joao-neto-frederico/1832016/,-1,0.07193942292101818
1096,Meu Coração Pede Carona,musica1096,musica1096_trecho3,"Meu coração pede carona, pra ver meu amor Eu vou até no porta mala se preciso for Rumo a qualquer lugar do mundo sem destino certo Eu perco o chão não sei viver sem ter você por perto",João Neto e Frederico,2012,38,https://www.letras.mus.br/joao-neto-frederico/1832016/,-1,0.07193942292101863
1096,Meu Coração Pede Carona,musica1096,musica1096_trecho4,"Meu coração pede carona, pra ver meu amor Eu vou até no porta mala se preciso for Rumo a qualquer, lugar do mundo, sem destino certo Eu perco o chão, não sei viver sem ter você por perto",João Neto e Frederico,2012,38,https://www.letras.mus.br/joao-neto-frederico/1832016/,-1,0.07193942292101829
1096,Meu Coração Pede Carona,musica1096,musica1096_trecho6,"Se eu puder me controlar ganhar seu coração Viajaria o mundo inteiro para te ter nas mãos Se for preciso perco medo, pago o preço para encontrar a direção Uô, uô, uô",João Neto e Frederico,2012,32,https://www.letras.mus.br/joao-neto-frederico/1832016/,-1,0.07193942292101851
1096,Meu Coração Pede Carona,musica1096,musica1096_trecho7,"Meu coração pede coração carona, pra ver meu amor Eu vou até no porta mala se preciso for Rumo a qualquer lugar do mundo sem destino certo Eu perco o chão não sei viver sem ter você por perto",João Neto e Frederico,2012,39,https://www.letras.mus.br/joao-neto-frederico/1832016/,-1,0.0719394229210184
684,Meu Eu Em Você,musica684,musica684_trecho2,"Eu sou o brilho dos teus olhos ao me olhar Sou o teu sorriso ao ganhar um beijo meu Eu sou teu corpo inteiro a se arrepiar Quando em meus braços você se acolheu Eu sou o teu segredo mais oculto Teu desejo mais profundo, teu querer Tua fome de prazer sem disfarçar Sou a fonte de alegria, sou o teu sonhar",Paula Fernandes,2005,62,https://www.letras.mus.br/paula-fernandes/1286842/,-1,0.2860810087044462
684,Meu Eu Em Você,musica684,musica684_trecho3,"Eu sou a tua sombra, eu sou teu guia Sou teu luar em plena luz do dia Sou tua pele, proteção, sou teu calor Eu sou teu cheiro a perfumar o nosso amor Eu sou tua saudade reprimida Sou teu sangrar ao ver minha partida Sou teu peito a apelar, gritar de dor Ao se ver ainda mais distante do meu amor",Paula Fernandes,2005,62,https://www.letras.mus.br/paula-fernandes/1286842/,-1,0.10864914173833151
543,Meu Grito de Amor,musica543,musica543_trecho3,Mergulhei nas incertezas do amor Fui um louco sonhador I was just dreaming It was only me in love,Zé Felipe,2025,19,https://www.letras.mus.br/ze-felipe/meu-grito-de-amor/,-1,0.050977145150064684
543,Meu Grito de Amor,musica543,musica543_trecho4,Dói demais o silêncio E o vazio frio dos lençóis Dói demais quando a noite Invade o nosso quarto e traz no vento O meu grito de amor,Zé Felipe,2025,28,https://www.letras.mus.br/ze-felipe/meu-grito-de-amor/,-1,0.39339402210141194
1532,Meu Grito De Amor (part. Eduardo Costa),musica1532,musica1532_trecho3,Mergulhei nas incertezas do amor Fui um louco sonhador,Paula Fernandes,2014,9,https://www.letras.mus.br/paula-fernandes/1852896/,-1,0.05097714515006457
1532,Meu Grito De Amor (part. Eduardo Costa),musica1532,musica1532_trecho5,Dói demais o silêncio E o vazio frio dos lençóis Dói demais quando a noite Invade o nosso quarto E traz no vento O meu grito de amor,Paula Fernandes,2014,28,https://www.letras.mus.br/paula-fernandes/1852896/,-1,0.3933940221014124
1167,"Meu Menino, Minha Menina (part. Belinda)",musica1167,musica1167_trecho1,O que é que você viu em mim?,Luan Santana,2011,8,https://www.letras.mus.br/luan-santana/1791040/,-1,0.18233570928618004
1167,"Meu Menino, Minha Menina (part. Belinda)",musica1167,musica1167_trecho7,"Seu jeito, seu sorriso Sua forma de menina de me agradar Seu charme, seu pedido Sua voz tão constrangida ao se desculpar Sua timidez me encanta, e eu vou te confessar Que a ânsia de esperar você ligar me assusta!",Luan Santana,2011,40,https://www.letras.mus.br/luan-santana/1791040/,-1,0.17361248685513808
1077,Meu Número (part. Jorge & Mateus),musica1077,musica1077_trecho1,Tô sentindo o seu corpo se distanciando Seu beijo esfriando O amor diluindo em lágrimas E ninguém tem coragem de nada,Hugo & Guilherme,2022,21,https://www.letras.mus.br/hugo-guilherme/meu-numero-part-jorge-e-mateus/,-1,0.19863484786166996
1077,Meu Número (part. Jorge & Mateus),musica1077,musica1077_trecho4,Hoje eu tô te deixando voar Na certeza que tem outro amor Se acaso ele te machucar O meu número nunca mudou,Hugo & Guilherme,2022,22,https://www.letras.mus.br/hugo-guilherme/meu-numero-part-jorge-e-mateus/,-1,0.6848464709968787
1077,Meu Número (part. Jorge & Mateus),musica1077,musica1077_trecho8,Se você resolver não voltar Eu só quero o melhor pra você,Hugo & Guilherme,2022,12,https://www.letras.mus.br/hugo-guilherme/meu-numero-part-jorge-e-mateus/,-1,0.11324859520244257
1507,Meu Oxigênio,musica1507,musica1507_trecho1,Nem todas as verdades vão te convencer Palavras de mentira a gente passa a borracha E elas logo se apagam,Matheus & Kauan,2015,20,https://www.letras.mus.br/matheus-kauan/meu-oxigenio/,-1,0.14566201939080348
1507,Meu Oxigênio,musica1507,musica1507_trecho2,Nenhum adjetivo vai te descrever Nem frases copiadas e nem cartas rabiscadas Pois elas logo se rasgam,Matheus & Kauan,2015,17,https://www.letras.mus.br/matheus-kauan/meu-oxigenio/,-1,0.14566201939080337
1507,Meu Oxigênio,musica1507,musica1507_trecho4,"Você é meu oxigênio Minha sina, meu destino A metade do caminho Que falta para eu caminhar",Matheus & Kauan,2015,17,https://www.letras.mus.br/matheus-kauan/meu-oxigenio/,-1,0.04498984439113096
702,Meu Violão e o Nosso Cachorro,musica702,musica702_trecho1,"Pode ficar aqui, sou eu quem vou partir O que a gente construiu não é preciso dividir Fizemos tantos planos, compramos tantas coisas Mas o amor é longe disso Precisamos de um tempo em relação a nós dois Depois decidimos o final, espero que seja um final feliz",Simone & Simaria,2016,48,https://www.letras.mus.br/simone-simaria-as-coleguinhas/meu-violao-e-o-nosso-cachorro/,-1,0.19340496805520135
458,Mil Anos,musica458,musica458_trecho1,Você fala demais Diz muitas besteiras da boca pra fora Mas sei que se arrepende Por jogar o que não era lixo fora,Jorge & Mateus,2010,23,https://www.letras.mus.br/jorge-mateus/1713699/,-1,0.1498820314926258
458,Mil Anos,musica458,musica458_trecho2,"Você briga, me ignora Pisa na bola Sente saudade e chora Diz que é de raiva Pra não assumir que me adora Eu sei que um grande amor Não é fácil de se encontrar Mais difícil ainda é deixar de gostar",Jorge & Mateus,2010,41,https://www.letras.mus.br/jorge-mateus/1713699/,-1,0.12259718829273913
458,Mil Anos,musica458,musica458_trecho3,"Se o clima tá pesado Não existe pecado Que não se possa perdoar Vai ver a gente não conhece o amor direito Prazer, eu sou um cara cheio de defeitos Igualzinho aquele que você aprendeu amar",Jorge & Mateus,2010,36,https://www.letras.mus.br/jorge-mateus/1713699/,-1,0.12680383102230175
1221,Minha Boca Você Não Beija Mais,musica1221,musica1221_trecho1,Tá aí Se o que você queria Era me ver chorar Então pode sorrir,Luan Santana,2009,14,https://www.letras.mus.br/luan-santana/1427742/,-1,0.03078443147372334
1221,Minha Boca Você Não Beija Mais,musica1221,musica1221_trecho5,"É, as vezes depois de um grande amor a Gente acaba se perdendo Mas agora chega Nunca mais você me tira do sério",Luan Santana,2009,23,https://www.letras.mus.br/luan-santana/1427742/,-1,0.15214134466841134
882,Minha Estrela Perdida,musica882,musica882_trecho1,"Você vai rir quando eu pedir Pra me fazer mais um favor Deixe eu sonhar, acreditar Mais uma vez num grande amor Mente que eu finjo, que acredito no seu coração Conte uma mentira pra minha paixão Diz que eu ainda sou o que você mais quis Mente que eu sou o sonho lindo que você sonhou E que a vida inteira você me esperou Basta seu sorriso pra me ver feliz Só um beijo e nada mais, pra deixar você em paz E encontrar a minha estrela perdida Só um sonho e nada mais, depois disso tanto faz Uma noite pra esquecer de uma vida, minha estrela perdida",Eduardo Costa,2007,109,https://www.letras.mus.br/eduardo-costa/962001/,-1,0.052355132476509136
882,Minha Estrela Perdida,musica882,musica882_trecho2,"Mente que eu finjo, que acredito no seu coração Conta uma mentira pra minha paixão Diz que ainda sou o que você mais quis Mente que eu sou o sonho lindo que você sonhou Que a vida inteira você me esperou Basta seu sorriso pra me ver feliz Só um beijo e nada mais pra deixar você em paz E encontrar a minha estrela perdida Só um sonho e nada mais, depois disso tanto faz Uma noite pra esquecer de uma vida, só um beijo e nada mais Pra deixar você em paz, e encontrar a minha estrela perdida Só um sonho e nada mais, depois disso tanto faz Uma noite pra esquecer de uma vida, minha estrela perdida",Eduardo Costa,2007,119,https://www.letras.mus.br/eduardo-costa/962001/,-1,0.5379490881340014
84,Minha Herança,musica84,musica84_trecho5,Tempo que não volta O vô e a vó conversando e nós correndo em volta Ficar até tarde acordado escutando história Daria todo o meu dinheiro pra ter isso agora Tempo que não volta O vô e a vó conversando e nós correndo em volta Ficar até tarde acordado escutando história Daria todo o meu dinheiro pra ter isso agora,Ana Castela,2024,60,https://www.letras.mus.br/ana-castela/minha-heranca/,-1,0.059113703531910367
1105,Mistura Louca (part. Os Hawaianos),musica1105,musica1105_trecho4,"Os Havaianos estão chegando e o bicho vai pegar Deixa comigo que agora eu vou selecionar Você pode ir, você pode também Essa dali não pode, nem idade ela tem",Henrique & Juliano,2013,30,https://www.letras.mus.br/henrique-e-juliano/mistura-louca/,-1,0.2426071473889554
1270,Mô Deuso,musica1270,musica1270_trecho2,"Com os ói que a terra há de comer Eu te vi indo embora E pedi pra mo deuso Mo deuso, excumunga essa muié Que num mais me quer Mata ela pra ieu!",Gino e Geno,2012,33,https://www.letras.mus.br/gino-e-geno/mo-deuso/,-1,0.058881742526842085
1270,Mô Deuso,musica1270,musica1270_trecho9,"Com os ói que a terra há de comer Eu te vi indo embora E pedi pra mo deuso ""Mo deuso, excumunga essa muié Que num mais me quer Mata ela pra ieu!",Gino e Geno,2012,33,https://www.letras.mus.br/gino-e-geno/mo-deuso/,-1,0.05888174252684186
451,Morena,musica451,musica451_trecho1,"Você podia ter caprichado menos no beijo Devia ter pegado leve na hora de amar Podia ter falado não, ao invés de aceito Talvez a história da gente não tava onde tá",Luan Santana,2021,32,https://www.letras.mus.br/luan-santana/morena/,-1,0.19863484786166985
451,Morena,musica451,musica451_trecho2,"O que eu dei pra você? Tudo, tudo que eu tinha pra dar E do quê que adiantou? Nada, você só queria brincar",Luan Santana,2021,23,https://www.letras.mus.br/luan-santana/morena/,-1,0.06518362897437513
451,Morena,musica451,musica451_trecho3,"Se eu não conseguir dormir, não é a cafeína É culpa da morena, do beijo da morena Se na balada eu zerar, não faltou esquema É culpa da morena, do beijo da morena",Luan Santana,2021,33,https://www.letras.mus.br/luan-santana/morena/,-1,0.2739724684761655
451,Morena,musica451,musica451_trecho6,Mesmo sabendo que as minhas chances são praticamente nulas O meu coração ainda te procura Lá vou eu deitar na minha cama Me virar pro outro lado e esquecer Não esqueci,Luan Santana,2021,31,https://www.letras.mus.br/luan-santana/morena/,-1,0.026260155626754433
451,Morena,musica451,musica451_trecho8,"O que eu dei pra você? Tudo, tudo que eu tinha pra dar E do que que adiantou? Nada, você só queria brincar",Luan Santana,2021,23,https://www.letras.mus.br/luan-santana/morena/,-1,0.06518362897437513
451,Morena,musica451,musica451_trecho9,"Se eu não conseguir dormir, não é cafeína É culpa da morena, do beijo da morena",Luan Santana,2021,16,https://www.letras.mus.br/luan-santana/morena/,-1,0.2739724684761654
599,Morena Proibida,musica599,musica599_trecho1,Por causa de um par de olhos Negros de amedrontar Acho que a felicidade Violeiro foi buscar Que até sua viola não Parou mais de tocar No peito desse caboclo Felicidade é pouco Dá pra ver no seu cantar,Jorge & Mateus,2007,39,https://www.letras.mus.br/jorge-mateus/985048/,-1,0.26400563859351633
599,Morena Proibida,musica599,musica599_trecho2,Por uma linda morena Violeiro apaixonou E aquela flor de açucena Coração enfeitiçou Não sabia violeiro Da família que ela vinha De pai rico endinheirado Cem mil cabeças de gado Era pouco pra que o tinha,Jorge & Mateus,2007,36,https://www.letras.mus.br/jorge-mateus/985048/,-1,0.26400563859351633
599,Morena Proibida,musica599,musica599_trecho3,O pai daquela morena Tinha fama de ser duro E disse que o violeiro Na vida não tem futuro,Jorge & Mateus,2007,19,https://www.letras.mus.br/jorge-mateus/985048/,-1,0.09497426782096619
599,Morena Proibida,musica599,musica599_trecho4,Com ela não tem namoro Foi esse o seu recado Só Deus sabe o que sentia Violeiro magoado,Jorge & Mateus,2007,18,https://www.letras.mus.br/jorge-mateus/985048/,-1,0.6841461884745068
599,Morena Proibida,musica599,musica599_trecho5,Violeiro foi embora Chegou na grande cidade No ponteio da viola Sobrou oportunidade De gravar aquela história Que falava de um amor Nas paradas de sucesso Violeiro estourou,Jorge & Mateus,2007,28,https://www.letras.mus.br/jorge-mateus/985048/,-1,0.39339402210141217
1196,Morro de Saudade,musica1196,musica1196_trecho1,Morro de saudade longe do seu beijo Coração não para de acelerar Quase a 200 por hora batendo no peito Cria asas querendo voar,Hugo Pena e Gabriel,2008,24,https://www.letras.mus.br/hugo-pena-e-gabriel/692004/,-1,0.12514294546240712
1196,Morro de Saudade,musica1196,musica1196_trecho2,Sua voz me chama Eu grito seu nome ao vento E meu pensamento vai te encontrar Meu olhar se perde buscando seus olhos no mar Olhos cor da noite prata do luar,Hugo Pena e Gabriel,2008,32,https://www.letras.mus.br/hugo-pena-e-gabriel/692004/,-1,0.1045035561137252
901,Motel Afrodite (part. Maiara & Maraisa),musica901,musica901_trecho1,"Quanto tempo faz da última vez? O Motel Afrodite perdeu um casal freguês Suíte vinte e dois, se eu não me engano, vinte e três Pernoite, depois do café, amor mais uma vez",Marília Mendonça,2021,33,https://www.letras.mus.br/marilia-mendonca/motel-afrodite-part-maiara-e-maraisa/,-1,0.035250473506203805
901,Motel Afrodite (part. Maiara & Maraisa),musica901,musica901_trecho3,"E volta e meia, eu volto lá sozinho Eu tiro a roupa, eu choro e abro um vinho E a roupa de cama pode até mudar Mas juro que seu cheiro ainda tá lá",Marília Mendonça,2021,34,https://www.letras.mus.br/marilia-mendonca/motel-afrodite-part-maiara-e-maraisa/,-1,0.18781141449860173
901,Motel Afrodite (part. Maiara & Maraisa),musica901,musica901_trecho8,"Mas hoje a moça da cabine que adorava a gente Com dó de mim falou: Segue a sua vida, ele saiu no carro da frente",Marília Mendonça,2021,25,https://www.letras.mus.br/marilia-mendonca/motel-afrodite-part-maiara-e-maraisa/,-1,0.060315391296412724
878,Moto (part. Ana Castela),musica878,musica878_trecho3,"Cê deve ser casado, ter três filhos no interior de sei lá onde Ou vai sumir no mundão depois de tirar uma moto no meu nome Cê deve ser casado, ter três filhos no interior de sei lá onde Ou vai sumir no mundão depois de tirar uma moto no meu nome",Júlia & Rafaela,2024,52,https://www.letras.mus.br/julia-e-rafaela/moto-part-ana-castela/,-1,0.0861388418618978
1088,Mozão,musica1088,musica1088_trecho1,"Oh mozão, cheguei à conclusão Já faz tempo que a gente fica Quase um namoro, sei lá, a gente enrola Eu sinto falta de você quando não está aqui",Lucas Lucco,2014,29,https://www.letras.mus.br/lucas-lucco/mozao/,-1,0.2625866564516812
1088,Mozão,musica1088,musica1088_trecho3,"Eu sei, tô viajando Tô novo, mas o que custa sonhar? Se o tempo não para de passar E nunca vai parar",Lucas Lucco,2014,22,https://www.letras.mus.br/lucas-lucco/mozao/,-1,0.030786704268044196
1365,Muda Minha Vida,musica1365,musica1365_trecho1,Estou aqui na tua casa Preciso ouvir tua voz Aos seus pés me lanço agora Eu sei que tu podes curar,Alex e Alex,2010,21,https://www.letras.mus.br/alex-alex/1725501/,-1,0.18150908271549449
1365,Muda Minha Vida,musica1365,musica1365_trecho2,"Eu trago a cicatriz de alguém que tanto errou Mas tentou acertar Eu tentei acertar Sei que hoje é meu dia, então decidi Que eu não vou mais chorar ah",Alex e Alex,2010,30,https://www.letras.mus.br/alex-alex/1725501/,-1,0.19689921162304835
1365,Muda Minha Vida,musica1365,musica1365_trecho6,"Não vou sair daqui Enquanto não me abençoar Meu Deus, Deus meu Eu vou te tocar Custe o que custar",Alex e Alex,2010,20,https://www.letras.mus.br/alex-alex/1725501/,-1,0.06619607397359395
375,Mudando de Assunto,musica375,musica375_trecho2,"Chega a dar tremedeira, um nó na barriga Quem ama demais não suporta uma briga Ciúme demais faz a gente sofrer",Henrique & Juliano,2014,21,https://www.letras.mus.br/henrique-e-juliano/mudando-de-assunto/,-1,0.12093114458140486
375,Mudando de Assunto,musica375,musica375_trecho5,"Pra que brigar, chorar, embora Eu bem sei que nessa hora Vai me dar vontade de você",Henrique & Juliano,2014,17,https://www.letras.mus.br/henrique-e-juliano/mudando-de-assunto/,-1,0.6426526587136006
1456,Mudou a Estação (part. Henrique & Juliano),musica1456,musica1456_trecho1,Eu me apaixonei por um alguém Que nunca quis amar ninguém Eu mesmo me fiz sua refém Me prendi,Marília Mendonça,2017,19,https://www.letras.mus.br/marilia-mendonca/mudou-a-estacao/,-1,0.13255184497578998
1456,Mudou a Estação (part. Henrique & Juliano),musica1456,musica1456_trecho2,"Eu, que era livre para voar Cortei as minhas próprias asas Fiz de você a minha casa Fiquei aqui com você",Marília Mendonça,2017,21,https://www.letras.mus.br/marilia-mendonca/mudou-a-estacao/,-1,0.052355132476509136
1456,Mudou a Estação (part. Henrique & Juliano),musica1456,musica1456_trecho5,Vou em busca de outro amor Não tem mais doce a nossa flor Eu preciso de carinho Nem que seja um pouquinho,Marília Mendonça,2017,22,https://www.letras.mus.br/marilia-mendonca/mudou-a-estacao/,-1,0.08813646008372655
1069,Mulher da Blusa Amarela,musica1069,musica1069_trecho1,"Vocês estão vendo aquela Mulher da blusa amarela e a saia de outra cor Vendo ela desprezada, lembraste que foi amada Já foi meu primeiro amor",Amado Edílson,2009,26,https://www.letras.mus.br/amado-edilson/1216757/,-1,0.13724511600773792
1069,Mulher da Blusa Amarela,musica1069,musica1069_trecho3,"No tempo que eu lhe amava Sorridente ela andava, e eu lhe enchia de amor Por causa de conversinha, de fofoca de amiguinhas Essa mulher me deixou",Amado Edílson,2009,27,https://www.letras.mus.br/amado-edilson/1216757/,-1,0.0862166355365932
1069,Mulher da Blusa Amarela,musica1069,musica1069_trecho4,Essa mulher me deixou Essa mulher me deixou,Amado Edílson,2009,8,https://www.letras.mus.br/amado-edilson/1216757/,-1,0.06031539129641306
1069,Mulher da Blusa Amarela,musica1069,musica1069_trecho7,"Por causa de uma falsa amiga Deixou uma boa vida, pra morar no cabaré Passando de mão em mão, se vendendo por tostão Pra ficar com quem quiser",Amado Edílson,2009,28,https://www.letras.mus.br/amado-edilson/1216757/,-1,0.1232029371693002
1069,Mulher da Blusa Amarela,musica1069,musica1069_trecho8,Pra ficar com quem quiser Ficando com quem quiser,Amado Edílson,2009,9,https://www.letras.mus.br/amado-edilson/1216757/,-1,0.1369392663070833
1069,Mulher da Blusa Amarela,musica1069,musica1069_trecho9,"Não pensava que aquela mulher da blusa amarela Me fizesse essa traição Mas o destino é cruel, ela deixou de ser fiel Pra viver de mão em mão",Amado Edílson,2009,28,https://www.letras.mus.br/amado-edilson/1216757/,-1,0.13724511600773848
1069,Mulher da Blusa Amarela,musica1069,musica1069_trecho11,"Minha família tentava, pra ver se eu me conformava Com o disgosto que passei Foi três anos de terror, acreditando no amor E ter passado o que eu passei",Amado Edílson,2009,29,https://www.letras.mus.br/amado-edilson/1216757/,-1,0.047405125005995696
1069,Mulher da Blusa Amarela,musica1069,musica1069_trecho12,E ter passado o que eu passei E ter passado o que eu passei,Amado Edílson,2009,14,https://www.letras.mus.br/amado-edilson/1216757/,-1,0.1968992116230487
1069,Mulher da Blusa Amarela,musica1069,musica1069_trecho13,"Não podia ver aquela mulher da blusa amarela Que eu pensava em me matar Meu disgosto era demais, comprei logo minha passagem E sai daquele lugar",Amado Edílson,2009,26,https://www.letras.mus.br/amado-edilson/1216757/,-1,0.1583642543258399
1069,Mulher da Blusa Amarela,musica1069,musica1069_trecho14,E sai daquele lugar E sai daquele lugar,Amado Edílson,2009,8,https://www.letras.mus.br/amado-edilson/1216757/,-1,0.054379424450131
1069,Mulher da Blusa Amarela,musica1069,musica1069_trecho15,"Mas a lei de Deus não tarda, o que se faz aqui se paga Essa mulher me pagou Hoje vive sem ninguem, nem casa pra morar tem E nem quem lhe dê amor",Amado Edílson,2009,33,https://www.letras.mus.br/amado-edilson/1216757/,-1,0.3024430127162686
1069,Mulher da Blusa Amarela,musica1069,musica1069_trecho16,E nem quem lhe dê amor E nem quem lhe dê amor,Amado Edílson,2009,12,https://www.letras.mus.br/amado-edilson/1216757/,-1,0.12320293716930031
1069,Mulher da Blusa Amarela,musica1069,musica1069_trecho17,"Doente em cima da cama, chorando meu nome chama Mas a vida continua Deixou de ser mulher casada, para ser mulher amada Dos malandrecos das ruas",Amado Edílson,2009,26,https://www.letras.mus.br/amado-edilson/1216757/,-1,0.13724511600773825
1069,Mulher da Blusa Amarela,musica1069,musica1069_trecho18,Dos malandrecos das ruas Dos malandrecos das ruas,Amado Edílson,2009,8,https://www.letras.mus.br/amado-edilson/1216757/,-1,0.09497426782096607
1069,Mulher da Blusa Amarela,musica1069,musica1069_trecho19,"Eu tenho pena daquela mulher da blusa amarela E a saia de outra cor A doença lhe venceu, seu corpo enfraqueceu Morreu sem ter um amor",Amado Edílson,2009,26,https://www.letras.mus.br/amado-edilson/1216757/,-1,0.13724511600773837
1069,Mulher da Blusa Amarela,musica1069,musica1069_trecho20,Morreu sem ter um amor Morreu sem ter um amor,Amado Edílson,2009,10,https://www.letras.mus.br/amado-edilson/1216757/,-1,0.035250473506203805
449,Mulher Foda,musica449,musica449_trecho1,Abaixa esse tom de voz Quem cê pensa que é? Primeiro passo pra ser homem Aprende a tratar direito uma mulher,Simone Mendes,2024,21,https://www.letras.mus.br/simone-mendes/mulher-foda/,-1,0.23713554148309746
449,Mulher Foda,musica449,musica449_trecho3,"E conta pra ele o que você fez Que uma mulher foda virou sua ex Quis ser o bichão, agora engole calado Outro valorizando",Simone Mendes,2024,24,https://www.letras.mus.br/simone-mendes/mulher-foda/,-1,0.15400755964662416
449,Mulher Foda,musica449,musica449_trecho4,"E conta pra ele o que você fez Que uma mulher foda virou sua ex Quis ser o bichão, agora engole calado Outro valorizando o que era pra você ter valorizado",Simone Mendes,2024,31,https://www.letras.mus.br/simone-mendes/mulher-foda/,-1,0.15400755964662438
449,Mulher Foda,musica449,musica449_trecho6,"Conta pra ele o que você fez Que uma mulher foda virou sua ex Quis ser o bichão, agora engole calado Outro valorizando",Simone Mendes,2024,23,https://www.letras.mus.br/simone-mendes/mulher-foda/,-1,0.1540075596466246
449,Mulher Foda,musica449,musica449_trecho8,"Quis ser o bichão, agora engole calado Outro valorizando o que era pra você ter valorizado",Simone Mendes,2024,16,https://www.letras.mus.br/simone-mendes/mulher-foda/,-1,0.15400755964662427
216,MULHER SEGURA,musica216,musica216_trecho1,"Ela começa, ela termina Ela não transa, ela ensina Se não for pra ser o amor da vida, ela nem vai Ela sabe a diferença O que não rola, o que compensa Ela é tensa, ela é intensa até demais",Luan Santana,2023,40,https://www.letras.mus.br/luan-santana/mulher-segura/,-1,0.05846726669452984
216,MULHER SEGURA,musica216,musica216_trecho2,"Ela é princesa, ela é tranqueira Ela é segunda, sexta-feira Se ninguém fizer ela feliz, ela se faz Se ocê ama, ela te ama Se ocê trai, ela te trai",Luan Santana,2023,30,https://www.letras.mus.br/luan-santana/mulher-segura/,-1,0.05846726669453006
216,MULHER SEGURA,musica216,musica216_trecho3,"Não peita, cê num guenta a briga É do beijo pra terapia, saudade pra abstinência Hoje é sua, ontem foi minha E amanhã só Deus sabe o que ela pensa O pra sempre dela sempre tem vida curta Ninguém segura uma mulher segura Ninguém segura uma mulher segura",Luan Santana,2023,48,https://www.letras.mus.br/luan-santana/mulher-segura/,-1,0.15366184405029826
216,MULHER SEGURA,musica216,musica216_trecho9,O pra sempre dela sempre tem vida curta Ninguém segura uma mulher segura,Luan Santana,2023,13,https://www.letras.mus.br/luan-santana/mulher-segura/,-1,0.15366184405029815
1494,Mundo de Ilusões,musica1494,musica1494_trecho3,"Não vai ser dessa vez Que vai fazer com ele o que você me fez Por favor, me escute logo de uma vez Seu amor é um mundo de ilusões Brincando com dois corações",Gusttavo Lima,2017,34,https://www.letras.mus.br/gusttavo-lima/mundo-de-ilusoes/,-1,0.09615916117169176
1494,Mundo de Ilusões,musica1494,musica1494_trecho4,"Será que dentro do seu peito não tem coração E a sua cabeça só pensa em traição? Sai pra lá com esse seu amor bandido E me traiu com ele, quer trair ele comigo",Gusttavo Lima,2017,34,https://www.letras.mus.br/gusttavo-lima/mundo-de-ilusoes/,-1,0.2618763016252005
1328,Mundo Paralelo,musica1328,musica1328_trecho1,Hoje eu vi em seus olhos o medo que tem de me encontrar Percebi o desejo que você tem de me provar E o que te impede de estar feliz? Ainda é cedo pra dizer adeus,Matheus & Kauan,2013,36,https://www.letras.mus.br/matheus-kauan/mundo-paralelo/,-1,0.26162903766618717
1328,Mundo Paralelo,musica1328,musica1328_trecho2,Vejo você distante em um mundo paralelo ao meu E nem sei se os meus planos ainda São os mesmos que os seus E o que te impede de estar aqui Pra não passar da hora de dizer que sim,Matheus & Kauan,2013,40,https://www.letras.mus.br/matheus-kauan/mundo-paralelo/,-1,0.04235887885939971
846,Na Conta da Loucura,musica846,musica846_trecho1,Gosto Das suas mãos atrevidas Desse seu olhar maldoso Suas frases provocantes Desse jogo corpo a corpo,Bruno & Marrone,2017,17,https://www.letras.mus.br/bruno-e-marrone/na-conta-da-loucura/,-1,0.22269237329707126
846,Na Conta da Loucura,musica846,musica846_trecho2,Você é o defeito que eu gosto de ter Se for pra errar tem que ser com você,Bruno & Marrone,2017,18,https://www.letras.mus.br/bruno-e-marrone/na-conta-da-loucura/,-1,0.07412665757249914
846,Na Conta da Loucura,musica846,musica846_trecho3,Quero Sua cama passageira A sua temperatura Traz a loucura pro quarto Deixa a razão na rua Temos uma noite inteira Pra fazer o que quiser,Bruno & Marrone,2017,26,https://www.letras.mus.br/bruno-e-marrone/na-conta-da-loucura/,-1,0.6843941179463597
373,Na Hora da Raiva,musica373,musica373_trecho1,Encontrei Uma caixinha cheia de relatos Um monte de documentos tão falsos Nossas vidas,Henrique & Juliano,2015,14,https://www.letras.mus.br/henrique-e-juliano/foi-na-hora-da-raiva/,-1,0.06031539129641339
373,Na Hora da Raiva,musica373,musica373_trecho9,Mas foi na hora da raiva Na hora na hora da raiva,Henrique & Juliano,2015,12,https://www.letras.mus.br/henrique-e-juliano/foi-na-hora-da-raiva/,-1,0.060315391296412835
235,Na Hora de Amar,musica235,musica235_trecho3,"Você deve estar com medo de contar Que seu amor, por mim acabou, sempre fingiu, nada sentiu na hora de amar",Gusttavo Lima,2017,21,https://www.letras.mus.br/gusttavo-lima/na-hora-de-amar/,-1,0.1225971882927388
235,Na Hora de Amar,musica235,musica235_trecho4,Eu vejo o Sol se afastando do horizonte Igual você que se escondeu Não sei porque um amor que era tão grande Foi ficando assim,Gusttavo Lima,2017,25,https://www.letras.mus.br/gusttavo-lima/na-hora-de-amar/,-1,0.11030907759903064
235,Na Hora de Amar,musica235,musica235_trecho5,"Você deve estar com medo de contar Que seu amor, por mim acabou, sempre fingiu, nada sentiu na hora de amar Tem medo de contar Que seu amor, por mim acabou, sempre fingiu, nada sentiu na hora de amar",Gusttavo Lima,2017,39,https://www.letras.mus.br/gusttavo-lima/na-hora-de-amar/,-1,0.12259718829273847
235,Na Hora de Amar,musica235,musica235_trecho6,A gente sente quando tudo acabou Quando o encanto da paixão sumiu (oh oh) Um sentimento que só meu coração descobriu,Gusttavo Lima,2017,21,https://www.letras.mus.br/gusttavo-lima/na-hora-de-amar/,-1,0.06299962948158488
235,Na Hora de Amar,musica235,musica235_trecho7,"Você deve estar com medo de contar Que seu amor, por mim acabou, sempre fingiu, nada sentiu na hora de amar (Insensível)",Gusttavo Lima,2017,22,https://www.letras.mus.br/gusttavo-lima/na-hora-de-amar/,-1,0.12259718829273902
235,Na Hora de Amar,musica235,musica235_trecho8,"Tem medo de contar Que seu amor, por mim acabou, sempre fingiu, nada sentiu Na hora de amar",Gusttavo Lima,2017,18,https://www.letras.mus.br/gusttavo-lima/na-hora-de-amar/,-1,0.12259718829273891
1506,Na Hora Que Você Chamar,musica1506,musica1506_trecho1,"Se não sou eu, quem vai ser?",Jorge & Mateus,2024,7,https://www.letras.mus.br/jorge-mateus/na-hora-que-voce-chamar/,-1,0.6432413836199748
1506,Na Hora Que Você Chamar,musica1506,musica1506_trecho4,"Se não sou eu, quem vai ser? Se não sou eu, quem vai ser?",Jorge & Mateus,2024,14,https://www.letras.mus.br/jorge-mateus/na-hora-que-voce-chamar/,-1,0.6432413836199747
33,Na Linha do Tempo,musica33,musica33_trecho3,Vou dizer Que nessas frases tem um pouco de nós dois Que não deixamos o agora pra depois Quando te vejo eu me sinto tão completo por onde eu vou,Victor & Leo,2015,30,https://www.letras.mus.br/victor-leo/na-linha-do-tempo/,-1,0.5527481356473799
33,Na Linha do Tempo,musica33,musica33_trecho5,"Na linha do tempo, o destino escreveu Com letras douradas, você e eu",Victor & Leo,2015,13,https://www.letras.mus.br/victor-leo/na-linha-do-tempo/,-1,0.12901225081013756
33,Na Linha do Tempo,musica33,musica33_trecho9,Que nessas frases tem um pouco de nós dois Que não deixamos o agora pra depois Quando te vejo eu me sinto tão completo por onde eu vou,Victor & Leo,2015,28,https://www.letras.mus.br/victor-leo/na-linha-do-tempo/,-1,0.5527481356473798
871,Nada Nada,musica871,musica871_trecho1,Você me pisou igual se pisa em bituca de cigarro Você me usou como se o meu amor fosse descartável Agora eu tô no bar do Araújo bebendo de tudo Olhando as fotos dela no meu telefone,Henrique & Juliano,2015,37,https://www.letras.mus.br/henrique-e-juliano/nada-nada/,-1,0.03985127838704161
871,Nada Nada,musica871,musica871_trecho8,Você me pisou igual se pisa em bituca de cigarro (porque cê fez isso) Você me usou como se o meu amor fosse descartável Agora eu tô no bar do Araújo bebendo de tudo Olhando as fotos dela no meu telefone,Henrique & Juliano,2015,41,https://www.letras.mus.br/henrique-e-juliano/nada-nada/,-1,0.03985127838704117
717,Nada Normal,musica717,musica717_trecho2,"Dos nossos lábios todas as palavras nada dizem Aos nossos olhos, tudo que já vimos foi vertigem E é tudo tão real, mas nada normal",Victor & Leo,2008,25,https://www.letras.mus.br/victor-leo/1360046/,-1,0.32898134945427127
717,Nada Normal,musica717,musica717_trecho3,"Te lembro e já me sinto ao seu lado, no seu mundo Me identifico com você de um jeito tão profundo E é tudo tão real, mas nada normal",Victor & Leo,2008,29,https://www.letras.mus.br/victor-leo/1360046/,-1,0.19489000859382943
986,Não Casa Não,musica986,musica986_trecho1,Sei que você tá procurando uma casa Comprou a geladeira e na TV já deu entrada Com outra vai casar Será que tá feliz?,Marília Mendonça,2017,24,https://www.letras.mus.br/marilia-mendonca/nao-casa-nao/,-1,0.17610977428941244
986,Não Casa Não,musica986,musica986_trecho2,"Tô aqui Lembrando que a gente namorou há três anos atrás Fui feliz demais Quando a gente ama de verdade, o coração não muda Vou te ligar Só pra tirar a dúvida",Marília Mendonça,2017,32,https://www.letras.mus.br/marilia-mendonca/nao-casa-nao/,-1,0.03525047350620336
986,Não Casa Não,musica986,musica986_trecho3,"Fui logo dizendo: Oi, amor Se tem um pouco de mim no seu coração Então não casa, não Por favor, não casa, não",Marília Mendonça,2017,23,https://www.letras.mus.br/marilia-mendonca/nao-casa-nao/,-1,0.24339182162612927
986,Não Casa Não,musica986,musica986_trecho4,"Fui logo dizendo: Oi, amor Se tem um pouco de mim no seu coração Então não casa, não Por favor, não casa não",Marília Mendonça,2017,23,https://www.letras.mus.br/marilia-mendonca/nao-casa-nao/,-1,0.2433918216261296
986,Não Casa Não,musica986,musica986_trecho6,"Tô aqui Lembrando quando a gente namorou há três anos atrás Fui feliz demais Quando a gente ama de verdade, o coração não muda Vou te ligar Só pra tirar a dúvida",Marília Mendonça,2017,32,https://www.letras.mus.br/marilia-mendonca/nao-casa-nao/,-1,0.03525047350620325
1573,Não Dá Pra Continuar,musica1573,musica1573_trecho2,Quando ligo não me atende Quando falo não compreende os meus problemas Se te peço um beijo você foge Eu permaneço sozinho com o meu dilema,João Bosco & Vinícius,2007,26,https://www.letras.mus.br/joao-bosco-viniciusacustico/979833/,-1,0.08205110915381597
1573,Não Dá Pra Continuar,musica1573,musica1573_trecho3,Se for pra continuar assim As coisas vão ficar muito difíceis entre nós Você querendo só ficar e eu aqui num canto Amando só por nós dois Não pense que sou vítima Ou que só tô aqui fazendo drama Esse é o mais puro sentimento De um coração que te ama,João Bosco & Vinícius,2007,51,https://www.letras.mus.br/joao-bosco-viniciusacustico/979833/,-1,0.19415952087515098
1076,Não Demora Perceber,musica1076,musica1076_trecho4,"Eu não me vejo sem você Só não demore a perceber O tempo voa, o dia passa e esse amor acaba Se não há nada a perder Então vai ter que escolher Desembaça, vê se não me atrasa",Jorge & Mateus,2012,38,https://www.letras.mus.br/jorge-mateus/nao-demore-a-perceber/,-1,0.25963875998711683
890,Não Era Eu,musica890,musica890_trecho3,"Te amo demais e não sou capaz De mentir e nem te enganar Pra não te perder, nem te ver sofrer Sinto muito, o jeito é negar",César Menotti & Fabiano,2012,27,https://www.letras.mus.br/cesar-menotti-e-fabiano/nao-era-eu/,-1,0.2987439103759446
890,Não Era Eu,musica890,musica890_trecho5,"Não era eu, não era eu Tava em casa apaixonado Querendo os seus abraços Só pensando em você E eu vou negando até morrer",César Menotti & Fabiano,2012,24,https://www.letras.mus.br/cesar-menotti-e-fabiano/nao-era-eu/,-1,0.2678603734834878
1044,Não Era Pra Ser,musica1044,musica1044_trecho2,Perdi meu celular e o seu número foi junto Nosso primeiro encontro tava meio sem assunto Talvez por timidez eu me fechei e esperei você me procurar,Luan Santana,2011,27,https://www.letras.mus.br/luan-santana/1779417/,-1,0.1988609822204218
1044,Não Era Pra Ser,musica1044,musica1044_trecho3,"Não era pra ser, não, não, não Não ia rolar Já tivemos tantas chances Mas ninguém quis se entregar",Luan Santana,2011,19,https://www.letras.mus.br/luan-santana/1779417/,-1,0.037535516886027964
1070,Não Era Você,musica1070,musica1070_trecho1,"Tantos beijos já deixados por aí Conversas vazias, noites sem dormir Sempre pulando a parte um do compromisso Correndo pra provar um prazer sem o início",João Bosco & Vinícius,2018,26,https://www.letras.mus.br/joao-bosco-viniciusacustico/nao-era-voce/,-1,0.1986348478616694
1070,Não Era Você,musica1070,musica1070_trecho3,"Quantidades e momentos Não queria enxergar ninguém por dentro Por trás de todo sorriso, só conseguia ver Alguém que ia me fazer sofrer",João Bosco & Vinícius,2018,23,https://www.letras.mus.br/joao-bosco-viniciusacustico/nao-era-voce/,-1,0.03078443147372356
1070,Não Era Você,musica1070,musica1070_trecho4,"É porque não era você É porque não era você Eu troco 4 vidas de solteiro, fácil Pra viver o resto dessa do seu lado",João Bosco & Vinícius,2018,25,https://www.letras.mus.br/joao-bosco-viniciusacustico/nao-era-voce/,-1,0.20543146086627806
1070,Não Era Você,musica1070,musica1070_trecho6,"Derererererererê Derererererererê Eu troco 4 vidas de solteiro, fácil Pra viver o resto dessa do seu lado",João Bosco & Vinícius,2018,17,https://www.letras.mus.br/joao-bosco-viniciusacustico/nao-era-voce/,-1,0.2054314608662784
1070,Não Era Você,musica1070,musica1070_trecho14,"É porque não era você Eu troco 4 vidas de solteiro, fácil Pra viver o resto dessa do seu lado",João Bosco & Vinícius,2018,20,https://www.letras.mus.br/joao-bosco-viniciusacustico/nao-era-voce/,-1,0.20543146086627817
1232,Não Fui Eu,musica1232,musica1232_trecho3,Eu sei o que dirá Vai me culpar Por um erro seu Se alguém me perguntar Irei dizer que não fui eu Não fui eu,Paula Fernandes,2013,25,https://www.letras.mus.br/paula-fernandes/nao-fui-eu/,-1,0.6432413836199746
1232,Não Fui Eu,musica1232,musica1232_trecho7,Não fui eu quem desistiu dos nossos sonhos Não fui eu quem destruiu nossa esperança Não fui eu quem fez meus olhos mergulhados por mentiras Vai dizer que era isso que eu queria,Paula Fernandes,2013,33,https://www.letras.mus.br/paula-fernandes/nao-fui-eu/,-1,0.28955873726498627
1232,Não Fui Eu,musica1232,musica1232_trecho8,Eu sei o que dirá Vai me culpar Por um erro seu,Paula Fernandes,2013,12,https://www.letras.mus.br/paula-fernandes/nao-fui-eu/,-1,0.6432413836199748
1232,Não Fui Eu,musica1232,musica1232_trecho9,Eu sei o que dirá Vai me culpar Por um erro seu Se alguém me perguntar Irei dizer que não fui eu,Paula Fernandes,2013,22,https://www.letras.mus.br/paula-fernandes/nao-fui-eu/,-1,0.6432413836199746
1232,Não Fui Eu,musica1232,musica1232_trecho10,Eu sei o que dirá Vai me culpar Por um erro seu Se alguém me perguntar Irei dizer que não fui eu Não fui eu Não fui eu Não fui eu Não fui eu Não fui eu Não fui eu Não fui eu,Paula Fernandes,2013,43,https://www.letras.mus.br/paula-fernandes/nao-fui-eu/,-1,0.6432413836199747
795,Não Importa Os KM (part. Léo Foguete),musica795,musica795_trecho1,Estradas levam pra longe Mas também trazem pra perto Quando eu saí dessa cidadezinha Você me olhou e prometeu Te espero,Fernando e Sorocaba,2025,21,https://www.letras.mus.br/fernando-sorocaba/nao-importa-os-km-part-leo-foguete/,-1,0.05250685142885814
795,Não Importa Os KM (part. Léo Foguete),musica795,musica795_trecho2,"Uma foto sua no painel eu colei Só meu volante sabe o quanto eu chorei Acelerando noite e dia Madrugada, todo lugar que eu passei, te encontrei",Fernando e Sorocaba,2025,27,https://www.letras.mus.br/fernando-sorocaba/nao-importa-os-km-part-leo-foguete/,-1,0.18781141449860195
795,Não Importa Os KM (part. Léo Foguete),musica795,musica795_trecho4,Em SP eu vi seu brilho por toda a cidade Vi seu cabelo loiro no pôr do Sol no Nordeste E na serra gaúcha tomei vinho com a saudade Pois não importa os KM quem ama não esquece,Fernando e Sorocaba,2025,38,https://www.letras.mus.br/fernando-sorocaba/nao-importa-os-km-part-leo-foguete/,-1,0.21010941232134228
796,Não Me Perdoei,musica796,musica796_trecho1,Eu queria ser um anjo E não passo apenas do que sou Te daria um par de estrelas E o que tenho é o meu amor,Victor & Leo,2012,26,https://www.letras.mus.br/victor-leo/nao-me-perdoei/,-1,0.24702819284151234
796,Não Me Perdoei,musica796,musica796_trecho2,"Eu só sei sonhar contigo Aceitando o meu regresso Tenho medo de perdê-la Te amo, confesso",Victor & Leo,2012,16,https://www.letras.mus.br/victor-leo/nao-me-perdoei/,-1,0.12514294546240656
334,Não Precisa (part. Victor & Leo),musica334,musica334_trecho3,"Eu já sonhei com a vida, agora vivo um sonho Mas viver ou sonhar, com você, tanto faz Não diga: Não precisa, eu digo que é preciso A gente se amar demais, nada mais",Paula Fernandes,2010,34,https://www.letras.mus.br/paula-fernandes/1756907/,-1,0.19415952087515087
1444,Não Sai da Minha Vida,musica1444,musica1444_trecho4,Vou te provar que vai ser diferente Me dá uma chance vai ser bom pra gente Nunca diga nunca pra esse nosso amor,Jorge & Mateus,2009,23,https://www.letras.mus.br/jorge-mateus/1446998/,-1,0.08256045068915463
1444,Não Sai da Minha Vida,musica1444,musica1444_trecho5,"Não sai da minha vida Não vou sobreviver sem te ver Atende a ligação, escute o coração Não me deixa assim, não, não Não sai da minha vida Eu não mereço um ponto final Não dá pra esconder, não vivo sem você Meu coração não sabe te esquecer",Jorge & Mateus,2009,48,https://www.letras.mus.br/jorge-mateus/1446998/,-1,0.1927068783815712
635,Não Sirvo (part. Luísa Sonza),musica635,musica635_trecho3,"Tá achando que é bagunça? Só porque me tirou da bagunça Mas, pra sua informação Depois da sua boca, só teve a sua Cê me tirou da rua, pô Sigilo porra nenhuma Se eu não sirvo pra namorar Então não sirvo só pra dar uma",Matheus & Kauan,2024,45,https://www.letras.mus.br/matheus-kauan/nao-sirvo-part-luisa-sonza/,-1,0.43279479774183727
635,Não Sirvo (part. Luísa Sonza),musica635,musica635_trecho4,"Tá achando que é bagunça? Só porque me tirou da bagunça Mas, pra sua informação Depois da sua boca, só teve a sua Cê me tirou da rua, pô Sigilo porra nenhuma Se eu não sirvo pra namorar Então não sirvo só pra dar uma Tá achando que é bagunça?",Matheus & Kauan,2024,50,https://www.letras.mus.br/matheus-kauan/nao-sirvo-part-luisa-sonza/,-1,0.4327947977418374
635,Não Sirvo (part. Luísa Sonza),musica635,musica635_trecho7,"Tá achando que é bagunça? Só porque me tirou da bagunça Mas, pra sua informação Depois da sua boca, só teve a sua Cê me tirou da rua, pô Sigilo porra nenhuma Se eu não sirvo pra namorar Eu não sirvo só pra dar uma",Matheus & Kauan,2024,45,https://www.letras.mus.br/matheus-kauan/nao-sirvo-part-luisa-sonza/,-1,0.43279479774183705
635,Não Sirvo (part. Luísa Sonza),musica635,musica635_trecho8,"Tá achando que é bagunça? Só porque me tirou da bagunça Mas, pra sua informação Depois da sua boca, só teve a sua Cê me tirou da rua, pô Sigilo porra nenhuma Se eu não sirvo pra namorar Eu não sirvo só pra dar uma Tá achando que é bagunça?",Matheus & Kauan,2024,50,https://www.letras.mus.br/matheus-kauan/nao-sirvo-part-luisa-sonza/,-1,0.4327947977418374
635,Não Sirvo (part. Luísa Sonza),musica635,musica635_trecho9,"Mas, pra sua informação (tá achando que é bagunça?) Depois da sua boca, só teve a sua Cê me tirou da rua, pô Sigilo porra nenhuma Se eu não sirvo pra namorar Eu não sirvo só pra dar uma Tá achando que é bagunça? Tá achando que é bagunça?",Matheus & Kauan,2024,49,https://www.letras.mus.br/matheus-kauan/nao-sirvo-part-luisa-sonza/,-1,0.43279479774183727
546,Não Tente Me Impedir,musica546,musica546_trecho3,"Eu, jurar amor, para quê? Você não me engana mais Me anulei por você Só pra ter desilusão",Bruno & Marrone,2009,18,https://www.letras.mus.br/bruno-e-marrone/1444912/,-1,0.26187630162520015
546,Não Tente Me Impedir,musica546,musica546_trecho9,"Nem que o mundo acabe eu vou partir Pro seu próprio bem, não tente me impedir Você só me deu desilusão Agora te dou a solidão",Bruno & Marrone,2009,26,https://www.letras.mus.br/bruno-e-marrone/1444912/,-1,0.1364152359978421
669,Não Vitalício (Nunca Mais) (part. Mari Fernandez),musica669,musica669_trecho3,Juro que eu não volto nunca mais Olha eu beijando na boca do nunca mais Olha eu tirando a roupa do nunca mais Eu juro que eu nao corro mais atrás Olha eu correndo pra casa do nunca mais Olha eu me acabando na cama do nunca mais,Matheus & Kauan,2023,48,https://www.letras.mus.br/matheus-kauan/nao-vitalicio-nunca-mais-part-mari-fernandez/,-1,0.3147581010764605
669,Não Vitalício (Nunca Mais) (part. Mari Fernandez),musica669,musica669_trecho6,Juro que eu não volto nunca mais Olha eu beijando na boca do nunca mais Olha eu tirando a roupa do nunca mais Juro que eu nao corro mais atrás Olha eu correndo pra casa do nunca mais Olha eu me acabando na cama do nunca mais,Matheus & Kauan,2023,47,https://www.letras.mus.br/matheus-kauan/nao-vitalicio-nunca-mais-part-mari-fernandez/,-1,0.3147581010764605
669,Não Vitalício (Nunca Mais) (part. Mari Fernandez),musica669,musica669_trecho7,Eu juro que eu não volto nunca mais Olha eu beijando na boca do nunca mais Olha eu tirando a roupa do nunca mais Juro que eu nao corro mais atrás Olha eu correndo pra casa do nunca mais Olha eu me acabando na cama do nunca mais (do nunca mais) Nunca mais,Matheus & Kauan,2023,53,https://www.letras.mus.br/matheus-kauan/nao-vitalicio-nunca-mais-part-mari-fernandez/,-1,0.31475810107646074
1607,Não Vou Mais Atrás De Você (Agora Eu Me Curei),musica1607,musica1607_trecho1,"Cansei de te procurar e De bater no seu apartamento Tentando reconciliar o nosso relacionamento Mandei mensagens, te liguei Pra reviver a nossa história Você não quis se preocupar e me mandou embora",Simone & Simaria,2016,33,https://www.letras.mus.br/simone-simaria-as-coleguinhas/nao-vou-mais-atras-de-voce-agora-eu-me-curei/,-1,0.08205110915381586
1607,Não Vou Mais Atrás De Você (Agora Eu Me Curei),musica1607,musica1607_trecho2,Mas se der tempo ao tempo O tempo vai mudando O coração vai melhorando e vai parando de sofrer E a saudade já não me incomoda tanto Como incomodava antes nos primeiros dias,Simone & Simaria,2016,33,https://www.letras.mus.br/simone-simaria-as-coleguinhas/nao-vou-mais-atras-de-voce-agora-eu-me-curei/,-1,0.15304148646200133
1607,Não Vou Mais Atrás De Você (Agora Eu Me Curei),musica1607,musica1607_trecho3,"Não vou mais atrás de você Eu não vou mais, não vou mais, não vou mais Você vai se arrepender De bater a porta na minha cara quando te procurei Agora eu me curei Agora eu me curei",Simone & Simaria,2016,38,https://www.letras.mus.br/simone-simaria-as-coleguinhas/nao-vou-mais-atras-de-voce-agora-eu-me-curei/,-1,0.08205110915381575
1607,Não Vou Mais Atrás De Você (Agora Eu Me Curei),musica1607,musica1607_trecho4,"Cansei de te procurar De bater em seu apartamento Tentando reconciliar o nosso relacionamento Mandei mensagens, te liguei Pra reviver a nossa história Você não quis se preocupar o tempo resolve tudo, hein",Simone & Simaria,2016,33,https://www.letras.mus.br/simone-simaria-as-coleguinhas/nao-vou-mais-atras-de-voce-agora-eu-me-curei/,-1,0.08205110915381586
1607,Não Vou Mais Atrás De Você (Agora Eu Me Curei),musica1607,musica1607_trecho6,"Não vou mais atrás de você Eu não vou mais, não vou mais, não vou mais E você vai se arrepender De bater a porta na minha cara quando te procurei",Simone & Simaria,2016,31,https://www.letras.mus.br/simone-simaria-as-coleguinhas/nao-vou-mais-atras-de-voce-agora-eu-me-curei/,-1,0.08205110915381553
1607,Não Vou Mais Atrás De Você (Agora Eu Me Curei),musica1607,musica1607_trecho7,"Eu não vou mais atrás de você Eu não vou mais, não vou mais, não vou mais E você vai se arrepender De bater a porta na minha cara quando te procurei",Simone & Simaria,2016,32,https://www.letras.mus.br/simone-simaria-as-coleguinhas/nao-vou-mais-atras-de-voce-agora-eu-me-curei/,-1,0.08205110915381564
58,Narcisista,musica58,musica58_trecho2,"Agora eu quero falar com o seu eu Que tava comigo, gritava: Te amo Falava de filho, brilhava o olho Me amava sentindo que mentia que a gente era um casal bonito",Maiara & Maraisa,2023,32,https://www.letras.mus.br/maiara-maraisa/narcisista/,-1,0.1918561179867022
58,Narcisista,musica58,musica58_trecho4,"Já que eu não sei quem cê é de verdade Já que todo o dia cê é uma pessoa Já que cê tem várias personalidades Seu narcisista, seu covarde Tô terminando com todas suas partes A que me trai, a que é solteira A que cê não foi homem de verdade",Maiara & Maraisa,2023,51,https://www.letras.mus.br/maiara-maraisa/narcisista/,-1,0.15639212870044839
58,Narcisista,musica58,musica58_trecho5,"Já que eu não sei quem cê é de verdade Já que todo o dia cê é uma pessoa Já que cê tem várias personalidades Seu narcisista, seu covarde Tô terminando com todas suas partes A que me trai, a que é solteira A que cê não foi homem de verdade De verdade",Maiara & Maraisa,2023,53,https://www.letras.mus.br/maiara-maraisa/narcisista/,-1,0.15639212870044827
58,Narcisista,musica58,musica58_trecho10,"Sai pra lá, seu louco",Maiara & Maraisa,2023,5,https://www.letras.mus.br/maiara-maraisa/narcisista/,-1,0.06101331723027115
1269,Navegar Em Mim,musica1269,musica1269_trecho2,Eu anulo em mim A promessa feita Eu desfaço o sonho De amor por toda a vida,Paula Fernandes,2010,17,https://www.letras.mus.br/paula-fernandes/1750833/,-1,0.06389617125699587
1080,Nega,musica1080,musica1080_trecho2,Não deu certo quanto a gente planejou Mas o amor nos deu mais uma chance Volta e vem viver esse romance,Luan Santana,2012,21,https://www.letras.mus.br/luan-santana/1979110/,-1,0.19340496805520124
1080,Nega,musica1080,musica1080_trecho3,"Nega, chega junto Vem me amar Vem cá Já tava arrumando a minha vida Mas tô doido procê bagunçar Nega",Luan Santana,2012,20,https://www.letras.mus.br/luan-santana/1979110/,-1,0.19651827139857647
562,Nem Doeu,musica562,musica562_trecho2,"Aí foi o suficiente pra inventar Que eu sofri feito um maluco por você E na madruga eu não parava de ligar Fala a verdade, quem não quis te atender?",Matheus & Kauan,2020,30,https://www.letras.mus.br/matheus-kauan/nem-doeu/,-1,0.11357117495967561
1356,Nem Tchum,musica1356,musica1356_trecho3,"Sentimento seu, nenhum Te amo e você nem tchum Lembra a gente no começo? Da minha língua dando volta no seu beijo?",Maiara & Maraisa,2019,22,https://www.letras.mus.br/maiara-maraisa/nem-tchum/,-1,0.12701448082352007
1258,Nem Te Conto,musica1258,musica1258_trecho2,Já marcaram até a reunião Tão querendo saber qual minha intenção E que o papai só anda armado E que daquela casa eu só saio casado,Lucas Lucco,2013,26,https://www.letras.mus.br/lucas-lucco/nem-te-conto/,-1,0.12901225081013712
1258,Nem Te Conto,musica1258,musica1258_trecho11,"""Fala aí, sogrão, tá de parabéns, hein!""",Lucas Lucco,2013,7,https://www.letras.mus.br/lucas-lucco/nem-te-conto/,-1,0.14432175231739275
63,Nessas Horas,musica63,musica63_trecho3,E nessas horas Meu sorriso é passageiro E é aí que eu percebo A falta que me faz você E nessas horas Eu nem ligo pra dinheiro Pra eu me sentir inteiro Só preciso de você De você,Matheus & Kauan,2017,38,https://www.letras.mus.br/matheus-kauan/nessas-horas/,-1,0.1045035561137252
63,Nessas Horas,musica63,musica63_trecho6,E nessas horas Meu sorriso é passageiro E é aí que eu percebo A falta que me faz você E nessas horas Eu nem ligo pra dinheiro Pra eu me sentir inteiro Só preciso de você,Matheus & Kauan,2017,36,https://www.letras.mus.br/matheus-kauan/nessas-horas/,-1,0.10450355611372542
1448,Ninguém Tem Nada Com Isso,musica1448,musica1448_trecho1,Se eu amanheci No meio da gandaia Tô pagando,Hugo e Tiago,2011,9,https://www.letras.mus.br/hugo-e-tiago/1873656/,-1,0.054197241203742474
1448,Ninguém Tem Nada Com Isso,musica1448,musica1448_trecho5,Ninguém tem nada com isso Vou cuidar da minha vida Larga do meu pé,Hugo e Tiago,2011,14,https://www.letras.mus.br/hugo-e-tiago/1873656/,-1,0.13641523599784178
1448,Ninguém Tem Nada Com Isso,musica1448,musica1448_trecho6,Ninguém tem nada com isso A vida é minha E faço o que eu quiser,Hugo e Tiago,2011,15,https://www.letras.mus.br/hugo-e-tiago/1873656/,-1,0.136415235997842
1448,Ninguém Tem Nada Com Isso,musica1448,musica1448_trecho9,Eu pedindo um beijo Ela dando porrada Tá me falando,Hugo e Tiago,2011,10,https://www.letras.mus.br/hugo-e-tiago/1873656/,-1,0.15207787922315907
735,No Dia Do Seu Casamento,musica735,musica735_trecho2,"Que venha amargo, quente e me tire do pesadelo Eu desacreditei, me belisquei o dia inteiro Mas não acordo! Não acordo",Maiara & Maraisa,2014,21,https://www.letras.mus.br/maiara-maraisa/no-dia-do-seu-casamento/,-1,0.15845221286916522
735,No Dia Do Seu Casamento,musica735,musica735_trecho3,"No dia do seu casamento Na igreja eu vou entrar correndo Que se exploda os convidados Essas flores, esses vasos Essa sua mentira Dane-se esse teatro",Maiara & Maraisa,2014,26,https://www.letras.mus.br/maiara-maraisa/no-dia-do-seu-casamento/,-1,0.12901225081013712
735,No Dia Do Seu Casamento,musica735,musica735_trecho4,"Olha pro seu dedo agora E jogue essa aliança fora Eu sei bem quem você ama É a mim que você chama Na saúde, na tristeza Na alegria e na cama",Maiara & Maraisa,2014,31,https://www.letras.mus.br/maiara-maraisa/no-dia-do-seu-casamento/,-1,0.24028935476663937
735,No Dia Do Seu Casamento,musica735,musica735_trecho11,"Na saúde, na tristeza Na alegria e na cama",Maiara & Maraisa,2014,9,https://www.letras.mus.br/maiara-maraisa/no-dia-do-seu-casamento/,-1,0.13693926630708353
514,Nocaute,musica514,musica514_trecho1,Olha aí o mundo girando E a gente se esbarrando outra vez Olha aí o meu coração indo contra a razão Sentimento não se desfez,Jorge & Mateus,2015,25,https://www.letras.mus.br/jorge-mateus/nocaute/,-1,0.04841905862251572
42,Nome Proibido,musica42,musica42_trecho1,Não se pergunta de ex Pra quem terminou Se eu não cheguei com ela É porque com ela eu não tô,Simone Mendes,2023,21,https://www.letras.mus.br/simone-mendes/nome-proibido/,-1,0.2620253896320438
42,Nome Proibido,musica42,musica42_trecho2,"Não me interessa se ela tá indo em festa Bebendo à beça, beijando à beça Cês sabem que eu gosto e falar dela não faz bem Mesmo assim cês falam, cês são amigos de quem?",Simone Mendes,2023,35,https://www.letras.mus.br/simone-mendes/nome-proibido/,-1,0.2534416858679559
42,Nome Proibido,musica42,musica42_trecho3,"Não toca nesse assunto chato, por favor O nome dela é proibido aonde eu tô É que acabou o namoro e não acabou o amor É que acabou o namoro e não acabou o amor",Simone Mendes,2023,35,https://www.letras.mus.br/simone-mendes/nome-proibido/,-1,0.09248439476158721
42,Nome Proibido,musica42,musica42_trecho8,É que acabou o namoro e não acabou o amor É que acabou o namoro e não acabou o amor,Simone Mendes,2023,20,https://www.letras.mus.br/simone-mendes/nome-proibido/,-1,0.19340496805520124
1413,Nossa Senhora Aparecida,musica1413,musica1413_trecho2,Ó Senhora Aparecida Nossa Senhora Aparecida És a luz do meu caminho Direção na minha vida,Rick & Renner,2005,16,https://www.letras.mus.br/rick-e-renner/339003/,-1,0.044989844391131406
1413,Nossa Senhora Aparecida,musica1413,musica1413_trecho10,És a luz do meu caminho Direção na minha vida És a luz do meu caminho Direção na minha vida,Rick & Renner,2005,20,https://www.letras.mus.br/rick-e-renner/339003/,-1,0.04498984439113163
1094,Nosso Amor Já Era,musica1094,musica1094_trecho1,Andou falando por aí que o nosso amor já era Por que me enganou todo esse tempo Prometendo tanto amor? Tô precisando saber,Hugo Pena e Gabriel,2011,23,https://www.letras.mus.br/hugo-pena-e-gabriel/1740792/,-1,0.1260752569882393
1094,Nosso Amor Já Era,musica1094,musica1094_trecho3,Depois não vá dizer que se enganou na decisão Não vá querer de volta o meu coração Aí se eu encontrar um novo alguém que me dê amor,Hugo Pena e Gabriel,2011,28,https://www.letras.mus.br/hugo-pena-e-gabriel/1740792/,-1,0.1183590617546958
1094,Nosso Amor Já Era,musica1094,musica1094_trecho4,Depois não vá dizer que se enganou na decisão Não vá querer de volta o meu coração Aí se eu encontrar um novo alguém que me dê amor Eu vou te dizer não,Hugo Pena e Gabriel,2011,33,https://www.letras.mus.br/hugo-pena-e-gabriel/1740792/,-1,0.11835906175469557
1357,Nosso Casamento,musica1357,musica1357_trecho1,"Hoje está fazendo mais um ano, amor Na tristeza e na dor Sempre esteve ao meu lado Sei que o seu sonho sempre foi o casamento Te enrolando tanto tempo Mas continuo apaixonado",Léo Magalhães,2012,33,https://www.letras.mus.br/leo-magalhaes/1984185/,-1,0.5379490881340014
1357,Nosso Casamento,musica1357,musica1357_trecho2,Tô ligando pra dizer Que não vivo sem você É o anjo que Deus me mandou Um beijo se adivinhar Vai ter que acertar Onde eu estou,Léo Magalhães,2012,27,https://www.letras.mus.br/leo-magalhaes/1984185/,-1,0.226541112527888
1357,Nosso Casamento,musica1357,musica1357_trecho3,"Eu tô na igreja! Te esperando em cima do altar Não demore muito pra chegar Depressa, tá passando o tempo",Léo Magalhães,2012,20,https://www.letras.mus.br/leo-magalhaes/1984185/,-1,0.17629326750163277
1357,Nosso Casamento,musica1357,musica1357_trecho4,"Eu tô na igreja! Convidei, amor, toda cidade Seja feita nossa vontade Hoje é o nosso casamento",Léo Magalhães,2012,17,https://www.letras.mus.br/leo-magalhaes/1984185/,-1,0.12901225081013734
1357,Nosso Casamento,musica1357,musica1357_trecho9,"Eu tô na igreja! Convidei, amor, toda cidade Seja feita nossa vontade Hoje é o nosso casamento Hoje é o nosso casamento",Léo Magalhães,2012,22,https://www.letras.mus.br/leo-magalhaes/1984185/,-1,0.12901225081013712
120,Nosso Quadro,musica120,musica120_trecho1,"Todo mundo tem um amor que quando deita e olha pro teto Vem a pergunta: Será que se fosse hoje a gente dava certo? Um episódio que nunca vai ser lançado, um álbum incompleto Uma história que parou pela metade, cê imagina o resto",Ana Castela,2024,44,https://www.letras.mus.br/ana-castela/nosso-quadro/,-1,0.19340496805520124
120,Nosso Quadro,musica120,musica120_trecho3,"Agora o nosso quadro casando na igreja Não vai ser pendurado, só existe na minha cabeça Nós dois tocando o gado, a filha boiadeira Nossa vida no mato só existe na minha cabeça Vai ser amor mesmo não sendo a vida inteira Vai ser amor mesmo não sendo a vida inteira",Ana Castela,2024,51,https://www.letras.mus.br/ana-castela/nosso-quadro/,-1,0.2588908998775489
120,Nosso Quadro,musica120,musica120_trecho5,"Os meus amigos perguntam que fim cê levou O meu pai não desiste, ainda quer ser vovô O tempo não foi tão legal com nós dois Podia ter sido, mas não foi",Ana Castela,2024,32,https://www.letras.mus.br/ana-castela/nosso-quadro/,-1,0.14881646290740513
93,Notificação Preferida,musica93,musica93_trecho1,Já doeu Mas hoje não dói mais Tanto fiz Que agora tanto faz,Zé Neto e Cristiano,2018,13,https://www.letras.mus.br/ze-neto-cristiano/notificacao-preferida/,-1,0.1530414864620011
93,Notificação Preferida,musica93,musica93_trecho4,"Foi, mas não é mais a minha notificação preferida Já foi, mas não é mais a número um da minha vida Sinto em te dizer Mas eu já superei você",Zé Neto e Cristiano,2018,30,https://www.letras.mus.br/ze-neto-cristiano/notificacao-preferida/,-1,0.26202538963204414
93,Notificação Preferida,musica93,musica93_trecho9,Já doeu Mas hoje não dói mais,Zé Neto e Cristiano,2018,7,https://www.letras.mus.br/ze-neto-cristiano/notificacao-preferida/,-1,0.15304148646200155
1156,Nova Namorada,musica1156,musica1156_trecho2,"Mudei os meus conceitos, me valorizei Saí pra balada, eu me libertei Dei a volta por cima e hoje eu te mostrei Minha nova namorada",Marcos & Belutti,2011,25,https://www.letras.mus.br/marcos-belutti/1892018/,-1,0.19977884787367717
608,Nova York,musica608,musica608_trecho1,"Essa é a história de um novo herói Cabelos compridos a rolar no vento Pela estrada, no seu caminhão Gravado no peito a sombra de um dragão",Victor & Leo,2007,27,https://www.letras.mus.br/victor-leo/1094584/,-1,0.41135607811256225
608,Nova York,musica608,musica608_trecho2,"Tinha um sonho: Ir pra Nova York E levar a namorada Fazer seu caminhão voar nas nuvens Mas enquanto isso, na estrada",Victor & Leo,2007,22,https://www.letras.mus.br/victor-leo/1094584/,-1,0.1401783493232941
113,Novo Eu,musica113,musica113_trecho1,"Eu sei que essa boca aqui mentiu demais Que meu costume era fazer chorar Depois me desculpar e ficar tudo bem Eu sei da raiva que sua família pegou de mim Que o meu nome seus amigos não querem ouvir Que, pra tá na minha frente agora, pra um monte de gente Cê teve que mentir",Henrique & Juliano,2025,56,https://www.letras.mus.br/henrique-e-juliano/novo-eu/,-1,0.0460921093866703
113,Novo Eu,musica113,musica113_trecho2,"Eu sei da dificuldade que é cruzar a cidade, parar na minha frente E não chorar Eu sei que a sua vontade é me falar umas verdade, me xingar e me bater E depois me beijar Porque cê não me odeia Você odeia o fato de me amar",Henrique & Juliano,2025,48,https://www.letras.mus.br/henrique-e-juliano/novo-eu/,-1,0.2987439103759447
711,O Amor Coloriu,musica711,musica711_trecho1,"Quando alguém te enche de coragem pra seguir A busca interminável termina em um sorrir E o que era cinza frio o amor coloriu De um jeito assim, tão simples",Luan Santana,2013,30,https://www.letras.mus.br/luan-santana/o-amor-coloriu/,-1,0.04952976399268383
711,O Amor Coloriu,musica711,musica711_trecho2,"Quando há dois caminhos e a escolha é toda sua Talvez nós perderemos numa esquina ou numa rua Mas no final da estrada, numa madrugada, vou te roubar pra mim",Luan Santana,2013,30,https://www.letras.mus.br/luan-santana/o-amor-coloriu/,-1,0.18702074700628268
582,O Bilau,musica582,musica582_trecho6,Me perguntando onde pus o meu Bilau Fala pra nós deixa de enconder o jogo A gente pede e abre a porteira agora Põe o Bilau pra fora pra gente montar denovo,Teodoro e Sampaio,2011,32,https://www.letras.mus.br/teodoro-e-sampaio/1961233/,-1,0.28988536997971637
770,O Cavaco Vuou,musica770,musica770_trecho9,"Eu vendi um canário que canta e um que não canta eu vendi muito bem O que canta eu vendi por cinquenta e o que não canta eu vendi por cem Perguntaram qual a diferença, por que o que não canta teve mais valor? O que canta pega a moda pronta, mas o que não canta é o compositor",Gino e Geno,2017,59,https://www.letras.mus.br/gino-e-geno/o-cavaco-vuou/,-1,0.17994954285155074
479,O Céu Explica Tudo,musica479,musica479_trecho1,"Eu amarrotei tantos lençóis Era só eu, nunca era nós Me dava bem no singular",Henrique & Juliano,2017,15,https://www.letras.mus.br/henrique-e-juliano/o-ceu-explica-tudo/,-1,0.2669360429659492
479,O Céu Explica Tudo,musica479,musica479_trecho2,"Bastou uma noite, um beijo na boca Um: Fica comigo pra vida toda? Nós dois sem roupa olhando pro céu Imaginando a gente de terno e véu",Henrique & Juliano,2017,27,https://www.letras.mus.br/henrique-e-juliano/o-ceu-explica-tudo/,-1,0.09907085710431696
269,O Defensor,musica269,musica269_trecho1,"Mais uma vez, ele te feriu É a última vez Que ele vai por a mão em você Te machucar, fazer sangrar Te humilhar, fazer chorar seu coração",Zezé Di Camargo & Luciano,2015,28,https://www.letras.mus.br/zeze-di-camargo-e-luciano/o-defensor/,-1,0.11495381115238468
269,O Defensor,musica269,musica269_trecho3,"Estou aqui, seu defensor Eu vim pra te buscar, eu vou te amar E onde ele bateu, eu vou te beijar Eu só quero curar suas feridas",Zezé Di Camargo & Luciano,2015,27,https://www.letras.mus.br/zeze-di-camargo-e-luciano/o-defensor/,-1,0.022040789120356785
269,O Defensor,musica269,musica269_trecho5,"Porque eu sou seu anjo Seu defensor, te amo E enquanto eu tiver vivo Eu vou te defender, meu amor Nunca mais ele vai te bater",Zezé Di Camargo & Luciano,2015,26,https://www.letras.mus.br/zeze-di-camargo-e-luciano/o-defensor/,-1,0.22654111252788844
1054,Ô Linda,musica1054,musica1054_trecho2,"Ô moça, o que é que cê tem? Que faz coração dar uns treco De perto parece que tô querendo De longe parece que eu tô de perto",Diego e Victor Hugo,2025,28,https://www.letras.mus.br/diego-victor-hugo/o-linda/,-1,0.3338666779184635
1054,Ô Linda,musica1054,musica1054_trecho3,"Eu posso levar um fora Mas vai que cê fala: Bora O que eu não posso é ficar parado Se eu arranco um sorriso seu É meio beijo dado, uôuôuô, ô",Diego e Victor Hugo,2025,31,https://www.letras.mus.br/diego-victor-hugo/o-linda/,-1,0.04925254144547808
1054,Ô Linda,musica1054,musica1054_trecho7,Eu posso levar um fora Mas vai que cê fala: Bora O que eu não posso é ficar parado Se eu arranco um sorriso seu É meio beijo dado,Diego e Victor Hugo,2025,29,https://www.letras.mus.br/diego-victor-hugo/o-linda/,-1,0.04925254144547819
672,O Menino da Porteira,musica672,musica672_trecho3,Nos caminhos desta vida muito espinho eu encontrei Mas nenhum calou mais fundo Do que isso que eu passei Na minha viagem de volta qualquer coisa eu cismei Vendo a porteira fechada o menino eu não avistei,Daniel,2009,37,https://www.letras.mus.br/daniel/1451336/,-1,0.1302078562829435
245,O Meu Coração Em Suas Mãos (Colgando en tus manos) (part. Maiara e Maraisa),musica245,musica245_trecho2,Não foi coincidência encontrar contigo Talvez seja o nosso destino Eu quero dormir outra vez em teu peito E depois acordar com seus beijos,Hugo & Guilherme,2024,24,https://www.letras.mus.br/hugo-guilherme/o-meu-coracao-em-suas-maos-part-maiara-e-maraisa/,-1,0.2639216503641476
245,O Meu Coração Em Suas Mãos (Colgando en tus manos) (part. Maiara e Maraisa),musica245,musica245_trecho3,Teu sexto sentido ainda sonha comigo Sei que logo estaremos unidos Teu sorriso travesso ainda vive comigo Nós estamos no mesmo caminho,Hugo & Guilherme,2024,22,https://www.letras.mus.br/hugo-guilherme/o-meu-coracao-em-suas-maos-part-maiara-e-maraisa/,-1,0.2639216503641476
723,O Mundo É Tão Pequeno,musica723,musica723_trecho3,"E graças a Deus que o seu amor não me fez tão mal E o meu coração ainda bate igual E a gente se encontra em outro Carnaval O mundo é tão pequeno, afinal O mundo é tão pequeno, afinal",Jorge & Mateus,2009,40,https://www.letras.mus.br/jorge-mateus/1446997/,-1,0.25889089987754876
468,O Nosso Santo Bateu,musica468,musica468_trecho1,"Às vezes acho que devia te dizer mais vezes Que te amo e que te quero mais que qualquer coisa Por essa noite vem morar aqui, aqui, vem",Matheus & Kauan,2016,28,https://www.letras.mus.br/matheus-kauan/nosso-santo-bateu/,-1,0.05664383275822693
656,O Que Cê Vai Fazer,musica656,musica656_trecho1,O que cê vai fazer quando ele não tiver mais vinte e poucos anos? O que cê vai fazer quando acabar esse desejo insano? E quando perceber que o jeito dele já não bate mais com o seu? Tava tão na cara que ele não ia dar o que prometeu,Fernando e Sorocaba,2013,50,https://www.letras.mus.br/fernando-sorocaba/o-que-ce-vai-fazer/,-1,0.20168683888096728
656,O Que Cê Vai Fazer,musica656,musica656_trecho3,"As razões que me impedem de estar com você Vai além de te amar, vai além do querer Vai saber, vai saber",Fernando e Sorocaba,2013,22,https://www.letras.mus.br/fernando-sorocaba/o-que-ce-vai-fazer/,-1,0.34257372393797847
656,O Que Cê Vai Fazer,musica656,musica656_trecho4,"Já não somos tão jovens pra enlouquecer Nem tão velhos pra ver nosso sonho morrer Vai saber, vai saber Não consegui te esquecer",Fernando e Sorocaba,2013,23,https://www.letras.mus.br/fernando-sorocaba/o-que-ce-vai-fazer/,-1,0.17640706948439344
656,O Que Cê Vai Fazer,musica656,musica656_trecho5,O que cê vai fazer quando ele não ouvir mais o seu coração? E se ele não sentir mais nem vontade de segurar sua mão? E quando a rotina começar a te enlouquecer Vai lembrar que sou o único que poderia te surpreender,Fernando e Sorocaba,2013,43,https://www.letras.mus.br/fernando-sorocaba/o-que-ce-vai-fazer/,-1,0.03210488972009162
772,O Que Combina Comigo é Você,musica772,musica772_trecho1,O que combina com frio é cobertor O que combina com a noite é o luar Praia e mar só combinam com calor O que combina com festa é namorar,Zé Henrique & Gabriel,2010,30,https://www.letras.mus.br/ze-henrique-gabriel/1520525/,-1,0.04942517365822752
772,O Que Combina Comigo é Você,musica772,musica772_trecho2,"O que combina com sede é água doce O que combina com riso é prazer Primavera combina com as flores O que combina comigo é você Você, você, você",Zé Henrique & Gabriel,2010,29,https://www.letras.mus.br/ze-henrique-gabriel/1520525/,-1,0.2639216503641473
772,O Que Combina Comigo é Você,musica772,musica772_trecho3,"Todo anjo é cupido de alguém O anjo que te flechou me acertou também Uma flecha em dois corações Combinar como a gente combina Não tem ninguém Combinar como a gente combina, ninguém",Zé Henrique & Gabriel,2010,33,https://www.letras.mus.br/ze-henrique-gabriel/1520525/,-1,0.12320293716930042
874,O Que É Amor Pra Você,musica874,musica874_trecho1,"Respira fundo, eu tenho muito pra dizer Talvez você não consiga entender Mas dei o melhor de mim",Marília Mendonça,2015,18,https://www.letras.mus.br/marilia-mendonca/o-que-e-amor-pra-voce/,-1,0.13406826350520096
874,O Que É Amor Pra Você,musica874,musica874_trecho2,Nunca pensei que o fim seria assim tão perto Mas pra seguir sendo sincero Já esperei demais,Marília Mendonça,2015,17,https://www.letras.mus.br/marilia-mendonca/o-que-e-amor-pra-voce/,-1,0.29015331043557935
874,O Que É Amor Pra Você,musica874,musica874_trecho4,"E sei, acabei te assustando Todo dia um novo plano E você só queria um tempo Um momento, um instante de prazer",Marília Mendonça,2015,22,https://www.letras.mus.br/marilia-mendonca/o-que-e-amor-pra-voce/,-1,0.11808009181596235
874,O Que É Amor Pra Você,musica874,musica874_trecho5,"Então me diz, o que é amor pra você? Até agora não consigo entender Se eu fui o que muitos procuram",Marília Mendonça,2015,21,https://www.letras.mus.br/marilia-mendonca/o-que-e-amor-pra-voce/,-1,0.05021840443733505
874,O Que É Amor Pra Você,musica874,musica874_trecho6,"Então me diz, o que é amor pra você? Com quantos corações você vai ter que brincar? Quantos eu te amo você vai desperdiçar? Com seu amor aqui na sua frente Me diz o que é amor pra você",Marília Mendonça,2015,39,https://www.letras.mus.br/marilia-mendonca/o-que-e-amor-pra-voce/,-1,0.050218404437335384
874,O Que É Amor Pra Você,musica874,musica874_trecho11,Me diz o que é amor pra você Com quantos corações você vai ter que brincar? Quantos eu te amo você vai desperdiçar? Com seu amor aqui na sua frente Me diz o que é amor pra você,Marília Mendonça,2015,38,https://www.letras.mus.br/marilia-mendonca/o-que-e-amor-pra-voce/,-1,0.05021840443733516
874,O Que É Amor Pra Você,musica874,musica874_trecho12,Me diz o que é amor pra você,Marília Mendonça,2015,8,https://www.letras.mus.br/marilia-mendonca/o-que-e-amor-pra-voce/,-1,0.05021840443733505
329,O Que É Que Tem?,musica329,musica329_trecho3,E quando o Sol chegar A gente ama de novo A gente liga pro povo Fala que tá namorando E casa semana que vem,Jorge & Mateus,2012,24,https://www.letras.mus.br/jorge-mateus/o-que-e-que-tem/,-1,0.12021631851287973
329,O Que É Que Tem?,musica329,musica329_trecho9,E pra deixar acontecer A gente liga pro povo Fala que tá namorando E casa semana que vem,Jorge & Mateus,2012,18,https://www.letras.mus.br/jorge-mateus/o-que-e-que-tem/,-1,0.13181027962851122
1326,O Que Essa Moça Fez Aqui,musica1326,musica1326_trecho2,"Eu vivo no mato, só sei trabalhar Só lido com os bichos, não sei nem falar O que essa moça fez aqui? O que essa moça fez aqui?",João Carreiro & Capataz,2010,28,https://www.letras.mus.br/joao-carreiro-capataz/1979189/,-1,0.1610181213827473
1326,O Que Essa Moça Fez Aqui,musica1326,musica1326_trecho3,"Ela é formada lá no exterior Tamanha beleza, parece uma flor E o que essa moça fez aqui? O que essa moça fez aqui?",João Carreiro & Capataz,2010,24,https://www.letras.mus.br/joao-carreiro-capataz/1979189/,-1,0.14785732324756562
213,O Que Falta Em Você Sou Eu,musica213,musica213_trecho2,Não sei se você está bem Se está gostando de outro alguém O corte do cabelo tá do mesmo jeito Aparentemente tudo igual,Marília Mendonça,2015,23,https://www.letras.mus.br/marilia-mendonca/o-que-falta-em-voce-sou-eu/,-1,0.12869453540913645
213,O Que Falta Em Você Sou Eu,musica213,musica213_trecho3,Vi uma foto sua com aquela roupa Mas parecia que faltava alguma coisa Nos traços do sorriso deu pra perceber O que será que tá faltando em você?,Marília Mendonça,2015,28,https://www.letras.mus.br/marilia-mendonca/o-que-falta-em-voce-sou-eu/,-1,0.19886098222042192
213,O Que Falta Em Você Sou Eu,musica213,musica213_trecho7,Falando em saudade Vem buscar logo a sua metade,Marília Mendonça,2015,9,https://www.letras.mus.br/marilia-mendonca/o-que-falta-em-voce-sou-eu/,-1,0.17629326750163343
1304,O Que Os Olhos Não Veem,musica1304,musica1304_trecho1,"Talvez eu seja um pouco imaturo Talvez seja inseguro, resolvi me afastar Eu não sei me fazer indiferente E nem sou como essa gente que consegue disfarçar",Jorge & Mateus,2009,27,https://www.letras.mus.br/jorge-mateus/1447009/,-1,0.2987439103759447
1304,O Que Os Olhos Não Veem,musica1304,musica1304_trecho2,Não vou sorrir pra esconder a dor Quando se perde um amor se perde a direção Não vou fingir nem me fazer de forte Não fui eu quem tive a sorte de encontrar outra paixão,Jorge & Mateus,2009,35,https://www.letras.mus.br/jorge-mateus/1447009/,-1,0.027649156434276567
1220,O Tempo Não Apaga,musica1220,musica1220_trecho2,"O tempo não apaga, não desfaz O beijo que eu desejo sempre mais Não posso esquecer o seu olhar no meu Eu sei que o nosso amor ainda não morreu",Victor & Leo,2013,30,https://www.letras.mus.br/victor-leo/o-tempo-nao-apaga/,-1,0.04619245437586672
1371,Obrigado por Estragar Tudo,musica1371,musica1371_trecho1,Você fez tudo que eu pedi pra não fazer E conseguiu me perder logo pra você Sabia que não ia me escutar Que sorte a minha te ver errar,Marília Mendonça,2019,29,https://www.letras.mus.br/marilia-mendonca/obrigada-por-estragar-tudo/,-1,0.16116518938164093
1371,Obrigado por Estragar Tudo,musica1371,musica1371_trecho3,"Tão dizendo por aí Que nunca se esquece um amor Vai com calma, espera aí O que foi mesmo que você falou?",Marília Mendonça,2019,22,https://www.letras.mus.br/marilia-mendonca/obrigada-por-estragar-tudo/,-1,0.03525047350620325
1324,"Oh, Delícia",musica1324,musica1324_trecho1,"Oh, delícia! oh, delícia! Vamos sair daqui pra conhecer o meu apê Oh, delícia! oh, delícia! A gente vai voltar antes do dia amanhecer",Henrique & Diego,2013,24,https://www.letras.mus.br/henrique-diego/oh-delicia/,-1,0.05445905536603746
1324,"Oh, Delícia",musica1324,musica1324_trecho2,"Ei, tá frio, que tal um beijo quente? Com gosto de pecado eu posso te fazer pirar Dança comigo, por favor, não se espante Não tenho compromisso Tô disponível pra ficar",Henrique & Diego,2013,31,https://www.letras.mus.br/henrique-diego/oh-delicia/,-1,0.26608143577406895
1324,"Oh, Delícia",musica1324,musica1324_trecho4,"Oh, delícia! oh, delícia! Vamos sair daqui pra conhecer o meu apê Oh, delícia! oh, delícia! A gente vai voltar antes do dia amanhecer Oh, delícia! oh, delícia! Vamos sair daqui pra conhecer o meu apê Oh, delícia! oh, delícia! A gente vai voltar antes do dia amanhecer",Henrique & Diego,2013,48,https://www.letras.mus.br/henrique-diego/oh-delicia/,-1,0.05445905536603768
1274,"Oh, Mamãe",musica1274,musica1274_trecho1,"Oh, mamãe, pode deixar e não precisa preocupar Eu volto cedo, quando o dia clarear Sou responsável e já sei o que fazer, ê ê",Thiago Brava,2013,25,https://www.letras.mus.br/thiago-brava/oh-mamae/,-1,0.03930940213365297
1274,"Oh, Mamãe",musica1274,musica1274_trecho2,"Oh mamãe, hoje a certeza absolut, você vai ver Sou comportado e não posso dar PT Amanhã cedo eu preciso trabalhar E nem precisa perguntar como é que eu vou",Thiago Brava,2013,30,https://www.letras.mus.br/thiago-brava/oh-mamae/,-1,0.03930940213365275
1274,"Oh, Mamãe",musica1274,musica1274_trecho3,"Eu vou, eu vou Tá indo eu, o Jhonny, o Black, o Red, o Zé Aquele mexicano que tá sempre com mulher Que deixa o povo louco sem saber aonde tá, ah ah",Thiago Brava,2013,33,https://www.letras.mus.br/thiago-brava/oh-mamae/,-1,0.14974308964440752
1274,"Oh, Mamãe",musica1274,musica1274_trecho4,"Oh, mamãe, fica de boa que seu filho vai chegar E se por acaso o meu velho perguntar Fala que tá tudo sossegado e já cheguei",Thiago Brava,2013,26,https://www.letras.mus.br/thiago-brava/oh-mamae/,-1,0.03930940213365275
837,Oi,musica837,musica837_trecho3,"E se um dia você me chamar Pra conversar debaixo de uma árvore E me contar que se apaixonou por alguém? É esse dia aí, justamente esse dia Eu não quero que aconteça Então, só amizade, esqueça",Léo Magalhães,2017,37,https://www.letras.mus.br/leo-magalhaes/oi/,-1,0.24339182162612927
837,Oi,musica837,musica837_trecho4,E toda vez que você me disser oi Eu vou responder só oi Com o meu peito gritando: Te amo (te amo) Toda vez que você me disser oi Eu vou responder só oi Com o meu peito gritando: Te amo,Léo Magalhães,2017,41,https://www.letras.mus.br/leo-magalhaes/oi/,-1,0.19030278331898642
837,Oi,musica837,musica837_trecho7,E toda vez que você me disser oi Eu vou responder só oi Com o meu peito gritando: Te amo (te amo) E toda vez que você me disser oi Eu vou responder só oi Com o meu peito gritando: Te amo,Léo Magalhães,2017,42,https://www.letras.mus.br/leo-magalhaes/oi/,-1,0.1903027833189863
86,Oi Balde,musica86,musica86_trecho2,"Eu já borrei batons pela cidade Mas nada apaga minha saudade Eu tento, mas não acho alguém do nível Só acho amor incompatível",Zé Neto e Cristiano,2023,23,https://www.letras.mus.br/ze-neto-cristiano/oi-balde/,-1,0.027649156434276567
1467,Oitava Dose,musica1467,musica1467_trecho3,"Esperando a saudade sair do meu peito Ou alguém vir puxar a cadeira pra me consolar Mas tá demorando Eu já tô na sétima dose, pedindo a oitava sem gelo Pra ver se arranco um terço de você de mim",Matheus & Kauan,2017,40,https://www.letras.mus.br/matheus-kauan/oitava-dose/,-1,0.1408316981247527
1467,Oitava Dose,musica1467,musica1467_trecho4,"E a parte de você que sobrar vai me acompanhar Eu vou deixando um pouco em cada mesa que eu sentar Cada dose que eu tomar, cada boca que eu beijar Pode demorar, mas",Matheus & Kauan,2017,34,https://www.letras.mus.br/matheus-kauan/oitava-dose/,-1,0.1314537345553044
1467,Oitava Dose,musica1467,musica1467_trecho5,"E a parte de você que sobrar vai me acompanhar Eu vou deixando um pouco em cada mesa que eu sentar Cada dose que eu tomar, cada boca que eu beijar Pode demorar, mas ainda deixo de te amar",Matheus & Kauan,2017,39,https://www.letras.mus.br/matheus-kauan/oitava-dose/,-1,0.1314537345553043
107,Olha Onde Eu Tô,musica107,musica107_trecho1,"Você sabe que eu nunca escondi nada De onde eu vim e tudo o que eu gostava No nosso primeiro beijo, cê lembra que eu já tava traiada?",Ana Castela,2025,28,https://www.letras.mus.br/ana-castela/olha-onde-eu-to/,-1,0.15049683936752456
107,Olha Onde Eu Tô,musica107,musica107_trecho2,"Por mim, a gente ia até o final Mas cê tentou mudar meu jeito, então tchau Cê esqueceu por quem cê se apaixonou Ô-uô-uô, ô-uô-uô",Ana Castela,2025,25,https://www.letras.mus.br/ana-castela/olha-onde-eu-to/,-1,0.14656391816023717
107,Olha Onde Eu Tô,musica107,musica107_trecho5,"Você sabe que eu nunca escondi nada De onde eu vim e tudo o que eu postava No nosso primeiro beijo, cê lembra que eu já tava traiada?",Ana Castela,2025,28,https://www.letras.mus.br/ana-castela/olha-onde-eu-to/,-1,0.15049683936752478
195,Onde Anda Meu Amor,musica195,musica195_trecho1,"Onde anda, meu amor? Diga, por favor O que está fazendo agora Será que nunca me amou Também se enganou Está sozinha, agora chora",Léo Magalhães,2012,24,https://www.letras.mus.br/leo-magalhaes/onde-anda-meu-amor/,-1,0.2921703538140755
899,Onde Nasce o Sol,musica899,musica899_trecho2,Amanhã bem cedo Depois que o sol sorrir pro mundo Eu vou chorar do outro lado Sem ninguém Sem você,Bruninho e Davi,2014,20,https://www.letras.mus.br/bruninho-davi/onde-nasce-o-sol/,-1,0.2970873116156373
822,Online,musica822,musica822_trecho4,"Aí, se me manda um sorriso Já era todo meu juízo E a conversa termina Na minha cama ou na sua",Henrique & Juliano,2020,21,https://www.letras.mus.br/henrique-e-juliano/online/,-1,0.2226923732970717
1155,Os 10 Mandamentos do Amor,musica1155,musica1155_trecho1,"Os dez mandamentos do amor Para conquistar uma mulher Tem que ter carinho, tem que ter jeitinho Tem que dar aquilo que ela quer",Eduardo Costa,2013,24,https://www.letras.mus.br/eduardo-costa/os-10-mandamentos-do-amor/,-1,0.09378518158432969
1155,Os 10 Mandamentos do Amor,musica1155,musica1155_trecho4,"Preste atenção agora ao sexto mandamento Ela não vai te esquecer um só momento Repita a dose se sentir que ela gostou Na hora h, lhe chame de meu amor",Eduardo Costa,2013,30,https://www.letras.mus.br/eduardo-costa/os-10-mandamentos-do-amor/,-1,0.11722452215284695
97,Os Anjos Cantam,musica97,musica97_trecho2,É que nos meus sonhos você é linda Pessoalmente é mais linda ainda Nosso amor veio de outras vidas Eu vou te amar nas outras vidas que virão,Jorge & Mateus,2015,28,https://www.letras.mus.br/jorge-mateus/os-anjos-cantam-nosso-amor/,-1,0.5440378929804466
97,Os Anjos Cantam,musica97,musica97_trecho3,"É que você nasceu pra ser minha Vamos dividir uma casinha Uma cama, dormir de conchinha Deus abençoou a nossa união",Jorge & Mateus,2015,21,https://www.letras.mus.br/jorge-mateus/os-anjos-cantam-nosso-amor/,-1,0.5527481356473796
97,Os Anjos Cantam,musica97,musica97_trecho4,"E os anjos cantam nosso amor, ôuô, ôuô, ôuô E os anjos cantam nosso amor, ôuô, ôuô, ôuô E os anjos cantam",Jorge & Mateus,2015,22,https://www.letras.mus.br/jorge-mateus/os-anjos-cantam-nosso-amor/,-1,0.25769394905810017
97,Os Anjos Cantam,musica97,musica97_trecho6,É que nos meus sonhos você era linda Pessoalmente é mais linda ainda Nosso amor veio de outras vidas Eu vou te amar nas outras vidas que virão,Jorge & Mateus,2015,28,https://www.letras.mus.br/jorge-mateus/os-anjos-cantam-nosso-amor/,-1,0.5440378929804464
97,Os Anjos Cantam,musica97,musica97_trecho8,"E os anjos cantam nosso amor, ôuô, ôuô, ôuô E os anjos cantam nosso amor, ôuô, ôuô, ôuô E os anjos cantam nosso amor, ôuô, ôuô, ôuô E os anjos cantam nosso amor, ôuô, ôuô, ôuô E os anjos cantam nosso amor",Jorge & Mateus,2015,42,https://www.letras.mus.br/jorge-mateus/os-anjos-cantam-nosso-amor/,-1,0.2576939490581005
1433,Os Dias Vão,musica1433,musica1433_trecho2,Os dias vão E é só saudade de você no coração O telefone que não sai da minha mão Eu conto as horas pra você voltar pra mim Vou te amar Não importa o quanto eu tenha que esperar Deixei a porta aberta para você entrar de novo aqui No meu coração,Maria Cecília e Rodolfo,2010,52,https://www.letras.mus.br/maria-cecilia-rodolfo/1640522/,-1,0.15992108521550097
1297,Ou Some Ou Soma,musica1297,musica1297_trecho1,"Me diz o que você quer de mim Fala que tá sentindo saudade Que me ama, mas não é verdade",Jorge & Mateus,2016,20,https://www.letras.mus.br/jorge-mateus/ou-soma-ou-some/,-1,0.30957453469967455
1297,Ou Some Ou Soma,musica1297,musica1297_trecho3,"De repente, você aparece e o coração não obedece Se é pra sofrer, não quero te ver Sai da minha vida e vê se me esquece",Jorge & Mateus,2016,26,https://www.letras.mus.br/jorge-mateus/ou-soma-ou-some/,-1,0.08613884186189824
1297,Ou Some Ou Soma,musica1297,musica1297_trecho4,"Ou some ou soma, deixe de drama Eu já tô cansado de arriscar E quando eu começo a gostar",Jorge & Mateus,2016,19,https://www.letras.mus.br/jorge-mateus/ou-soma-ou-some/,-1,0.04290996733542274
1297,Ou Some Ou Soma,musica1297,musica1297_trecho5,"Aí você some, nem lembra o meu nome Depois volta querendo somar Desculpe, desse jeito assim não dá Pra amar, pra amar, pra amar",Jorge & Mateus,2016,24,https://www.letras.mus.br/jorge-mateus/ou-soma-ou-some/,-1,0.13716112714064976
1297,Ou Some Ou Soma,musica1297,musica1297_trecho10,"Aí você some, nem lembra o meu nome Depois volta querendo somar Desculpe, desse jeito assim não dá",Jorge & Mateus,2016,18,https://www.letras.mus.br/jorge-mateus/ou-soma-ou-some/,-1,0.13716112714064965
106,Outro Personagem,musica106,musica106_trecho1,"Horário avançado, estranho esse papo Quer desenterrar o passado Cheia de saudade, de intimidade Perigoso demais",Henrique & Juliano,2025,16,https://www.letras.mus.br/henrique-e-juliano/outro-personagem/,-1,0.3348785874433454
106,Outro Personagem,musica106,musica106_trecho2,Se eu disser que eu não tremi Eu tô mentindo e cê sabe Não é falta de vontade São outras prioridades Acho que cê voltou tarde,Henrique & Juliano,2025,26,https://www.letras.mus.br/henrique-e-juliano/outro-personagem/,-1,0.0861388418618978
1344,Pac Man,musica1344,musica1344_trecho1,Agora cê me atende Responde minhas mensagens Diz que tá sozinha e tá morrendo de saudade Antes de ficar comigo nunca me deu moral Agora tô bombando e com a pegada elas passam mal,Lucas Lucco,2013,34,https://www.letras.mus.br/lucas-lucco/pac-man/,-1,0.08205110915381553
1344,Pac Man,musica1344,musica1344_trecho2,"A notícia se espalhou Sou bomberman, o estorado Lucas Lucco agora é o delícia da mulherada!",Lucas Lucco,2013,16,https://www.letras.mus.br/lucas-lucco/pac-man/,-1,0.17610977428941255
1344,Pac Man,musica1344,musica1344_trecho3,Eu tô que nem o Bomberman Que nem o Bomberman Bum bum bum Eu tô que nem o Bomberman Que nem o Bomberman Bum bum bum Estourado com a mulherada!,Lucas Lucco,2013,30,https://www.letras.mus.br/lucas-lucco/pac-man/,-1,0.034701156605773775
1344,Pac Man,musica1344,musica1344_trecho4,"Antes de ficar comigo Nunca me deu moral Agora conhecido, eu tô lindo, pegando geral Todos já sabem, tô estilo Pac Man Correndo atrás das lindas e Nhec nhec nhec",Lucas Lucco,2013,30,https://www.letras.mus.br/lucas-lucco/pac-man/,-1,0.23524297029001962
1344,Pac Man,musica1344,musica1344_trecho5,Eu tô que nem o Pac Man Que nem o Pac Man Nhec nhec nhec Eu tô que nem o Pac Man Que nem o Pac Man Nhec nhec nhec,Lucas Lucco,2013,30,https://www.letras.mus.br/lucas-lucco/pac-man/,-1,0.034701156605773775
1344,Pac Man,musica1344,musica1344_trecho6,Eu tô que nem o Bomberman Que nem o Bomberman Bum bum bummmm Eu tô que nem o Bomberman Que nem o Bomberman Bum bum bummmm,Lucas Lucco,2013,26,https://www.letras.mus.br/lucas-lucco/pac-man/,-1,0.03470115660577422
1344,Pac Man,musica1344,musica1344_trecho7,Eu tô que nem o Pac Man Que nem o Pac Man Nhec nhec Eu tô que nem o Pac Man Que nem o Pac Man Nhec nhec nhec,Lucas Lucco,2013,29,https://www.letras.mus.br/lucas-lucco/pac-man/,-1,0.034701156605774
1344,Pac Man,musica1344,musica1344_trecho8,Eu tô que nem o Bomberman Que nem o Bomberman Bum bum bummmm Eu tô que nem o Bomberman Que nem o Bomberman Bum bum bummm Bummm.,Lucas Lucco,2013,27,https://www.letras.mus.br/lucas-lucco/pac-man/,-1,0.034701156605773664
1179,Paga Pau,musica1179,musica1179_trecho3,"Se eu mando um xaveco, ela finge não ouvir Mas se eu grito: ""Olha a bruxa!"", vem discutir Sua psicologia tá um tanto quanto errada Ou me aceita de uma vez, ou tá danada!",Fernando e Sorocaba,2010,34,https://www.letras.mus.br/fernando-sorocaba/1439183/,-1,0.09615916117169154
866,Palácios e Castelos,musica866,musica866_trecho1,Te pedi que me levasse a sério Construí palácios e castelos Esperei por muito tempo antes de te ver,Luan Santana,2011,19,https://www.letras.mus.br/luan-santana/1779426/,-1,0.11699120684276298
866,Palácios e Castelos,musica866,musica866_trecho3,"A gente se conheceu na escola Eu pegando onda e jogando bola Você era modelo e adorava dançar Praia, cinema, festinhas no ar!",Luan Santana,2011,23,https://www.letras.mus.br/luan-santana/1779426/,-1,0.11030907759903064
866,Palácios e Castelos,musica866,musica866_trecho4,"Se tá com dor, eu sou doutor Tá com frio, eu sou calor Mando flores, dou beijinho em sua mão Se quer brincar de se esconder No escurinho eu e você É só pedir com o coração",Luan Santana,2011,37,https://www.letras.mus.br/luan-santana/1779426/,-1,0.12997172188037687
511,Palavras de Perdão,musica511,musica511_trecho1,"Culpada Eu mereço adjetivo de culpada Eu fui incompreensível, até chamei de drama os seus traumas",Marília Tavares,2024,16,https://www.letras.mus.br/marilia-tavares/palavras-de-perdao/,-1,0.19455759604924816
511,Palavras de Perdão,musica511,musica511_trecho2,Desculpa o meu ciúme em excesso E as vergonhas que te fiz passar no meio do povo Todas as vezes que eu te pisei com meu ego O que doeu em você Pode ter certeza que tá doendo em mim em dobro,Marília Tavares,2024,42,https://www.letras.mus.br/marilia-tavares/palavras-de-perdao/,-1,0.1945575960492486
998,Palhaça (part. Ana Castela),musica998,musica998_trecho2,"E tem a pegadora Que administra beijo Beija um na frente do palco, outro na fila do banheiro O batom 24 horas, na boca dela Dura 10 minuto e meio",Naiara Azevedo,2023,30,https://www.letras.mus.br/naiara-azevedo/palhaca-part-ana-castela/,-1,0.14457069201671502
998,Palhaça (part. Ana Castela),musica998,musica998_trecho4,"E tem eu, a emocionada Que planeja a vida na primeira cantada Que sente saudade de uma ficada Iludida não Palhaça",Naiara Azevedo,2023,21,https://www.letras.mus.br/naiara-azevedo/palhaca-part-ana-castela/,-1,0.2760239175097835
998,Palhaça (part. Ana Castela),musica998,musica998_trecho5,"Eu, a emocionada Que planeja a vida na primeira cantada Que sente saudade de uma ficada Iludida não Palhaça",Naiara Azevedo,2023,19,https://www.letras.mus.br/naiara-azevedo/palhaca-part-ana-castela/,-1,0.2760239175097834
1218,Pantera Cor-de-rosa,musica1218,musica1218_trecho5,"Não importa se é preto Branco, verde ou cor-de-rosa Se for apertadinho pode pôr, que o pai gosta",Munhoz & Mariano,2014,18,https://www.letras.mus.br/munhoz-mariano/pantera-cor-de-rosa/,-1,0.13693926630708342
988,Par De Olhos,musica988,musica988_trecho1,Quantas histórias esse bar já ouviu E quantas lágrimas nesse balcão caíram? Lugar onde os sofredores tentam esquecer os amores Mas só se embriagam,Lauana Prado,2025,24,https://www.letras.mus.br/lauana-prado/par-de-olhos/,-1,0.11292166236214274
988,Par De Olhos,musica988,musica988_trecho2,"Hoje, a minha saudade é que sai carregada E a mágoa, no fundo do copo, eu vou afogar",Lauana Prado,2025,18,https://www.letras.mus.br/lauana-prado/par-de-olhos/,-1,0.1484309744051271
988,Par De Olhos,musica988,musica988_trecho3,"E foi por causa de um par de olhos castanhos Que eu vim parar nesse ambiente aqui Era pra amenizar, mas só tá aumentando E é por isso que eu choro assim",Lauana Prado,2025,32,https://www.letras.mus.br/lauana-prado/par-de-olhos/,-1,0.025466283193991468
988,Par De Olhos,musica988,musica988_trecho4,"Foi por causa de um par de olhos castanhos Que eu vim parar nesse ambiente aqui Era pra amenizar, mas só tá aumentando E é por isso que eu choro assim",Lauana Prado,2025,31,https://www.letras.mus.br/lauana-prado/par-de-olhos/,-1,0.025466283193991024
988,Par De Olhos,musica988,musica988_trecho8,"Era pra amenizar, mas só tá aumentando E é por isso que eu choro assim",Lauana Prado,2025,15,https://www.letras.mus.br/lauana-prado/par-de-olhos/,-1,0.025466283193991135
671,PARECE,musica671,musica671_trecho1,"Olhei, gostei Provei, viciei",Luan Santana,2024,4,https://www.letras.mus.br/luan-santana/parece/,-1,0.28885483527813316
671,PARECE,musica671,musica671_trecho6,"Cê parece o amor da minha vida, mas não é",Luan Santana,2024,10,https://www.letras.mus.br/luan-santana/parece/,-1,0.28528088709047417
1242,Parece Namoro,musica1242,musica1242_trecho2,Eu tenho tanto de você em mim Você também Tem tanto de mim em você E sabe bem,Marília Mendonça,2018,18,https://www.letras.mus.br/marilia-mendonca/parece-namoro/,-1,0.5527481356473798
1242,Parece Namoro,musica1242,musica1242_trecho3,"Que é tanto amor no coração Transborda e escorre pelos olhos E quando abraça a solidão Até assim sinto ciúmes, não controlo",Marília Mendonça,2018,22,https://www.letras.mus.br/marilia-mendonca/parece-namoro/,-1,0.1462819264484052
1242,Parece Namoro,musica1242,musica1242_trecho6,"É tanto amor no coração Transborda e escorre pelos olhos E quando abraça a solidão Até assim sinto ciúmes, não controlo",Marília Mendonça,2018,21,https://www.letras.mus.br/marilia-mendonca/parece-namoro/,-1,0.14628192644840565
1242,Parece Namoro,musica1242,musica1242_trecho9,A gente é tão um do outro,Marília Mendonça,2018,7,https://www.letras.mus.br/marilia-mendonca/parece-namoro/,-1,0.1445706920167148
1279,Parece Piada,musica1279,musica1279_trecho1,"Então tá, fica combinado Só mais essa noite vai acontecer Depois é cada um pra um lado Você me esquece e eu esqueço você",Henrique & Juliano,2015,24,https://www.letras.mus.br/henrique-e-juliano/parece-piada/,-1,0.031097698106310245
1279,Parece Piada,musica1279,musica1279_trecho2,"A gente promete, mas o coração nunca deixa cumprir O beijo é bom e o abraço não deixa fugir E a história se repete no final A gente não é normal",Henrique & Juliano,2015,31,https://www.letras.mus.br/henrique-e-juliano/parece-piada/,-1,0.15885047880128422
1279,Parece Piada,musica1279,musica1279_trecho3,"Longe um do outro o coração pede socorro E a boca pede o gosto da noite passada A gente não se assume, não Mas também não se larga, não Num dia dá pause, no outro dá play E parece piada",Henrique & Juliano,2015,40,https://www.letras.mus.br/henrique-e-juliano/parece-piada/,-1,0.1445706920167148
1279,Parece Piada,musica1279,musica1279_trecho4,"Longe um do outro, coração pede socorro E a boca pede o gosto da noite passada A gente não se assume, não Mas também não se larga, não Num dia dá pause, no outro dá play E parece piada Só dando risada de nós dois",Henrique & Juliano,2015,45,https://www.letras.mus.br/henrique-e-juliano/parece-piada/,-1,0.14457069201671469
876,Paredes,musica876,musica876_trecho2,"Eu tentei trabalhar, tá difícil concentrar Fim de tarde é pior, nasce o pôr o Sol Ela me esperava com o sorriso estampado na cara Hoje o dia tá passando, a saudade apertando E eu sozinho nessa casa",Jorge & Mateus,2016,38,https://www.letras.mus.br/jorge-mateus/paredes/,-1,0.2970873116156372
876,Paredes,musica876,musica876_trecho3,"Ah, se essas paredes não falassem Ah, se o travesseiro não contasse Todas as noites de amor Que eu vivi com você",Jorge & Mateus,2016,22,https://www.letras.mus.br/jorge-mateus/paredes/,-1,0.22666318548886089
875,Passa Mal,musica875,musica875_trecho2,"O tempo passou, passou Tudo mudou, mudou Da sua boca, eu já nem lembro do sabor Mundo girou, girou Girou, rodou, rodou Desaprendi a te chamar de meu amor",Marília Mendonça,2019,29,https://www.letras.mus.br/marilia-mendonca/passa-mal/,-1,0.062999629481585
756,Pássaro Noturno,musica756,musica756_trecho2,"Sou pássaro noturno, quer ser meu par? Procuro entender por que, iê Eu, sem você, já não durmo, nem sei voar Sonhar, viver, ê",Simone & Simaria,2014,24,https://www.letras.mus.br/simone-simaria-as-coleguinhas/passaro-noturno/,-1,0.19270687838157152
756,Pássaro Noturno,musica756,musica756_trecho6,"Que eu, eu Sou pássaro noturno, quer ser meu par? Procuro entender por que, iê Eu, sem você, já não durmo, nem sei voar (Sonhar) sonhar, viver, ê",Simone & Simaria,2014,28,https://www.letras.mus.br/simone-simaria-as-coleguinhas/passaro-noturno/,-1,0.19270687838157163
745,Pátio do Posto,musica745,musica745_trecho1,"Enquanto eu pago a conta do quarto Cê vai secando seu cabelo molhado Logo em seguida, a gente vai sentido ao posto Onde você deixou seu carro",Zé Neto e Cristiano,2023,27,https://www.letras.mus.br/ze-neto-cristiano/patio-do-posto/,-1,0.15702168536700734
745,Pátio do Posto,musica745,musica745_trecho4,Me dá um beijo rápido e me fala: Adeus E sai da minha vida cantando pneu,Zé Neto e Cristiano,2023,16,https://www.letras.mus.br/ze-neto-cristiano/patio-do-posto/,-1,0.2739724684761655
745,Pátio do Posto,musica745,musica745_trecho10,Enquanto eu pago a conta do quarto Cê vai secando seu cabelo molhado,Zé Neto e Cristiano,2023,13,https://www.letras.mus.br/ze-neto-cristiano/patio-do-posto/,-1,0.15702168536700745
965,Pecado de Amor,musica965,musica965_trecho1,"Me deixe aqui com a cabeça cheia de problemas Vou me resolver Sou complicada, louca, inconsequente Meus defeitos você finge que não vê Por me ver chorar Por me ver sofrer",Fátima Leão,2012,31,https://www.letras.mus.br/fatima-leao/1726286/,-1,0.2987439103759445
965,Pecado de Amor,musica965,musica965_trecho3,Não vou brincar de amar Eu vou deixar para lá Vou esquecer de tudo É bem melhor que eu vá do que te ver chorar Pra mim é um absurdo Pra que se machucar pedindo pra juntar Esse amor em pedaços Se Deus não escreveu assim?,Fátima Leão,2012,46,https://www.letras.mus.br/fatima-leao/1726286/,-1,0.15856127920646568
965,Pecado de Amor,musica965,musica965_trecho4,Não vou mais te enganar Eu não sou a pessoa que você tanto sonhou E nem conto de fadas com final feliz que você tanto imaginou Se é certo ou errado Pago as conseqüências Posso ser julgada Por um pecado de amor,Fátima Leão,2012,42,https://www.letras.mus.br/fatima-leao/1726286/,-1,0.2852808870904743
477,Pedras,musica477,musica477_trecho1,Melhor não dizer nada Enquanto pensa No que vai fazer da vida Pode ser que você pegue Um caminho sem saída E não tenha outro jeito A não ser voltar pra mim,Zezé Di Camargo,2022,32,https://www.letras.mus.br/zeze-di-camargo/pedras/,-1,0.17593217921247428
477,Pedras,musica477,musica477_trecho2,"E lá fora a chuva Vai molhar seu rosto Desmanchar os seus cabelos Madrugada, vento frio Vai ser outro pesadelo Quando você se olhar E se encontrar sem mim",Zezé Di Camargo,2022,29,https://www.letras.mus.br/zeze-di-camargo/pedras/,-1,0.39339402210141183
477,Pedras,musica477,musica477_trecho3,Se a gente fica longe um do outro Vai pintar tanta saudade Feito quanto apaga a luz E o escuro da cidade Faz a gente tropeçar Nas pedras que estão pelas ruas,Zezé Di Camargo,2022,32,https://www.letras.mus.br/zeze-di-camargo/pedras/,-1,0.15485836447211987
477,Pedras,musica477,musica477_trecho5,Eu e você por aí outra vez Eu e você nosso amor Não vou deixar você sair de mim Não vou deixar você sair assim Da minha vida,Zezé Di Camargo,2022,28,https://www.letras.mus.br/zeze-di-camargo/pedras/,-1,0.14776780385470623
1225,Pega Eu,musica1225,musica1225_trecho5,Fala que não quer Mas não tem vergonha na cara É só te esnobar Que o meu telefone não para,Fernando e Sorocaba,2012,20,https://www.letras.mus.br/fernando-sorocaba/1917423/,-1,0.09615916117169176
1225,Pega Eu,musica1225,musica1225_trecho9,Eu acho que saquei Porque me trata assim Me vejo em você E você se vê em mim,Fernando e Sorocaba,2012,18,https://www.letras.mus.br/fernando-sorocaba/1917423/,-1,0.18233570928618015
1385,Pegada Que Desgrama,musica1385,musica1385_trecho1,Não quero mais Tô vendo que a gente não tá dando certo Fala demais E ainda joga na cara que eu nunca presto,Naiara Azevedo,2017,23,https://www.letras.mus.br/naiara-azevedo/pegada-que-desgrama/,-1,0.14988203149262624
958,Pelo Bem da Minha Saudade,musica958,musica958_trecho1,Pelo bem da minha saudade eu Fechava barzinho Fechava boate Mandava trancar tudo nessa cidade,Gusttavo Lima,2025,15,https://www.letras.mus.br/gusttavo-lima/pelo-bem-da-minha-saudade/,-1,0.04568817003331238
958,Pelo Bem da Minha Saudade,musica958,musica958_trecho2,"O semblante que tô bem no rosto Sexta-feira, umas 10 e pouco Lá tá indo ela Lá tá indo ela",Gusttavo Lima,2025,20,https://www.letras.mus.br/gusttavo-lima/pelo-bem-da-minha-saudade/,-1,0.16648631857236662
958,Pelo Bem da Minha Saudade,musica958,musica958_trecho3,O vestido encurtou um pouco Um perfume doce no pescoço Lá tá indo ela Lá tá indo ela,Gusttavo Lima,2025,18,https://www.letras.mus.br/gusttavo-lima/pelo-bem-da-minha-saudade/,-1,0.16648631857236662
958,Pelo Bem da Minha Saudade,musica958,musica958_trecho5,"Se eu pudesse decretava greve na cidade Fechava barzinho, fechava boate Brecava os seus rolê Pelo bem da minha saudade",Gusttavo Lima,2025,20,https://www.letras.mus.br/gusttavo-lima/pelo-bem-da-minha-saudade/,-1,0.04568817003331227
1186,Pense Em Mim (part. Lucas e Luan),musica1186,musica1186_trecho1,"Inspiração dos meus sonhos, não quero acordar Quero ficar só contigo, não vou poder voar Pra que parar pra refletir se meu reflexo é você? Aprendendo uma só vida, compartilhando prazer",Jorge & Mateus,2012,31,https://www.letras.mus.br/jorge-mateus/1602117/,-1,0.18995754437286239
1186,Pense Em Mim (part. Lucas e Luan),musica1186,musica1186_trecho3,"Pensa em mim, que eu tô pensando em você E me diz o que eu quero te dizer Vem pra cá, pra ver que juntos estamos E te falar mais uma vez que te amo",Jorge & Mateus,2012,35,https://www.letras.mus.br/jorge-mateus/1602117/,-1,0.05664383275822682
1546,Perdeu o Cara Errado,musica1546,musica1546_trecho1,Nesses dias chuvosos de frio É aí que o vazio da tua ausência aumenta mais E o silêncio desse telefone tá me deixando doente Será que você também sente? Não há ser humano que aguente,Cristiano Araújo,2014,35,https://www.letras.mus.br/cristiano-araujo/perdeu-o-cara-errado/,-1,0.39339402210141206
1546,Perdeu o Cara Errado,musica1546,musica1546_trecho2,"Tanta solidão vai acabar com a minha raça Não há nada que eu faça pra evitar o pranto Já vi que só tá começando Se hoje já bebi, já sofri mais uma vez Imagina daqui um mês, daqui um mês",Cristiano Araújo,2014,40,https://www.letras.mus.br/cristiano-araujo/perdeu-o-cara-errado/,-1,0.15845221286916533
1546,Perdeu o Cara Errado,musica1546,musica1546_trecho4,"Tanta solidão vai acabar com a minha raça Não há nada que eu faça pra evitar o pranto Já vi que só tá começando Se hoje eu já bebi, já sofri mais uma vez Imagina daqui um mês, daqui um mês",Cristiano Araújo,2014,41,https://www.letras.mus.br/cristiano-araujo/perdeu-o-cara-errado/,-1,0.15845221286916555
1549,Perfeitinha,musica1549,musica1549_trecho3,"Ela é toda, toda, toda perfeitinha E o melhor é que ela é toda, toda minha Ela é toda, toda, toda perfeitinha Dá vontade de guardar numa caixinha",Enzo Rabelo,2020,28,https://www.letras.mus.br/enzo-rabelo/perfeitinha/,-1,0.04681972634717113
1549,Perfeitinha,musica1549,musica1549_trecho4,"Ela é toda, toda, toda perfeitinha E o melhor é que ela é toda, toda minha Ela é toda, toda, toda perfeitinha Dá vontade de guardar numa caixinha Pra ninguém roubar",Enzo Rabelo,2020,31,https://www.letras.mus.br/enzo-rabelo/perfeitinha/,-1,0.04681972634717113
308,Pergunta Boba,musica308,musica308_trecho2,"Você com esse cabelo preto, sorriso sem jeito Foi chegando perto, chegou perto demais Em três ou quatro dias, tava tudo tão perfeito Dos meus problemas, eu já nem me lembrava mais Só queria você, só pensava em você Mas ainda tem coisas pra me arrepender E eu vou dizer",Jorge & Mateus,2016,50,https://www.letras.mus.br/jorge-mateus/pergunta-boba/,-1,0.041102595840996736
308,Pergunta Boba,musica308,musica308_trecho3,Me arrependi de não ter te abraçado outra vez Não ter te beijado uma última vez Não ter te olhado outra vez Ficar acordado até depois das seis Só pra ver o Sol nascer Sonhar os sonhos mais loucos com você E eu vou dizer,Jorge & Mateus,2016,45,https://www.letras.mus.br/jorge-mateus/pergunta-boba/,-1,0.29308890552559075
308,Pergunta Boba,musica308,musica308_trecho8,"Quem sabe ainda é tempo Pode ser a qualquer hora Me chame em pensamento Cê sabe, eu vou agora",Jorge & Mateus,2016,19,https://www.letras.mus.br/jorge-mateus/pergunta-boba/,-1,0.06433161192662606
1301,Perto de Mim,musica1301,musica1301_trecho1,Aonde você quer chegar Se eu tô bem aqui Aonde você não está Não preciso ir E quando eu não te encontrar E quando eu não te encontrar Eu vou te sentir,Thaeme e Thiago,2013,32,https://www.letras.mus.br/thaeme-thiago/perto-de-mim/,-1,0.2205297706588749
1301,Perto de Mim,musica1301,musica1301_trecho3,Meu corpo tá arrepiado Há meia hora eu tô chorando Eu vejo o vulto dos seus passos Acho que tô delirando Tô sentindo que você tá perto de mim,Thaeme e Thiago,2013,29,https://www.letras.mus.br/thaeme-thiago/perto-de-mim/,-1,0.2960017594155582
219,Perto de Você,musica219,musica219_trecho2,Mas não consigo ir embora Mas a cada passo pra frente É o mesmo que dar dois pra trás Pra perto de você Pra mais perto de você,Marília Mendonça,2017,28,https://www.letras.mus.br/marilia-mendonca/perto-de-voce/,-1,0.03210488972009151
347,Pior Parte,musica347,musica347_trecho1,Não tá me fazendo bem Não tô certo em fazer isso Tô colocando o futuro de alguém que não é meu Em risco,Simone Mendes,2023,23,https://www.letras.mus.br/simone-mendes/pior-parte/,-1,0.08613884186189835
347,Pior Parte,musica347,musica347_trecho4,"Parte dessa culpa é dela, que ligou pra mim E a pior parte vai ser minha por não resistir Parte dessa culpa é dela, que ligou pra mim E a pior parte vai ser minha por não resistir",Simone Mendes,2023,38,https://www.letras.mus.br/simone-mendes/pior-parte/,-1,0.19455759604924827
1280,Pirraça,musica1280,musica1280_trecho2,"Vou falar pro meu coração bater o pé Pra não morrer de paixão, não quero Mais esse amor que me faz tão mal Chega de sofrer, adeus, ponto final",Jorge & Mateus,2012,29,https://www.letras.mus.br/jorge-mateus/1198518/,-1,0.15856127920646557
1280,Pirraça,musica1280,musica1280_trecho3,"Não vou mais chorar, como chorei Nem me lembrar que um dia te amei Bye bye tristeza, adeus solidão Vou fazer pirraça pro seu coração",Jorge & Mateus,2012,25,https://www.letras.mus.br/jorge-mateus/1198518/,-1,0.050610626208084875
1280,Pirraça,musica1280,musica1280_trecho9,"Bye bye tristeza, adeus solidão Vou fazer pirraça pro seu coração",Jorge & Mateus,2012,11,https://www.letras.mus.br/jorge-mateus/1198518/,-1,0.050610626208084986
748,Pitoco,musica748,musica748_trecho3,"Liguei pra lá, Pitoco atendeu Tem alguém aí? (Au, au, au) ele respondeu É algum marmanjo? (Au, au, au) assim confirmou Ele tá na sala? (Au, au) Pitoco negou Ele tá no quarto? (Au, au, au) assim confirmou Faz tempo? Au (Pitoco uivou) Que que eles tão fazendo Pitoco? Pitoco fungou, a casa caiu É mais um caso que acontece no Brasil",Teodoro e Sampaio,2009,62,https://www.letras.mus.br/teodoro-e-sampaio/1529400/,-1,0.1935802706135783
748,Pitoco,musica748,musica748_trecho5,"Liguei pra lá, Pitoco atendeu Tem alguém aí? (Au, au, au) ele respondeu É algum marmanjo? (Au, au, au) assim confirmou Ele tá na sala? (Au, au) Pitoco negou Ele tá no quarto? (Au, au, au) assim confirmou Faz tempo? (Au) Pitoco uivou Que que eles tão fazendo Pitoco? Pitoco fungou, a casa caiu É mais um caso que acontece no Brasil",Teodoro e Sampaio,2009,62,https://www.letras.mus.br/teodoro-e-sampaio/1529400/,-1,0.19358027061357796
1296,Plano B,musica1296,musica1296_trecho1,Meu plano sempre foi ter Um relacionamento sério com você E conquistar seu coração Te levar lá em casa Te apresentar para os meus pais Tomar sorvete e dar a mão Coisa da imaginação Você não tá querendo se amarrar Só tá afim de curtição Ainda bem que eu tenho o plano A e o plano B O plano C nunca existiu Não vou chorar por você,Lucas Lucco,2013,67,https://www.letras.mus.br/lucas-lucco/plano-b/,-1,0.1183590617546958
1296,Plano B,musica1296,musica1296_trecho2,Eu já tentei o plano A E o plano de amar você falhou Agora eu vou tentar o plano B Eu já tentei o plano A E o plano de amar você falhou Agora eu vou tentar o plano B,Lucas Lucco,2013,40,https://www.letras.mus.br/lucas-lucco/plano-b/,-1,0.19010242462747973
902,Planos Impossíveis,musica902,musica902_trecho1,"Uma semana sem te ver Eu já sabia que isso ia acontecer O tempo passa, eu fico mal É ilusão achar que tudo está igual Você apareceu pra mim Não posso evitar me sentir assim",Jads e Jadson,2013,35,https://www.letras.mus.br/jads-e-jadson/planos-impossiveis/,-1,0.09609040826215354
902,Planos Impossíveis,musica902,musica902_trecho4,"Você me diz que não tá bem Que não para de pensar em mim também Agora antes de dormir Por um segundo, eu consigo até sorrir Por que essa complicação? Distância é o fim pra quem tem coração!",Jads e Jadson,2013,38,https://www.letras.mus.br/jads-e-jadson/planos-impossiveis/,-1,0.2608044319241025
902,Planos Impossíveis,musica902,musica902_trecho7,E eu nem sei se algum dia eu já me senti assim Eu nem me lembro de querer alguém Como eu quero você pra mim E é por isso que eu vou te dizer,Jads e Jadson,2013,34,https://www.letras.mus.br/jads-e-jadson/planos-impossiveis/,-1,0.2882759695551015
879,Pode Chorar,musica879,musica879_trecho1,"Quase que acabo com a minha vida Você me pôs num beco sem saída Por que fez isso comigo? Me dediquei somente a você Tudo o que eu podia eu tentei fazer Mas não, não adiantou",Jorge & Mateus,2007,36,https://www.letras.mus.br/jorge-mateus/1050892/,-1,0.26786037348348735
879,Pode Chorar,musica879,musica879_trecho2,"Você não sabe o que é amar Você não sabe o que é amor Acha que é somente ficar, ficar, ficar E se rolar, rolou Não se maltrata o coração De quem não merece sofrer Não vou ficar na solidão de mão em mão Assim como você",Jorge & Mateus,2007,47,https://www.letras.mus.br/jorge-mateus/1050892/,-1,0.1011285529082091
879,Pode Chorar,musica879,musica879_trecho6,"Você não sabe o que é amar Você não sabe o que é amor Acha que é só mesmo ficar, ficar, ficar E se rolar, rolou Não se maltrata o coração De quem não merece sofrer Não vou ficar na solidão de mão em mão Assim como você",Jorge & Mateus,2007,48,https://www.letras.mus.br/jorge-mateus/1050892/,-1,0.10112855290820943
1411,Pode Ir Embora,musica1411,musica1411_trecho1,Procurei em outros braços sentir seu calor Procurei em outras bocas sentir seu sabor Procurei em outro corpo um perfume seu Mas meu coração não te esqueceu,Bruno & Marrone,2009,27,https://www.letras.mus.br/bruno-e-marrone/1460073/,-1,0.030103507494033455
1411,Pode Ir Embora,musica1411,musica1411_trecho2,"O amor é assim Chega de repente e faz a gente se perder Tá marcado em mim Não sai do pensamento, querendo me enlouquecer",Bruno & Marrone,2009,24,https://www.letras.mus.br/bruno-e-marrone/1460073/,-1,0.16003299574230156
1411,Pode Ir Embora,musica1411,musica1411_trecho4,"Vai, fecha a porta Faz como se tudo não passasse de ilusão Me ignora Destrói o sentimento e vai atrás de outra paixão Esquece tudo Prometo não chorar e nem tentar te convencer Que um dia amei você",Bruno & Marrone,2009,38,https://www.letras.mus.br/bruno-e-marrone/1460073/,-1,0.15856127920646568
596,Ponto Final,musica596,musica596_trecho1,"Olha, quero te dizer, que precisamos conversar, antes que",Di Paullo e Paulino,2011,9,https://www.letras.mus.br/di-paulo-e-paulino/ponto-final/,-1,0.12017256728188008
596,Ponto Final,musica596,musica596_trecho2,"Antes que alguém lhe conte a verdade, eu mesmo abro o jogo Faz muito tempo que eu não quero nada do que você quer O que eu sentia por você na fase que nós começamos Agora eu sinto dez vezes mais forte por outra mulher",Di Paullo e Paulino,2011,45,https://www.letras.mus.br/di-paulo-e-paulino/ponto-final/,-1,0.0276491564342769
596,Ponto Final,musica596,musica596_trecho3,"Eu não consigo fazê-la feliz, infeliz assim Você me toca, mas o que lhe toca já não toca em mim Eu conto às vezes que fui contar tudo e desisti na hora Tomei coragem de perder o medo e provar que não minto Estou sentindo que as pessoas sentem que eu não sinto nada Eu sinto muito, mas infelizmente amor, eu não sinto Vivo cansado de inventar desculpas que estou cansado Eu estou certo que nada dá certo começando errado",Di Paullo e Paulino,2011,80,https://www.letras.mus.br/di-paulo-e-paulino/ponto-final/,-1,0.2987439103759443
596,Ponto Final,musica596,musica596_trecho4,"Eu só desejo que você encontre quando me perder Alguém que emende o elo de sonhos que havia entre a gente É muito cedo pra pensar que é tarde, desistir de tudo Refaça os planos, esqueça o que houve, toque a vida em frente",Di Paullo e Paulino,2011,44,https://www.letras.mus.br/di-paulo-e-paulino/ponto-final/,-1,0.10151136573278108
226,Ponto G,musica226,musica226_trecho1,Meu ex amor se não for pedir muito Dê-me outra chance pela última vez Ouça os apelos de quem canta e chora Porque seu ex agora não quer ser mais ex,Edy Britto & Samuel,2014,31,https://www.letras.mus.br/edy-brito-e-samuel/ponto-g/,-1,0.13932792303650465
226,Ponto G,musica226,musica226_trecho2,Passe comigo um final de semana Em uma cabana presa aos meus abraços E até duvido que segunda-feira Você ainda queira dormir em outros braços,Edy Britto & Samuel,2014,25,https://www.letras.mus.br/edy-brito-e-samuel/ponto-g/,-1,0.10613572084540535
226,Ponto G,musica226,musica226_trecho3,E até duvido que segunda-feira Você ainda queira dormir em outros braços,Edy Britto & Samuel,2014,12,https://www.letras.mus.br/edy-brito-e-samuel/ponto-g/,-1,0.06433161192662618
226,Ponto G,musica226,musica226_trecho5,Depois da volta na troca de afeto No seu alfabeto eu vou do A ao Z E ainda tem surpresa que eu só conto Quando marcar ponto no seu ponto G,Edy Britto & Samuel,2014,31,https://www.letras.mus.br/edy-brito-e-samuel/ponto-g/,-1,0.04841905862251539
226,Ponto G,musica226,musica226_trecho6,E ainda tem surpresa que eu só conto Quando eu marcar ponto no seu ponto G,Edy Britto & Samuel,2014,16,https://www.letras.mus.br/edy-brito-e-samuel/ponto-g/,-1,0.0484190586225155
805,Por Nossos Filhos,musica805,musica805_trecho3,E finalmente no altar Pedindo a Deus pra abençoar As alianças que seriam nossas Os nossos filhos é que vão usar,Zé Neto e Cristiano,2017,21,https://www.letras.mus.br/ze-neto-cristiano/por-nossos-filhos/,-1,0.15419836256222752
805,Por Nossos Filhos,musica805,musica805_trecho9,Ooh ooh ooh Ooh ooh ooh Por nossos filhos Por nossos filhos,Zé Neto e Cristiano,2017,12,https://www.letras.mus.br/ze-neto-cristiano/por-nossos-filhos/,-1,0.15419836256222763
1164,Por Quê?,musica1164,musica1164_trecho4,"Se eu ganhasse um abraço Ou um beijo no rosto, para mim era tudo Tudo o que mais queria Mas como sempre o amor nos deixa mudos",Jorge & Mateus,2012,27,https://www.letras.mus.br/jorge-mateus/porque/,-1,0.1619618166704484
1164,Por Quê?,musica1164,musica1164_trecho10,"Mas como sempre o amor nos deixa mudos Queria poder dizer Te quero, te amo Mas onde está você?",Jorge & Mateus,2012,19,https://www.letras.mus.br/jorge-mateus/porque/,-1,0.13264633372952994
742,Por Um Gole a Mais,musica742,musica742_trecho1,"Paguei, eu assumo, eu admito que foi ilusão, errei Um descuido, um deslize do meu coração, te magoei Fiz exatamente o que devia pra te ver chorar, e me ver chorar",Bruno & Marrone,2005,31,https://www.letras.mus.br/bruno-e-marrone/193833/,-1,0.1696299147165513
742,Por Um Gole a Mais,musica742,musica742_trecho2,"Não sei, se te imploro de joelhos o perdão ou se te deixo ir Mas eu vou lutar, te procurar, tentar me redimir De um erro, uma loucura dessas que a gente faz Por um gole a mais",Bruno & Marrone,2005,38,https://www.letras.mus.br/bruno-e-marrone/193833/,-1,0.08205110915381575
792,Pra Não Lembrar De Mim (part. Zezé Di Camargo & Luciano),musica792,musica792_trecho1,Pra não lembrar de mim Você precisa ter coragem de apagar A metade da sua vida,Guilherme & Santiago,2025,16,https://www.letras.mus.br/guilherme-e-santiago/pra-nao-lembrar-de-mim-part-zeze-di-camargo-e-luciano/,-1,0.07996326048518032
792,Pra Não Lembrar De Mim (part. Zezé Di Camargo & Luciano),musica792,musica792_trecho3,Porque todo beijo bom que você deu Quem te deu fui eu Vai ser impossível se deitar em outra cama Encostar em outro corpo E não se lembrar do meu,Guilherme & Santiago,2025,30,https://www.letras.mus.br/guilherme-e-santiago/pra-nao-lembrar-de-mim-part-zeze-di-camargo-e-luciano/,-1,0.22266339360157417
792,Pra Não Lembrar De Mim (part. Zezé Di Camargo & Luciano),musica792,musica792_trecho4,Busca nas suas lembranças Os seus melhores momentos Se me achar apaga tudo Que esse é o único jeito,Guilherme & Santiago,2025,19,https://www.letras.mus.br/guilherme-e-santiago/pra-nao-lembrar-de-mim-part-zeze-di-camargo-e-luciano/,-1,0.1639226661131037
1443,Pra Que Conversar?,musica1443,musica1443_trecho1,Não adianta insistir em ficar E prolongar esta dor em que estou O nosso lance marcou e agora que acabou É melhor você não me procurar,Paula Fernandes,2010,26,https://www.letras.mus.br/paula-fernandes/1824359/,-1,0.15964829873156405
1443,Pra Que Conversar?,musica1443,musica1443_trecho2,Pra que tentar disfarçar o que quer Se já conheço a tua intenção Eu não sou burra pra ser uma amante qualquer Viver somente uma noite de amor,Paula Fernandes,2010,28,https://www.letras.mus.br/paula-fernandes/1824359/,-1,0.273075069414182
1443,Pra Que Conversar?,musica1443,musica1443_trecho4,"Se foi você quem me abandonou? Me liga aqui, tenta me consolar E na verdade sei que será melhor A gente não se falar",Paula Fernandes,2010,24,https://www.letras.mus.br/paula-fernandes/1824359/,-1,0.06619607397359373
910,Pra Que Entender?,musica910,musica910_trecho1,"O que tem por trás desse sorriso Que me deixa fissurado em você? É um misto de desejo e vício Já tentei, mas não consigo entender",Jorge & Mateus,2012,26,https://www.letras.mus.br/jorge-mateus/1901815/,-1,0.279568787254857
910,Pra Que Entender?,musica910,musica910_trecho2,Toda vez que eu te encontro Sinto os pés fora do chão Toda vez que eu te olho Não consigo dizer não,Jorge & Mateus,2012,22,https://www.letras.mus.br/jorge-mateus/1901815/,-1,0.146281926448405
910,Pra Que Entender?,musica910,musica910_trecho3,"Por mais que eu queira Não consigo mais pensar em nada (nada) Quando eu notei, já era amor Eu não imaginava Por mais que eu queira Não consigo mais pensar em nada (nada) Quando eu notei, já era amor Eu não imaginava",Jorge & Mateus,2012,42,https://www.letras.mus.br/jorge-mateus/1901815/,-1,0.0882523562725086
1367,Pra Que Juízo,musica1367,musica1367_trecho4,"Pra que juízo se eu já perdi o meu E eu tô querendo, tô sempre esperando Que você também perca o seu",Henrique & Juliano,2014,22,https://www.letras.mus.br/henrique-e-juliano/pra-que-juizo/,-1,0.158561279206466
1367,Pra Que Juízo,musica1367,musica1367_trecho5,Pra que juízo se eu já perdi o meu Eu tô querendo é que também perca o seu,Henrique & Juliano,2014,18,https://www.letras.mus.br/henrique-e-juliano/pra-que-juizo/,-1,0.15856127920646568
1367,Pra Que Juízo,musica1367,musica1367_trecho7,"Pra que juízo se eu já perdi o meu E eu tô querendo, é que você perca o seu Pra que juízo (pra que juízo) Se eu já perdi o meu E eu tô querendo, tô sempre esperando Que você também perca o seu",Henrique & Juliano,2014,44,https://www.letras.mus.br/henrique-e-juliano/pra-que-juizo/,-1,0.15856127920646557
374,Pra Sempre Com Você,musica374,musica374_trecho1,A gente se conheceu há pouco tempo Mas a gente já está falando em casamento Tô correndo um risco sério de viver pra sempre com você,Jorge & Mateus,2016,26,https://www.letras.mus.br/jorge-mateus/pra-sempre-com-voce/,-1,0.13181027962851155
374,Pra Sempre Com Você,musica374,musica374_trecho3,"Não sou anjo da guarda, mas eu vou te proteger Esse seu sorriso é o combustível pra eu viver, iê, iê, iê, iê",Jorge & Mateus,2016,23,https://www.letras.mus.br/jorge-mateus/pra-sempre-com-voce/,-1,0.2639216503641477
666,Pra Ser Feliz,musica666,musica666_trecho1,Às vezes é mais fácil reclamar da sorte Do que na adversidade ser mais forte Querer subir sem batalhar Pedir carinho sem se dar Sem olhar do lado,Daniel,2011,28,https://www.letras.mus.br/daniel/1964931/,-1,0.12004130325403051
666,Pra Ser Feliz,musica666,musica666_trecho2,Já imaginou de onde vem A luz de um cego Já cogitou descer De cima do seu ego Tem tanta gente por aí Na exclusão e ainda sorri Tenho me perguntado,Daniel,2011,31,https://www.letras.mus.br/daniel/1964931/,-1,0.1944920675689814
666,Pra Ser Feliz,musica666,musica666_trecho3,"Pra ser feliz Do que o ser humano necessita? O que é que faz a vida ser bonita? A resposta, onde é que está escrita?",Daniel,2011,25,https://www.letras.mus.br/daniel/1964931/,-1,0.12174374545746414
666,Pra Ser Feliz,musica666,musica666_trecho4,Pra ser feliz O quanto de dinheiro eu preciso Como é que se conquista o paraíso Quanto custa Pro verdadeiro sorriso Brotar do coração,Daniel,2011,24,https://www.letras.mus.br/daniel/1964931/,-1,0.12174374545746369
666,Pra Ser Feliz,musica666,musica666_trecho5,Talvez a chave seja a simplicidade Talvez prestar mais atenção na realidade Porque não ver como lição O exemplo de superação De tantas pessoas,Daniel,2011,24,https://www.letras.mus.br/daniel/1964931/,-1,0.12004130325402984
1061,Pra Te Fazer Lembrar,musica1061,musica1061_trecho3,"Mas sempre haverá uma data, palavra, um olhar Um filme, uma música, pra te fazer lembrar Um perfume, um abraço, um sorriso só pra atrapalhar Só pra te fazer lembrar de mim",Lucas Lucco,2013,32,https://www.letras.mus.br/lucas-lucco/so-pra-te-fazer-lembrar/,-1,0.059374480342504365
1061,Pra Te Fazer Lembrar,musica1061,musica1061_trecho6,"Mas sempre haverá uma data, palavra, um olhar Um filme, uma música, pra te fazer lembrar Um perfume, um abraço, um sorriso só pra atrapalhar Só pra te fazer Mas sempre haverá uma data, palavra, um olhar Um filme, uma música, pra te fazer lembrar Um perfume, um abraço, um sorriso só pra atrapalhar Só pra te fazer lembrar de mim Só pra te fazer lembrar de mim",Lucas Lucco,2013,68,https://www.letras.mus.br/lucas-lucco/so-pra-te-fazer-lembrar/,-1,0.05937448034250459
1061,Pra Te Fazer Lembrar,musica1061,musica1061_trecho7,"Mas sempre haverá uma data, palavra, um olhar Um filme, uma música, pra te fazer lembrar Um perfume, um abraço, um sorriso só pra atrapalhar Só pra te fazer lembrar de mim Só pra te fazer lembrar de mim Só pra te fazer lembrar de mim",Lucas Lucco,2013,46,https://www.letras.mus.br/lucas-lucco/so-pra-te-fazer-lembrar/,-1,0.059374480342504254
180,Pra Ter o Seu Amor,musica180,musica180_trecho2,"Você é frio, é calor É febre de amor Saudade de paixão Eu sigo sempre rumo ao seu coração",Jorge & Mateus,2010,19,https://www.letras.mus.br/jorge-mateus/1734491/,-1,0.21139244429560566
643,Presepada (part. Marília Mendonça),musica643,musica643_trecho1,(Vem cá E se eu te dissesse Que você tá perdendo o amor da sua vida? Você ainda abriria mais uma?),Maiara & Maraisa,2021,21,https://www.letras.mus.br/maiara-maraisa/presepada/,-1,0.06389617125699609
643,Presepada (part. Marília Mendonça),musica643,musica643_trecho3,"Você curtindo o auge dos seus trinta e poucos anos E ela te esperando acordada, fazendo planos Você não vai ganhar nada com isso Não tem ninguém achando isso bonito",Maiara & Maraisa,2021,30,https://www.letras.mus.br/maiara-maraisa/presepada/,-1,0.06238907046087405
643,Presepada (part. Marília Mendonça),musica643,musica643_trecho4,"Cadê sua responsabilidade? No seu lugar eu teria vergonha Por mim, ela teria te deixado Fazer o quê se ela te ama Então aproveita que ela nem sonha quem você é",Maiara & Maraisa,2021,31,https://www.letras.mus.br/maiara-maraisa/presepada/,-1,0.15343715092601073
643,Presepada (part. Marília Mendonça),musica643,musica643_trecho5,É hora de parar com a presepada Respeita a sua namorada Agarra essa mulher e casa Agarra ela e casa,Maiara & Maraisa,2021,20,https://www.letras.mus.br/maiara-maraisa/presepada/,-1,0.2371355414830978
643,Presepada (part. Marília Mendonça),musica643,musica643_trecho6,Vive numa busca incessante Pra achar alguém interessante Sem enxergar que ela é brilhante Que ela é rara,Maiara & Maraisa,2021,18,https://www.letras.mus.br/maiara-maraisa/presepada/,-1,0.12320293716930075
643,Presepada (part. Marília Mendonça),musica643,musica643_trecho8,Essa sua busca incessante Pra achar alguém interessante Terminaria se enxergasse O que tem dentro de casa,Maiara & Maraisa,2021,17,https://www.letras.mus.br/maiara-maraisa/presepada/,-1,0.042463978576825157
643,Presepada (part. Marília Mendonça),musica643,musica643_trecho9,"Por mim, ela teria te deixado Fazer o quê se ela te ama Então aproveita que ela nem sonha quem você é",Maiara & Maraisa,2021,22,https://www.letras.mus.br/maiara-maraisa/presepada/,-1,0.15343715092601073
643,Presepada (part. Marília Mendonça),musica643,musica643_trecho11,Respeita a sua namorada Agarra essa mulher e casa Agarra ela e casa,Maiara & Maraisa,2021,13,https://www.letras.mus.br/maiara-maraisa/presepada/,-1,0.2371355414830978
1436,Preto e Branco,musica1436,musica1436_trecho3,"Vem amor, e traz a cor pro que era preto e branco Eu vou te desenhando Vem amor e traz calor pro frio que vem chegando Eu tô te esperando",Bruninho e Davi,2014,30,https://www.letras.mus.br/bruninho-davi/preto-e-branco/,-1,0.18201275875842948
1436,Preto e Branco,musica1436,musica1436_trecho6,Vem amor e traz a cor pro que era preto e branco Eu vou te desenhando Vem amor e traz calor pro frio que vem chegando Eu tô te esperando Vem amor e traz a cor pro que era preto e branco Eu vou te desenhando Vem amor e traz calor pro frio que vem chegando Eu tô te esperando Vem amor e traz calor pro frio que vem chegando Eu tô te esperando,Bruninho e Davi,2014,74,https://www.letras.mus.br/bruninho-davi/preto-e-branco/,-1,0.1820127587584297
693,Primeiro de Abril,musica693,musica693_trecho2,"Se alguém falou Que andei mostrando o seu retrato, isso é conversa A sua vida, quer saber? Não me interessa Eu te asseguro, eu nem me lembro de você",Léo Magalhães,2008,29,https://www.letras.mus.br/leo-magalhaes/1405071/,-1,0.1364152359978419
1512,Primeiro Passo,musica1512,musica1512_trecho1,"Primeiro passo é muito fácil Será que você nunca errou comigo? Eu te perdoei se não se lembra Tá tudo bem, mas ouça o que eu te digo",Maria Cecília e Rodolfo,2008,28,https://www.letras.mus.br/maria-cecilia-rodolfo/1277326/,-1,0.12155852456182425
1512,Primeiro Passo,musica1512,musica1512_trecho2,"Você não deve me fazer sofrer Só pra provar que eu não sou de nada Mas se quiser eu deixo, porque mereço Pagar por tudo que eu fiz de errado",Maria Cecília e Rodolfo,2008,30,https://www.letras.mus.br/maria-cecilia-rodolfo/1277326/,-1,0.08205110915381564
5,Princesa (part. Ana Castela),musica5,musica5_trecho1,"Respira, não pira Me beija, me abraça Deixa eu acalmar suas incertezas Seu medo de amar é normal Quem passou por aí te fez mal, mas passou Eu vou fazer você acreditar no amor",Gustavo Mioto,2025,34,https://www.letras.mus.br/gustavo-mioto/princesa-part-ana-castela/,-1,0.08957727005115446
5,Princesa (part. Ana Castela),musica5,musica5_trecho2,"Princesa, descansa, me ama Me experimenta de remédio pro teu medo De oito em oito segundos, te dou um beijo Eu vou curar seu medo",Gustavo Mioto,2025,25,https://www.letras.mus.br/gustavo-mioto/princesa-part-ana-castela/,-1,0.08957727005115401
5,Princesa (part. Ana Castela),musica5,musica5_trecho3,"Me fala onde é que tá doendo Me mostra onde foi que machucou Que eu vou soprar, beijar Beijar, te amar até curar a dor Me fala onde é que tá doendo Me mostra onde foi que machucou Que eu vou soprar, beijar Beijar, te amar até curar a dor",Gustavo Mioto,2025,50,https://www.letras.mus.br/gustavo-mioto/princesa-part-ana-castela/,-1,0.022040789120357118
5,Princesa (part. Ana Castela),musica5,musica5_trecho7,"Eu vou soprar, beijar Beijar, te amar até curar a dor",Gustavo Mioto,2025,11,https://www.letras.mus.br/gustavo-mioto/princesa-part-ana-castela/,-1,0.022040789120356785
1416,Príncipe,musica1416,musica1416_trecho2,Infelizmente sou Só um cara normal Sem nenhum castelo Nem cavalo branco,Lucas Lucco,2014,12,https://www.letras.mus.br/lucas-lucco/principe/,-1,0.6848464709968787
1416,Príncipe,musica1416,musica1416_trecho3,Eu posso te fazer sofrer Eu posso te fazer chorar Mas eu tô tentando Tentando melhorar,Lucas Lucco,2014,16,https://www.letras.mus.br/lucas-lucco/principe/,-1,0.2987439103759444
1416,Príncipe,musica1416,musica1416_trecho4,"Quero escrever a nossa história Você, princesa, vamo agora Será que rola? Sem final, o que me diz? Só ser feliz",Lucas Lucco,2014,21,https://www.letras.mus.br/lucas-lucco/principe/,-1,0.5435367616397142
268,Prisão Sem Grade,musica268,musica268_trecho1,"Ultimamente, já não tenho mais mandado em mim Foi só você que fez com que eu ficasse assim Não há nada que eu possa fazer a não ser me envolver",Jorge & Mateus,2012,30,https://www.letras.mus.br/jorge-mateus/prisao-sem-grades/,-1,0.26786037348348757
268,Prisão Sem Grade,musica268,musica268_trecho3,"Você me seduziu, me hipnotizou Eu me apaixonei, a cabeça virou Eu sigo a minha vida numa prisão sem grade Eu sigo te amando e todo mundo sabe Todo mundo sabe Todo mundo sabe Todo mundo sabe",Jorge & Mateus,2012,37,https://www.letras.mus.br/jorge-mateus/prisao-sem-grades/,-1,0.04903331685533219
268,Prisão Sem Grade,musica268,musica268_trecho5,"Você me seduziu, me hipnotizou Eu me apaixonei, a cabeça virou Eu sigo minha vida numa prisão sem grade E todo mundo sabe Todo mundo sabe Todo mundo sabe",Jorge & Mateus,2012,29,https://www.letras.mus.br/jorge-mateus/prisao-sem-grades/,-1,0.049033316855331854
268,Prisão Sem Grade,musica268,musica268_trecho6,"Você me seduziu, me hipnotizou, a cabeça virou Eu sigo minha vida numa prisão sem grade E todo mundo sabe Todo mundo sabe Todo mundo sabe Todo mundo sabe",Jorge & Mateus,2012,29,https://www.letras.mus.br/jorge-mateus/prisao-sem-grades/,-1,0.04903331685533219
648,Pro Nosso Bem,musica648,musica648_trecho1,Tira uma dúvida aqui O tempo que passou longe de mim Fez bem ou não te fez tão bem assim? O que eu sei é que tá bad por aqui,Gustavo Mioto,2019,30,https://www.letras.mus.br/gustavo-mioto/pro-nosso-bem/,-1,0.6426526587136008
1595,Problema,musica1595,musica1595_trecho1,"Eu queria sumir e não te responder nunca mais Deixar nossa história pra trás, dizer que quem perdeu foi você Eu queria esquecer o bem que a sua boca me faz E com todas as letras dizer: então vai E em qualquer paixão me perder",Jorge & Mateus,2016,45,https://www.letras.mus.br/jorge-mateus/problema/,-1,0.15856127920646568
1595,Problema,musica1595,musica1595_trecho3,Mas o problema é que eu te quero E o tempo que preciso for espero Pra mim felicidade é ter você,Jorge & Mateus,2016,21,https://www.letras.mus.br/jorge-mateus/problema/,-1,0.19415952087515054
60,Proibido Terminar,musica60,musica60_trecho1,"Vai ter dias que eu vou acordar querendo menos Neste dia, cê acorda me querendo mais Vai ter dia que você só vai tá dez por cento Te completo com os noventa, fica tudo em paz",Gusttavo Lima,2025,36,https://www.letras.mus.br/gusttavo-lima/so-ta-proibido-terminar/,-1,0.050610626208084764
1351,Promete,musica1351,musica1351_trecho2,Eu te amarei por 1001 motivos Vou perguntar baixinho ao pé do ouvido Promete que vai ser só minha Que vai me entender num olhar? Promete que vai visitar os meus sonhos de noite À luz do luar?,Luan Santana,2012,38,https://www.letras.mus.br/luan-santana/promete/,-1,0.25363735009104205
509,Propaganda,musica509,musica509_trecho1,"Ela queima o arroz Quebra copo na pia Tropeça no sofá, machuca o dedinho E a culpa ainda é minha",Jorge & Mateus,2018,20,https://www.letras.mus.br/jorge-mateus/propaganda/,-1,0.060315391296412724
345,Pulei Na Piscina,musica345,musica345_trecho2,"Pode vir, tá de boa que hoje ela não vem Disse um amigo meu pra me tranquilizar Cê tá precisando sair, precisando esquecer Hoje é piscina e churrasco Só traz o que cê for beber",Guilherme & Benuto,2021,35,https://www.letras.mus.br/guilherme-e-benuto/pulei-na-piscina/,-1,0.07522085373900822
345,Pulei Na Piscina,musica345,musica345_trecho5,"Pulei na piscina, chorei disfarçado Só pra ninguém ver os meus olhos molhados Pulei na piscina tão desesperado Que quando eu caí, foi mágoa pra todo lado",Guilherme & Benuto,2021,27,https://www.letras.mus.br/guilherme-e-benuto/pulei-na-piscina/,-1,0.1257383469694101
345,Pulei Na Piscina,musica345,musica345_trecho6,"Pulei na piscina, chorei disfarçado Só pra ninguém ver os meus olhos molhados Pulei na piscina tão desesperado Que quando eu caí, foi mágoa pra todo lado Pra ver se esse amor morre afogado",Guilherme & Benuto,2021,34,https://www.letras.mus.br/guilherme-e-benuto/pulei-na-piscina/,-1,0.12573834696941
345,Pulei Na Piscina,musica345,musica345_trecho10,"Pulei, chorei disfarçado Só pra ninguém ver os meus olhos molhados Pulei na piscina tão desesperado Que quando eu caí, foi mágoa",Guilherme & Benuto,2021,22,https://www.letras.mus.br/guilherme-e-benuto/pulei-na-piscina/,-1,0.12573834696941
345,Pulei Na Piscina,musica345,musica345_trecho11,"Pulei na piscina, chorei disfarçado Só pra ninguém ver os meus olhos molhados Pulei na piscina tão desesperado Quando eu caí, foi mágoa pra todo lado Pra ver se esse amor morre afogado",Guilherme & Benuto,2021,33,https://www.letras.mus.br/guilherme-e-benuto/pulei-na-piscina/,-1,0.12573834696941055
345,Pulei Na Piscina,musica345,musica345_trecho12,"Oh, oh Será que ele morre afogado? Será que eu esqueço dela dessa vez?",Guilherme & Benuto,2021,14,https://www.letras.mus.br/guilherme-e-benuto/pulei-na-piscina/,-1,0.0321048897200914
1338,quando a bad bater,musica1338,musica1338_trecho1,"Amor, eu só quero o seu bem Se for embora agora, vai ficar sem ninguém Amor, eu quero um filho seu E eu não suporto a ideia de que nada valeu",Luan Santana,2019,31,https://www.letras.mus.br/luan-santana/quando-a-bad-bater/,-1,0.19415952087515032
1338,quando a bad bater,musica1338,musica1338_trecho2,"Para pra ver o quanto a gente cresceu E tudo que eu te dei de bom Lembra da gente no seu quarto, no breu Debaixo do seu edredom",Luan Santana,2019,28,https://www.letras.mus.br/luan-santana/quando-a-bad-bater/,-1,0.2901533104355791
1338,quando a bad bater,musica1338,musica1338_trecho3,Não vai saber o que fazer Quando a bad bater e o silêncio trazer minha voz Não vai saber o que beber Se esse vinho não mata essa sede Sede que é de nós,Luan Santana,2019,34,https://www.letras.mus.br/luan-santana/quando-a-bad-bater/,-1,0.1981804087329021
1376,Quando A Chuva Passar (part. Marcus Vianna),musica1376,musica1376_trecho3,Só quero te lembrar De quando a gente Andava nas estrelas Nas horas lindas Que passamos juntos,Paula Fernandes,2009,17,https://www.letras.mus.br/paula-fernandes/1667434/,-1,0.11030907759903064
1550,Quando Amanhecer,musica1550,musica1550_trecho1,"A gente tenta se entender, mas não consegue Nada fica em paz Os beijos são amargos Não adoçam como algum tempo atrás Acho que a gente mudou Isso não me faz tão bem Como você imaginava E eu que pensava",George Henrique e Rodrigo,2011,40,https://www.letras.mus.br/george-henrique-rodrigo/1970087/,-1,0.19863484786166985
1550,Quando Amanhecer,musica1550,musica1550_trecho2,Que tudo isso não passasse de um momento Mal do coração Que fosse embora a tempestade e o mal tempo Ficaria só paixão Só paixão,George Henrique e Rodrigo,2011,25,https://www.letras.mus.br/george-henrique-rodrigo/1970087/,-1,0.32937905774531673
1550,Quando Amanhecer,musica1550,musica1550_trecho4,"Não é assim que se diz um adeus É olhando nos olhos, só você e eu Se você sente que se arrependeu Não perde tempo e quando amanhecer Você vai ver que o nosso amor aconteceu",George Henrique e Rodrigo,2011,36,https://www.letras.mus.br/george-henrique-rodrigo/1970087/,-1,0.19340496805520124
1346,Quando O Mel É Bom,musica1346,musica1346_trecho1,"Quando o mel é bom, a abelha sempre volta Olha você me ligando e passando mensagens Se não ligasse, eu iria ligar Mas esperei a tua reação A verdade é que a noite passada Ficou tatuada em meu coração",Simone & Simaria,2016,39,https://www.letras.mus.br/simone-simaria-as-coleguinhas/quando-o-mel-e-bom/,-1,0.6848947175848652
1346,Quando O Mel É Bom,musica1346,musica1346_trecho2,"Você fez de um jeito gostoso O teu cheiro ficou em meu corpo E em minha boca o teu gosto O gosto do mel O cheiro da rosa, ai ai ai Tuas mão tocando o meu corpo inteiro Os teus dedos adentrando O meu cabelo, ai ai ai, ai ai ai",Simone & Simaria,2016,51,https://www.letras.mus.br/simone-simaria-as-coleguinhas/quando-o-mel-e-bom/,-1,0.030784431473723117
1346,Quando O Mel É Bom,musica1346,musica1346_trecho3,Pensei que cê fosse embora Eu não tive resposta Mas quando o mel é bom A abelha sempre volta Quê que isso menino? Você veio do céu E o nosso romance Vai além de um quarto de motel,Simone & Simaria,2016,38,https://www.letras.mus.br/simone-simaria-as-coleguinhas/quando-o-mel-e-bom/,-1,0.6848947175848652
1346,Quando O Mel É Bom,musica1346,musica1346_trecho4,Tava esperando um sinal Uma mensagem e uma resposta Mas quando o mel é bom Quando o mel é bom Quando o mel é bom A abelha sempre volta,Simone & Simaria,2016,29,https://www.letras.mus.br/simone-simaria-as-coleguinhas/quando-o-mel-e-bom/,-1,0.6848947175848652
1346,Quando O Mel É Bom,musica1346,musica1346_trecho5,Mas esperei a tua reação A verdade é que a noite passada Ficou tatuada em meu coração,Simone & Simaria,2016,17,https://www.letras.mus.br/simone-simaria-as-coleguinhas/quando-o-mel-e-bom/,-1,0.6848947175848652
1346,Quando O Mel É Bom,musica1346,musica1346_trecho7,Pensei que cê fosse embora Eu fiquei sem resposta Mas quando o mel é bom A abelha sempre volta Quê que isso menino? Você veio do céu E o nosso romance vai Além de um quarto de motel,Simone & Simaria,2016,38,https://www.letras.mus.br/simone-simaria-as-coleguinhas/quando-o-mel-e-bom/,-1,0.6848947175848652
457,Quando Você Some (part. Zezé Di Camargo & Luciano),musica457,musica457_trecho10,Ou me leve a sério Ou vá embora E não volte mais,Victor & Leo,2012,12,https://www.letras.mus.br/victor-leo/quando-voce-some/,-1,0.03386926396568046
755,Quanto Custa?,musica755,musica755_trecho2,Quanto custa ter um carinho do ano? Ter um abraço de grife? Ter na carteira da vida um amor sem limite?,Murilo Huff,2024,21,https://www.letras.mus.br/murilo-huff/quanto-custa/,-1,0.05021840443733494
755,Quanto Custa?,musica755,musica755_trecho3,E o que é riqueza pra você? Me fala Pra mim são os pingos de gente bagunçando a sala Um abraço apertado toda vez que chega em casa Isso o dinheiro não paga,Murilo Huff,2024,33,https://www.letras.mus.br/murilo-huff/quanto-custa/,-1,0.1275625999346427
755,Quanto Custa?,musica755,musica755_trecho4,E o que é riqueza pra você? Me fala Às vezes você já tem tudo e pensa que tem nada Olha pro lado e repara Que a felicidade é o caminho e não a chegada,Murilo Huff,2024,35,https://www.letras.mus.br/murilo-huff/quanto-custa/,-1,0.12174374545746358
133,Quarta Cadeira (part. Jorge & Mateus),musica133,musica133_trecho1,"Tá viciando outra boca, como fez com a minha Esse frio na barriga já me pertenceu Ele só tá te amando desse jeito Porque ainda não te conheceu direito Mas o fim dessa história é sempre o mesmo",Matheus & Kauan,2019,38,https://www.letras.mus.br/matheus-kauan/quarta-cadeira-part-jorge-e-mateus/,-1,0.26187630162520004
133,Quarta Cadeira (part. Jorge & Mateus),musica133,musica133_trecho3,"Tô numa mesa com quatro cadeiras Aqui já tem três enganados por ela Bebendo, esperando a rasteira que você vai levar dela Fica tranquilo, que a quarta cadeira te espera",Matheus & Kauan,2019,30,https://www.letras.mus.br/matheus-kauan/quarta-cadeira-part-jorge-e-mateus/,-1,0.1461125439567642
133,Quarta Cadeira (part. Jorge & Mateus),musica133,musica133_trecho9,"Eu tô numa mesa com quatro cadeiras Aqui já tem três enganados por ela Bebendo, esperando a rasteira que você vai levar dela Fica tranquilo, que a quarta cadeira te espera",Matheus & Kauan,2019,31,https://www.letras.mus.br/matheus-kauan/quarta-cadeira-part-jorge-e-mateus/,-1,0.14611254395676432
812,Quarto 67 (part. Luan Santana),musica812,musica812_trecho1,"Chegou querendo causar Fingiu que não me conhecia Me deu prazer de noite Oi, muito prazer, de dia Cê pode até enganar todo mundo no rolê Dizer que a gente não tem nada a ver Já faz um tempo",Guilherme & Benuto,2025,39,https://www.letras.mus.br/guilherme-e-benuto/quarto-67-part-luan-santana/,-1,0.11939728060426802
1204,Quase,musica1204,musica1204_trecho2,"Ela quase ficou entre você e eu Mas eu disse: Quase! Só quase, entendeu? E pra te explicar a distância do quase É tipo ida e volta daqui até Marte",Cleber e Cauan,2018,30,https://www.letras.mus.br/cleber-cauan/quase/,-1,0.20366329050207888
1204,Quase,musica1204,musica1204_trecho3,"Se Deus fez outra de você Tá decorando a casa d'Ele Ele não vai deixar descer É uma minha, a outra d'Ele",Cleber e Cauan,2018,22,https://www.letras.mus.br/cleber-cauan/quase/,-1,0.06795307257046457
539,Quase Algo,musica539,musica539_trecho2,"Alguns eu pensei que eram pra vida Outros, claramente era só uma fase Alguns, me apeguei de verdade Outros eram comodidade",Henrique & Juliano,2023,21,https://www.letras.mus.br/henrique-e-juliano/quase-algo/,-1,0.07808909285233545
539,Quase Algo,musica539,musica539_trecho3,Mas nenhum fim doeu igual Ao final desse quase,Henrique & Juliano,2023,9,https://www.letras.mus.br/henrique-e-juliano/quase-algo/,-1,0.06903388913472075
539,Quase Algo,musica539,musica539_trecho4,Por esse quase Eu quase morri de saudade Eu quase bebi a cidade inteira Eu quase perdi a cabeça,Henrique & Juliano,2023,19,https://www.letras.mus.br/henrique-e-juliano/quase-algo/,-1,0.045688170033312936
539,Quase Algo,musica539,musica539_trecho5,Inventando possíveis defeitos Que eu nem cheguei a conhecer Pra ver se dói só um pouco menos Perder quem eu nem cheguei a ter,Henrique & Juliano,2023,24,https://www.letras.mus.br/henrique-e-juliano/quase-algo/,-1,0.19689921162304802
539,Quase Algo,musica539,musica539_trecho6,Mas eu quase morri de saudade Eu quase bebi a cidade inteira Eu quase perdi a cabeça,Henrique & Juliano,2023,17,https://www.letras.mus.br/henrique-e-juliano/quase-algo/,-1,0.04568817003331227
1095,Quatro Estações,musica1095,musica1095_trecho2,"Quero ser o teu melhor sorriso Te mimar sempre que possível Quero ser tua vontade louca Me lambuzar no mel da sua boca Ser teu sonho, teu segredo Tua raiva, teu medo Teu desejo mais profundo Tua vida, teu mundo",Hugo Pena e Gabriel,2011,40,https://www.letras.mus.br/hugo-pena-e-gabriel/1799474/,-1,0.19349762129938397
1064,Que Bicho Que É?,musica1064,musica1064_trecho1,"Tem na beira do brejo Tem no mundo inteiro Nunca vi no homem, só vi na mulher",Gino e Geno,2005,17,https://www.letras.mus.br/gino-e-geno/224206/,-1,0.06280830924101621
1064,Que Bicho Que É?,musica1064,musica1064_trecho2,"Vai ganhar um prêmio Quem disser primeiro Sem olhar, sem sentir cheiro Que bicho que é",Gino e Geno,2005,16,https://www.letras.mus.br/gino-e-geno/224206/,-1,0.14462647688164376
1064,Que Bicho Que É?,musica1064,musica1064_trecho5,"Eu já vi da grande, já vi da pequena Eu já vi da loira e já vi da morena Eu já vi mansinha, calminha me olhando Eu já vi nervosa, valente, babando",Gino e Geno,2005,32,https://www.letras.mus.br/gino-e-geno/224206/,-1,0.1361683549228685
1064,Que Bicho Que É?,musica1064,musica1064_trecho6,"Eu já vi da velha e já vi da novinha Da mais enrugada até a mais lisinha Já vi bonitinha, muito bem cuidada Eu já vi feinha, muito mal tratada",Gino e Geno,2005,30,https://www.letras.mus.br/gino-e-geno/224206/,-1,0.13616835492286872
1064,Que Bicho Que É?,musica1064,musica1064_trecho10,"Tem homem que gosta até de mais da sua Que tem uma em casa e outra na rua Mas há quem não gosta e foge da bichinha Prefere outra coisa, vê se adivinha",Gino e Geno,2005,33,https://www.letras.mus.br/gino-e-geno/224206/,-1,0.157813926523949
1064,Que Bicho Que É?,musica1064,musica1064_trecho11,"Eu vou dar uma dica do que ela come Ela come tudo que enriquece o homem Come sua terra, come o seu dinheiro E você paga caro pra sentir o cheiro",Gino e Geno,2005,31,https://www.letras.mus.br/gino-e-geno/224206/,-1,0.04942517365822707
1064,Que Bicho Que É?,musica1064,musica1064_trecho18,"Ninguém acertou, agora eu vou dizer O bicho que eu falo é a Peraí que agora eu vou dizer O bicho que eu falo é a Peraí que agora eu vou dizer O bicho que eu falo é a Peraí que agora eu vou dizer O bicho que eu falo é a Peraí que agora eu vou dizer O bicho que eu falo é a",Gino e Geno,2005,65,https://www.letras.mus.br/gino-e-geno/224206/,-1,0.13776401608913558
1098,"Que Dá Vontade, Dá",musica1098,musica1098_trecho1,"Não faz essa cara de quem tá apaixonada Que me entrego pra você Nem dê aquele beijo que me arrepia inteiro Que me faz enlouquecer Não mostre esse corpo que me deixa quase louco E me incendeia de prazer E nem abra esse sorriso Que o resto de juízo que me sobra, vou perder",Guilherme & Santiago,2010,54,https://www.letras.mus.br/guilherme-e-santiago/1630462/,-1,0.2691264054727963
1098,"Que Dá Vontade, Dá",musica1098,musica1098_trecho2,Não é que eu não queira ser só de você Ser sua paixão É que minha namorada Não vai gostar quase nada dessa decisão,Guilherme & Santiago,2010,24,https://www.letras.mus.br/guilherme-e-santiago/1630462/,-1,0.27307506941418225
1451,Que Pena Que Acabou,musica1451,musica1451_trecho2,Ainda não tive coragem de arrumar a cama Que a gente fez amor pela última vez Pela última vez,Gusttavo Lima,2016,19,https://www.letras.mus.br/gusttavo-lima/que-pena-que-acabou/,-1,0.3907851468293705
1451,Que Pena Que Acabou,musica1451,musica1451_trecho3,"O seu cheiro está entre nossos lençóis E na memória, o calor do seu corpo debaixo do cobertor Que a gente fez amor",Gusttavo Lima,2016,23,https://www.letras.mus.br/gusttavo-lima/que-pena-que-acabou/,-1,0.054517161647178125
1451,Que Pena Que Acabou,musica1451,musica1451_trecho4,"Será que você ainda pensa em mim? Será que o nosso caso teve fim? Quero ouvir de você, eu preciso saber",Gusttavo Lima,2016,21,https://www.letras.mus.br/gusttavo-lima/que-pena-que-acabou/,-1,0.1604796568511866
1119,Que se Dane o Mundo,musica1119,musica1119_trecho1,"E que se dane o mundo, e que se dane tudo Eu largo tudo, tudo, pra poder te ver E se eu não te vejo, morro em desejos Meu dia fica cinza longe de você, longe de você",Adair Cardoso,2010,38,https://www.letras.mus.br/adair-cardoso/1717260/,-1,0.07193942292101829
1119,Que se Dane o Mundo,musica1119,musica1119_trecho2,"Você foi feita pra mim e eu fui feito pra você Você nasceu pra me amar e eu nasci pra te querer Nós somos estrela e céu, noite e luar Nós somos abelha e o mel, amor, eu amo te amar",Adair Cardoso,2010,41,https://www.letras.mus.br/adair-cardoso/1717260/,-1,0.09756148096519679
1119,Que se Dane o Mundo,musica1119,musica1119_trecho3,"E que se dane o mundo, e que se dane tudo Eu largo tudo, tudo, pra poder te ver E se eu não te vejo, morro em desejos Meu dia fica cinza longe de você",Adair Cardoso,2010,35,https://www.letras.mus.br/adair-cardoso/1717260/,-1,0.07193942292101796
1119,Que se Dane o Mundo,musica1119,musica1119_trecho5,"Eu sou o seu amor, e você é a minha paixão O cupido acertou, foi uma flecha em dois corações Nós somos estrela e céu, noite e luar Nós somos abelha e o mel, amor, eu amo te amar",Adair Cardoso,2010,39,https://www.letras.mus.br/adair-cardoso/1717260/,-1,0.09756148096519734
151,Que Sorte A Nossa,musica151,musica151_trecho1,Diz que pensa tanto em mim Que tá querendo me ver Diz que tá me lembrando bastante Acredito em você,Matheus & Kauan,2015,20,https://www.letras.mus.br/matheus-kauan/que-sorte-a-nossa/,-1,0.05318053369609044
151,Que Sorte A Nossa,musica151,musica151_trecho4,"Tantos sorrisos por aí, você querendo o meu Tantos olhares me olhando e eu querendo o seu Eu não duvido, não, que não foi por acaso Se o amor bateu na nossa porta, que sorte a nossa",Matheus & Kauan,2015,37,https://www.letras.mus.br/matheus-kauan/que-sorte-a-nossa/,-1,0.2639216503641475
151,Que Sorte A Nossa,musica151,musica151_trecho5,"Tantos sorrisos por aí, você querendo o meu Tantos olhares me olhando e eu querendo o seu Eu não duvido, não, que não foi por acaso Se o amor bateu na nossa porta, que sorte a nossa Ai, ai, ai, ai",Matheus & Kauan,2015,41,https://www.letras.mus.br/matheus-kauan/que-sorte-a-nossa/,-1,0.2639216503641474
759,Quem Ama Sempre Entende,musica759,musica759_trecho1,"Se não quer nada do que é meu Por você posso começar do zero Se quer alguém que não sou eu Me reinvento, me recrio e viro o cara certo",Henrique & Juliano,2014,30,https://www.letras.mus.br/henrique-e-juliano/quem-ama-sempre-entende/,-1,0.12838496597956428
759,Quem Ama Sempre Entende,musica759,musica759_trecho2,"Se você não gosta do meu carro Meu perfume, meu sapato Meus amigos, meu trabalho Eu posso mudar",Henrique & Juliano,2014,18,https://www.letras.mus.br/henrique-e-juliano/quem-ama-sempre-entende/,-1,0.12838496597956428
759,Quem Ama Sempre Entende,musica759,musica759_trecho3,Posso não ser o melhor em tudo Mas pra viver no seu mundo Eu posso ser quem você precisar,Henrique & Juliano,2014,19,https://www.letras.mus.br/henrique-e-juliano/quem-ama-sempre-entende/,-1,0.15613905557636287
759,Quem Ama Sempre Entende,musica759,musica759_trecho4,E se eu fosse esse alguém quase perfeito Será que a vida estaria do mesmo jeito? Ou mudaria totalmente seus conceitos e me amaria,Henrique & Juliano,2014,24,https://www.letras.mus.br/henrique-e-juliano/quem-ama-sempre-entende/,-1,0.10112855290820943
1129,"Quem Ama, Cuida",musica1129,musica1129_trecho2,"Não tô pegando no seu pé É que quando a gente quer, a gente vai à luta Mas não desligue o celular, eu vou te rastrear Porque quem ama, cuida",Maria Cecília e Rodolfo,2009,30,https://www.letras.mus.br/maria-cecilia-rodolfo/1458701/,-1,0.06795307257046435
1129,"Quem Ama, Cuida",musica1129,musica1129_trecho3,"Ei, não é ciúme, eu confio em você E vou tá sempre onde você estiver E mesmo estando ausente, eu vou estar presente Toda hora que você quiser",Maria Cecília e Rodolfo,2009,28,https://www.letras.mus.br/maria-cecilia-rodolfo/1458701/,-1,0.19494040779734034
1129,"Quem Ama, Cuida",musica1129,musica1129_trecho6,"Eu vou cuidar de você Todo dia, toda hora e a todo momento Eu sou capaz de ler até seu pensamento Só pra saber se tá pensando em mim",Maria Cecília e Rodolfo,2009,29,https://www.letras.mus.br/maria-cecilia-rodolfo/1458701/,-1,0.1403293752052931
1129,"Quem Ama, Cuida",musica1129,musica1129_trecho13,"La, laia, laia, laia Só pra saber se tá pensando em mim",Maria Cecília e Rodolfo,2009,12,https://www.letras.mus.br/maria-cecilia-rodolfo/1458701/,-1,0.16047965685118648
1359,Quem É?,musica1359,musica1359_trecho1,"Quem é a mulher mais linda desse universo? Quem é que não esconde nada e fala todos os versos? Quem é que de madrugada grita o seu nome? Que é seu amigo, amante seu homem?",Eduardo Costa,2011,35,https://www.letras.mus.br/eduardo-costa/1759218/,-1,0.1970124828766281
1359,Quem É?,musica1359,musica1359_trecho3,Quem é que faz mil loucuras pra te ter por perto? Quem é que quando esta contigo fica inquieto? Quem é que em pensamento adivinha seus sonhos? E quando te vê fica todo risonho?,Eduardo Costa,2011,34,https://www.letras.mus.br/eduardo-costa/1759218/,-1,0.5398638509280357
492,"Quem Pegou, Pegou",musica492,musica492_trecho1,Hoje é a sexta mais estranha da minha vida Já passou das 8 e eu nem toquei em bebida,Henrique & Juliano,2018,19,https://www.letras.mus.br/henrique-e-juliano/quem-pegou-pegou/,-1,0.15845221286916533
492,"Quem Pegou, Pegou",musica492,musica492_trecho3,"Quem pegou, pegou, pegou, não pega mais Quem beijou, beijou, beijou, não beija mais Tem um amor de balada virando amor da minha vida Quem diria",Henrique & Juliano,2018,26,https://www.letras.mus.br/henrique-e-juliano/quem-pegou-pegou/,-1,0.06389617125699609
492,"Quem Pegou, Pegou",musica492,musica492_trecho4,"Quem pegou, pegou, pegou, não pega mais Quem beijou, beijou, beijou, não beija mais Tem um amor de balada virando amor da minha vida Quem diria Que eu beijaria a mesma boca todo dia",Henrique & Juliano,2018,34,https://www.letras.mus.br/henrique-e-juliano/quem-pegou-pegou/,-1,0.0638961712569962
492,"Quem Pegou, Pegou",musica492,musica492_trecho8,Tem um amor de balada virando amor da minha vida Quem diria Que eu beijaria a mesma boca todo dia,Henrique & Juliano,2018,20,https://www.letras.mus.br/henrique-e-juliano/quem-pegou-pegou/,-1,0.06389617125699643
248,Quem Sente Saudade Sou Eu,musica248,musica248_trecho2,"Não sei se percebeu na minha cara Se reparou essa mesa cheia de lata Hoje eu só queria não tá sentindo nada, nada Mas pro seu azar",Maiara & Maraisa,2025,27,https://www.letras.mus.br/maiara-maraisa/quem-sente-saudade-sou-eu/,-1,0.14177097739196076
1478,Quer Casar Comigo?,musica1478,musica1478_trecho1,"Quer, quer, quer Quer casar comigo? Ser mais que bons amigos Que nem o céu e o mar Quer, quer, quer Quer ser pra sempre minha Sereia ou rainha Pra mim tanto faz",Bruno & Marrone,2005,33,https://www.letras.mus.br/bruno-e-marrone/88353/,-1,0.5435367616397144
1478,Quer Casar Comigo?,musica1478,musica1478_trecho4,"Que vou fazer da vida Sem o seu carinho Seu jetinho, seu dengo Seu cheiro, chamego Ai, ai! Menina, lá vou eu de novo Aqui te perguntar",Bruno & Marrone,2005,27,https://www.letras.mus.br/bruno-e-marrone/88353/,-1,0.20590584202111573
1478,Quer Casar Comigo?,musica1478,musica1478_trecho8,"Que vou fazer da vida Sem o teu carinho Seu jetinho, seu dengo Seu cheiro, chamego Ai, ai! Menina, lá vou eu de novo Aqui te perguntar",Bruno & Marrone,2005,27,https://www.letras.mus.br/bruno-e-marrone/88353/,-1,0.20590584202111595
126,Querendo Te Amar,musica126,musica126_trecho3,Quando você chegar Vai se perder no meu olhar,Jorge & Mateus,2007,9,https://www.letras.mus.br/jorge-mateus/437717/,-1,0.17629326750163332
126,Querendo Te Amar,musica126,musica126_trecho4,"Eu sei de tudo que se passa nessa sua vida Eu sei que, assim como eu, você não está feliz Eu sei que às vezes pensa em mim quando está sozinha Isso prova que esse amor tá criando raiz Em todo caso, perde o medo e curte essa paixão E entra pela porta da frente do meu coração",Jorge & Mateus,2007,58,https://www.letras.mus.br/jorge-mateus/437717/,-1,0.15557663333741134
126,Querendo Te Amar,musica126,musica126_trecho9,"Eu sei de tudo que se passa nessa sua vida Eu sei que, assim como eu, você não está feliz Eu sei que às vezes pensa em mim quando está sozinha Isso prova que esse amor tá criando raiz Em todo caso, perde o medo e curte essa paixão E entra pela porta da frente do meu coração E entra pela porta da frente do meu coração",Jorge & Mateus,2007,67,https://www.letras.mus.br/jorge-mateus/437717/,-1,0.1555766333374109
260,Quero Camboriú,musica260,musica260_trecho5,"Eu fui pra balada, ele foi atrás Fui pra cavalgada, ele foi atrás Mas agora eu quero praia Eu quero paz",Ana Castela,2025,21,https://www.letras.mus.br/ana-castela/quero-camboriu/,-1,0.05950617534579339
260,Quero Camboriú,musica260,musica260_trecho6,"Eu não quero amor nenhum Cansei de I love you, quero Camboriú Cansei de I love you, quero Camboriú-iú-iú, vai",Ana Castela,2025,20,https://www.letras.mus.br/ana-castela/quero-camboriu/,-1,0.14961194079145101
309,Quero Ser o Seu Amor,musica309,musica309_trecho1,Faz tempo que eu olho pra você Mas você sempre fica me esnobando Pára de pirraça e vem ficar comigo,Simone & Simaria,2016,20,https://www.letras.mus.br/simone-simaria-as-coleguinhas/ce-sabe-que-eu-sou-seu-amor/,-1,0.06711683603681107
309,Quero Ser o Seu Amor,musica309,musica309_trecho3,Não sei porque você sempre foge de mim Deixa eu te mostrar que eu não sou ruim E tenho tanto amor guardado no meu peito,Simone & Simaria,2016,25,https://www.letras.mus.br/simone-simaria-as-coleguinhas/ce-sabe-que-eu-sou-seu-amor/,-1,0.28528088709047383
309,Quero Ser o Seu Amor,musica309,musica309_trecho4,Mas sempre tive fama de ser pegador Agora me ferrei o amor me pegou Eu quero é te amar,Simone & Simaria,2016,19,https://www.letras.mus.br/simone-simaria-as-coleguinhas/ce-sabe-que-eu-sou-seu-amor/,-1,0.1325518449757903
1113,Quero Sim,musica1113,musica1113_trecho1,"Às vezes, sou fada Às vezes, faísca Tô ligada na tomada Numa noite mal dormida",Paula Fernandes,2009,15,https://www.letras.mus.br/paula-fernandes/1337898/,-1,0.054197241203742585
1113,Quero Sim,musica1113,musica1113_trecho2,Eu tô com saudade Da nossa amizade Do tempo em que a gente Amava se ver,Paula Fernandes,2009,16,https://www.letras.mus.br/paula-fernandes/1337898/,-1,0.11523620029633141
1113,Quero Sim,musica1113,musica1113_trecho3,Eu não sou palavra Eu não sou poema Sou humana pequena A se arrepender,Paula Fernandes,2009,14,https://www.letras.mus.br/paula-fernandes/1337898/,-1,0.0516439197911871
1113,Quero Sim,musica1113,musica1113_trecho7,Se os teus olhos não refletem mais o nosso amor E a saudade me seguir pra sempre aonde eu for Fica claro que tentei lutar por esse sentimento,Paula Fernandes,2009,28,https://www.letras.mus.br/paula-fernandes/1337898/,-1,0.04702769732097112
572,Quero Você do Jeito Que Quiser (part. Maiara & Maraisa),musica572,musica572_trecho2,"Eu sem querer me apaixonei Não lutei, não evitei Esse amor natural nasceu em mim Quero você do jeito que quiser Mesmo em segredo eu sou sua mulher Só você sabe como a gente faz Essa vontade é o que me tira a paz",Marília Mendonça,2020,44,https://www.letras.mus.br/marilia-mendonca/quero-voce-do-jeito-que-quiser-part-maiara-e-maraisa/,-1,0.029645645764661777
572,Quero Você do Jeito Que Quiser (part. Maiara & Maraisa),musica572,musica572_trecho3,"Quero você do jeito que quiser Mesmo em segredo eu sou sua mulher Só você sabe como a gente faz Um minuto do seu tempo já me satisfaz Oh, oh, oh, oh, oh, oh, oh",Marília Mendonça,2020,35,https://www.letras.mus.br/marilia-mendonca/quero-voce-do-jeito-que-quiser-part-maiara-e-maraisa/,-1,0.25466072679251484
1597,"Quero, Quero",musica1597,musica1597_trecho5,"Quero, quero, quero, amor eu quero Você tá querendo, eu também tô Demorou, rolou, mas fala sério!",Simone & Simaria,2012,17,https://www.letras.mus.br/simone-simaria-as-coleguinhas/quero-quero/,-1,0.1201725672818802
1597,"Quero, Quero",musica1597,musica1597_trecho6,"Quero, quero, quero, amor eu quero Se você me ama não me engana E quer me ter pra sempre, eu quero!",Simone & Simaria,2012,21,https://www.letras.mus.br/simone-simaria-as-coleguinhas/quero-quero/,-1,0.15184411620817728
1597,"Quero, Quero",musica1597,musica1597_trecho7,Sem essa de cabô! Cabô!,Simone & Simaria,2012,5,https://www.letras.mus.br/simone-simaria-as-coleguinhas/quero-quero/,-1,0.06101331723027126
1126,Química,musica1126,musica1126_trecho4,Fui feito pra você Você nasceu pra mim É o coração que diz assim Amo até os seus defeitos Imagine os beijos Já tomou conta de mim,João Bosco & Vinícius,2012,27,https://www.letras.mus.br/joao-bosco-viniciusacustico/quimica/,-1,0.02964564576466233
1126,Química,musica1126,musica1126_trecho5,"Fui feito pra você Você nasceu pra mim É o coração que diz assim Amor, não tem mais jeito Te tatuei no peito Pra sempre tá grudado em mim",João Bosco & Vinícius,2012,29,https://www.letras.mus.br/joao-bosco-viniciusacustico/quimica/,-1,0.052355132476509025
718,Química do Amor (part. Ivete Sangalo),musica718,musica718_trecho1,Queria ser um peixe e mergulhar no seu aquário Queria ser a data pra marcar seu calendário Eu e você espera pra ver,Luan Santana,2011,23,https://www.letras.mus.br/luan-santana/1791039/,-1,0.059374480342504254
718,Química do Amor (part. Ivete Sangalo),musica718,musica718_trecho2,"Que tal a gente agora misturar a nossa cor Pra ver a combustão, a química do nosso amor Eu e você, quer pagar pra ver?",Luan Santana,2011,25,https://www.letras.mus.br/luan-santana/1791039/,-1,0.18389245667236231
718,Química do Amor (part. Ivete Sangalo),musica718,musica718_trecho3,"Me diga, que você vai entrar na minha vida Que eu sou a sua musa preferida Diga que eu sou seu bem me quer Seu anjo, sua fada, o que você quiser",Luan Santana,2011,32,https://www.letras.mus.br/luan-santana/1791039/,-1,0.1591695125133249
729,Rancorosa,musica729,musica729_trecho2,Eu nem sei Quantas vezes o meu dedo foi no enviar e eu desviei,Henrique & Juliano,2023,14,https://www.letras.mus.br/henrique-e-juliano/rancorosa/,-1,0.19888021573542003
729,Rancorosa,musica729,musica729_trecho4,"E toda vez que eu vou pra deixar ela, eu deixo quieto Mas que às vezes dá vontade, dá De mandar pra longe, eu chego mais perto E toda vez que eu vou pra deixar ela, eu deixo quieto Mas que às vezes dá vontade, dá De mandar pra longe, eu chego mais perto",Henrique & Juliano,2023,54,https://www.letras.mus.br/henrique-e-juliano/rancorosa/,-1,0.032104889720091734
729,Rancorosa,musica729,musica729_trecho5,Não sei o que ela fez comigo Sou um covarde assumido E o medo de te perder Os meus argumentos começam perdidos E aí quem disse que eu envio?,Henrique & Juliano,2023,29,https://www.letras.mus.br/henrique-e-juliano/rancorosa/,-1,0.2969191909493961
1542,Raspão (part. Simone e Simaria),musica1542,musica1542_trecho1,"Poxa, como ela tava linda O tempo não passou mesmo pra ela Mudou o corte do cabelo Mas as covinhas do sorriso continua o charme dela",Henrique & Diego,2017,26,https://www.letras.mus.br/henrique-diego/foi-de-raspao/,-1,0.26400563859351633
148,Recaídas,musica148,musica148_trecho1,Você pode ficar com quem você quiser Não tem nada a ver Eu não mando em você Mas ainda choro E quando alguém comenta não quero saber,Henrique & Juliano,2012,27,https://www.letras.mus.br/henrique-e-juliano/recaidas/,-1,0.26851873233570234
148,Recaídas,musica148,musica148_trecho2,Me preocupo e apesar dos pesares Eu sempre quero te ver bem E ainda vou além Em uma relação Sei que não vai ser fácil amar outro alguém,Henrique & Juliano,2012,28,https://www.letras.mus.br/henrique-e-juliano/recaidas/,-1,0.19415952087515076
148,Recaídas,musica148,musica148_trecho5,Se eu pudesse te apagar da minha mente Apagaria agora Mas toda vez que eu me lembro de nós dois Meu coração sempre chora e é sempre a mesma história,Henrique & Juliano,2012,30,https://www.letras.mus.br/henrique-e-juliano/recaidas/,-1,0.08851412810867454
563,Receita de Amar,musica563,musica563_trecho1,"Você vive procurando a fórmula do amor, se entregando de alma e coração Anda o mundo, se machuca e vê que não passou de um encanto, uma desilusão Usa meus beijos e abraços pra se esconder da dor, nem se toca que eu posso gostar Abra os olhos, olhe em volta tudo que você criou, nosso fogo não dá pra apagar",George Henrique e Rodrigo,2011,61,https://www.letras.mus.br/george-henrique-rodrigo/1967442/,-1,0.1268038310223023
563,Receita de Amar,musica563,musica563_trecho3,"Pega aquele abraço que eu te dei no dia em que ele te deixou Junte com as noites no meu colo, cada gota que você chorou Misture todo brilho dos meus olhos só de ver você me procurar Vai ter na sua frente tudo que precisa na receita de amar!",George Henrique e Rodrigo,2011,50,https://www.letras.mus.br/george-henrique-rodrigo/1967442/,-1,0.1458152497207219
713,Refém,musica713,musica713_trecho1,"Eu não me imaginava sem você Meu bem querer, amor pra sempre Só esses cabelos pretos me faz bem E quando não tenho, fico doente",Gusttavo Lima,2010,25,https://www.letras.mus.br/gusttavo-lima/1710867/,-1,0.20686185615904407
713,Refém,musica713,musica713_trecho2,Se você não existisse iria te inventar Na forma de um anjo mais lindo Iria te amar Eu respiro você,Gusttavo Lima,2010,20,https://www.letras.mus.br/gusttavo-lima/1710867/,-1,0.24702819284151223
713,Refém,musica713,musica713_trecho3,Só você não sabe o quanto eu te quero bem Vou te fazer a minha vítima Minha refém Você está sempre presente na memória Quero eternizar você na minha história,Gusttavo Lima,2010,30,https://www.letras.mus.br/gusttavo-lima/1710867/,-1,0.14032937520529343
1322,Refém,musica1322,musica1322_trecho1,Não sei explicar como foi que aconteceu O que já não brilhava em mim você acendeu A chama do amor apagada no coração Eu já tava perdido no meio da solidão,Jorge & Mateus,2010,31,https://www.letras.mus.br/jorge-mateus/1742338/,-1,0.06299962948158488
483,Regime Fechado,musica483,musica483_trecho2,Roubar um coração é caso sério Sua sentença é viver na mesma cela que eu Já que nós dois estamos sendo acusados de adultério,Simone & Simaria,2016,24,https://www.letras.mus.br/simone-simaria-as-coleguinhas/regime-fechado/,-1,0.2740114930103036
483,Regime Fechado,musica483,musica483_trecho4,Condenados a viver compartilhando prazer Na cela da nossa paixão,Simone & Simaria,2016,10,https://www.letras.mus.br/simone-simaria-as-coleguinhas/regime-fechado/,-1,0.5405150674706238
483,Regime Fechado,musica483,musica483_trecho5,"Ô, ô, ô, ô, ô Não quero advogado Quero regime fechado com você, amor Ô, ô, ô, ô, ô Nós somos bagunçados e reféns desse pecado",Simone & Simaria,2016,26,https://www.letras.mus.br/simone-simaria-as-coleguinhas/regime-fechado/,-1,0.1797379182395329
483,Regime Fechado,musica483,musica483_trecho7,"É bandido, esse meu coração Eterno prisioneiro da paixão",Simone & Simaria,2016,9,https://www.letras.mus.br/simone-simaria-as-coleguinhas/regime-fechado/,-1,0.13255184497578987
1578,Respeita o Nosso Fim,musica1578,musica1578_trecho1,"Por favor Não beija outra boca na minha frente, não Respeita aí o luto do meu coração Que ainda não te superou",Gusttavo Lima,2018,22,https://www.letras.mus.br/gusttavo-lima/respeita-o-nosso-fim/,-1,0.1346666687931084
1578,Respeita o Nosso Fim,musica1578,musica1578_trecho2,É que só de imaginar você Nas preliminares no sofá Você virando o olho pra outro na hora H É melhor nem pensar,Gusttavo Lima,2018,23,https://www.letras.mus.br/gusttavo-lima/respeita-o-nosso-fim/,-1,0.06619607397359428
1223,Ressentimento,musica1223,musica1223_trecho5,"Ressentimento, você brincando e eu pensando em casamento Agora tô com outra e você tá sabendo Tá louca, desorientada, querendo tomar veneno",Jads e Jadson,2014,22,https://www.letras.mus.br/jads-e-jadson/ressentimento/,-1,0.027330021791035164
460,Resumindo,musica460,musica460_trecho3,"A bebida não volta pro copo O meu choro não volta pro olho A fumaça não volta pro peito e a brasa não volta a ser fogo O tempo não volta pro relógio E o dinheiro não volta pro bolso Resumindo, é por isso que a gente não volta um pro outro",Zé Neto e Cristiano,2025,52,https://www.letras.mus.br/ze-neto-cristiano/resumindo/,-1,0.14735188853641756
460,Resumindo,musica460,musica460_trecho5,"A bebida não volta pro copo E o meu choro não volta pro olho A fumaça não volta pro peito e a brasa não volta a ser fogo O tempo não volta pro relógio E o dinheiro não volta pro bolso Resumindo, é por isso que a gente não volta um pro outro",Zé Neto e Cristiano,2025,53,https://www.letras.mus.br/ze-neto-cristiano/resumindo/,-1,0.14735188853641812
460,Resumindo,musica460,musica460_trecho7,"Resumindo, é por isso que a gente não volta um pro outro",Zé Neto e Cristiano,2025,12,https://www.letras.mus.br/ze-neto-cristiano/resumindo/,-1,0.15366184405029815
28,Retrovisor,musica28,musica28_trecho2,Só passa a noite ouvindo choro Quem teve a bênção de um filho Só tem que acordar cedo quem tem um emprego Cê já pensou nisso?,Gusttavo Lima,2025,26,https://www.letras.mus.br/gusttavo-lima/retrovisor/,-1,0.07428833549965208
28,Retrovisor,musica28,musica28_trecho4,Olha pro retrovisor Tudo que cê já passou Lembra quando cê ajoelhou pra pedir Pelas coisas que hoje você reclamou? Olha pro retrovisor E começa dar valor Tem tanta gente com menos que tá agradecendo só porque acordou Olha pro retrovisor,Gusttavo Lima,2025,41,https://www.letras.mus.br/gusttavo-lima/retrovisor/,-1,0.32898134945427104
28,Retrovisor,musica28,musica28_trecho8,Pelas coisas que hoje você reclamou Olha pro retrovisor Tem tanta gente com menos que tá agradecendo só porque acordou Olha pro retrovisor,Gusttavo Lima,2025,23,https://www.letras.mus.br/gusttavo-lima/retrovisor/,-1,0.32898134945427115
1239,Revanche,musica1239,musica1239_trecho2,Querendo me propor uma nova chance Querendo reviver nosso romance Mas só eu sei o que eu passei em vão Chegou a hora da revanche então,Santorine,2009,26,https://www.letras.mus.br/santorine/1550277/,-1,0.35092294660942425
1426,Robin Hood da Paixão,musica1426,musica1426_trecho2,"Depois me procuram Me chamam de amor Me pedem carinho E é claro que eu dou Meninas, tenham calma Que eu não sou de ninguém Tem lugar pra todas no meu harém",Hugo Pena e Gabriel,2008,32,https://www.letras.mus.br/hugo-pena-e-gabriel/1318932/,-1,0.27307506941418225
700,Romance (part. Jorge e Mateus),musica700,musica700_trecho2,"Tá afim de um romance, compra um livro Se quer felicidade vem me ver de novo Mas se quer amor Mas se quer amor",Humberto e Ronaldo,2012,24,https://www.letras.mus.br/humberto-ronaldo/1846733/,-1,0.5435367616397144
824,Romântico Anônimo (part. Fernando Zor),musica824,musica824_trecho1,Lembra daquele garoto que sentou do seu lado Te ofereceu no recreio um sanduíche amassado? Lembra daquele rapaz que você nem dava bola Que escrevia eu te amo nas paredes da escola?,Marcos & Belutti,2015,32,https://www.letras.mus.br/marcos-belutti/romantico-anonimo/,-1,0.2618763016251999
824,Romântico Anônimo (part. Fernando Zor),musica824,musica824_trecho2,Aquele cara que te deu um guarda-chuva Quando a tempestade te pegou na rua Aquelas flores que deixavam no portão Que sempre vinha assinado no cartão,Marcos & Belutti,2015,26,https://www.letras.mus.br/marcos-belutti/romantico-anonimo/,-1,0.20295756719907898
824,Romântico Anônimo (part. Fernando Zor),musica824,musica824_trecho7,Ouvi você falar de outros amores Eu vi o mundo então perder as cores Quanto tempo esperei a frase certa Pra te mostrar que eu era,Marcos & Belutti,2015,26,https://www.letras.mus.br/marcos-belutti/romantico-anonimo/,-1,0.04806722890642667
824,Romântico Anônimo (part. Fernando Zor),musica824,musica824_trecho9,"(Romântico anônimo) Quanto tempo esperei a frase certa Pra te mostrar que eu era Eu era, eu era, eu era Romântico anônimo!",Marcos & Belutti,2015,22,https://www.letras.mus.br/marcos-belutti/romantico-anonimo/,-1,0.04806722890642656
130,"Rosas, Versos e Vinhos",musica130,musica130_trecho1,"É, às vezes acho que eu estou enlouquecendo Por você, fujo, viajo no tempo, me submetendo E pra você meu mundo gira em preto e branco e colorido E sem você, saio do presente pro passado E no futuro eu tô perdido",Gusttavo Lima,2008,42,https://www.letras.mus.br/gusttavo-lima/1573480/,-1,0.07193942292101863
130,"Rosas, Versos e Vinhos",musica130,musica130_trecho3,"Largo essa cidade pra morar no campo Faço penitência, troco até de santo Por você, cancelo a reunião O meu compromisso é com seu coração",Gusttavo Lima,2008,25,https://www.letras.mus.br/gusttavo-lima/1573480/,-1,0.2549868288950923
130,"Rosas, Versos e Vinhos",musica130,musica130_trecho4,"Mas me espera que eu tô chegando Tô levando rosas e versos e vinhos Me espera que tô chegando, tô voltando Seja no tempo que for, eu só quero esse amor",Gusttavo Lima,2008,31,https://www.letras.mus.br/gusttavo-lima/1573480/,-1,0.18201275875842948
130,"Rosas, Versos e Vinhos",musica130,musica130_trecho8,"Mas me espera que eu tô chegando Tô levando rosas e versos e vinhos Me espera que tô chegando, tô levando Seja no tempo que for, eu só quero esse amor",Gusttavo Lima,2008,31,https://www.letras.mus.br/gusttavo-lima/1573480/,-1,0.1820127587584297
130,"Rosas, Versos e Vinhos",musica130,musica130_trecho12,"É, eu acho que estou enlouquecendo por você",Gusttavo Lima,2008,8,https://www.letras.mus.br/gusttavo-lima/1573480/,-1,0.155297204167833
359,S de Saudade (part. Zé Neto e Cristiano),musica359,musica359_trecho1,"É, olha eu aqui, na vida de solteiro que eu sempre quis É, eu consegui a liberdade de poder chegar e sair Mas cê deve ter jogado praga em mim Eu não quero beber, eu não quero sair A vida de solteiro que eu sonhava não era assim",Luiza & Maurílio,2019,48,https://www.letras.mus.br/luiza-e-maurilio/s-de-saudade-part-ze-neto-e-cristiano/,-1,0.1281960513285677
359,S de Saudade (part. Zé Neto e Cristiano),musica359,musica359_trecho2,Sextou com S de saudade Cheio de balada na cidade Mas nenhuma delas têm o show que cê dava na cama Nenhum DJ toca sua voz falando que me ama,Luiza & Maurílio,2019,30,https://www.letras.mus.br/luiza-e-maurilio/s-de-saudade-part-ze-neto-e-cristiano/,-1,0.39339402210141206
359,S de Saudade (part. Zé Neto e Cristiano),musica359,musica359_trecho3,Sextou com S de saudade Cheio de balada na cidade Mas nenhuma delas têm o show que cê dava na cama Nenhum DJ toca sua voz falando que me ama Sextou com S de saudade,Luiza & Maurílio,2019,35,https://www.letras.mus.br/luiza-e-maurilio/s-de-saudade-part-ze-neto-e-cristiano/,-1,0.39339402210141206
359,S de Saudade (part. Zé Neto e Cristiano),musica359,musica359_trecho4,"Mas cê deve ter jogado praga em mim Eu não quero beber, eu não quero sair A vida de solteiro que eu sonhava não era assim",Luiza & Maurílio,2019,26,https://www.letras.mus.br/luiza-e-maurilio/s-de-saudade-part-ze-neto-e-cristiano/,-1,0.1281960513285677
412,Saudade,musica412,musica412_trecho7,Da minha vida Da minha vida Da minha vida,Eduardo Costa,2007,9,https://www.letras.mus.br/eduardo-costa/934408/,-1,0.2948132165356645
1418,Saudade,musica1418,musica1418_trecho2,Eu fiz de tudo pra você ficar comigo Quem sente amor não sabe ser amigo E sem você o que eu faço agora,Jorge & Mateus,2009,23,https://www.letras.mus.br/jorge-mateus/1449248/,-1,0.13697934715941396
102,Saudade Burra (part. Simone Mendes),musica102,musica102_trecho2,"Você terminou e eu só aceitei Por opção sua, hoje eu sou sua ex Quase enlouqueci, eu desidratei O choro de um ano eu derramei num mês",Lauana Prado,2025,27,https://www.letras.mus.br/lauana-prado/saudade-burra-part-simone-mendes/,-1,0.04910534444081882
102,Saudade Burra (part. Simone Mendes),musica102,musica102_trecho3,Mas choro seca e aquieta minha saudade burra A gente perde o encanto e vê que Boca melhor que a sua tem um montão na rua,Lauana Prado,2025,26,https://www.letras.mus.br/lauana-prado/saudade-burra-part-simone-mendes/,-1,0.15485836447212065
102,Saudade Burra (part. Simone Mendes),musica102,musica102_trecho4,"Ai, ai, ai, ai, ai, ai Se imaginar as camas que eu caí, cê cai pra trás Ai, ai, ai, ai, ai, ai Seu erro foi achar que ninguém faz o que cê faz Faz, e muito mais Faz, e muito mais Que ninguém faz o que cê faz",Lauana Prado,2025,49,https://www.letras.mus.br/lauana-prado/saudade-burra-part-simone-mendes/,-1,0.29015331043557924
102,Saudade Burra (part. Simone Mendes),musica102,musica102_trecho8,"Ai, ai, ai, ai, ai, ai Se imaginar as camas que eu caí, cê cai pra trás Ai, ai, ai, ai, ai, ai Seu erro foi achar que ninguém faz o que cê faz Faz, e muito mais Faz, e muito mais Que ninguém faz o que cê faz Faz, e muito mais",Lauana Prado,2025,53,https://www.letras.mus.br/lauana-prado/saudade-burra-part-simone-mendes/,-1,0.2901533104355791
813,Saudade De Quem Eu Sou,musica813,musica813_trecho3,"Um festeiro, um rueiro, um loucão de tudo, menos de amor Um solteiro sem sentimento que fazia promessa só de cobertor Tô com saudade de você, mas tô com mais saudade de quem eu sou Um festeiro, um rueiro, um loucão de tudo, menos de amor Um solteiro sem sentimento que fazia promessa só de cobertor Tô com saudade de você, mas tô com mais saudade de quem eu sou",Henrique & Juliano,2025,70,https://www.letras.mus.br/henrique-e-juliano/saudade-de-quem-eu-sou/,-1,0.2869625086198371
813,Saudade De Quem Eu Sou,musica813,musica813_trecho6,"(Ó) um festeiro, um rueiro, um loucão de tudo, menos de amor Um solteiro sem sentimento que fazia promessa só de cobertor Tô com saudade de você, mas tô com mais saudade de quem eu sou",Henrique & Juliano,2025,36,https://www.letras.mus.br/henrique-e-juliano/saudade-de-quem-eu-sou/,-1,0.2869625086198373
1410,Saudade do Meu Ex,musica1410,musica1410_trecho1,"Ai, o que é que eu fiz? Me enrolei Que saudade do meu ex Onde eu tava com a cabeça Quando eu fui me envolver Com essa pessoa tão sem graça Esse menino nada a ver É faculdade, academia, hora certa pra dormir Eu bebia todo dia, hoje eu mal posso sair Ele regra tudo o que vou fazer",Marília Mendonça,2017,59,https://www.letras.mus.br/marilia-mendonca/saudade-do-meu-ex/,-1,0.1432469211953198
1410,Saudade do Meu Ex,musica1410,musica1410_trecho2,"Terminei com o parceiro que virava o copo Bebia comigo do jeito que eu gosto Ele que era homem de verdade Ai, que saudade do meu ex",Marília Mendonça,2017,27,https://www.letras.mus.br/marilia-mendonca/saudade-do-meu-ex/,-1,0.04806722890642623
1410,Saudade do Meu Ex,musica1410,musica1410_trecho5,"Ai, que saudade do meu ex Ai, que saudade do meu ex Ai, que saudade do meu ex Ele que era homem de verdade",Marília Mendonça,2017,24,https://www.letras.mus.br/marilia-mendonca/saudade-do-meu-ex/,-1,0.04806722890642634
1452,Saudade Idiota,musica1452,musica1452_trecho1,Ah! Tem coisas que não dá Pra passar batido E ser esquecido assim,Lucas Lucco,2014,13,https://www.letras.mus.br/lucas-lucco/saudade-idiota/,-1,0.14974308964440752
1452,Saudade Idiota,musica1452,musica1452_trecho2,"Pois é Talvez eu seja uma pessoa qualquer Que durou mais que o combinado Nesse seu jogo tão fechado Fiquei mal Mas de qualquer forma isso foi o sinal E você me fala que tudo é normal Me pede desculpa, não foi sua culpa Tá tudo legal",Lucas Lucco,2014,47,https://www.letras.mus.br/lucas-lucco/saudade-idiota/,-1,0.07931856100653545
1452,Saudade Idiota,musica1452,musica1452_trecho3,"Pois é Se o tempo que cura ele tá demorando Saudade idiota só vai aumentando Deus, me ajuda que eu tô pirando Eu tô pirando",Lucas Lucco,2014,25,https://www.letras.mus.br/lucas-lucco/saudade-idiota/,-1,0.15845221286916533
1452,Saudade Idiota,musica1452,musica1452_trecho5,Ah! Tem coisas que não dá Pra passar batido E ser esquecido assim Pois é Talvez eu seja uma pessoa qualquer Que durou mais que o combinado Nesse seu jogo tão fechado,Lucas Lucco,2014,32,https://www.letras.mus.br/lucas-lucco/saudade-idiota/,-1,0.1173014075888672
1452,Saudade Idiota,musica1452,musica1452_trecho6,Fiquei mal Mas de qualquer forma isso foi o sinal E você me fala que tudo é normal Me pede desculpa não foi sua culpa Tá tudo legal,Lucas Lucco,2014,28,https://www.letras.mus.br/lucas-lucco/saudade-idiota/,-1,0.07931856100653512
1452,Saudade Idiota,musica1452,musica1452_trecho7,Pois é Se o tempo que cura ele tá demorando Saudade idiota só vai aumentando Por Deus me ajuda que eu tô pirando Eu tô pirando,Lucas Lucco,2014,26,https://www.letras.mus.br/lucas-lucco/saudade-idiota/,-1,0.15845221286916567
20,Saudade Proibida,musica20,musica20_trecho6,O calafrio que seu corpo ama O erro inesquecível da sua cama,Simone Mendes,2025,12,https://www.letras.mus.br/simone-mendes/saudade-proibida/,-1,0.15461412166037136
1581,Se Ame Mais,musica1581,musica1581_trecho2,Ela não suporta a gente junto Aí ela desconta em todo mundo E não enxerga que é culpada Se esse amor não foi além E só porque não era amor Não é problema de ninguém,Marília Mendonça,2017,35,https://www.letras.mus.br/marilia-mendonca/se-ame-mais/,-1,0.1232029371693002
1581,Se Ame Mais,musica1581,musica1581_trecho3,Eu queria dizer pra ela Que ela é nova e inteligente Tem tudo pela frente Merece ser feliz como a gente Mas ela tá fazendo diferente,Marília Mendonça,2017,26,https://www.letras.mus.br/marilia-mendonca/se-ame-mais/,-1,0.06238907046087405
1581,Se Ame Mais,musica1581,musica1581_trecho7,Então se ame mais Não é culpa minha Se ele não quer mais,Marília Mendonça,2017,13,https://www.letras.mus.br/marilia-mendonca/se-ame-mais/,-1,0.10998643216711512
685,Se É Pra Chorar Eu Choro (part. Jads e Jadson),musica685,musica685_trecho5,"Se é pra chorar eu choro, quem me vê na rua diz que eu sou de aço Ninguém sonha a metade do que eu passo É questão de tempo eu sei que vai passar Se é pra chorar eu choro",Lucas Reis & Thácio,2016,40,https://www.letras.mus.br/lucas-reis-thacio-candido/se-e-pra-chorar-eu-choro/,-1,0.19689921162304846
1092,Se Eu Chorar,musica1092,musica1092_trecho1,"Pra viver eu só preciso de você Pra ser feliz eu só preciso te merecer Pra ser melhor tem que acontecer de novo em outra vida Pra não chorar, vou cuidar tanto desse amor",Jorge & Mateus,2010,34,https://www.letras.mus.br/jorge-mateus/1715304/,-1,0.19415952087515043
1092,Se Eu Chorar,musica1092,musica1092_trecho3,Que a gente se encaixa É a tampa e a panela É a chama e a vela É a cama e o colchão E que o mal de quem ama é saudade Você é a metade do meu coração,Jorge & Mateus,2010,39,https://www.letras.mus.br/jorge-mateus/1715304/,-1,0.1445706920167148
835,Se Eu Me Entregar,musica835,musica835_trecho1,"Não quero mais ficar pensando em você Eu tenho muito medo, medo de sofrer Você me olha de um jeito que eu passo mal",Kleo Dibah & Rafael,2011,24,https://www.letras.mus.br/kleo-dibah-rafael/1848165/,-1,0.06711683603681129
835,Se Eu Me Entregar,musica835,musica835_trecho2,"To viajando a horas em sua fotografia A noite tá passando, amanhecendo o dia Por isso estou dizendo isso não vai rolar",Kleo Dibah & Rafael,2011,22,https://www.letras.mus.br/kleo-dibah-rafael/1848165/,-1,0.030786704268044196
835,Se Eu Me Entregar,musica835,musica835_trecho3,To te lembrando tanto você nem imagina Já comecei a te escrever em meus versos e rimas Por isso eu to caindo fora antes de apaixonar,Kleo Dibah & Rafael,2011,26,https://www.letras.mus.br/kleo-dibah-rafael/1848165/,-1,0.09058244279178862
835,Se Eu Me Entregar,musica835,musica835_trecho4,Se eu me entregar eu vou chorar depois Há muito tempo eu não me apego a um novo amor O envolvimento vem com o tempo E o tempo pode machucar,Kleo Dibah & Rafael,2011,30,https://www.letras.mus.br/kleo-dibah-rafael/1848165/,-1,0.02764915643427679
835,Se Eu Me Entregar,musica835,musica835_trecho5,Se eu me entregar eu vou morrer de amor Eu me imagino te perdendo amanhã ou depois Sei muito bem o quanto dói um amor forte acabar É melhor pra nós dois,Kleo Dibah & Rafael,2011,32,https://www.letras.mus.br/kleo-dibah-rafael/1848165/,-1,0.2987439103759443
1205,Se Fosse Eu,musica1205,musica1205_trecho1,"Se fosse eu, não faria as coisas que esse cara faz Andava na linha, te curtia mais A prioridade era só você",César Menotti & Fabiano,2012,22,https://www.letras.mus.br/cesar-menotti-e-fabiano/se-fosse-eu/,-1,0.0535448432032285
1205,Se Fosse Eu,musica1205,musica1205_trecho2,"Se fosse eu, faria questão de andar de mãos dadas Pra fazer inveja na rapaziada Me orgulhava tanto de te merecer",César Menotti & Fabiano,2012,21,https://www.letras.mus.br/cesar-menotti-e-fabiano/se-fosse-eu/,-1,0.22450757968619894
1205,Se Fosse Eu,musica1205,musica1205_trecho3,"Se fosse eu, minha alegria era te alegrar Não tinha tristeza nesse seu olhar Me virava em dois pra te fazer sorrir",César Menotti & Fabiano,2012,22,https://www.letras.mus.br/cesar-menotti-e-fabiano/se-fosse-eu/,-1,0.25862468331427735
1205,Se Fosse Eu,musica1205,musica1205_trecho4,"Se fosse eu, contava os segundos pro fim de semana Te levava numa balada bacana Pra ficar juntinhos, pra se divertir, se fosse eu",César Menotti & Fabiano,2012,24,https://www.letras.mus.br/cesar-menotti-e-fabiano/se-fosse-eu/,-1,0.05937448034250403
1399,Se Intrometeu,musica1399,musica1399_trecho3,"E além de tudo, com todo mundo Você já saiu sem escolher",Michel Teló,2011,12,https://www.letras.mus.br/michel-telo/1792150/,-1,0.2105123001243251
1399,Se Intrometeu,musica1399,musica1399_trecho6,"Se intrometeu, se intrometeu O povo se meteu na nossa vida Se intrometeu, se intrometeu E agora só te encontro às escondidas",Michel Teló,2011,22,https://www.letras.mus.br/michel-telo/1792150/,-1,0.2875848213640795
1370,Se Namorar Fosse Bom,musica1370,musica1370_trecho1,Se namorar fosse bom Isso aqui tava vazio A mulherada tava em casa Se namorar fosse bom Eu vivia no cinema E não tava na balada,Bruninho e Davi,2013,26,https://www.letras.mus.br/bruninho-davi/se-namorar-fosse-bom/,-1,0.6848464709968787
1370,Se Namorar Fosse Bom,musica1370,musica1370_trecho2,E já dizia meus amigos Ser solteiro é mais gostoso Tem festa toda hora O que vier pra mim é pouco,Bruninho e Davi,2013,21,https://www.letras.mus.br/bruninho-davi/se-namorar-fosse-bom/,-1,0.048468033588174975
1370,Se Namorar Fosse Bom,musica1370,musica1370_trecho3,"Eu tô largado, tô mal acostumado Me botaram anel no dedo Ainda me chamam de casado",Bruninho e Davi,2013,16,https://www.letras.mus.br/bruninho-davi/se-namorar-fosse-bom/,-1,0.06389617125699631
1370,Se Namorar Fosse Bom,musica1370,musica1370_trecho4,Mas minha mulher me deu azia Eu não entro nessa fria Ser solteiro é o esquema Eu tô montado no dinheiro Eu pego o bonde dos solteiros Namorar só dá problema,Bruninho e Davi,2013,31,https://www.letras.mus.br/bruninho-davi/se-namorar-fosse-bom/,-1,0.6848464709968786
1370,Se Namorar Fosse Bom,musica1370,musica1370_trecho5,Se namorar fosse bom Isso aqui tava vazio E a mulherada tava em casa Se namorar fosse bom Eu vivia no cinema E não tava na balada,Bruninho e Davi,2013,27,https://www.letras.mus.br/bruninho-davi/se-namorar-fosse-bom/,-1,0.6848464709968788
1347,Se Não Quer Me Amar,musica1347,musica1347_trecho2,"Liguei, mas não me atendeu Falei e não me respondeu Escrevi, você não leu, mas não importa Você não vai bater na minha porta Cansei de implorar",Gusttavo Lima,2010,27,https://www.letras.mus.br/gusttavo-lima/1708762/,-1,0.08205110915381575
1347,Se Não Quer Me Amar,musica1347,musica1347_trecho3,"Quando você tava carente eu fiquei contigo Na madrugada fria eu cuidei de você Agora virou Coca-Cola e tá cheia de amigos Passa e até finge não me reconhecer Normal, de boa Também nem sei quem é você!",Gusttavo Lima,2010,38,https://www.letras.mus.br/gusttavo-lima/1708762/,-1,0.11357117495967561
968,Se Olha No Espelho (part. Cristiano Araújo),musica968,musica968_trecho1,Ela não sabe se produzir Ela não sabe escolher a cor do batom Ela não faz ideia do que vestir Tá doida pra por o seu moletom,Maiara & Maraisa,2016,27,https://www.letras.mus.br/maiara-maraisa/se-olha-no-espelho/,-1,0.2909204613298254
1295,Se Tem Paixão,musica1295,musica1295_trecho1,"E não tem tradução, nem outra versão, não tem história Pela metade e sem resumir uma sequer palavra dessa vez E não existe um outro porto e nem outro destino São só palavras mas que me fascinam E amanhã tudo vai se ajeitar (Como assim?)",Matheus & Kauan,2013,45,https://www.letras.mus.br/matheus-kauan/se-tem-paixao/,-1,0.5424918649078916
1295,Se Tem Paixão,musica1295,musica1295_trecho2,"Só eu sei das noites que eu passei em claro, só eu sei Eu precisei do seu abraço e vacilei Se ao menos eu tivesse o seu carinho Eu não me importaria de viver sozinho",Matheus & Kauan,2013,35,https://www.letras.mus.br/matheus-kauan/se-tem-paixao/,-1,0.28284199446339686
1295,Se Tem Paixão,musica1295,musica1295_trecho3,"Hoje eu não saí de casa, não vejo nada A porta está fechada eu só queria ver você voltar Pra ver se tem um pouco de paixão Pra ver se brotou no seu coração o amor que eu plantei",Matheus & Kauan,2013,39,https://www.letras.mus.br/matheus-kauan/se-tem-paixao/,-1,0.23524297029001984
1193,Se Tudo Fosse Fácil (part. Paula Fernandes),musica1193,musica1193_trecho3,Saudade eu tenho toda hora Que você me vem na memória Eu penso 24 horas em você Estou sem tempo pra te esquecer,Michel Teló,2013,23,https://www.letras.mus.br/michel-telo/se-tudo-fosse-facil/,-1,0.1927068783815713
1193,Se Tudo Fosse Fácil (part. Paula Fernandes),musica1193,musica1193_trecho4,Mas se tiver que me deixar Vai deixando devagar Deixa eu me acostumar com a sua ausência,Michel Teló,2013,17,https://www.letras.mus.br/michel-telo/se-tudo-fosse-facil/,-1,0.02606374570857095
973,Seguindo Seus Passos,musica973,musica973_trecho2,Seria seu anjo da guarda Para que ninguém a tomasse de mim Ouviria a cada segundo A frase de amor mais linda do mundo Com a voz do vento lhe dizendo assim,Felipe e Falcão,2008,32,https://www.letras.mus.br/felipe-e-falcao/1302660/,-1,0.22654111252788856
973,Seguindo Seus Passos,musica973,musica973_trecho3,"Te amo, te amo, te amo Te amo, te amo, te amo",Felipe e Falcão,2008,12,https://www.letras.mus.br/felipe-e-falcao/1302660/,-1,0.18201275875842926
973,Seguindo Seus Passos,musica973,musica973_trecho4,No quarto em que você dorme Eu iria ser o seu despertador Te acordando todas as manhãs Banhando seu corpo Com a loção do amor,Felipe e Falcão,2008,25,https://www.letras.mus.br/felipe-e-falcao/1302660/,-1,0.2734587391893297
973,Seguindo Seus Passos,musica973,musica973_trecho5,Cada passo que você mudasse Estaria mais junto de mim Bem pertinho do seu coração Na ternura da minha paixão Com a voz do vento lhe dizendo assim,Felipe e Falcão,2008,28,https://www.letras.mus.br/felipe-e-falcao/1302660/,-1,0.12997172188037676
1389,Segunda Opção,musica1389,musica1389_trecho2,"Se você quiser voltar pra ser minha diversão Minha fugida, meu lance, minha segunda opção Se você quiser voltar pra ser minha diversão Minha fugida, meu lance, minha segunda opção",Matheus & Kauan,2018,30,https://www.letras.mus.br/matheus-kauan/segunda-opcao/,-1,0.2398420484678898
1389,Segunda Opção,musica1389,musica1389_trecho3,"Eu te dei amor, foi só teu o meu coração E você voou, deixou minha vida sem chão Eu te dei amor, foi só teu o meu coração E você voou, deixou minha vida sem chão",Matheus & Kauan,2018,36,https://www.letras.mus.br/matheus-kauan/segunda-opcao/,-1,0.2011350192253012
580,Segundo Amor da Sua Vida,musica580,musica580_trecho1,"Não se diminua pra caber num coração Que só tem espaço Debaixo do tapete Você não tem culpa se ela não enxerga Um palmo à frente do nariz Mas, qualquer coisa, eu tô aqui",Marília Mendonça,2025,34,https://www.letras.mus.br/marilia-mendonca/segundo-amor-da-sua-vida/,-1,0.1371676077899323
580,Segundo Amor da Sua Vida,musica580,musica580_trecho2,"Na verdade, eu sempre estive Só tô deixando você viver livre Mas, mesmo assim, não quero ver você sofrer Se ela não quiser, já tem quem vai querer Tá na sua frente",Marília Mendonça,2025,32,https://www.letras.mus.br/marilia-mendonca/segundo-amor-da-sua-vida/,-1,0.14247813745322047
580,Segundo Amor da Sua Vida,musica580,musica580_trecho3,"Que azar o meu e que sorte a dela Eu amando você, você amando ela Eu só quero você, você só quer conselho Por que será que ela te trata desse jeito? Que azar o meu e que sorte a dela Eu amando você, você amando ela Tenta lá, se não der certo, me avisa Posso ser o segundo, o terceiro, o quarto amor da sua vida",Marília Mendonça,2025,67,https://www.letras.mus.br/marilia-mendonca/segundo-amor-da-sua-vida/,-1,0.27307506941418225
580,Segundo Amor da Sua Vida,musica580,musica580_trecho6,"Tenta lá, se não der certo, me avisa Posso ser o segundo, o terceiro, o quarto amor da sua vida",Marília Mendonça,2025,20,https://www.letras.mus.br/marilia-mendonca/segundo-amor-da-sua-vida/,-1,0.19010242462748006
170,Seja Ex,musica170,musica170_trecho1,"(Cê foi embora pra ser o quê? Pra ser ex, não foi?) (Então seja) (então seja ex)",Henrique & Juliano,2025,17,https://www.letras.mus.br/henrique-e-juliano/seja-ex/,-1,0.29726081453095976
170,Seja Ex,musica170,musica170_trecho2,"Minha esperança é você sair Beijar uma boca nos primeiros dez minutos Que aí eu pego ódio da sua cara e, se voltar Cê não bagunça mais um cara inseguro",Henrique & Juliano,2025,30,https://www.letras.mus.br/henrique-e-juliano/seja-ex/,-1,0.08205110915381586
170,Seja Ex,musica170,musica170_trecho3,"Porque se continuar nessa levada Cê vai ser o meu talvez pra sempre Porque aqui a gente briga, cê vai embora Mas lá fora cê respeita, não beija e não beira gente",Henrique & Juliano,2025,32,https://www.letras.mus.br/henrique-e-juliano/seja-ex/,-1,0.14735188853641756
170,Seja Ex,musica170,musica170_trecho4,Cê tá freando a minha vida porque você não sabe o que sente,Henrique & Juliano,2025,13,https://www.letras.mus.br/henrique-e-juliano/seja-ex/,-1,0.684249047482103
170,Seja Ex,musica170,musica170_trecho6,"Cê foi embora pra ser ex, seja ex Cê foi embora, então desaparece Porque a gente já passou dos trinta, cê não é mais uma menina E eu não sou moleque",Henrique & Juliano,2025,31,https://www.letras.mus.br/henrique-e-juliano/seja-ex/,-1,0.21209336810084012
170,Seja Ex,musica170,musica170_trecho8,"Cê foi embora pra ser ex, seja ex Cê foi embora, então desaparece Porque a gente já passou dos trinta, cê não é mais uma menina E eu não sou moleque Cresce",Henrique & Juliano,2025,32,https://www.letras.mus.br/henrique-e-juliano/seja-ex/,-1,0.21209336810084012
170,Seja Ex,musica170,musica170_trecho11,Cê tá freando a minha vida porque você não sabe o que sente (Cês sabem já? Sabem?),Henrique & Juliano,2025,17,https://www.letras.mus.br/henrique-e-juliano/seja-ex/,-1,0.684249047482103
1446,Sem Avisar,musica1446,musica1446_trecho1,Eu quero ser Aquela blusa que te aquece Aquele vinho que você bebe Aquele dia que você não esquece,Henrique & Juliano,2014,19,https://www.letras.mus.br/henrique-e-juliano/sem-avisar/,-1,0.022575675981428733
1446,Sem Avisar,musica1446,musica1446_trecho2,Eu quero ser O rosto que fica na sua mente O sentimento que você sente O calafrio que chega de repente,Henrique & Juliano,2014,21,https://www.letras.mus.br/henrique-e-juliano/sem-avisar/,-1,0.022575675981428844
1446,Sem Avisar,musica1446,musica1446_trecho3,"Seu, apenas ser um bom momento seu Ser aquela pessoa que escolheu Ter o seu sorriso em cada amanhecer Na cor dos seus olhos eu quero me ver",Henrique & Juliano,2014,28,https://www.letras.mus.br/henrique-e-juliano/sem-avisar/,-1,0.2639216503641476
1446,Sem Avisar,musica1446,musica1446_trecho4,"Prometo que eu não vou ser mais o cara que te enganou Confia em mim deixa eu te mostrar meu amor, quem eu sou Não tente entender, eu não vou explicar O amor chega assim sem avisar",Henrique & Juliano,2014,37,https://www.letras.mus.br/henrique-e-juliano/sem-avisar/,-1,0.2730750694141819
1446,Sem Avisar,musica1446,musica1446_trecho5,"Prometo que eu não vou ser mais o cara que te enganou Confia em mim deixa eu te mostrar meu amor, quem eu sou Não tente entender, eu não vou explicar O amor chega assim, meio sem avisar",Henrique & Juliano,2014,38,https://www.letras.mus.br/henrique-e-juliano/sem-avisar/,-1,0.27307506941418225
1102,Sem Esse Coração,musica1102,musica1102_trecho1,Eu queria amar um pouco menos você O meu coração só apanha e vai parar de bater Se eu pudesse tirava esse meu coração Pra deletar a saudade e o toque das suas mãos,João Bosco & Vinícius,2010,34,https://www.letras.mus.br/joao-bosco-viniciusacustico/1601451/,-1,0.2987439103759443
1102,Sem Esse Coração,musica1102,musica1102_trecho2,E parava de sofrer! E parava de sofrer!,João Bosco & Vinícius,2010,8,https://www.letras.mus.br/joao-bosco-viniciusacustico/1601451/,-1,0.027234036047210308
1102,Sem Esse Coração,musica1102,musica1102_trecho3,"E mesmo assim, sem esse coração Eu acho que vou continuar te amando E mesmo assim, sem esse coração Eu acho que vou continuar chorando",João Bosco & Vinícius,2010,25,https://www.letras.mus.br/joao-bosco-viniciusacustico/1601451/,-1,0.19415952087515043
1102,Sem Esse Coração,musica1102,musica1102_trecho4,E mesmo assim sem esse coração Eu acho que vou continuar te amando E mesmo assim sem esse coração Eu acho que vou continuar chorando,João Bosco & Vinícius,2010,25,https://www.letras.mus.br/joao-bosco-viniciusacustico/1601451/,-1,0.19415952087515098
1120,Sem Me Controlar,musica1120,musica1120_trecho1,"A carne é fraca, não sou de lata O corpo pede, eu vou obedecer É meu instinto, tudo o que sinto Eu vou em busca do que dá prazer",Marcos & Belutti,2010,29,https://www.letras.mus.br/marcos-belutti/1664361/,-1,0.13757363964290104
1120,Sem Me Controlar,musica1120,musica1120_trecho3,"Sem me controlar Te pego, te abraço, te beijo na boca Você se segurando, me diz não ser louca Quer ter tudo no seu tempo Tudo num certo momento ai, ai, ai",Marcos & Belutti,2010,32,https://www.letras.mus.br/marcos-belutti/1664361/,-1,0.2691264054727963
508,Sem Sal,musica508,musica508_trecho2,"E quem ouve palavra não ouve pensamento Tá se mordendo por dentro, tá se mordendo por dentro Cara amarrada não apaga sentimento Tá se mordendo por dentro, tá se mordendo por dentro",Marília Mendonça,2019,32,https://www.letras.mus.br/marilia-mendonca/sem-sal/,-1,0.12320293716929998
1368,Sem Você,musica1368,musica1368_trecho1,Nas incertezas de um caminho Que é tão doído sem você Eu já me encontrava tão sozinho Antes de adeus você dizer,Victor & Leo,2007,22,https://www.letras.mus.br/victor-leo/1167457/,-1,0.29308890552559086
1074,Sempre Com Você,musica1074,musica1074_trecho1,E eu que achava que A vida fosse só uma viagem Que o mundo tinha me esquecido,Luan Santana,2008,17,https://www.letras.mus.br/luan-santana/1128065/,-1,0.1988802157354207
1074,Sempre Com Você,musica1074,musica1074_trecho8,(Sempre com você) Pra sempre com você (Sempre com você) Pra sempre com você,Luan Santana,2008,14,https://www.letras.mus.br/luan-santana/1128065/,-1,0.19494040779734045
946,Sensações,musica946,musica946_trecho1,"Eu me perdi, perdi você Perdi a voz, o seu querer Agora sou somente um Longe de nós, um ser comum",Paula Fernandes,2010,21,https://www.letras.mus.br/paula-fernandes/1846587/,-1,0.19717723211986882
946,Sensações,musica946,musica946_trecho3,"Estar assim, sentir assim Um turbilhão de sensações dentro de mim Eu amanheço, eu estremeço, eu enlouqueço Eu te cavalgo embaixo do cair Da chuva, eu reconheço Estar assim, sentir assim Um turbilhão de sensações dentro de mim Eu me aqueço, eu endureço, eu me derreto Eu evaporo e caio em forma de chuva Eu reconheço, eu me transformo",Paula Fernandes,2010,59,https://www.letras.mus.br/paula-fernandes/1846587/,-1,0.14628192644840532
946,Sensações,musica946,musica946_trecho5,"Estar assim, sentir assim Um turbilhão de sensações dentro de mim Eu amanheço, eu estremeço, eu enlouqueço Eu te cavalgo embaixo do cair Da chuva, eu reconheço Estar assim, sentir assim Eu me aqueço, eu endureço, eu me derreto Eu evaporo e caio em forma de chuva",Paula Fernandes,2010,47,https://www.letras.mus.br/paula-fernandes/1846587/,-1,0.1462819264484051
804,Sensível Demais,musica804,musica804_trecho1,"Hoje eu tive medo de acordar de um sonho lindo Garantir, reter, guardar essa esperança Ando em paraísos, descaminhos, precipícios Ao teu lado, vejo que ainda sou uma criança",Marília Mendonça,2025,29,https://www.letras.mus.br/marilia-mendonca/sensivel-demais/,-1,0.14017834932329387
399,Senti Saudade de Você,musica399,musica399_trecho1,"Passe o dedo aí nessa lágrima e acalma Quem se foi não foi pra te ver chorar, só acalma",Henrique & Juliano,2023,19,https://www.letras.mus.br/henrique-e-juliano/senti-saudade-de-voce/,-1,0.11357117495967572
689,Sentimento Louco,musica689,musica689_trecho2,"Mas quando te vejo com ela A minha mão gela Minha boca vai secando, eu vou ficando muda Ô meu Deus, me ajuda, o que é que eu vou fazer? Eu sei que tá com ela pra manter as aparências Mas nas suas horas de carência, você vem me ver",Marília Mendonça,2015,50,https://www.letras.mus.br/marilia-mendonca/sentimento-louco/,-1,0.14628192644840554
689,Sentimento Louco,musica689,musica689_trecho3,"E a gente faz amor Me diz que eu sou o seu amor E vai embora antes do dia amanhecer Eu sei que é errado e quem vai entender? Você é casado e eu não quero perder Eu sei, tá com ela, mas amo você Você e ela não têm nada a ver",Marília Mendonça,2015,53,https://www.letras.mus.br/marilia-mendonca/sentimento-louco/,-1,0.273075069414182
689,Sentimento Louco,musica689,musica689_trecho4,"Eu sei que é errado e quem vai entender? Você é casado e eu não quero perder Eu sei, tá com ela, mas amo você Você e ela não têm nada a ver Sou mais eu e você",Marília Mendonça,2015,38,https://www.letras.mus.br/marilia-mendonca/sentimento-louco/,-1,0.27307506941418214
689,Sentimento Louco,musica689,musica689_trecho6,Eu sei que é errado e quem vai entender? Mas eu amo você Você e ela não têm nada a ver,Marília Mendonça,2015,21,https://www.letras.mus.br/marilia-mendonca/sentimento-louco/,-1,0.2730750694141819
1103,"Separa, Namora",musica1103,musica1103_trecho1,Nossas brigas duram menos que cinco minutos Basta um toque seu pra me acalmar Em um segundo eu esqueço de tudo,Henrique & Juliano,2013,21,https://www.letras.mus.br/henrique-e-juliano/separa-namora/,-1,0.1169591850522661
462,Separação (part. Leonardo),musica462,musica462_trecho1,"Qual terá sido o motivo da nossa separação? Se é que se cansou de mim, não pude perceber Intimidade ferida é o que restou de nós A minha felicidade se foi com você",Eduardo Costa,2007,33,https://www.letras.mus.br/eduardo-costa/992977/,-1,0.19417930230712532
462,Separação (part. Leonardo),musica462,musica462_trecho2,Outro melhor do que eu você não encontrará Também não encontrarei alguém assim como você (assim como você),Eduardo Costa,2007,18,https://www.letras.mus.br/eduardo-costa/992977/,-1,0.08256045068915518
462,Separação (part. Leonardo),musica462,musica462_trecho8,Qual terá sido o motivo da nossa separação?,Eduardo Costa,2007,8,https://www.letras.mus.br/eduardo-costa/992977/,-1,0.194179302307125
1217,Ser Humano Ou Anjo (part. Orquestra Vila-Lobos),musica1217,musica1217_trecho3,Não preciso gritar Você vem me salvar Você sente quando eu vou chorar Parece não ser desse mundo Porque você sabe de tudo,Matheus & Kauan,2015,23,https://www.letras.mus.br/matheus-kauan/ser-humano-ou-anjo/,-1,0.6842490474821031
1217,Ser Humano Ou Anjo (part. Orquestra Vila-Lobos),musica1217,musica1217_trecho4,"Não sei, se é ser humano ou se é um anjo Exagero é falar de você Passo meu tempo te admirando Só queria saber",Matheus & Kauan,2015,24,https://www.letras.mus.br/matheus-kauan/ser-humano-ou-anjo/,-1,0.13117062334942797
1217,Ser Humano Ou Anjo (part. Orquestra Vila-Lobos),musica1217,musica1217_trecho5,"Se é ser humano ou se é um anjo Diz aí, quero ouvir de você Eu nem sei se te mereço tanto Só queria saber Se é ser humano ou se é um anjo",Matheus & Kauan,2015,34,https://www.letras.mus.br/matheus-kauan/ser-humano-ou-anjo/,-1,0.13117062334942775
1217,Ser Humano Ou Anjo (part. Orquestra Vila-Lobos),musica1217,musica1217_trecho7,Parece não ser desse mundo Porque você sabe de tudo,Matheus & Kauan,2015,10,https://www.letras.mus.br/matheus-kauan/ser-humano-ou-anjo/,-1,0.6842490474821031
1217,Ser Humano Ou Anjo (part. Orquestra Vila-Lobos),musica1217,musica1217_trecho9,"Se é ser humano ou se é um anjo Diz aí, quero ouvir de você Eu nem sei se te mereço tanto Só queria saber",Matheus & Kauan,2015,25,https://www.letras.mus.br/matheus-kauan/ser-humano-ou-anjo/,-1,0.13117062334942797
1217,Ser Humano Ou Anjo (part. Orquestra Vila-Lobos),musica1217,musica1217_trecho10,Se é ser humano ou se é um anjo Exagero é falar de você Passo meu tempo te admirando Só queria saber,Matheus & Kauan,2015,22,https://www.letras.mus.br/matheus-kauan/ser-humano-ou-anjo/,-1,0.13117062334942797
1217,Ser Humano Ou Anjo (part. Orquestra Vila-Lobos),musica1217,musica1217_trecho11,"Ô, ô Se é ser humano ou se é um anjo Ô, ô Você é ser humano ou é um anjo?",Matheus & Kauan,2015,21,https://www.letras.mus.br/matheus-kauan/ser-humano-ou-anjo/,-1,0.13117062334942775
1211,Será Que Vai Rolar?,musica1211,musica1211_trecho2,Meus amigos até torcem pra algo rolar E perguntam todo dia se até rolou Tem até gente casando a gente sem saber,Marcos & Belutti,2010,22,https://www.letras.mus.br/marcos-belutti/1651424/,-1,0.13181027962851133
1211,Será Que Vai Rolar?,musica1211,musica1211_trecho4,"Será que vai rolar pra gente ficar? Será, será? Eu quero é tentar Será que vai rolar pra gente ficar? Será, será? Eu quero é tentar",Marcos & Belutti,2010,26,https://www.letras.mus.br/marcos-belutti/1651424/,-1,0.29221795523063376
1211,Será Que Vai Rolar?,musica1211,musica1211_trecho8,"Será que vai rolar da gente ficar? Será, será? Eu quero é tentar Será que vai rolar da gente ficar? Será, será? Eu quero é tentar",Marcos & Belutti,2010,26,https://www.letras.mus.br/marcos-belutti/1651424/,-1,0.2922179552306333
432,Serenata,musica432,musica432_trecho2,"Ele chegou na voadora E o coração, tadin, num golpe foi pra lona Rancou de mim minhas bebida e a farra Só consigo pensar em serenata",Marília Mendonça,2019,26,https://www.letras.mus.br/marilia-mendonca/serenata/,-1,0.3363628257750879
432,Serenata,musica432,musica432_trecho3,"Se amar assim for brega Me chama de Marília Mendonça ou de Falcão Meu show agora é só voz e violão Assim, debaixo da janela Jantar à luz de velas Agora é momozin ou momozão, eu sei que é brega",Marília Mendonça,2019,40,https://www.letras.mus.br/marilia-mendonca/serenata/,-1,0.049425173658227406
432,Serenata,musica432,musica432_trecho4,"Me chama de Marília Mendonça ou de Falcão Meu show agora é só voz e violão Assim, debaixo da janela Jantar à luz de velas Agora é momozin ou momozão, eu sei que é brega",Marília Mendonça,2019,35,https://www.letras.mus.br/marilia-mendonca/serenata/,-1,0.049425173658227295
1314,Sete Mares,musica1314,musica1314_trecho2,"Eu resolvi ir pra algum lugar bem distante Me afastar da multidão que tá me sufocando E se nesse caminho eu não te encontrar Eu entro em desespero, cadê o seu olhar?",Matheus & Kauan,2012,32,https://www.letras.mus.br/matheus-kauan/1951769/,-1,0.03210488972009151
1314,Sete Mares,musica1314,musica1314_trecho11,Já naveguei os sete mares atrás de você,Matheus & Kauan,2012,8,https://www.letras.mus.br/matheus-kauan/1951769/,-1,0.29308890552559097
306,Seu Astral,musica306,musica306_trecho4,"Eu viajei no seu olhar No teu sorriso, nos teus segredos Eu descobri o que é amar Pelo toque dos seus beijos",Jorge & Mateus,2010,22,https://www.letras.mus.br/jorge-mateus/1709492/,-1,0.1448826754053426
408,Seu Brilho Sumiu (part. Mari Fernandez),musica408,musica408_trecho4,Porque quando cê me viu Seu brilho sumiu Sua noite acabou Passar vergonha ao vivo é pouco pra falador,Israel & Rodolffo,2022,19,https://www.letras.mus.br/israel-rodolfo/seu-brilho-sumiu-part-mari-fernandez/,-1,0.26400563859351645
408,Seu Brilho Sumiu (part. Mari Fernandez),musica408,musica408_trecho5,"Porque quando cê me viu Seu brilho sumiu E pra minha sorte, cão que late não morde Cão que late não morde",Israel & Rodolffo,2022,22,https://www.letras.mus.br/israel-rodolfo/seu-brilho-sumiu-part-mari-fernandez/,-1,0.2640056385935162
408,Seu Brilho Sumiu (part. Mari Fernandez),musica408,musica408_trecho10,"E pra minha sorte, cão que late não morde Cão que late não morde",Israel & Rodolffo,2022,14,https://www.letras.mus.br/israel-rodolfo/seu-brilho-sumiu-part-mari-fernandez/,-1,0.32898134945427115
585,Seu Perfil,musica585,musica585_trecho2,"Tô aqui inteiro pra você E você comigo, só metade Tem hora pra ir embora Mas só volta só Deus sabe",Henrique & Juliano,2022,21,https://www.letras.mus.br/henrique-e-juliano/seu-perfil/,-1,0.08054960477529538
585,Seu Perfil,musica585,musica585_trecho4,"É que o seu perfil De querer uma noite e mais nada Não combina com a minha vida calma Você fica comigo um dia E o resto é balada, balada, balada",Henrique & Juliano,2022,31,https://www.letras.mus.br/henrique-e-juliano/seu-perfil/,-1,0.17277337244671387
585,Seu Perfil,musica585,musica585_trecho6,"De querer uma noite e mais nada Não combina com a minha vida calma Você fica comigo um dia E o resto é balada, balada, balada",Henrique & Juliano,2022,26,https://www.letras.mus.br/henrique-e-juliano/seu-perfil/,-1,0.17277337244671387
1246,Sexto Sentido,musica1246,musica1246_trecho2,"E toda noite eu vejo você em minha frente Eu sei que é alucinação, coisa da minha mente De tanto te querer, de tanto te amar Até o meu sexto sentido eu posso despertar",Munhoz & Mariano,2011,34,https://www.letras.mus.br/munhoz-mariano/1955086/,-1,0.10450355611372564
1308,Sexto Sentido,musica1308,musica1308_trecho1,Não foi coincidência encontrar contigo Talvez seja o nosso destino Eu quero dormir outra vez em teu peito E depois acordar com seus beijos Teu sexto sentido ainda sonha comigo Sei que logo estaremos unidos Teu sorriso travesso ainda vive comigo Nós estamos no mesmo caminho,Marco e Mario,2010,46,https://www.letras.mus.br/marco-mario/1734686/,-1,0.2639216503641476
1308,Sexto Sentido,musica1308,musica1308_trecho10,"Cuidado, Cuidado, Muito cuidado, Cuidado, Vem ficar comigo estou em suas mãos Não importa o que diga o destino, te quero aqui comigo Eu quero ter seus lábios, teu carinho e seu sorriso.",Marco e Mario,2010,33,https://www.letras.mus.br/marco-mario/1734686/,-1,0.12997172188037664
128,Silêncio,musica128,musica128_trecho1,Se você chorar em silêncio Como vou saber Que sente minha falta? Ouvi dizer que cansou de bancar o forte Sua bússola aponta pro norte do nosso amor,Marília Mendonça,2015,28,https://www.letras.mus.br/marilia-mendonca/silencio/,-1,0.05164391979118721
128,Silêncio,musica128,musica128_trecho2,Nossas promessas não me interessam Foi a última coisa que ouvi você falar Pediu pra não te procurar Pra sumir da sua vida,Marília Mendonça,2015,23,https://www.letras.mus.br/marilia-mendonca/silencio/,-1,0.08205110915381564
128,Silêncio,musica128,musica128_trecho3,Tô sabendo Que não para de chorar Que pediu pro vento soprar Meu perfume da sua cama,Marília Mendonça,2015,17,https://www.letras.mus.br/marilia-mendonca/silencio/,-1,0.1878114144986024
128,Silêncio,musica128,musica128_trecho4,Tô sabendo Que anda ouvindo a minha voz Que sentiu meu cheiro nos lençóis Abraçado no seu travesseiro A saudade apertando no peito,Marília Mendonça,2015,23,https://www.letras.mus.br/marilia-mendonca/silencio/,-1,0.18781141449860228
128,Silêncio,musica128,musica128_trecho10,Por que não me pede pra voltar?,Marília Mendonça,2015,7,https://www.letras.mus.br/marilia-mendonca/silencio/,-1,0.1357502423069603
210,Sinais,musica210,musica210_trecho2,"Virei um louco, meio obcecado Pra te encontrar em algum lugar do mundo E mesmo sem nunca ter te tocado Me pertencia, bem lá no fundo",Luan Santana,2009,26,https://www.letras.mus.br/luan-santana/1540847/,-1,0.10864914173833151
210,Sinais,musica210,musica210_trecho3,Sinais me mostraram o caminho até você Vaga-lumes guiam-me sem perceber E no fim da estrada uma luz parece ser você,Luan Santana,2009,21,https://www.letras.mus.br/luan-santana/1540847/,-1,0.044989844391131406
210,Sinais,musica210,musica210_trecho4,Sinais me ajudaram a perceber Que o meu caminho é você E ninguém no mundo vai fazer Eu me sentir de novo assim,Luan Santana,2009,23,https://www.letras.mus.br/luan-santana/1540847/,-1,0.04498984439113152
210,Sinais,musica210,musica210_trecho5,"Sinais vindos de um lugar tão longe Às vezes se escondem No farol em uma ilha, numa noite tão vazia Eu beijei você até o amanhecer",Luan Santana,2009,26,https://www.letras.mus.br/luan-santana/1540847/,-1,0.11030907759903075
1369,Sinal Disfarçado (part. Zé Ricardo e Thiago),musica1369,musica1369_trecho2,Era ele vira e você me olhava pra gente combinar Um sinal disfarçado com o jeito safado Gostoso de me olhar,Israel Novaes,2014,21,https://www.letras.mus.br/israel-novaes/sinal-disfarcado/,-1,0.16022715200345827
1369,Sinal Disfarçado (part. Zé Ricardo e Thiago),musica1369,musica1369_trecho3,Vai no banheiro pra gente se beijar Bem lá no escurinho pra ninguém desconfiar Cara de santa mas não me engana não É hoje que eu te pego e você não escapa não (2x),Israel Novaes,2014,34,https://www.letras.mus.br/israel-novaes/sinal-disfarcado/,-1,0.38034824601564
1271,Sinônimo de Amor,musica1271,musica1271_trecho1,Estou aqui Olhos nos olhos com você Tô querendo te dizer O que eu sinto de verdade,Bruno & Marrone,2009,17,https://www.letras.mus.br/bruno-e-marrone/1660732/,-1,0.1201725672818803
1271,Sinônimo de Amor,musica1271,musica1271_trecho2,É mais bonita do que tudo que há na terra Semeia a paz onde tem guerra É o sinônimo do amor,Bruno & Marrone,2009,21,https://www.letras.mus.br/bruno-e-marrone/1660732/,-1,0.09802651521621253
1303,Sinto Falta de Você,musica1303,musica1303_trecho2,Você ficou tão diferente E aquele sonho da gente Mesmo não sendo mais seu Não morreu,Victor & Leo,2007,16,https://www.letras.mus.br/victor-leo/797048/,-1,0.06775719922023604
1303,Sinto Falta de Você,musica1303,musica1303_trecho3,Sinto falta de você E a palavra que me cura Ninguém vai dizer,Victor & Leo,2007,13,https://www.letras.mus.br/victor-leo/797048/,-1,0.05318053369609044
1401,Só de Pensar (part. Jorge e Mateus),musica1401,musica1401_trecho2,"Nem sei explicar como Teu corpo me afeta Te vejo dançando Meu sangue acelera, acelera",Maria Cecília e Rodolfo,2013,15,https://www.letras.mus.br/maria-cecilia-rodolfo/so-de-pensar/,-1,0.14628192644840532
1401,Só de Pensar (part. Jorge e Mateus),musica1401,musica1401_trecho3,"E quando seu olhar me paralisa Assim perco as palavras E assisto você me invadir Você me invadir, iêiê",Maria Cecília e Rodolfo,2013,19,https://www.letras.mus.br/maria-cecilia-rodolfo/so-de-pensar/,-1,0.14628192644840532
1401,Só de Pensar (part. Jorge e Mateus),musica1401,musica1401_trecho4,Eu suspiro e todo o meu corpo se abala Os olhos não piscam eu perco a fala Toca a sua boca em mim e me perco,Maria Cecília e Rodolfo,2013,26,https://www.letras.mus.br/maria-cecilia-rodolfo/so-de-pensar/,-1,0.14628192644840543
1540,Só Eu Sei,musica1540,musica1540_trecho2,"Mudei meu destino, mudei minha direção Tô pagando caro pra chamar sua atenção Na selva do desejo fiz uma estrada Pra cruzar com você em altas madrugadas",Jorge & Mateus,2009,27,https://www.letras.mus.br/jorge-mateus/1444408/,-1,0.07193942292101863
1540,Só Eu Sei,musica1540,musica1540_trecho3,Já fiz canções de amor Chorei de saudade e dor e você nem aí Quando me vê finge que não me conhece Quando sai esquece que estou aqui,Jorge & Mateus,2009,28,https://www.letras.mus.br/jorge-mateus/1444408/,-1,0.11357117495967528
1240,Só Falta Você,musica1240,musica1240_trecho1,"Posso até fazer de tudo pra você voltar E mudar minha rotina só pra te agradar Se você não está por perto, não sei me cuidar Eu te amo de verdade, pode acreditar",Jorge & Mateus,2009,33,https://www.letras.mus.br/jorge-mateus/1449301/,-1,0.07193942292101807
1240,Só Falta Você,musica1240,musica1240_trecho2,"Você é, na minha vida, o meu porto seguro Meu destino, meu passado, presente e futuro Fiz promessas de joelhos pra te esquecer Nenhum santo me atendeu e eu já sei por que",Jorge & Mateus,2009,33,https://www.letras.mus.br/jorge-mateus/1449301/,-1,0.1097463320217954
1240,Só Falta Você,musica1240,musica1240_trecho4,Tô de olho na estrada esperando você Coração tá preparado pra te receber Tô usando o perfume que você adora E a canção que você gosta tá tocando agora,Jorge & Mateus,2009,29,https://www.letras.mus.br/jorge-mateus/1449301/,-1,0.23962702139186187
1606,Só Nós Dois,musica1606,musica1606_trecho1,Ainda uso o sorriso que me deu Às vezes sinto a fragrância do perfume teu Me perdi aos sonhos entre beijos e abraços,Lucas Lucco,2014,23,https://www.letras.mus.br/lucas-lucco/so-nos-dois/,-1,0.18709782457675384
1606,Só Nós Dois,musica1606,musica1606_trecho3,"Me traz o ar de volta, não consigo respirar Escuto a tua voz, mesmo distante, a me chamar Aonde estiver, não perco a fé, a gente vai se amar",Lucas Lucco,2014,29,https://www.letras.mus.br/lucas-lucco/so-nos-dois/,-1,0.0783571053666432
1606,Só Nós Dois,musica1606,musica1606_trecho4,Só nós dois até o amanhecer E depois da gente se envolver Ver o sol nascer e prometer Que dessa vez vai ser pra valer,Lucas Lucco,2014,25,https://www.letras.mus.br/lucas-lucco/so-nos-dois/,-1,0.0478397745481256
1606,Só Nós Dois,musica1606,musica1606_trecho5,Quero sua cabeça no meu peito Só nós dois curtindo esse momento E você dizendo do seu jeito Que nunca viveu momento tão perfeito,Lucas Lucco,2014,24,https://www.letras.mus.br/lucas-lucco/so-nos-dois/,-1,0.047176949007491364
1557,Só Se For Gelada,musica1557,musica1557_trecho2,E eu não largo uma loira gelada Só se for gelada Tem que tá Nevada Não pode espumar,Conrado e Aleksandro,2013,18,https://www.letras.mus.br/conrado-aleksandro/so-se-for-gelada/,-1,0.05445905536603746
1557,Só Se For Gelada,musica1557,musica1557_trecho3,Por isso que eu não largo uma loira gelada Só se for gelada Tem que tá Nevada Não pode espumar,Conrado e Aleksandro,2013,20,https://www.letras.mus.br/conrado-aleksandro/so-se-for-gelada/,-1,0.05445905536603757
421,Só Tem Eu,musica421,musica421_trecho2,"Na foto que cê não apagou Na legenda que falava de amor Escuta teu coração, por favor",Zé Felipe,2020,17,https://www.letras.mus.br/ze-felipe/so-tem-eu/,-1,0.2583703518635132
421,Só Tem Eu,musica421,musica421_trecho3,"Se não sou eu, vai ser quem O amor teu? Só você não percebeu Que só tem eu Se não sou eu, vai ser quem O amor teu? Só você não percebeu Que só tem eu Volta, pelo amor de Deus",Zé Felipe,2020,41,https://www.letras.mus.br/ze-felipe/so-tem-eu/,-1,0.27307506941418214
421,Só Tem Eu,musica421,musica421_trecho4,"Na foto que cê não apagou Na legenda que falava dе amor Escuta seu coração, por favor",Zé Felipe,2020,17,https://www.letras.mus.br/ze-felipe/so-tem-eu/,-1,0.2583703518635131
421,Só Tem Eu,musica421,musica421_trecho5,"Se não sou eu, vai sеr quem O amor teu? Só você não percebeu Que só tem eu Se não sou eu, vai ser quem O amor teu? Só você não percebeu Que só tem eu Volta, pelo amor de Deus",Zé Felipe,2020,41,https://www.letras.mus.br/ze-felipe/so-tem-eu/,-1,0.2730750694141818
1529,Sobrenatural,musica1529,musica1529_trecho1,"Não sei se foi real, mas vi você chegar Por entre as flores brancas, num lindo lugar Magia de outro planeta, Sem igual. Amor descontrolado, Fora do normal Sobrenatural, sobrenatural!",Luan Santana,2009,30,https://www.letras.mus.br/luan-santana/1575263/,-1,0.24702819284151212
302,Sogrão Caprichou,musica302,musica302_trecho3,"Perto de papai, você é santinha Quando o sogrão não tá, você perde a linha Perto de papai, você é santinha Quando o sogrão não tá, você perde a linha",Luan Santana,2013,30,https://www.letras.mus.br/luan-santana/sograo-caprichou/,-1,0.33385883187905085
426,Sol Nos Olhos,musica426,musica426_trecho1,"Seus olhos, tão claros como um dia de Sol Oh-uh-oh-uh-oh Sua pele perfumada no meu lençol Uh-oh-uh-oh-uh-oh",Jorge & Mateus,2025,17,https://www.letras.mus.br/jorge-mateus/sol-nos-olhos/,-1,0.5402962649779636
426,Sol Nos Olhos,musica426,musica426_trecho3,"Você carrega o Sol nos olhos E a Lua no sorriso Seu corpo eu toco e faço solos Sua voz é música pros meus ouvidos Se você for, eu sofro, é óbvio Desequilibra o meu juízo Se eu penso em te perder, eu choro Sei lá se eu sobrevivo",Jorge & Mateus,2025,49,https://www.letras.mus.br/jorge-mateus/sol-nos-olhos/,-1,0.15959617134100001
426,Sol Nos Olhos,musica426,musica426_trecho8,"Você carrega o Sol nos olhos E a Lua no sorriso Seu corpo eu toco e faço solos Sua voz é música pros meus ouvidos Se você for, eu sofro, é óbvio Desequilibra o meu juízo Se eu penso em te perder, eu choro (eu choro) Sei lá se eu sobrevivo",Jorge & Mateus,2025,51,https://www.letras.mus.br/jorge-mateus/sol-nos-olhos/,-1,0.15959617134100001
246,Solteiro Forçado,musica246,musica246_trecho1,Tá difícil não te ver aqui Quando eu acordo Não dá nem vontade de sair Da cama,Ana Castela,2024,17,https://www.letras.mus.br/ana-castela/solteiro-forcado/,-1,0.26586676600481807
246,Solteiro Forçado,musica246,musica246_trecho2,"Eu passaria o dia inteiro de pijama Mas, no outro lado da saudade, a vida anda",Ana Castela,2024,16,https://www.letras.mus.br/ana-castela/solteiro-forcado/,-1,0.050610626208084986
246,Solteiro Forçado,musica246,musica246_trecho4,"Eu tô sendo solteiro forçado, uh Eu tô beijando sem querer ser beijado, uh Era pra ser você comigo aqui do lado Eu tô na bagaceira, mas tô só o bagaço",Ana Castela,2024,31,https://www.letras.mus.br/ana-castela/solteiro-forcado/,-1,0.6841461884745068
246,Solteiro Forçado,musica246,musica246_trecho9,"Era pra ser você comigo aqui do lado Eu tô na bagaceira, mas tô só o bagaço",Ana Castela,2024,17,https://www.letras.mus.br/ana-castela/solteiro-forcado/,-1,0.19651827139857658
1442,Solteiro Não Trai,musica1442,musica1442_trecho2,Mas é a primeira vez Que eu conheço outra pessoa Que eu tô beijando outra boca Depois que eu conheci você,Gustavo Mioto,2022,21,https://www.letras.mus.br/gustavo-mioto/solteiro-nao-trai/,-1,0.15049683936752478
1442,Solteiro Não Trai,musica1442,musica1442_trecho4,"Para de dizer que eu te traí Meu coração não te pertence mais Solteiro não trai, solteiro não trai",Gustavo Mioto,2022,19,https://www.letras.mus.br/gustavo-mioto/solteiro-nao-trai/,-1,0.05781365351999801
1442,Solteiro Não Trai,musica1442,musica1442_trecho11,Para de dizer que eu te traí (Meu coração não te pertence mais) (Solteiro não trai) solteiro não trai,Gustavo Mioto,2022,19,https://www.letras.mus.br/gustavo-mioto/solteiro-nao-trai/,-1,0.05781365351999823
728,Somos Apenas Um,musica728,musica728_trecho3,"É, você vai ser pra sempre Meu destino, minha luz E o mundo será sempre Como se estivesse a voar No céu azul",Luan Santana,2009,23,https://www.letras.mus.br/luan-santana/1407543/,-1,0.044989844391131184
728,Somos Apenas Um,musica728,musica728_trecho5,"É, você vai ser pra sempre Meu destino, minha luz E o mundo será sempre Como se estivesse a voar no céu azul",Luan Santana,2009,23,https://www.letras.mus.br/luan-santana/1407543/,-1,0.044989844391131295
786,Sonha Comigo,musica786,musica786_trecho2,Seu amor foi sempre muito mais Do que eu sonhei pra mim Sempre mais do que eu mereci Pensa direito antes de dormir,Zé Neto e Cristiano,2017,23,https://www.letras.mus.br/ze-neto-cristiano/sonha-comigo/,-1,0.3139920419124699
1277,Sonhando,musica1277,musica1277_trecho1,"Se passo o dia, paro e escuto o vento E ainda não posso entender Como o improvável insiste em acontecer",Bruno & Marrone,2010,20,https://www.letras.mus.br/bruno-e-marrone/1743238/,-1,0.2725544075399883
1483,Sonho,musica1483,musica1483_trecho2,"Tava morrendo de saudade E logo a gente volta pra realidade, de não estarmos juntos Sabe o que eu gosto em sonhos? É que podemos ser o que quiser Não tem ninguém aqui, além de nós.. Estamos sós Estamos só..",Cleber e Cauan,2016,40,https://www.letras.mus.br/cleber-cauan/sonho/,-1,0.32898134945427127
1483,Sonho,musica1483,musica1483_trecho3,Hoje eu reparei no seu batom Vi que a sua roupa caiu bem Que o seu perfume é tão bom E o sorriso lindo que só você tem,Cleber e Cauan,2016,28,https://www.letras.mus.br/cleber-cauan/sonho/,-1,0.2848678876153826
1483,Sonho,musica1483,musica1483_trecho4,"Viu que eu reparei em tudo?! Deve ta me estranhando, Eu já te perdi uma vez, não posso te perder de novo Nem em sonho Uuuuh uuuuh..",Cleber e Cauan,2016,27,https://www.letras.mus.br/cleber-cauan/sonho/,-1,0.12275488610173424
1213,Sonho Bom,musica1213,musica1213_trecho1,Um beija-flor em meu jardim Cheirando rosas e jasmins Um céu repleto de fantasia Com sonho bom em noite fria,Munhoz & Mariano,2011,20,https://www.letras.mus.br/munhoz-mariano/1742852/,-1,0.15246916205390548
1213,Sonho Bom,musica1213,musica1213_trecho2,"Se estou certo ou errado, não sei dizer O amor conspira ao meu lado A quem possa não saber, finge não ver O que o amor pode esconder entre eu e você",Munhoz & Mariano,2011,32,https://www.letras.mus.br/munhoz-mariano/1742852/,-1,0.05021840443733527
507,Sonho de Todo Casal,musica507,musica507_trecho1,"Quando eu bati o olho Eu já percebi que era você Yeah, yeah Exatamente como um sonho E não precisa fechar o olho pra ver Yeah, yeah",Marcos & Belutti,2025,27,https://www.letras.mus.br/marcos-belutti/sonho-de-todo-casal/,-1,0.14192770409015476
507,Sonho de Todo Casal,musica507,musica507_trecho3,Arrepia Dá gelo na barriga Me tira um sorriso bobo Me faz imaginar família Me faz amar feito louco E a parte principal É que a gente é o sonho de todo casal,Marcos & Belutti,2025,33,https://www.letras.mus.br/marcos-belutti/sonho-de-todo-casal/,-1,0.13229763280894724
507,Sonho de Todo Casal,musica507,musica507_trecho8,"Arrepia Dá gelo na barriga Me tira um sorriso bobo Me faz imaginar família Me faz amar feito louco E a parte principal É que a gente é o sonho de todo casal Yeah, yeah, yeah",Marcos & Belutti,2025,36,https://www.letras.mus.br/marcos-belutti/sonho-de-todo-casal/,-1,0.13229763280894735
1059,Sorria (part. MC Don Juan),musica1059,musica1059_trecho4,Quando perceber que seus defeitos Só comigo eram perfeitos Não tem jeito Você vai chorar por mim,Luan Santana,2021,17,https://www.letras.mus.br/luan-santana/sorria-part-mc-don-juan/,-1,0.07412665757249903
1059,Sorria (part. MC Don Juan),musica1059,musica1059_trecho5,Quando beijar outra boca E não quiser tirar a roupa Não dá outra Você vai chorar por mim,Luan Santana,2021,18,https://www.letras.mus.br/luan-santana/sorria-part-mc-don-juan/,-1,0.2927096194935256
1059,Sorria (part. MC Don Juan),musica1059,musica1059_trecho6,"Vai piorar, desidratar Se me ver por aí na vida louca Quando perceber que seus defeitos Só comigo eram perfeitos Não tem jeito Você vai chorar por mim (Vai chorar por mim)",Luan Santana,2021,32,https://www.letras.mus.br/luan-santana/sorria-part-mc-don-juan/,-1,0.07412665757249914
1059,Sorria (part. MC Don Juan),musica1059,musica1059_trecho8,"Com as amigas fica louca Sente falta da minha boca Cê fala que não, mas me ama e você sabe Vê se não confunde o meu amor Que se a brisa passa, a bad bate E se ela bate?",Luan Santana,2021,39,https://www.letras.mus.br/luan-santana/sorria-part-mc-don-juan/,-1,0.2673260713373343
1059,Sorria (part. MC Don Juan),musica1059,musica1059_trecho12,"Vai piorar, desidratar Se me ver por aí na vida louca Quando perceber que seus defeitos Só comigo eram perfeitos Não tem jeito Você vai chorar",Luan Santana,2021,26,https://www.letras.mus.br/luan-santana/sorria-part-mc-don-juan/,-1,0.07412665757249881
1059,Sorria (part. MC Don Juan),musica1059,musica1059_trecho13,Vai chorar por mim Vai chorar por mim,Luan Santana,2021,8,https://www.letras.mus.br/luan-santana/sorria-part-mc-don-juan/,-1,0.6426526587136008
1059,Sorria (part. MC Don Juan),musica1059,musica1059_trecho16,"Vai piorar, desidratar Se me ver por aí na vida louca Quando perceber que seus defeitos Só comigo eram perfeitos Só comigo são perfeitos Você vai, vai, vai",Luan Santana,2021,28,https://www.letras.mus.br/luan-santana/sorria-part-mc-don-juan/,-1,0.07412665757249914
1059,Sorria (part. MC Don Juan),musica1059,musica1059_trecho17,"Vai piorar, desidratar Se me ver por aí na vida louca Quando perceber que seus defeitos Só comigo eram perfeitos Não tem jeito Você vai chorar por mim",Luan Santana,2021,28,https://www.letras.mus.br/luan-santana/sorria-part-mc-don-juan/,-1,0.07412665757249903
954,Sorte,musica954,musica954_trecho1,Sorte é tá na rua num dia de chuva Ter alguém pra dividir o seu guarda-chuva Sorte é ter alguém te esperando em casa E com um beijo apagar a semana estressada,Diego e Victor Hugo,2021,32,https://www.letras.mus.br/diego-victor-hugo/sorte/,-1,0.27177153339566185
954,Sorte,musica954,musica954_trecho2,Sorte não é ganhar dinheiro Ter carro do ano Sorte é um verdadeiro eu te amo,Diego e Victor Hugo,2021,16,https://www.letras.mus.br/diego-victor-hugo/sorte/,-1,0.12174374545746347
985,Sorte,musica985,musica985_trecho4,Tenho sorte de te conhecer Sorte de poder amar você Sorte de dormir nos braços teus,Simone & Simaria,2012,16,https://www.letras.mus.br/simone-simaria-as-coleguinhas/1630671/,-1,0.2639216503641477
1484,Sorte É Ter Você,musica1484,musica1484_trecho1,Eu venho de sonhos vividos Amores fracassados de ilusões perdidas Passos caminhados de um deserto Que eu tento me esconder,João Bosco & Vinícius,2014,20,https://www.letras.mus.br/joao-bosco-viniciusacustico/sorte-e-ter-voce/,-1,0.05097714515006502
1484,Sorte É Ter Você,musica1484,musica1484_trecho4,"De tantas Renatas, Flávias e Karinas Conheci mil Anas, muitas Carolinas Mas sorte é ter você",João Bosco & Vinícius,2014,16,https://www.letras.mus.br/joao-bosco-viniciusacustico/sorte-e-ter-voce/,-1,0.11030907759903041
1195,Sorte Que a Gente Tem a Vida Inteira,musica1195,musica1195_trecho1,"É, não escolhi assim, nem você E quem diria, um dia, agora o que vou dizer? Não sei se imagina, mas sente, eu sei Percebi você me olhando diferente Como eu te olhei",Munhoz & Mariano,2011,33,https://www.letras.mus.br/munhoz-mariano/sorte-que-a-gente-tem-a-vida-inteira/,-1,0.18233570928618015
1195,Sorte Que a Gente Tem a Vida Inteira,musica1195,musica1195_trecho2,A gente só tá dando volta sem saber o rumo Ao seu lado eu me sinto diferente Eu não sei por que,Munhoz & Mariano,2011,22,https://www.letras.mus.br/munhoz-mariano/sorte-que-a-gente-tem-a-vida-inteira/,-1,0.0525671707583506
1195,Sorte Que a Gente Tem a Vida Inteira,musica1195,musica1195_trecho3,A gente tá se apaixonando sem saber o rumo Já sou o seu melhor amigo Mas não é isso que eu quero se Não é isso que eu quero ser,Munhoz & Mariano,2011,30,https://www.letras.mus.br/munhoz-mariano/sorte-que-a-gente-tem-a-vida-inteira/,-1,0.2730750694141819
1195,Sorte Que a Gente Tem a Vida Inteira,musica1195,musica1195_trecho4,"Não me peça que eu não te olhe Não te deseje, nem te adore Não há segundo em que eu não te queira Nunca gostei de alguém dessa maneira",Munhoz & Mariano,2011,29,https://www.letras.mus.br/munhoz-mariano/sorte-que-a-gente-tem-a-vida-inteira/,-1,0.05030820096034483
654,Sorte Que Cê Beija Bem,musica654,musica654_trecho4,Sabe o que você tem? Tem sorte que cê beija bem Você é a corda bamba que eu aprendi a andar,Maiara & Maraisa,2017,21,https://www.letras.mus.br/maiara-maraisa/sorte-que-beija-bem/,-1,0.1797379182395329
712,Sosseguei,musica712,musica712_trecho2,"Eu sosseguei Ontem foi a despedida da balada Dessa vida de solteiro Eu sosseguei Mudei a rota e meus planos O que eu tava procurando Eu achei, em você",Jorge & Mateus,2016,29,https://www.letras.mus.br/jorge-mateus/eu-sosseguei/,-1,0.024304581407017856
712,Sosseguei,musica712,musica712_trecho3,Se quer cinema eu sou o par perfeito Quer curtir balada já tem seu parceiro Ou ficar em casa amando o dia inteiro Ou dividir comigo o seu brigadeiro,Jorge & Mateus,2016,29,https://www.letras.mus.br/jorge-mateus/eu-sosseguei/,-1,0.1369392663070833
463,Sou Eu,musica463,musica463_trecho1,"Ele te provoca pra mostrar que é melhor que eu Joga todo charme que puder pra ver se me venceu Olha pra você com aquele jeito de quem vai te amar Mais do que eu, mais do que eu",Bruno & Marrone,2009,39,https://www.letras.mus.br/bruno-e-marrone/1460074/,-1,0.1265174179917521
463,Sou Eu,musica463,musica463_trecho2,Ele sempre chega nos lugares que você está Quer aparecer de qualquer jeito pra você notar Pra quem sabe ler um pingo é letra eu posso decifrar Seu jogo de amor também sei jogar,Bruno & Marrone,2009,34,https://www.letras.mus.br/bruno-e-marrone/1460074/,-1,0.1134979983212584
463,Sou Eu,musica463,musica463_trecho3,"Quando o telefone toca você já não quer atender Pode ser ele do outro lado pra falar com você Não sou eu Acho que é melhor você contar pra ele de uma vez Que esse amor é todo meu eu não divido por três Sou eu, sou eu",Bruno & Marrone,2009,48,https://www.letras.mus.br/bruno-e-marrone/1460074/,-1,0.20963875929529274
360,Sou Seu Fã Nº 1,musica360,musica360_trecho2,"Sou fã do seu jeito Sou fã da sua roupa Sou fã desse sorriso estampado em sua boca Sou fã dos seus olhos Sou fã sem medida Sou seu fã número um E com você, sou fã da vida",Eduardo Costa,2009,39,https://www.letras.mus.br/eduardo-costa/1556876/,-1,0.1653830161201324
1210,Status Que Eu Não Queria,musica1210,musica1210_trecho2,Chorando em qualquer ombro Sem beijar nenhuma boca Dando fora pra te ver entrando Na minha vida uma hora ou outra,Zé Neto e Cristiano,2018,21,https://www.letras.mus.br/ze-neto-cristiano/status-que-eu-nao-queria/,-1,0.22080080740739882
1210,Status Que Eu Não Queria,musica1210,musica1210_trecho3,Tô no status que eu não queria Eu não sabia a falta que fazia Até que eu queria alguém Mas quem disse que eu mando? Se eu tô solteiro e o coração tá namorando,Zé Neto e Cristiano,2018,34,https://www.letras.mus.br/ze-neto-cristiano/status-que-eu-nao-queria/,-1,0.035483426896020576
1210,Status Que Eu Não Queria,musica1210,musica1210_trecho4,Status que eu não queria Eu não sabia a falta que fazia Até que eu queria alguém Mas quem disse que eu mando? Se eu tô solteiro e o coração tá namorando,Zé Neto e Cristiano,2018,32,https://www.letras.mus.br/ze-neto-cristiano/status-que-eu-nao-queria/,-1,0.035483426896020576
1210,Status Que Eu Não Queria,musica1210,musica1210_trecho9,"Status que eu não queria, ria aah",Zé Neto e Cristiano,2018,7,https://www.letras.mus.br/ze-neto-cristiano/status-que-eu-nao-queria/,-1,0.03753551688602763
1210,Status Que Eu Não Queria,musica1210,musica1210_trecho10,Até que eu queria alguém Mas quem disse que eu mando? Se eu tô solteiro e o coração tá namorando,Zé Neto e Cristiano,2018,20,https://www.letras.mus.br/ze-neto-cristiano/status-que-eu-nao-queria/,-1,0.03548342689602069
1210,Status Que Eu Não Queria,musica1210,musica1210_trecho11,Status que eu não queria,Zé Neto e Cristiano,2018,5,https://www.letras.mus.br/ze-neto-cristiano/status-que-eu-nao-queria/,-1,0.03753551688602785
21,Sua Boca Mente (You're Still The One) (part. Ana Castela),musica21,musica21_trecho3,"Chorei (chorei), eu sei (eu sei) Que sentimento não se cobra Mas a paixão Cegou os meus olhos E o coração",Zé Felipe,2025,21,https://www.letras.mus.br/ze-felipe/sua-boca-mente-youre-still-the-one-part-ana-castela/,-1,0.13931811380603232
793,Sua Vez de Terminar,musica793,musica793_trecho3,"O homem quando fala que não sofre é mentira O homem quando fala que esqueceu queima língua O homem quando fala que termina, volta Mulher quando decide terminar, termina Termina",Diego e Victor Hugo,2024,30,https://www.letras.mus.br/diego-victor-hugo/sua-vez-de-terminar/,-1,0.12320293716930009
793,Sua Vez de Terminar,musica793,musica793_trecho4,"O homem quando fala que não sofre é mentira O homem quando fala que esqueceu queima língua O homem quando fala que termina, volta Mulher quando decide terminar, termina",Diego e Victor Hugo,2024,29,https://www.letras.mus.br/diego-victor-hugo/sua-vez-de-terminar/,-1,0.12320293716930031
1586,Sufoco,musica1586,musica1586_trecho1,Eu sei que é amor e sinto pra valer Pois por você eu dou a cara pra bater Se eu te peço um beijo mata o meu desejo E tira o meu sufoco com o seu prazer,Luan Santana,2008,37,https://www.letras.mus.br/luan-santana/1238312/,-1,0.100578064805108
1586,Sufoco,musica1586,musica1586_trecho2,Como que eu faço pra tirar da cabeça Sendo que você não sai do meu coração? Sempre que me pede pra que eu te esqueça Fico no sufoco com essa paixão,Luan Santana,2008,31,https://www.letras.mus.br/luan-santana/1238312/,-1,0.03210488972009162
1586,Sufoco,musica1586,musica1586_trecho3,"Eu não sou brinquedo, mas você me pisa E sem querer judia do meu coração E faz minha cabeça, sempre que decido te dizer um não",Luan Santana,2008,26,https://www.letras.mus.br/luan-santana/1238312/,-1,0.0764461360029145
662,Suíte 14 (part. MC Guimê),musica662,musica662_trecho1,"E vai ver que o frio é maior Quando eu não for mais seu cobertor Nem ouvir minha voz dizendo Já é hora, acorda, amor",Henrique & Diego,2015,25,https://www.letras.mus.br/henrique-diego/suite-14/,-1,0.3933940221014117
662,Suíte 14 (part. MC Guimê),musica662,musica662_trecho3,"Briga, separa, quebra a cara e volta Vê que sem o outro a vida é tão sem graça Me ligue agora, tô te esperando Vou te contar o que eu tô imaginando",Henrique & Diego,2015,32,https://www.letras.mus.br/henrique-diego/suite-14/,-1,0.17179096851683362
662,Suíte 14 (part. MC Guimê),musica662,musica662_trecho4,"Suíte 14, banheira de espuma Nós dois se amando e a Lua por testemunha Jantar à luz de vela, champanhe com cereja E a vida inteira o nosso amor de sobremesa",Henrique & Diego,2015,31,https://www.letras.mus.br/henrique-diego/suite-14/,-1,0.20921814891078383
662,Suíte 14 (part. MC Guimê),musica662,musica662_trecho9,A vida inteira o nosso amor de sobremesa,Henrique & Diego,2015,8,https://www.letras.mus.br/henrique-diego/suite-14/,-1,0.20921814891078383
662,Suíte 14 (part. MC Guimê),musica662,musica662_trecho10,"Quer ser durona, mas é sensível como um vidro Se emociona com nós se amando em uma hidro Vem como brilho da estrela que brilha da ilha particular Você merece o melhor, então venha aqui buscar",Henrique & Diego,2015,36,https://www.letras.mus.br/henrique-diego/suite-14/,-1,0.10404348268332209
816,Sujeito,musica816,musica816_trecho3,"E quando se tocar que não tem volta Cê vai querer voltar, faço uma aposta Vai sentir, por dentro, tão vazia Vai ver que era feliz e não sabia Vai sobrar espaço na sua cama Mas vai faltar alguém pra dizer que te ama Mas mesmo ele tendo mil defeitos Ninguém te completava como aquele sujeito",Gusttavo Lima,2018,56,https://www.letras.mus.br/gusttavo-lima/sujeito/,-1,0.23782988584036036
1473,Super Amor,musica1473,musica1473_trecho1,Eu já desafiei a lei da gravidade Já voei sem asas pra te procurar Tenho um radar no peito batendo de saudade É o meu coração querendo te encontrar,Luan Santana,2011,29,https://www.letras.mus.br/luan-santana/1779460/,-1,0.07193942292101796
1473,Super Amor,musica1473,musica1473_trecho2,E só fechar os olhos e imaginar você Que eu sinto a energia como um super poder,Luan Santana,2011,17,https://www.letras.mus.br/luan-santana/1779460/,-1,0.19378851868471947
108,Supera,musica108,musica108_trecho1,"Tá de novo com essa pessoa Não tô acreditando, vai fazer papel de trouxa outra vez Cê não aprende mesmo, hein",Marília Mendonça,2019,21,https://www.letras.mus.br/marilia-mendonca/supera/,-1,0.2928410723659658
108,Supera,musica108,musica108_trecho2,"Pra você isso é amor Mas pra ele isso não passa de um plano B Se não pegar ninguém da lista, liga pra você Te usa e joga fora",Marília Mendonça,2019,29,https://www.letras.mus.br/marilia-mendonca/supera/,-1,0.1540075596466245
108,Supera,musica108,musica108_trecho3,"Para de insistir, chega de se iludir O que cê tá passando, eu já passei e eu sobrevivi Se ele não te quer, supera Se ele não te quer, supera",Marília Mendonça,2019,30,https://www.letras.mus.br/marilia-mendonca/supera/,-1,0.10998643216711479
108,Supera,musica108,musica108_trecho4,"Ele tá fazendo de tapete o seu coração Promete pra mim que dessa vez você vai falar não De mulher pra mulher, supera De mulher pra mulher, supera",Marília Mendonça,2019,28,https://www.letras.mus.br/marilia-mendonca/supera/,-1,0.09615916117169154
108,Supera,musica108,musica108_trecho8,"Se ele não te quer, supera De mulher pra mulher, supera",Marília Mendonça,2019,11,https://www.letras.mus.br/marilia-mendonca/supera/,-1,0.1540075596466245
677,Surdo e Mudo,musica677,musica677_trecho3,"E o menino curioso começou falar Eu não falo, eu não escuto mas quero pular Eu não falo, eu não escuto mas quero marchar Da um jeito minha mãezinha eu quero adorar",Alisson Santos,2020,32,https://www.letras.mus.br/alisson-santos/surdo-e-mudo/,-1,0.5487552723293891
677,Surdo e Mudo,musica677,musica677_trecho4,E quando em casa a mamãe chegou Um caderno no armário ela pegou Em alguns minutos no papel ela anotou E depois em pedacinhos o papel rasgou Dentro de uma sacolinha colocou E nas mãos do seu filhinho entregou E olhando nos seus olhos começou falar Amanhã na igreja quando alguém pular,Alisson Santos,2020,52,https://www.letras.mus.br/alisson-santos/surdo-e-mudo/,-1,0.210129441882155
677,Surdo e Mudo,musica677,musica677_trecho5,Tu enche a mão de papelzinho e joga pro ar Amanhã na igreja quando alguém marchar Tu enche a mão de papelzinho e joga pro ar É com papel oh filho meu que tu vai adorar,Alisson Santos,2020,36,https://www.letras.mus.br/alisson-santos/surdo-e-mudo/,-1,0.17009945697705664
677,Surdo e Mudo,musica677,musica677_trecho13,Tu tem mão e não levanta Tem perna e não pula Tem tudo e não adora o nome do senhor Tem saúde e só reclama Tem casa e só reclama Tem tudo e não adora o nome do senhor,Alisson Santos,2020,39,https://www.letras.mus.br/alisson-santos/surdo-e-mudo/,-1,0.1251612053299106
677,Surdo e Mudo,musica677,musica677_trecho14,Se tu precisa de papel eu vou procurar Se tu precisa de sacola eu vou te dar Mas se tem boca abre a boca aí pra adorar Mas se tem mãos levante as mãos aí pra adorar,Alisson Santos,2020,37,https://www.letras.mus.br/alisson-santos/surdo-e-mudo/,-1,0.1299717218803772
1081,Tá Combinado,musica1081,musica1081_trecho1,"Tá pra nascer alguém que me prenda e me faça mudar Vai se acostumando, é meu jeito de amar É que sou viciado num rabo de saia",João Neto e Frederico,2012,27,https://www.letras.mus.br/joao-neto-frederico/1856881/,-1,0.11599377228583707
1081,Tá Combinado,musica1081,musica1081_trecho3,"Se você acha que eu não vou pra balada E que o meu dilema é ficar dentro de casa Pirou, você não sabe nada, sem moral",João Neto e Frederico,2012,26,https://www.letras.mus.br/joao-neto-frederico/1856881/,-1,0.13716760778993253
494,Tá Faltando Eu (part. Jorge e Mateus),musica494,musica494_trecho1,"Tá faltando eu em mim Pergunto, mas não sei quem sou Não sei se é bom ou se é ruim Quero ficar, não sei se vou",Gusttavo Lima,2015,26,https://www.letras.mus.br/gusttavo-lima/ta-faltando-eu/,-1,0.29308551919534964
494,Tá Faltando Eu (part. Jorge e Mateus),musica494,musica494_trecho2,Sou doce e amargo ao mesmo tempo Me policio sem razão Razão é o tipo que invento Pra não cair na palma da mão,Gusttavo Lima,2015,24,https://www.letras.mus.br/gusttavo-lima/ta-faltando-eu/,-1,0.14628192644840532
494,Tá Faltando Eu (part. Jorge e Mateus),musica494,musica494_trecho5,Preciso me curtir bem mais É pena que só olho pros lados Se a alma quer um banho de sais O corpo quer me ver apaixonado,Gusttavo Lima,2015,26,https://www.letras.mus.br/gusttavo-lima/ta-faltando-eu/,-1,0.13757363964290137
494,Tá Faltando Eu (part. Jorge e Mateus),musica494,musica494_trecho15,"E acordar, não seja tarde",Gusttavo Lima,2015,5,https://www.letras.mus.br/gusttavo-lima/ta-faltando-eu/,-1,0.22414800132229185
1423,Tá Mais Pra Capetinha (part. Cristiano Araújo),musica1423,musica1423_trecho2,"Fica fazendo charme só Pra me provocar, sabe que comigo Ajoelhou tem que rezar.",Zé Ricardo e Thiago,2012,14,https://www.letras.mus.br/ze-ricardo-thiago/2003791/,-1,0.14601427926626465
807,Tá Namorando e Me Querendo,musica807,musica807_trecho1,"Pra que foi se envolver com alguém Se todo mundo ainda sabe que você me ama? Tá escrito no seu olhar, tentando disfarçar Mas quando vai dormir, me chama",Henrique & Juliano,2013,29,https://www.letras.mus.br/henrique-e-juliano/ta-namorando-e-me-querendo/,-1,0.050921131098096484
807,Tá Namorando e Me Querendo,musica807,musica807_trecho2,Vou dizer que não fiquei surpreso Quando mandou sua amiga Me dar seu telefone na balada aquele dia Agora é minha vez de dar o troco em você Vou telefonar pra te dizer,Henrique & Juliano,2013,33,https://www.letras.mus.br/henrique-e-juliano/ta-namorando-e-me-querendo/,-1,0.06619607397359417
807,Tá Namorando e Me Querendo,musica807,musica807_trecho3,"Será que eu que sou bandido Mentiroso e mulherengo? Olha pra você, tá namorando e me querendo Tô ligando pra você, mas não é pra te pegar É pra te dizer, assim não vai rolar",Henrique & Juliano,2013,35,https://www.letras.mus.br/henrique-e-juliano/ta-namorando-e-me-querendo/,-1,0.09615916117169154
1106,Tá Se Achando,musica1106,musica1106_trecho2,"Tá se achando bacana, gostosa, um mulherão Rasga dinheiro, tem gelo dentro do coração Tá se achando bacana, gostosa, um mulherão Pintou saudade, tô sabendo, vai correr pro meu portão",Guilherme & Santiago,2010,30,https://www.letras.mus.br/guilherme-e-santiago/1630465/,-1,0.28885483527813305
1272,Tá Soltinha,musica1272,musica1272_trecho2,"Namorou por muito tempo, muito tempo na coleira Agora tá solteira, tá querendo extravasar Já é VIP, tá em todas, onde chega tem pulseira Agora não tem frescura e só chegar que rola",Thiago Brava,2013,33,https://www.letras.mus.br/thiago-brava/ta-soltinha/,-1,0.06520513786035398
642,Tailândia,musica642,musica642_trecho2,"Te olho além dos meus olhos, minha mente fotografa você Te sinto além do seu toque, falo seu nome e chego tremer Eu sou doida, eu sou louca, maluca, pirada em você",Luiza Martins,2025,32,https://www.letras.mus.br/luiza-martins/tailandia/,-1,0.10450355611372564
642,Tailândia,musica642,musica642_trecho3,"Se um dia quiser ir embora, vai, mas me leva junto Leva eu na mochila pra qualquer lugar que quiser nesse mundo Se quiser mais espaço, eu levo você pra Lua Leonardo da Vinci pintou Monalisa porque nunca te viu nua",Luiza Martins,2025,41,https://www.letras.mus.br/luiza-martins/tailandia/,-1,0.2398420484678897
642,Tailândia,musica642,musica642_trecho7,"(Bem assim, ó) Se um dia quiser ir embora, vai, mas me leva junto Leva eu na mochila pra qualquer lugar que quiser nesse mundo Se quiser mais espaço, eu levo você pra Lua Leonardo da Vinci só pintou Monalisa porque ele nunca te viu nua",Luiza Martins,2025,46,https://www.letras.mus.br/luiza-martins/tailandia/,-1,0.2398420484678897
88,Tanto Faz,musica88,musica88_trecho2,"E em qualquer lugar que eu vou Onde você está, eu estou, oh",Luan Santana,2013,13,https://www.letras.mus.br/luan-santana/tanto-faz/,-1,0.1949404077973398
88,Tanto Faz,musica88,musica88_trecho3,O meu pensamento te segue Minha saudade te persegue O meu amor não envelhece Cê não sai da minha mente,Luan Santana,2013,20,https://www.letras.mus.br/luan-santana/tanto-faz/,-1,0.1927068783815714
88,Tanto Faz,musica88,musica88_trecho4,"É que você me causa febre De uns 40 graus ou um pouco mais Eu quero é você, eu amo só você E o resto tanto faz, tanto faz",Luan Santana,2013,29,https://www.letras.mus.br/luan-santana/tanto-faz/,-1,0.04903331685533174
88,Tanto Faz,musica88,musica88_trecho7,"É que você me causa febre De uns 40 graus ou um pouco mais Eu quero é você, eu amo só você E o resto, oh",Luan Santana,2013,26,https://www.letras.mus.br/luan-santana/tanto-faz/,-1,0.049033316855331854
88,Tanto Faz,musica88,musica88_trecho9,"É que você me causa febre De uns 40 graus ou um pouco mais Eu quero é você, eu amo só você E o resto tanto faz, tanto faz E o resto tanto faz",Luan Santana,2013,34,https://www.letras.mus.br/luan-santana/tanto-faz/,-1,0.049033316855331965
1464,Tão Feliz,musica1464,musica1464_trecho1,"Você tem vontades, sonhos e manias Tão diferentes das minhas E o normal é mesmo duvidar",Marcos & Belutti,2015,16,https://www.letras.mus.br/marcos-belutti/tao-feliz/,-1,0.10112855290820921
1464,Tão Feliz,musica1464,musica1464_trecho3,O estranho é que eu tô tão feliz Tão feliz,Marcos & Belutti,2015,10,https://www.letras.mus.br/marcos-belutti/tao-feliz/,-1,0.5402962649779635
1099,Tarde Demais,musica1099,musica1099_trecho1,Pois quando está sozinha liga toda hora Tá faltando carinho e de saudade chora Aceita de uma vez essa vontade louca De me amar,João Bosco & Vinícius,2011,24,https://www.letras.mus.br/joao-bosco-viniciusacustico/1873993/,-1,0.13757363964290137
1099,Tarde Demais,musica1099,musica1099_trecho2,Vê se para logo com esse jogo De ficar brincando com meu coração Diz pra todo mundo que sou bobo Que pra você não passo de uma curtição,João Bosco & Vinícius,2011,28,https://www.letras.mus.br/joao-bosco-viniciusacustico/1873993/,-1,0.07241193726799167
1099,Tarde Demais,musica1099,musica1099_trecho3,Pra que mentir? Fingir que não me ama mais Você sabe que esquecer de mim É tarde demais,João Bosco & Vinícius,2011,18,https://www.letras.mus.br/joao-bosco-viniciusacustico/1873993/,-1,0.15856127920646568
1157,Tarde Demais,musica1157,musica1157_trecho2,Há muito tempo que eu venho pensando Analisando nós dois Perdi meu tempo com você só brigando Não vou deixar pra depois,César Menotti & Fabiano,2008,22,https://www.letras.mus.br/cesar-menotti-e-fabiano/699295/,-1,0.06389617125699609
1157,Tarde Demais,musica1157,musica1157_trecho5,Não sei se dá pra ver Mas acho que eu estou mudando,César Menotti & Fabiano,2008,12,https://www.letras.mus.br/cesar-menotti-e-fabiano/699295/,-1,0.05126869081182106
747,Te Amo,musica747,musica747_trecho1,Onde você pensa que vai Com essas malas jogadas no chão Com esse rosto coberto de pranto E essa sombra no seu coração,Zé Neto e Cristiano,2015,23,https://www.letras.mus.br/ze-neto-cristiano/te-amo/,-1,0.3338666779184638
747,Te Amo,musica747,musica747_trecho4,Eu não imagino como seja o mundo Sem você por perto eu não posso seguir Me desculpa por tudo que fiz Se te fiz infeliz e nunca admiti,Zé Neto e Cristiano,2015,28,https://www.letras.mus.br/ze-neto-cristiano/te-amo/,-1,0.1927068783815714
747,Te Amo,musica747,musica747_trecho5,Te amo Te amo Te amo Te amo,Zé Neto e Cristiano,2015,8,https://www.letras.mus.br/ze-neto-cristiano/te-amo/,-1,0.1820127587584296
1486,Te Amo,musica1486,musica1486_trecho3,E eu que já não via a hora De te ter em meus braços E poder te dizer,Gian e Giovani,2006,18,https://www.letras.mus.br/gian-e-giovanni/546101/,-1,0.05937448034250414
1486,Te Amo,musica1486,musica1486_trecho5,Te amo E nem quero tentar entender O desejo que eu sinto É mais do que palavras,Gian e Giovani,2006,17,https://www.letras.mus.br/gian-e-giovanni/546101/,-1,0.029645645764662
1486,Te Amo,musica1486,musica1486_trecho7,Será que você vai me esquecer? Será que também vai sentir A mesma vontade? Eu morro se não volto a te ver,Gian e Giovani,2006,22,https://www.letras.mus.br/gian-e-giovanni/546101/,-1,0.03210488972009151
1486,Te Amo,musica1486,musica1486_trecho8,De novo em meus braços Pra poder te dizer,Gian e Giovani,2006,9,https://www.letras.mus.br/gian-e-giovanni/546101/,-1,0.18150908271549426
1486,Te Amo,musica1486,musica1486_trecho10,Te amo E nem quero tentar entender O desejo que eu sinto É mais do que palavras Te amo,Gian e Giovani,2006,19,https://www.letras.mus.br/gian-e-giovanni/546101/,-1,0.029645645764662
1474,Te Amo à Beça,musica1474,musica1474_trecho1,Os meus olhos me entregam Quando você vem virando a esquina Estacionando seu carro na rua E aí é que eu começo acreditar,Matheus & Kauan,2015,23,https://www.letras.mus.br/matheus-kauan/te-amo-a-beca/,-1,0.1462819264484052
1474,Te Amo à Beça,musica1474,musica1474_trecho2,"Meu coração zera Quando você prolonga muito essa espera Diz estar chegando, mas não tem nenhuma pressa E ai é que eu começo a duvidar",Matheus & Kauan,2015,25,https://www.letras.mus.br/matheus-kauan/te-amo-a-beca/,-1,0.18478918410304457
1474,Te Amo à Beça,musica1474,musica1474_trecho3,"Mas não do que eu penso Não do que eu sinto Sei que ainda tenho muito amor pra te dar O meu destino, o seu futuro No fim da historia há de se encontrar",Matheus & Kauan,2015,34,https://www.letras.mus.br/matheus-kauan/te-amo-a-beca/,-1,0.19415952087515076
1474,Te Amo à Beça,musica1474,musica1474_trecho5,"Ainda não decidiu se você vai ou fica Mesmo assim, te inclui de vez na minha vida E de uma coisa eu sei O que me faz falta é o seu amor",Matheus & Kauan,2015,32,https://www.letras.mus.br/matheus-kauan/te-amo-a-beca/,-1,0.04235887885939982
1379,Te Amo Com Voz Rouca,musica1379,musica1379_trecho1,A gente passa Por várias situações em um só dia Primeiro beija e depois briga Se ama e também faz intriga,Jorge & Mateus,2016,21,https://www.letras.mus.br/jorge-mateus/te-amo-com-voz-rouca/,-1,0.14457069201671446
1379,Te Amo Com Voz Rouca,musica1379,musica1379_trecho3,"Se me agride, eu te beijo Me maltrata, eu sempre esqueço E me vejo novamente preso em seus abraços",Jorge & Mateus,2016,19,https://www.letras.mus.br/jorge-mateus/te-amo-com-voz-rouca/,-1,0.022040789120356563
1379,Te Amo Com Voz Rouca,musica1379,musica1379_trecho5,Só quero estar do seu lado,Jorge & Mateus,2016,6,https://www.letras.mus.br/jorge-mateus/te-amo-com-voz-rouca/,-1,0.08054960477529549
1379,Te Amo Com Voz Rouca,musica1379,musica1379_trecho6,Seria pior não ter nunca mais O seu mau humor me tirando a paz Mas cinco minutos depois,Jorge & Mateus,2016,18,https://www.letras.mus.br/jorge-mateus/te-amo-com-voz-rouca/,-1,0.12303427676827661
1379,Te Amo Com Voz Rouca,musica1379,musica1379_trecho7,"Te provoco risos, te beijo à força E mais uma vez você me perdoa Diz eu te amo com voz rouca",Jorge & Mateus,2016,21,https://www.letras.mus.br/jorge-mateus/te-amo-com-voz-rouca/,-1,0.18073725764829163
1379,Te Amo Com Voz Rouca,musica1379,musica1379_trecho13,"Te provoco risos, te beijo à força E mais uma vez você me perdoa Diz eu te amo",Jorge & Mateus,2016,18,https://www.letras.mus.br/jorge-mateus/te-amo-com-voz-rouca/,-1,0.18073725764829152
1379,Te Amo Com Voz Rouca,musica1379,musica1379_trecho14,Seria pior não ter nunca mais O seu mau humor Mas cinco minutos depois,Jorge & Mateus,2016,14,https://www.letras.mus.br/jorge-mateus/te-amo-com-voz-rouca/,-1,0.16126132544871363
270,Te Amo Demais,musica270,musica270_trecho4,"Palavras valem menos que um olhar O coração é quem vai te explicar Da cabeça aos pés, eu vou te beijar Como um sábio na arte de amar",Marília Mendonça,2023,28,https://www.letras.mus.br/marilia-mendonca/te-amo-demais/,-1,0.5471890376908768
1083,Te Amo e Nada Mais,musica1083,musica1083_trecho1,"Teus olhos, o teu jeito A sua voz fala baixinho em meu ouvido São teus dedos, o teu toque O teu suspiro que não sai do pensamento Eu sei que não resisto",João Neto e Frederico,2012,32,https://www.letras.mus.br/joao-neto-frederico/1861081/,-1,0.2586246833142771
1083,Te Amo e Nada Mais,musica1083,musica1083_trecho2,Eu já conheço suas manhas e manias Já não vale o seu disfarce A gente fica em sintonia Eu já cansei de inventar você pro coração Pro meu coração,João Neto e Frederico,2012,29,https://www.letras.mus.br/joao-neto-frederico/1861081/,-1,0.14988203149262613
1083,Te Amo e Nada Mais,musica1083,musica1083_trecho3,Eu não te amo como ontem Amo mil vezes mais Me conte os teus segredos Mostre os teus sinais Se me perguntar qual é o seu defeito Ainda não sei Te amo e nada mais,João Neto e Frederico,2012,35,https://www.letras.mus.br/joao-neto-frederico/1861081/,-1,0.3017633857237949
1083,Te Amo e Nada Mais,musica1083,musica1083_trecho6,Eu não te amo como ontem Amo mil vezes mais Me conte os teus segredos Mostre os teus sinais E se me perguntar qual é o seu defeito Ainda não sei,João Neto e Frederico,2012,31,https://www.letras.mus.br/joao-neto-frederico/1861081/,-1,0.3017633857237948
1083,Te Amo e Nada Mais,musica1083,musica1083_trecho7,Eu não te amo como ontem Amo mil vezes mais Me conte os teus segredos Mostre os teus sinais E se me perguntar qual é o seu defeito Ainda não sei Te amo e nada mais,João Neto e Frederico,2012,36,https://www.letras.mus.br/joao-neto-frederico/1861081/,-1,0.3017633857237949
1083,Te Amo e Nada Mais,musica1083,musica1083_trecho9,Eu não te amo como ontem Eu amo mil vezes mais Me conte os teus segredos Mostre os teus sinais E se me perguntar qual é o seu defeito Ainda não sei Te amo e nada mais Te amo e nada mais,João Neto e Frederico,2012,42,https://www.letras.mus.br/joao-neto-frederico/1861081/,-1,0.3017633857237949
524,Te Amo Tanto Que Nem Sei,musica524,musica524_trecho4,Te amo tanto que nem sei Fica difícil de explicar Faltam palavras pra dizer Só não dá pra esconder A paixão em meu olhar,Jorge & Mateus,2007,24,https://www.letras.mus.br/jorge-mateus/1139599/,-1,0.029645645764662
524,Te Amo Tanto Que Nem Sei,musica524,musica524_trecho5,Te amo tanto que perdi O jeito de me declarar Estava cego pro amor quando te vi Eu não sabia o que era amar,Jorge & Mateus,2007,24,https://www.letras.mus.br/jorge-mateus/1139599/,-1,0.09058244279178895
1259,"Te Amo, Pai",musica1259,musica1259_trecho1,"Pai, senta aqui comigo que eu quero olhar Nesse rosto que o tempo fez mudar Pai, sempre será o meu maior tesouro",Rick & Renner,2007,22,https://www.letras.mus.br/rick-e-renner/1040134/,-1,0.2671438756360843
1259,"Te Amo, Pai",musica1259,musica1259_trecho3,"Pai, você não errou, você tava certo Mas eu não tinha você por perto Pra me mostrar o caminho, pai",Rick & Renner,2007,20,https://www.letras.mus.br/rick-e-renner/1040134/,-1,0.04702769732097134
1259,"Te Amo, Pai",musica1259,musica1259_trecho6,"Voz protetora que me disse tão forte Existe azar, mas existe sorte Existe o mal, mas existe o bem",Rick & Renner,2007,19,https://www.letras.mus.br/rick-e-renner/1040134/,-1,0.3514059558095687
1259,"Te Amo, Pai",musica1259,musica1259_trecho7,"Pai, eu lutei com a vida Eu briguei com o mundo Atrás do sucesso eu desci no fundo Onde só quem busca um sonho vai",Rick & Renner,2007,25,https://www.letras.mus.br/rick-e-renner/1040134/,-1,0.05097714515006457
1259,"Te Amo, Pai",musica1259,musica1259_trecho8,"Pai, eu não desisti, porque eu queria Na sua frente estar um dia Só pra dizer obrigado, pai!",Rick & Renner,2007,18,https://www.letras.mus.br/rick-e-renner/1040134/,-1,0.2671438756360842
1259,"Te Amo, Pai",musica1259,musica1259_trecho10,"Pai você fez sua parte, um lindo papel Tire o seu sapato e guarde o chapéu Que agora eu quero lhe cuidar",Rick & Renner,2007,22,https://www.letras.mus.br/rick-e-renner/1040134/,-1,0.057466442037119925
1259,"Te Amo, Pai",musica1259,musica1259_trecho11,"Pai, a pele queimada, a mão calejada É a historia que já ficou marcada Que é seu amor que de mim não sai",Rick & Renner,2007,23,https://www.letras.mus.br/rick-e-renner/1040134/,-1,0.1957585732867695
1259,"Te Amo, Pai",musica1259,musica1259_trecho13,"Pai, um filho não cresce, é sempre menino Quem cresce é o sonho com seu destino Esse é o motivo que um filho sai",Rick & Renner,2007,24,https://www.letras.mus.br/rick-e-renner/1040134/,-1,0.1764070694843929
1259,"Te Amo, Pai",musica1259,musica1259_trecho14,"Mas quando ele volta, como eu voltei E encontra o velho, como eu te encontrei É só pra dizer Eu te amo, pai",Rick & Renner,2007,23,https://www.letras.mus.br/rick-e-renner/1040134/,-1,0.2671438756360841
342,Te Assumi Pro Brasil,musica342,musica342_trecho2,"Arrumei a mala há mais de uma semana Só falta você me chamar pra eu fugir com você Mudei meu status, já tô namorando Antes de você aceitar, já te assumi pro Brasil",Matheus & Kauan,2017,33,https://www.letras.mus.br/matheus-kauan/te-assumi-pro-brasil/,-1,0.07748430293747499
342,Te Assumi Pro Brasil,musica342,musica342_trecho5,"Eu arrumei a mala há mais de uma semana Só falta você me chamar pra eu fugir com você Mudei meu status, já tô namorando Antes de você aceitar, já te assumi pro Brasil",Matheus & Kauan,2017,34,https://www.letras.mus.br/matheus-kauan/te-assumi-pro-brasil/,-1,0.07748430293747488
62,Te Esperando,musica62,musica62_trecho1,"Mesmo que você não caia na minha cantada Mesmo que você conheça outro cara Na fila de um banco, um tal de Fernando Um lance, assim, sem graça",Luan Santana,2013,28,https://www.letras.mus.br/luan-santana/te-esperando/,-1,0.062389070460874385
62,Te Esperando,musica62,musica62_trecho5,"E eu vou estar Te esperando, nem que já esteja velhinha gagá Com noventa, viúva, sozinha, não vou me importar Vou ligar, te chamar pra sair, namorar no sofá Nem que seja além dessa vida, eu vou estar Te esperando",Luan Santana,2013,40,https://www.letras.mus.br/luan-santana/te-esperando/,-1,0.19494040779734012
62,Te Esperando,musica62,musica62_trecho10,"E eu vou estar Te esperando, nem que já esteja velhinha gagá Com noventa, viúva, sozinha, não vou me importar Vou ligar, te chamar pra sair, namorar no sofá Nem que seja além dessa vida",Luan Santana,2013,35,https://www.letras.mus.br/luan-santana/te-esperando/,-1,0.19494040779734
62,Te Esperando,musica62,musica62_trecho11,"Eu vou estar Te esperando, nem que já esteja velhinha gagá Com noventa, viúva, sozinha, não vou me importar Vou ligar, te chamar pra sair, namorar no sofá Nem que seja além dessa vida, eu vou estar Te esperando Te esperando",Luan Santana,2013,41,https://www.letras.mus.br/luan-santana/te-esperando/,-1,0.19494040779734056
1608,Te Procurava de Novo,musica1608,musica1608_trecho2,"Eu era o tipo de pessoa que brigava à toa E na mesa de um bar virava outra pessoa Que beijava bocas E de vez em quando me amarrava em um corpo, achava que tava gostando",Maiara & Maraisa,2016,36,https://www.letras.mus.br/maiara-maraisa/te-procurava-de-novo/,-1,0.04749331478995911
1608,Te Procurava de Novo,musica1608,musica1608_trecho3,"Mas que sorriso é esse que cê tem? Eu que achava que não precisava de ninguém Tô me sentindo tão bem, tão bem",Maiara & Maraisa,2016,23,https://www.letras.mus.br/maiara-maraisa/te-procurava-de-novo/,-1,0.28486788761538284
1608,Te Procurava de Novo,musica1608,musica1608_trecho4,"Olha eu andando de mão dada no meio do povo Onde é que você tava esse tempo todo? Se eu não tivesse te encontrado, eu juro que te procurava De novo, de novo, de novo",Maiara & Maraisa,2016,35,https://www.letras.mus.br/maiara-maraisa/te-procurava-de-novo/,-1,0.07434967850653917
1608,Te Procurava de Novo,musica1608,musica1608_trecho10,"Olha eu andando de mão dada no meio do povo Se eu não tivesse te encontrado, eu juro que te procurava De novo, de novo, de novo",Maiara & Maraisa,2016,27,https://www.letras.mus.br/maiara-maraisa/te-procurava-de-novo/,-1,0.07434967850653873
1608,Te Procurava de Novo,musica1608,musica1608_trecho11,"Eu te procurava Se eu não tivesse te encontrado, eu juro que te procurava De novo, de novo, de novo",Maiara & Maraisa,2016,20,https://www.letras.mus.br/maiara-maraisa/te-procurava-de-novo/,-1,0.07434967850653917
1574,Te Vejo Linda,musica1574,musica1574_trecho2,Quando cê passa nego olha Não precisa perder horas alisando o seu cabelo Maquiando o que é perfeito,Luan Santana,2013,18,https://www.letras.mus.br/luan-santana/te-vejo-linda/,-1,0.05958224259610889
1574,Te Vejo Linda,musica1574,musica1574_trecho3,Se você fosse japonesa Paulistana ou esquimó De todos os sorrisos Pra mim o seu é o melhor,Luan Santana,2013,18,https://www.letras.mus.br/luan-santana/te-vejo-linda/,-1,0.2639216503641474
1574,Te Vejo Linda,musica1574,musica1574_trecho4,"Saiba que eu te vejo linda De cabelo solto, amarrado E fica mais linda ainda Quando cola do meu lado",Luan Santana,2013,20,https://www.letras.mus.br/luan-santana/te-vejo-linda/,-1,0.23690099263337083
56,Te Vivo,musica56,musica56_trecho1,Quando me sinto só Te faço mais presente Eu fecho os meus olhos E enxergo a gente,Luan Santana,2012,17,https://www.letras.mus.br/luan-santana/te-vivo/,-1,0.03210488972009162
56,Te Vivo,musica56,musica56_trecho2,"Em questão de segundos Voo pra outro mundo, outra constelação Não dá para explicar ao ver você chegando Qual a sensação",Luan Santana,2012,21,https://www.letras.mus.br/luan-santana/te-vivo/,-1,0.32898134945427115
56,Te Vivo,musica56,musica56_trecho4,"Eu não preciso te olhar pra te ter em meu mundo Porque, aonde quer que eu vá, você está em tudo Tudo, tudo que eu preciso (oh, oh, oh) Te vivo",Luan Santana,2012,31,https://www.letras.mus.br/luan-santana/te-vivo/,-1,0.10265215941778416
56,Te Vivo,musica56,musica56_trecho6,"Em questão de segundos Voo pra outro mundo, outra constelação Não dá para explicar ao ver você chegando Qual a sensação (oh, oh, oh)",Luan Santana,2012,24,https://www.letras.mus.br/luan-santana/te-vivo/,-1,0.3289813494542715
56,Te Vivo,musica56,musica56_trecho8,"Eu não preciso te olhar pra te ter em meu mundo Porque, aonde quer que eu vá, você está em tudo Tudo, tudo que eu preciso (oh, oh, oh)",Luan Santana,2012,29,https://www.letras.mus.br/luan-santana/te-vivo/,-1,0.10265215941778383
1462,Telefone Mudo/ 60  Dias Apaixonado/ Fazenda São Francisco/ Pagode Em Brasília (pot-pourri),musica1462,musica1462_trecho1,"Eu quero que risque meu nome da sua agenda Esqueça o meu telefone, não me ligues mais Porque já estou cansado de ser o remédio Pra curar o seu tédio Quando seus amores não lhe satisfaz",Victor & Leo,2007,36,https://www.letras.mus.br/victor-leo/916380/,-1,0.1596651506357265
1462,Telefone Mudo/ 60  Dias Apaixonado/ Fazenda São Francisco/ Pagode Em Brasília (pot-pourri),musica1462,musica1462_trecho4,"Viajando pra mato grosso, aparecida do taboado Conheci uma morena, que me deixou amarrado Deixei a linda pequena, por Deus confesso, desconsolado Mudei o jeito de ser, bebendo pra esquecer 60 dias apaixonado",Victor & Leo,2007,33,https://www.letras.mus.br/victor-leo/916380/,-1,0.21766584554494006
1462,Telefone Mudo/ 60  Dias Apaixonado/ Fazenda São Francisco/ Pagode Em Brasília (pot-pourri),musica1462,musica1462_trecho5,"Se alguém fala em mato grosso eu sinto o peito despedaçado O pranto rola depressa no meu rosto já cansado Jamais eu esquecerei aparecida do taboado Deixei a minha querida, deixei minha própria vida, 60 dias apaixonado Deixei a minha querida, deixei minha própria vida, 60 dias apaixonado",Victor & Leo,2007,48,https://www.letras.mus.br/victor-leo/916380/,-1,0.08419230360195351
1462,Telefone Mudo/ 60  Dias Apaixonado/ Fazenda São Francisco/ Pagode Em Brasília (pot-pourri),musica1462,musica1462_trecho8,Eu tenho um vizinho rico Fazendeiro endinheirado Não anda mais a cavalo Só compra carro importado,Victor & Leo,2007,16,https://www.letras.mus.br/victor-leo/916380/,-1,0.1341600796972945
1462,Telefone Mudo/ 60  Dias Apaixonado/ Fazenda São Francisco/ Pagode Em Brasília (pot-pourri),musica1462,musica1462_trecho9,Eu conservo a minha tropa O meu cavalo ensinado O fazendeiro moderno Só me chama de quadrado Namoramos a mesma moça Veja só o resultado,Victor & Leo,2007,25,https://www.letras.mus.br/victor-leo/916380/,-1,0.10858846627667507
1462,Telefone Mudo/ 60  Dias Apaixonado/ Fazenda São Francisco/ Pagode Em Brasília (pot-pourri),musica1462,musica1462_trecho10,Um dia a moça falou Pra não haver discussão Vamos fazer uma aposta A corrida da paixão Granfino corre no carro Você no seu alazão,Victor & Leo,2007,25,https://www.letras.mus.br/victor-leo/916380/,-1,0.1797379182395329
1462,Telefone Mudo/ 60  Dias Apaixonado/ Fazenda São Francisco/ Pagode Em Brasília (pot-pourri),musica1462,musica1462_trecho11,Eu vou pra minha fazenda Esperar lá no portão Quem dos dois chegar primeiro Vai ganhar meu coração,Victor & Leo,2007,18,https://www.letras.mus.br/victor-leo/916380/,-1,0.25271682539026497
1462,Telefone Mudo/ 60  Dias Apaixonado/ Fazenda São Francisco/ Pagode Em Brasília (pot-pourri),musica1462,musica1462_trecho12,Quem tem mulher que namora quem tem burro empacador Quem tem a roça no mato me chama Que jeito eu dou,Victor & Leo,2007,21,https://www.letras.mus.br/victor-leo/916380/,-1,0.14406566364513562
1462,Telefone Mudo/ 60  Dias Apaixonado/ Fazenda São Francisco/ Pagode Em Brasília (pot-pourri),musica1462,musica1462_trecho14,Tem prisioneiro inocente no fundo de uma prisão Tem muita sogra encrenqueira e tem violeiro embrulhão Pros prisioneiro inocente eu arranjo advogado E a sogra encrenqueira eu dou de laço dobrado E os violeiros embrulhão com meus versos estão quebrados,Victor & Leo,2007,40,https://www.letras.mus.br/victor-leo/916380/,-1,0.2740114930103038
398,Tem Que Ser Você,musica398,musica398_trecho1,Um dia seus pés vão me levar Onde as minhas mãos não podem chegar Me leva onde você for Estarei muito só sem o seu amor,Victor & Leo,2007,26,https://www.letras.mus.br/victor-leo/995776/,-1,0.23984204846789015
398,Tem Que Ser Você,musica398,musica398_trecho2,Agora é a hora de dizer,Victor & Leo,2007,6,https://www.letras.mus.br/victor-leo/995776/,-1,0.06795307257046468
398,Tem Que Ser Você,musica398,musica398_trecho3,Que hoje eu te amo Não vou negar Que outra pessoa Não servirá,Victor & Leo,2007,13,https://www.letras.mus.br/victor-leo/995776/,-1,0.031249039343591467
398,Tem Que Ser Você,musica398,musica398_trecho5,Me leva onde você for Estarei muito só sem o seu amor,Victor & Leo,2007,12,https://www.letras.mus.br/victor-leo/995776/,-1,0.14631799484872066
1091,Tempo Ao Tempo,musica1091,musica1091_trecho1,Você já percebeu que quando eu te vejo eu perco o chão? Que o simples fato de te ouvir me faz perder toda a razão?,Jorge & Mateus,2010,25,https://www.letras.mus.br/jorge-mateus/1703409/,-1,0.14628192644840565
1091,Tempo Ao Tempo,musica1091,musica1091_trecho2,"Quando você chega, minha mão transpira Minha mente pira, eu já não sei o que fazer Já vi que esse lance tá ficando chato Pois até meus atos não consigo mais conter",Jorge & Mateus,2010,32,https://www.letras.mus.br/jorge-mateus/1703409/,-1,0.1462819264484052
655,Tempo Perdido,musica655,musica655_trecho1,"Quando o amor passar da hora de terminar Qualquer sentimento é por obrigação Transa só por transar, pensamento noutro lugar O beijo na boca não tem mais paixão O corpo não mente, a alma não sente Não sabe como enganar No espelho dos olhos tá escrito: Não dá",Zezé Di Camargo & Luciano,2006,48,https://www.letras.mus.br/zeze-di-camargo-e-luciano/641047/,-1,0.19863484786166996
655,Tempo Perdido,musica655,musica655_trecho2,Só o silencio ficou entre nós A indiferença calou nossa voz O nosso amor foi ficando esquecido Só a tristeza sorriu pra nós dois A felicidade ficou pra depois Pena que tudo foi tempo perdido,Zezé Di Camargo & Luciano,2006,35,https://www.letras.mus.br/zeze-di-camargo-e-luciano/641047/,-1,0.194179302307125
655,Tempo Perdido,musica655,musica655_trecho3,"Transa só por transar, pensamento noutro lugar O beijo na boca não tem mais paixão O corpo não mente, a alma não sente Não sabe como enganar No espelho dos olhos tá escrito: Não dá",Zezé Di Camargo & Luciano,2006,35,https://www.letras.mus.br/zeze-di-camargo-e-luciano/641047/,-1,0.1986348478616694
655,Tempo Perdido,musica655,musica655_trecho4,Só o silêncio ficou entre nós A indiferença calou nossa voz O nosso amor foi ficando esquecido Só a tristeza sorriu pra nós dois A felicidade ficou pra depois Pena que tudo foi tempo perdido,Zezé Di Camargo & Luciano,2006,35,https://www.letras.mus.br/zeze-di-camargo-e-luciano/641047/,-1,0.19417930230712477
655,Tempo Perdido,musica655,musica655_trecho5,"Não foi bem assim, eu sonhei te amar Não foi bem assim, foi tempo perdido Não foi bem assim, foi tempo perdido",Zezé Di Camargo & Luciano,2006,22,https://www.letras.mus.br/zeze-di-camargo-e-luciano/641047/,-1,0.3127983844177922
1206,Tentativas Em Vão,musica1206,musica1206_trecho3,Mas acontece que o meu coração não é de papel Que a chuva molha E as palavras se apagam,Bruno & Marrone,2010,19,https://www.letras.mus.br/bruno-e-marrone/1757347/,-1,0.16441869888386607
1206,Tentativas Em Vão,musica1206,musica1206_trecho5,Tentativas em vão Tentar tirar você do coração E como vou viver sem respirar? É como querer apagar a chama de um vulcão,Bruno & Marrone,2010,23,https://www.letras.mus.br/bruno-e-marrone/1757347/,-1,0.04241993942954547
1206,Tentativas Em Vão,musica1206,musica1206_trecho12,Tentativas em vão (em vão) Tentar tirar você do coração E como vou viver sem respirar? É como querer apagar a chama de um vulcão,Bruno & Marrone,2010,25,https://www.letras.mus.br/bruno-e-marrone/1757347/,-1,0.04241993942954547
790,Tijolão,musica790,musica790_trecho3,"Eu vou trocar meu celular num Nokia tijolão Que só manda mensagem e faz ligação Se eu ver mais um vídeo seu, sem eu, sendo feliz Certeza que a minha vida vai tá por um triz Me mata não! Essa internet virou arma na sua mão",Jorge & Mateus,2020,46,https://www.letras.mus.br/jorge-mateus/tijolao/,-1,0.06619607397359406
790,Tijolão,musica790,musica790_trecho7,"Eu vou trocar meu celular num Nokia tijolão Que só manda mensagem e faz ligação Se eu ver mais um vídeo seu, sem eu, sendo feliz Certeza que a minha vida vai tá por um triz Me mata não! Essa internet virou arma na sua mão Me mata não! Essa internet virou arma na sua mão",Jorge & Mateus,2020,56,https://www.letras.mus.br/jorge-mateus/tijolao/,-1,0.06619607397359428
814,Tijolinho Por Tijolinho (part. Zé Felipe),musica814,musica814_trecho2,O seu amor tem trauma do passado E o sentimento deve tá rachado Mas eu entendo você,Enzo Rabelo,2020,17,https://www.letras.mus.br/enzo-rabelo/tijolinho-por-tijolinho/,-1,0.28696250861983696
814,Tijolinho Por Tijolinho (part. Zé Felipe),musica814,musica814_trecho4,"E tijolinho por tijolinho, vou reformar seu coração E vai ter amor espalhado nas paredes, teto e chão E tijolinho por tijolinho, vou reformar seu coração E vai ter amor espalhado nas paredes, teto e chão",Enzo Rabelo,2020,36,https://www.letras.mus.br/enzo-rabelo/tijolinho-por-tijolinho/,-1,0.12454953450741746
351,Tive Que Bater Palma,musica351,musica351_trecho1,E ela entrou tão linda Com um perfume cheiroso E quando ela passou Quase que o restaurante todo quebra o pescoço,Danilo e Davi,2023,21,https://www.letras.mus.br/danilo-e-davi/tive-que-bater-palma/,-1,0.16648631857236618
351,Tive Que Bater Palma,musica351,musica351_trecho2,Pegou o telefone Acessou o QR code Escolheu a bebida Abriu um sorriso e disse: É hoje,Danilo e Davi,2023,17,https://www.letras.mus.br/danilo-e-davi/tive-que-bater-palma/,-1,0.07900246609113681
351,Tive Que Bater Palma,musica351,musica351_trecho3,"Chega um garçom com uns balões De corações, escrito: Amor de milhões E o beijo veio daquele jeito Molhado e demorado e sem defeito",Danilo e Davi,2023,24,https://www.letras.mus.br/danilo-e-davi/tive-que-bater-palma/,-1,0.11349799832125862
351,Tive Que Bater Palma,musica351,musica351_trecho4,"Na boca de outro, na vida de outro Eu engolindo o choro pra não magoar Quem também tá aqui pra me fazer feliz Inocentemente, me ajudando a superar",Danilo e Davi,2023,28,https://www.letras.mus.br/danilo-e-davi/tive-que-bater-palma/,-1,0.19689921162304835
351,Tive Que Bater Palma,musica351,musica351_trecho5,Já não bastava a gente se encontrar Com tanto lugar nesse mundo Ela pediu ele em casamento O restaurante aplaudiu Tive que bater palma junto,Danilo e Davi,2023,25,https://www.letras.mus.br/danilo-e-davi/tive-que-bater-palma/,-1,0.17610977428941255
351,Tive Que Bater Palma,musica351,musica351_trecho8,Já não bastava a gente se encontrar Com tanto lugar nesse mundo Ela pediu ele em casamento O restaurante aplaudiu,Danilo e Davi,2023,20,https://www.letras.mus.br/danilo-e-davi/tive-que-bater-palma/,-1,0.17610977428941255
1601,Tô Afim Dela,musica1601,musica1601_trecho1,"Tô afim dela mas não falo, Eu tenho medo de sofrer ainda mais. Prefiro ter ela comigo, mesmo sendo como amigo, Do que não estar com ela nunca mais.",André e Adriano,2011,29,https://www.letras.mus.br/andre-e-adriano/1702780/,-1,0.2987439103759444
1601,Tô Afim Dela,musica1601,musica1601_trecho2,"Queria conseguir dizer tudo o que sinto, Queria poder falar do meu amor mas finjo Que não está acontecendo nada com meu coração. Eu já tentei tomar coragem e contar, Mas nem imagino o que ela vai pensar, Eu tenho medo dela resolver se afastar de mim. Por mais que eu finja não sentir nada, É nela que eu penso todo o tempo, Mas quando vejo o meu coração dispara Eu não consigo dizer nada.",André e Adriano,2011,75,https://www.letras.mus.br/andre-e-adriano/1702780/,-1,0.2987439103759443
1281,Tô de Cara,musica1281,musica1281_trecho1,"Tô de cara com você Eu tô de cara com você Me apaixonei e você não quer mais me ver Tô de cara com você Eu tô de cara, coração! Não sei se tudo foi verdade Ou foi só enganação",Luan Santana,2009,40,https://www.letras.mus.br/luan-santana/1379675/,-1,0.37597790081857374
1281,Tô de Cara,musica1281,musica1281_trecho2,Me diz o que é que eu faço Se ela lê pensamento ? Me diz o que é que eu faço ? Desse jeito eu não aguento Vê coisa onde não foi Vê coisa onde não tem E eu aqui sozinho Sem você não sou ninguém,Luan Santana,2009,46,https://www.letras.mus.br/luan-santana/1379675/,-1,0.29308551919534975
992,Tô Ficando,musica992,musica992_trecho1,"Eu tô ficando, eu tô ficando Ê trem bom danado Eu tô ficando, eu tô ficando Ê trem bom danado Eu tô ficando, eu tô ficando Ê trem bom danado Eu tô ficando, eu tô ficando Velho e enjoado (bis)",Gino e Geno,2011,40,https://www.letras.mus.br/gino-e-geno/1914798/,-1,0.0472209150076186
992,Tô Ficando,musica992,musica992_trecho2,Só quero mulher mais nova Só como coisa gostosa Só durmo em colchão macio Só quero carro importado Fazenda cheia de gado Sossego em beira de rio Eu não tô nem ligando Se o povo tá comentando Que eu fiquei metido Tô na crista da onda Meu burro já tá na sombra O problema tá resolvido,Gino e Geno,2011,56,https://www.letras.mus.br/gino-e-geno/1914798/,-1,0.16175103118498213
799,Tô Mal,musica799,musica799_trecho1,"Se quer saber como estou, tô mal Eu não vou nada bem Se quer saber a verdade, tô mal Sem você sou ninguém",Rionegro & Solimões,2005,23,https://www.letras.mus.br/rio-negro-e-solimoes/364631/,-1,0.25498682889509217
799,Tô Mal,musica799,musica799_trecho2,Ando fingindo pro mundo Ando fugindo de tudo Mas não te esquece um segundo Meu coração,Rionegro & Solimões,2005,16,https://www.letras.mus.br/rio-negro-e-solimoes/364631/,-1,0.032104889720091845
799,Tô Mal,musica799,musica799_trecho3,Meu mundo acabou Quando você me deixou Por isso não me ligue mais pra saber Se estou bem Já sabe que não estou,Rionegro & Solimões,2005,23,https://www.letras.mus.br/rio-negro-e-solimoes/364631/,-1,0.0361754629240586
799,Tô Mal,musica799,musica799_trecho4,É só se pôr no meu lugar Que você vai me entender Quando alguém perde um amor Que jurou ser pra sempre Perde a razão de viver,Rionegro & Solimões,2005,27,https://www.letras.mus.br/rio-negro-e-solimoes/364631/,-1,0.19395024893932278
799,Tô Mal,musica799,musica799_trecho8,Perde a razão de viver,Rionegro & Solimões,2005,5,https://www.letras.mus.br/rio-negro-e-solimoes/364631/,-1,0.32898134945427104
1207,Tô Passando Mal,musica1207,musica1207_trecho2,Quem é o cara que chegou Juntinho com você na balada? Bem que você me avisou Pra eu dar valor ao que tinha em casa,Fernando e Sorocaba,2011,25,https://www.letras.mus.br/fernando-sorocaba/1722060/,-1,0.04841905862251561
1172,Tô Vendendo Beijo,musica1172,musica1172_trecho1,"Tô num tipo de negócio novo Não tem segredo, é só aproveitar Mudei de vida, tô de carro novo Nunca gostei tanto de trabalhar Larguei de ser advogado Hoje faço o que eu quiser Não tem patrão, não tem horário Nem tem mais o que dizer Se Deus me deu um grande dom Trabalho duro noite e dia Pintou vontade, é só chamar",Humberto e Ronaldo,2009,63,https://www.letras.mus.br/humberto-ronaldo/1687892/,-1,0.15566339626285564
1172,Tô Vendendo Beijo,musica1172,musica1172_trecho2,"Tô vendendo beijo pra mulher que tá sozinha Tô vendendo beijo pras bonita e pras feinha Tô vendendo beijo Sou seu beijoqueiro é só chamar que eu vou já, já",Humberto e Ronaldo,2009,30,https://www.letras.mus.br/humberto-ronaldo/1687892/,-1,0.022040789120357007
331,Tô Voltando,musica331,musica331_trecho2,"Não é final, amanhã ou depois Uma noite é normal Dar saudade nos dois Pois é, pena que Agora, agora minha saudade é outra",Ana Castela,2024,24,https://www.letras.mus.br/ana-castela/to-voltando/,-1,0.050610626208084764
331,Tô Voltando,musica331,musica331_trecho3,"Oh, oh, oh Tô voltando pros rodeio Pra vida do interior Na cidade, o converseiro é que ela é da roça E não se acostumou Tô voltando pros rodeio Pra vida do interior Na cidade, o converseiro é que ela é da roça E não se acostumou",Ana Castela,2024,47,https://www.letras.mus.br/ana-castela/to-voltando/,-1,0.16101812138274718
1502,Toca Um João Mineiro e Marciano,musica1502,musica1502_trecho3,"Mas pode ficar sossegado Que eu não sou daquele tipo inconveniente Minha história é tão comum, igual de tanta gente Ainda ontem chorei de saudade",Jads e Jadson,2014,25,https://www.letras.mus.br/jads-e-jadson/toca-um-joao-mineiro-e-marciano/,-1,0.1968992116230487
501,Tocando Em Frente (part. Leonardo),musica501,musica501_trecho1,"Ando devagar porque já tive pressa E levo esse sorriso porque já chorei demais Hoje me sinto mais forte, mais feliz, quem sabe? Só levo a certeza de que muito pouco sei Ou nada sei",Paula Fernandes,2010,35,https://www.letras.mus.br/paula-fernandes/1886704/,-1,0.19689921162304835
501,Tocando Em Frente (part. Leonardo),musica501,musica501_trecho5,"Todo mundo ama um dia, todo mundo chora Um dia a gente chega, no outro vai embora Cada um de nós compõe a sua história Cada ser em si carrega o dom de ser capaz De ser feliz",Paula Fernandes,2010,38,https://www.letras.mus.br/paula-fernandes/1886704/,-1,0.11100748315059061
501,Tocando Em Frente (part. Leonardo),musica501,musica501_trecho6,Ando devagar porque eu já tive pressa E levo esse sorriso porque já chorei demais Cada um de nós compõe a sua história Cada ser em si carrega o dom de ser capaz De ser feliz,Paula Fernandes,2010,36,https://www.letras.mus.br/paula-fernandes/1886704/,-1,0.19689921162304813
487,Todo Mundo Menos Você (part. Marília Mendonça),musica487,musica487_trecho2,Dizem que eu ando bem melhor depois que eu terminei Todo mundo consegue enxergar o quanto eu melhorei Engraçado ver eles pensando que eu te superei,Maiara & Maraisa,2021,26,https://www.letras.mus.br/maiara-maraisa/todo-mundo-menos-voce-part-marilia-mendonca/,-1,0.29015331043557935
487,Todo Mundo Menos Você (part. Marília Mendonça),musica487,musica487_trecho3,"Mesmo entendendo que o problema nunca foi você Se não tivesse ido, eu não ia me resolver Tava confortável, né? E ninguém aprende assim",Maiara & Maraisa,2021,24,https://www.letras.mus.br/maiara-maraisa/todo-mundo-menos-voce-part-marilia-mendonca/,-1,0.04233873330844706
487,Todo Mundo Menos Você (part. Marília Mendonça),musica487,musica487_trecho9,"Olha, não é pra te colocar pressão Mas é eu queria saber se você gostou da minha nova versão Caso não tenha gostado, me avisa, tá tudo bem A gente corre esse risco quando muda por alguém",Maiara & Maraisa,2021,37,https://www.letras.mus.br/maiara-maraisa/todo-mundo-menos-voce-part-marilia-mendonca/,-1,0.1283849659795646
355,Todo Santo Dia (part. Maria Cecília & Rodolfo),musica355,musica355_trecho2,Eu achei alguém que faz Eu me sentir tão bem E tem mais Todo santo dia Sinto que sou livre Sou sua e ainda sou minha,Luiza Martins,2025,26,https://www.letras.mus.br/luiza-martins/todo-santo-dia-part-maria-cecilia-e-rodolfo/,-1,0.04498984439113152
1392,Top do Verão,musica1392,musica1392_trecho1,"Tá me dando suador e calafrio Se ela chega perto dá um arrepio, É amor, é paixão, é a top das top do verão",Henrique & Diego,2010,24,https://www.letras.mus.br/henrique-diego/1644008/,-1,0.049033316855331854
1392,Top do Verão,musica1392,musica1392_trecho2,"Ela é top, é filé, Todo mundo tá querendo essa mulher É a gata mais linda do verão A mulher que dominou meu coração",Henrique & Diego,2010,24,https://www.letras.mus.br/henrique-diego/1644008/,-1,0.049033316855331854
1392,Top do Verão,musica1392,musica1392_trecho6,"Tá me dando suador e calafrio Se ela chega perto dá um arrepio, É amor, é paixão, é a top das top do verão.. vai",Henrique & Diego,2010,25,https://www.letras.mus.br/henrique-diego/1644008/,-1,0.049033316855331965
1392,Top do Verão,musica1392,musica1392_trecho15,É a top das top do verão!,Henrique & Diego,2010,7,https://www.letras.mus.br/henrique-diego/1644008/,-1,0.04903331685533174
1475,Traição Não Tem Perdão,musica1475,musica1475_trecho4,Já deixei minhas coisas lá de fora Já que insiste que não vai embora Não me olha assim que eu não mereço Hoje eu sou alguém que eu desconheço,Marília Mendonça,2017,29,https://www.letras.mus.br/marilia-mendonca/traicao-nao-tem-perdao/,-1,0.04632656430031401
1475,Traição Não Tem Perdão,musica1475,musica1475_trecho5,Já que desonrei nossa família Isso ia acontecer um dia Uma hora as coisas vêm à tona Eu aceito o seu não Traição não tem perdão,Marília Mendonça,2017,26,https://www.letras.mus.br/marilia-mendonca/traicao-nao-tem-perdao/,-1,0.054379424450131664
1475,Traição Não Tem Perdão,musica1475,musica1475_trecho9,Uma hora as coisas vêm à tona Eu aceito o seu não Traição não tem perdão,Marília Mendonça,2017,16,https://www.letras.mus.br/marilia-mendonca/traicao-nao-tem-perdao/,-1,0.14566201939080314
1332,Transplante (part. Bruno & Marrone),musica1332,musica1332_trecho1,"Outra vez A sua boca fala E o coração desmente E aí, como é que você se sente?",Marília Mendonça,2017,18,https://www.letras.mus.br/marilia-mendonca/transplante/,-1,0.6842490474821031
1332,Transplante (part. Bruno & Marrone),musica1332,musica1332_trecho3,"Só me conta quem vai dividir contigo O último pedaço E o outro lado do fone de ouvido, ô ô",Marília Mendonça,2017,20,https://www.letras.mus.br/marilia-mendonca/transplante/,-1,0.06433161192662606
1332,Transplante (part. Bruno & Marrone),musica1332,musica1332_trecho9,"Pra me esquecer, vai precisar de um transplante",Marília Mendonça,2017,8,https://www.letras.mus.br/marilia-mendonca/transplante/,-1,0.11683641974722425
553,Traumatizei,musica553,musica553_trecho1,"Desde que a gente terminou ela não namorou mais Por que será, né? Lembro que eu prometi que não ia sumir Não ia te deixar e nunca ia fazer seu olho chorar",Henrique & Juliano,2023,32,https://www.letras.mus.br/henrique-e-juliano/traumatizei/,-1,0.06389617125699631
553,Traumatizei,musica553,musica553_trecho2,Juntou um pouco de falha no meu caráter Com a imaturidade da minha parte É assim que uma insegura nasce,Henrique & Juliano,2023,20,https://www.letras.mus.br/henrique-e-juliano/traumatizei/,-1,0.2987439103759446
553,Traumatizei,musica553,musica553_trecho3,"Se hoje ela não consegue confiar em ninguém Se ela vê coisa errada até onde não tem Se ela não consegue se entregar, a culpa é minha A culpa é toda minha",Henrique & Juliano,2023,32,https://www.letras.mus.br/henrique-e-juliano/traumatizei/,-1,0.12208930671508156
553,Traumatizei,musica553,musica553_trecho4,"Se hoje ela é fria, eu que esfriei E pode me chamar de otário Eu sou, eu sei Se ela tem o pé atrás com todo mundo, fui eu que puxei",Henrique & Juliano,2023,31,https://www.letras.mus.br/henrique-e-juliano/traumatizei/,-1,0.07189248901984102
1404,Traz Ela de Volta Pra Mim,musica1404,musica1404_trecho1,"Meu bem, o que aconteceu? O nosso amor morreu Quem sabe um dia vai voltar",Jorge & Mateus,2007,15,https://www.letras.mus.br/jorge-mateus/774536/,-1,0.19417930230712477
1404,Traz Ela de Volta Pra Mim,musica1404,musica1404_trecho3,"Quando dois seres como nós Passam por momentos assim Vai por mim, vai passar, é só um temporal",Jorge & Mateus,2007,18,https://www.letras.mus.br/jorge-mateus/774536/,-1,0.25889089987754854
592,Três Corações,musica592,musica592_trecho2,Odeio quando ele diz o que eu devia te dizer Mas eu tenho consciência que ele é perfeito pra você E não dá chance pra eu aparecer,Henrique & Juliano,2018,27,https://www.letras.mus.br/henrique-e-juliano/tres-coracoes/,-1,0.06191307359947429
592,Três Corações,musica592,musica592_trecho3,"Será que, do sorriso dela, vai sobrar pra mim um pouco? Não é que eu seja doido Mas o amor não tem regras, é mesmo louco",Henrique & Juliano,2018,26,https://www.letras.mus.br/henrique-e-juliano/tres-coracoes/,-1,0.12294153011991904
1197,Três Palavras,musica1197,musica1197_trecho1,"A sua ausência foi uma escola Onde eu aprendi Que sem você, eu posso qualquer coisa Menos ser feliz Não canso de te esperar Minha esperança diz que vai voltar",Maria Cecília e Rodolfo,2010,30,https://www.letras.mus.br/maria-cecilia-rodolfo/1731385/,-1,0.28821795610630097
1197,Três Palavras,musica1197,musica1197_trecho2,"Se faço uma canção Você é quem me inspira Se tento uma nova paixão Meu coração se irrita Diz que devo te esperar A vida inteira assim, se precisar",Maria Cecília e Rodolfo,2010,29,https://www.letras.mus.br/maria-cecilia-rodolfo/1731385/,-1,0.09781529942964273
1249,Trincadinho,musica1249,musica1249_trecho1,Vale a pena eu gostar de você? Vale a pena eu parar de beber pra te ver? Vale a pena eu dormir mais tarde? Vale a pena toda essa saudade?,Jorge & Mateus,2018,30,https://www.letras.mus.br/jorge-mateus/trincadin/,-1,0.18995754437286272
1249,Trincadinho,musica1249,musica1249_trecho3,"Já tá meio caminho andado Se parar, é prejuízo Entre uma noite e outra Eu vou correndo o risco de quebrar a cara Pra quem já teve um coração quebrado Um trincadinho não é nada",Jorge & Mateus,2018,35,https://www.letras.mus.br/jorge-mateus/trincadin/,-1,0.02568040190550791
1249,Trincadinho,musica1249,musica1249_trecho4,"Já tá meio caminho andado Se parar, é prejuízo Entre uma noite e outra Eu vou correndo o risco de quebrar a cara Pra quem já teve um coração quebrado Um trincadinho é nada",Jorge & Mateus,2018,34,https://www.letras.mus.br/jorge-mateus/trincadin/,-1,0.025680401905507688
1249,Trincadinho,musica1249,musica1249_trecho9,Eu vou correndo o risco de quebrar a cara Pra quem já teve o coração quebrado Um trincadinho não é nada,Jorge & Mateus,2018,21,https://www.letras.mus.br/jorge-mateus/trincadin/,-1,0.0256804019055078
224,Troca de Calçada,musica224,musica224_trecho1,"Se alguém passar por ela Fique em silêncio, não aponte o dedo Não julgue tão cedo Ela tem motivos pra estar desse jeito Isso é preconceito",Marília Mendonça,2021,26,https://www.letras.mus.br/marilia-mendonca/troca-de-calcada/,-1,0.1283849659795646
224,Troca de Calçada,musica224,musica224_trecho2,Viveu tanto desprezo Que até Deus duvida e chora lá de cima Era só uma menina Que dedicou a vida a amores de quinta,Marília Mendonça,2021,24,https://www.letras.mus.br/marilia-mendonca/troca-de-calcada/,-1,0.08621663553659342
224,Troca de Calçada,musica224,musica224_trecho3,É claro que ela já sonhou em se casar um dia Não estava nos planos ser vergonha pra família Cada um que passou levou um pouco da sua vida E o resto que sobrou ela vende na esquina,Marília Mendonça,2021,38,https://www.letras.mus.br/marilia-mendonca/troca-de-calcada/,-1,0.05404093262952958
224,Troca de Calçada,musica224,musica224_trecho5,Hoje você me vê assim e troca de calçada Só que amar dói muito mais Do que um nojo na sua cara,Marília Mendonça,2021,22,https://www.letras.mus.br/marilia-mendonca/troca-de-calcada/,-1,0.13724511600773848
224,Troca de Calçada,musica224,musica224_trecho7,Hoje você me vê assim e troca de calçada Mas se soubesse um terço da história Me abraçava e não me apedrejava,Marília Mendonça,2021,22,https://www.letras.mus.br/marilia-mendonca/troca-de-calcada/,-1,0.13724511600773803
1075,Tropa do Chapelão 🤠 (part. Diplo),musica1075,musica1075_trecho1,"Tanta coisa pra aproveitar Que eu não sei por onde começar Hoje tem rodeio na cidade vizinha, vou lá É hoje que eu saio uma noite, mas só volto de dia, bora lá",Ana Castela,2025,33,https://www.letras.mus.br/ana-castela/tropa-do-chapelao-part-diplo/,-1,0.05445905536603746
1075,Tropa do Chapelão 🤠 (part. Diplo),musica1075,musica1075_trecho4,"Hoje tem rodeio na cidade vizinha, vou lá É hoje que eu saio uma noite, mas só volto de dia, bora lá",Ana Castela,2025,22,https://www.letras.mus.br/ana-castela/tropa-do-chapelao-part-diplo/,-1,0.054459055366037346
13,Tubarões,musica13,musica13_trecho3,Quem me deixou no mar Não tem direito de me perguntar O que rolou comigo e os tubarões Cê não me deve amor Eu não te devo explicações Cê me deixou voar Agora quer saber aonde eu vou pousar Cancela as suas investigações Cê não me deve amor Eu não te devo explicações,Diego e Victor Hugo,2025,53,https://www.letras.mus.br/diego-victor-hugo/tubaroes/,-1,0.2920823722847534
13,Tubarões,musica13,musica13_trecho6,Cê não me deve amor Eu não te devo explicações,Diego e Victor Hugo,2025,10,https://www.letras.mus.br/diego-victor-hugo/tubaroes/,-1,0.29208237228475353
1547,Tudo No Olhar,musica1547,musica1547_trecho2,Contam meus segredos pra você Falam coisas que eu nem sei falar E quando tudo quero te esconder Fecho os olhos pra não te contar,Marcos & Belutti,2009,25,https://www.letras.mus.br/marcos-belutti/1354010/,-1,0.2987439103759444
1547,Tudo No Olhar,musica1547,musica1547_trecho5,Nunca feche os olhos Eles querem me contar Tudo o que está sentindo O que quer comigo,Marcos & Belutti,2009,17,https://www.letras.mus.br/marcos-belutti/1354010/,-1,0.1201725672818803
1547,Tudo No Olhar,musica1547,musica1547_trecho6,Fazer coisas loucas sem pensar Sentir o meu corpo te tocar E quando seu olhar cruzar o meu Nunca mais eu vou querer piscar,Marcos & Belutti,2009,24,https://www.letras.mus.br/marcos-belutti/1354010/,-1,0.29835934658262064
1402,Tudo Ou Nada,musica1402,musica1402_trecho4,"Não dá Sei que quem ama, ama como eu Não quer ficar longe, nem dizer adeus Você não diz não e nem assume nada",Jorge & Mateus,2009,24,https://www.letras.mus.br/jorge-mateus/1498465/,-1,0.19010242462748017
1402,Tudo Ou Nada,musica1402,musica1402_trecho5,Não dá Eu quero você do jeito que eu sonhei Tudo que eu tinha de amor eu te dei Você me deu tão pouco Eu quero mais que algumas madrugadas,Jorge & Mateus,2009,30,https://www.letras.mus.br/jorge-mateus/1498465/,-1,0.31279838441779195
205,Tudo Que Você Quiser,musica205,musica205_trecho2,"Tem dias que eu acordo pensando em você Em fração de segundo, vejo o mundo desabar Aí que cai a ficha que eu não vou te ver Será que esse vazio um dia vai me abandonar?",Luan Santana,2013,36,https://www.letras.mus.br/luan-santana/tudo-o-que-voce-quiser/,-1,0.12275488610173457
205,Tudo Que Você Quiser,musica205,musica205_trecho3,"Tem gente que tem cheiro de rosa, de avelã Tem o perfume doce de toda manhã Você tem tudo Você tem muito",Luan Santana,2013,22,https://www.letras.mus.br/luan-santana/tudo-o-que-voce-quiser/,-1,0.2639216503641476
205,Tudo Que Você Quiser,musica205,musica205_trecho5,"Eu troco minha paz por um beijo seu Eu troco meu destino pra viver o seu Eu troco minha cama pra dormir na sua Eu troco mil estrelas pra te dar a Lua E tudo que você quiser E se você quiser, te dou meu sobrenome",Luan Santana,2013,46,https://www.letras.mus.br/luan-santana/tudo-o-que-voce-quiser/,-1,0.0719394229210184
1231,Turbinada,musica1231,musica1231_trecho2,"Nossa, eu acho ela top Nossa, eu acho ela boa demais Tá doida, é a mais gostosa Turbinada na frente e atrás Nossa, eu acho ela top Nossa, eu acho ela boa demais Tá doida, é a mais gostosa Turbinada na frente e atrás",Zé Ricardo e Thiago,2015,44,https://www.letras.mus.br/ze-ricardo-thiago/turbinada/,-1,0.04681972634717124
79,Última Saudade,musica79,musica79_trecho2,"Cê tá achando que minha vida é um filme? Que pausa e depois volta de onde parou? O relógio roda igual pra todo mundo E, numa dessas rodadas, você rodou, rodou",Henrique & Juliano,2025,31,https://www.letras.mus.br/henrique-e-juliano/ultima-saudade/,-1,0.05590705934614437
79,Última Saudade,musica79,musica79_trecho3,E cê nem reparou (O quê?),Henrique & Juliano,2025,6,https://www.letras.mus.br/henrique-e-juliano/ultima-saudade/,-1,0.19651827139857647
79,Última Saudade,musica79,musica79_trecho7,"Cê tá achando que minha vida é um filme? Que pausa e depois volta de onde parou? O relógio roda igual pra todo mundo E, numa dessas rodadas, você rodou",Henrique & Juliano,2025,30,https://www.letras.mus.br/henrique-e-juliano/ultima-saudade/,-1,0.055907059346144594
1084,Um Beijo,musica1084,musica1084_trecho2,"Mas bem na hora de falar com você Travei, comecei a gaguejar E a saída é deixar acontecer O coração se entregar",Luan Santana,2011,22,https://www.letras.mus.br/luan-santana/1780219/,-1,0.19886098222042203
1084,Um Beijo,musica1084,musica1084_trecho3,Um beijo fala mais que mil palavras Um toque é bem mais que poesia No seu olhar enxergo a sua alma Sua fala é uma linda melodia Ninguém sabe explicar o que é o amor Ninguém vai ser feliz sem ser amado Meu coração de vez se entregou Confesso que eu estou apaixonado,Luan Santana,2011,53,https://www.letras.mus.br/luan-santana/1780219/,-1,0.1497812270557013
74,Um Centímetro (part. Jorge & Mateus),musica74,musica74_trecho1,E vamos por partes Te falo o meu nome e você o seu Que prazer te conhecer,Jefferson Moraes,2017,17,https://www.letras.mus.br/jefferson-moraes/um-centimetro/,-1,0.13693926630708342
74,Um Centímetro (part. Jorge & Mateus),musica74,musica74_trecho5,Vamos por partes Eu falo o meu nome e você o seu Que prazer te conhecer,Jefferson Moraes,2017,16,https://www.letras.mus.br/jefferson-moraes/um-centimetro/,-1,0.1369392663070832
1209,Um Dia a Gente Se Encontra (part. João Bosco e Vinicius),musica1209,musica1209_trecho1,"Já que não tem volta o jeito é concentrar Na melhor forma de seguir em frente Não vou mais correr atrás, eu vou pensar Um pouco em mim e esquecer da gente",Marcos & Belutti,2011,32,https://www.letras.mus.br/marcos-belutti/1880391/,-1,0.02606374570857084
365,Um Dia Te Levo Comigo,musica365,musica365_trecho1,Não dá pra esquecer teus olhos Nem todos os beijos Que você me dá! Não dá pra esquecer o cheiro E o ouro do cabelo a me iluminar,Jorge & Mateus,2009,28,https://www.letras.mus.br/jorge-mateus/1444405/,-1,0.19489000859382954
365,Um Dia Te Levo Comigo,musica365,musica365_trecho2,A vida passa tão sem graça Mas quando você tá perto Fica tudo bem Eu corro a 200 por hora Mas se é pra te ver mais cedo Eu posso ir bem mais além,Jorge & Mateus,2009,34,https://www.letras.mus.br/jorge-mateus/1444405/,-1,0.059113703531910144
365,Um Dia Te Levo Comigo,musica365,musica365_trecho4,Quem tem amor assim distante Não tem o bastante pra sobreviver Pra todo mal da minha vida Pra curar qualquer ferida Meu remédio é você,Jorge & Mateus,2009,25,https://www.letras.mus.br/jorge-mateus/1444405/,-1,0.1183590617546958
1160,Um Lugarzinho Na Sua Cama,musica1160,musica1160_trecho2,"Mas uma hora o telhado quebra, a casa cai Pela porta da frente hoje eu não entro mais Você descobriu, se escondeu e viu, coração partiu E hoje, mesmo aqui coberto, eu tô passando frio",João Bosco & Vinícius,2014,35,https://www.letras.mus.br/joao-bosco-viniciusacustico/um-lugarzinho-na-sua-cama/,-1,0.08530857442386519
1403,Um Pedaço de Mim,musica1403,musica1403_trecho4,Faz falta ser a falta de alguém Dá saudade ser a saudade de alguém Você levou um pedaço do meu coração que eu sei Só quero saber quando vai se decidir Quando você vai resolver voltar enfim E devolver o que levou daqui Um pedaço de mim,Lucas Lucco,2013,47,https://www.letras.mus.br/lucas-lucco/um-pedaco-de-mim/,-1,0.2987439103759443
1403,Um Pedaço de Mim,musica1403,musica1403_trecho7,Faz falta ser a falta de alguém Dá saudade ser a saudade de alguém Você levou um pedaço do meu coração que eu sei Só quero saber quando vai se decidir Quando você vai resolver voltar enfim E devolver o que levou daqui,Lucas Lucco,2013,43,https://www.letras.mus.br/lucas-lucco/um-pedaco-de-mim/,-1,0.2987439103759447
1403,Um Pedaço de Mim,musica1403,musica1403_trecho8,Faz falta ser a falta de alguém Dá saudade ser a saudade de alguém Você levou um pedaço do meu coração que eu sei Só quero saber quando vai se decidir Quando você vai resolver voltar enfim E devolver o que levou daqui Um pedaço de mim Um pedaço de mim,Lucas Lucco,2013,51,https://www.letras.mus.br/lucas-lucco/um-pedaco-de-mim/,-1,0.2987439103759446
290,Uma Ex (part. Jorge),musica290,musica290_trecho4,Quem é que não tem uma ex Que quando fala ex Vem ela na cabeça Mesmo tendo outras seis,Murilo Huff,2021,19,https://www.letras.mus.br/murilo-huff/uma-ex-part-jorge/,-1,0.18053598280071836
290,Uma Ex (part. Jorge),musica290,musica290_trecho7,Que nunca passa a vez Que nunca vai ser nunca E pra sempre ser talvez Quem é que não tem uma ex,Murilo Huff,2021,22,https://www.letras.mus.br/murilo-huff/uma-ex-part-jorge/,-1,0.19340496805520158
1431,Vai Brincando,musica1431,musica1431_trecho1,"Vai brincando pro cê ver aonde você vai parar Menina, você não me aguenta, é melhor você nem tentar Mas se quiser saber é só experimentar Na terça à noite eu tô de boa e passo aí pra te pegar",Henrique & Juliano,2013,40,https://www.letras.mus.br/henrique-e-juliano/vai-brincando/,-1,0.684249047482103
1431,Vai Brincando,musica1431,musica1431_trecho2,"Papai aqui já fez muita gente delirar A morena virou minha fã no meu jeito de arrochar A loirinha endoidou, não para de me ligar Diz que tá morrendo de saudade, tá querendo me encontrar",Henrique & Juliano,2013,35,https://www.letras.mus.br/henrique-e-juliano/vai-brincando/,-1,0.17098807806921246
1431,Vai Brincando,musica1431,musica1431_trecho3,"Pra fazer gostoso só mais um vezinha Ela tá namorando mas na cama O cara é sem gracinha Pra fazer gostoso a noite inteirinha Com Henrique & Juliano, gatinha, cê vai perder a linha",Henrique & Juliano,2013,34,https://www.letras.mus.br/henrique-e-juliano/vai-brincando/,-1,0.2533506018698427
1201,Vai Entender (part. Jorge e Mateus),musica1201,musica1201_trecho2,Mas eu sei Que quando eu te encontrar A garganta vai secar E tudo que eu pensei Eu não vou lembrar,Israel Novaes,2014,21,https://www.letras.mus.br/israel-novaes/vai-entender/,-1,0.2608044319241023
1201,Vai Entender (part. Jorge e Mateus),musica1201,musica1201_trecho3,Me desconcentro e perco o foco E tremo todo quando te vejo E não consigo dizer o que eu quero,Israel Novaes,2014,20,https://www.letras.mus.br/israel-novaes/vai-entender/,-1,0.1462819264484052
1201,Vai Entender (part. Jorge e Mateus),musica1201,musica1201_trecho4,"Então me abraça que eu te conto Pelo meu beijo, sabe de tudo Se traduzir, vai entender, te amo",Israel Novaes,2014,19,https://www.letras.mus.br/israel-novaes/vai-entender/,-1,0.1621160815521897
831,Vai Lá Em Casa Hoje (part. Marília Mendonça),musica831,musica831_trecho4,Vai lá em casa hoje Bebe umas comigo Saudade de ontem De você beijando pra baixo do meu umbigo Vai lá em casa hoje Bebe umas comigo Saudade de ontem De você beijando pra baixo do meu umbigo,George Henrique e Rodrigo,2021,38,https://www.letras.mus.br/george-henrique-rodrigo/vai-la-em-casa-hoje-part-marilia-mendonca/,-1,0.07646999801949828
831,Vai Lá Em Casa Hoje (part. Marília Mendonça),musica831,musica831_trecho8,Vai lá em casa hoje Bebe umas comigo Saudade de ontem De você beijando pra baixo do meu umbigo,George Henrique e Rodrigo,2021,19,https://www.letras.mus.br/george-henrique-rodrigo/vai-la-em-casa-hoje-part-marilia-mendonca/,-1,0.07646999801949816
1180,Vai Vendo,musica1180,musica1180_trecho3,Comprou essa ilusão Achou que eu ia Me afundar na solidão,Lucas Lucco,2015,11,https://www.letras.mus.br/lucas-lucco/vai-vendo/,-1,0.19888021573542047
1180,Vai Vendo,musica1180,musica1180_trecho5,"Eu tô solto na balada Aqui o coro tá comendo Uh! Vai vendo, uh",Lucas Lucco,2015,14,https://www.letras.mus.br/lucas-lucco/vai-vendo/,-1,0.12211313438841176
1604,Vamo Mexe,musica1604,musica1604_trecho1,A nossa vida não é brincadeira Chegar em casa na segunda-feira Depois de mais um final de semana Cantando e zuando na bebedeira,Michel Teló,2011,23,https://www.letras.mus.br/michel-telo/1867883/,-1,0.1548583644721203
1604,Vamo Mexe,musica1604,musica1604_trecho2,"Já to na rua, tô sem fazer nada E resolvi mexer a mulherada Liguei pra Ana ela não atendeu A Bruna não dá mais Agora é de amigo meu",Michel Teló,2011,29,https://www.letras.mus.br/michel-telo/1867883/,-1,0.13039501027512101
1604,Vamo Mexe,musica1604,musica1604_trecho3,Vâmo mexê Não importa quem vai ser Já peguei minha agenda E liguei de A a Z,Michel Teló,2011,17,https://www.letras.mus.br/michel-telo/1867883/,-1,0.14974308964440775
1604,Vamo Mexe,musica1604,musica1604_trecho6,Mandei mensagem pra Gabriela Mas ela gosta da Isabela Fazer o que se ela é moderna Se bem que com a duas não seria má ideia,Michel Teló,2011,26,https://www.letras.mus.br/michel-telo/1867883/,-1,0.09615916117169143
782,Vazou Na Braquiara,musica782,musica782_trecho1,Existem dois tipos de pessoa numa ficada A que o te amo junta e a que o te amo separa A vida do solteiro é uma loteria nessas madrugadas,Hugo & Guilherme,2024,29,https://www.letras.mus.br/hugo-guilherme/vazou-na-braquiara/,-1,0.14457069201671457
782,Vazou Na Braquiara,musica782,musica782_trecho2,"A gente nunca sabe em quem tá apostando o coração A gente, por exemplo, achei que era além de um colchão Mas você não pensava assim, não, não",Hugo & Guilherme,2024,28,https://www.letras.mus.br/hugo-guilherme/vazou-na-braquiara/,-1,0.04857720125882459
782,Vazou Na Braquiara,musica782,musica782_trecho5,A tara dela era só fazer Eu fui falar que amava,Hugo & Guilherme,2024,11,https://www.letras.mus.br/hugo-guilherme/vazou-na-braquiara/,-1,0.2338712829980143
724,Vem Ni Mim Dodge Ram (part. Gusttavo Lima),musica724,musica724_trecho2,"Já não faz muito tempo Que eu andava a pé Não pegava nem gripe, muito menos mulher Só pegava poeira, não olhavam pra mim Um dia eu decidi, eu vou sair daqui",Israel Novaes,2012,32,https://www.letras.mus.br/israel-novaes/1970121/,-1,0.060315391296412835
724,Vem Ni Mim Dodge Ram (part. Gusttavo Lima),musica724,musica724_trecho5,"Já não faz muito tempo que eu andava a pé Não pegava nem gripe Muito menos mulher Só pegava poeira Não olhavam pra mim Um dia eu decidi, eu vou sair daqui",Israel Novaes,2012,32,https://www.letras.mus.br/israel-novaes/1970121/,-1,0.06031539129641261
69,Vem Pra Minha Vida,musica69,musica69_trecho1,"De pijama ou maquiada, desbocada ou educada De vestido pra sair ou de chinelo Havaiana De TPM ou sossegada, ou viajando ou aqui em casa Sem dinheiro pra sair ou com a vida arrumada",Henrique & Juliano,2017,34,https://www.letras.mus.br/henrique-e-juliano/vem-pra-minha-vida/,-1,0.1369392663070833
69,Vem Pra Minha Vida,musica69,musica69_trecho5,Pode entrar sem bater,Henrique & Juliano,2017,4,https://www.letras.mus.br/henrique-e-juliano/vem-pra-minha-vida/,-1,0.04205820725773868
1233,Veneno,musica1233,musica1233_trecho1,"Usa e abusa, faz o que quiser de mim Pode me ligar quando tiver a fim Não demora amor, não sabe o que cê tá perdendo Pode vir com tudo que hoje eu tô um veneno",Fernando e Sorocaba,2013,36,https://www.letras.mus.br/fernando-sorocaba/veneno/,-1,0.06433161192662606
1233,Veneno,musica1233,musica1233_trecho2,"Veneno, veneno, veneno, veneno Pode vir com tudo que hoje eu tô um veneno",Fernando e Sorocaba,2013,14,https://www.letras.mus.br/fernando-sorocaba/veneno/,-1,0.1720197614945005
1233,Veneno,musica1233,musica1233_trecho3,"Não me provoca, cê não sabe o perigo que eu sou Eu sou, sou perito na arte de fazer amor Duvida, vai queimar sua língua, não sabe o que diz Não espera, vem pagar pra ver que eu te faço feliz",Fernando e Sorocaba,2013,41,https://www.letras.mus.br/fernando-sorocaba/veneno/,-1,0.18108451642093415
1233,Veneno,musica1233,musica1233_trecho4,"Sou do tipo de pessoa Que faz e não fala, que não perde tempo Vem ni mim, tô facin Hoje eu tô um veneno",Fernando e Sorocaba,2013,24,https://www.letras.mus.br/fernando-sorocaba/veneno/,-1,0.1720197614945007
1235,Vestígios,musica1235,musica1235_trecho1,Eu não sei Se um coração pode aguentar tanta dor Quando perde um amor Quando o sol já não brilha mais em seu olhar,Jorge & Mateus,2010,24,https://www.letras.mus.br/jorge-mateus/1720722/,-1,0.05097714515006446
1235,Vestígios,musica1235,musica1235_trecho3,Se ainda dói é porque Não consigo te esquecer E o vento só me traz vestígios que lembram você,Jorge & Mateus,2010,19,https://www.letras.mus.br/jorge-mateus/1720722/,-1,0.052506851428858026
1175,Vida,musica1175,musica1175_trecho1,"Já era amor antes de ser Já era seu antes do sim Já era nós, antes que eu pudesse escolher Eu te encontrei e me perdi Eu permiti acontecer, aconteceu sem avisar Isso que é amar",Henrique & Juliano,2015,36,https://www.letras.mus.br/henrique-e-juliano/vida/,-1,0.13255184497578965
704,Vidinha de Balada,musica704,musica704_trecho2,"Desculpa a visita Eu só vim te falar Tô a fim de você E se não tiver, cê vai ter que ficar",Henrique & Juliano,2017,22,https://www.letras.mus.br/henrique-e-juliano/vidinha-de-balada/,-1,0.28710801080221715
704,Vidinha de Balada,musica704,musica704_trecho4,"Vai namorar comigo, sim! Vai por mim, igual nós dois não tem Se reclamar, cê vai casar também Com comunhão de bens Seu coração é meu e o meu é seu também",Henrique & Juliano,2017,32,https://www.letras.mus.br/henrique-e-juliano/vidinha-de-balada/,-1,0.5435367616397144
767,Vidro Fumê,musica767,musica767_trecho7,Foi última noite de amor da gente,Bruno & Marrone,2012,7,https://www.letras.mus.br/bruno-e-marrone/vidro-fume/,-1,0.03525047350620314
276,Vingança (part. MC Kekel),musica276,musica276_trecho3,"Eu te avisei Tenta não vacilar Menina, eu te avisei Amor é pra cuidar Se escapar da mão, cai no chão Não tem conserto, não Antes de sumir da sua vida Só mais uma coisa: Tô aqui no portão",Luan Santana,2018,39,https://www.letras.mus.br/luan-santana/vinganca-part-mc-kekel/,-1,0.072411937267992
276,Vingança (part. MC Kekel),musica276,musica276_trecho8,"Eu vou virar um vagabundo E eu vou me jogar no mundo Eu vou virar um vagabundo E eu vou me jogar no mundo Luan, Kekel",Luan Santana,2018,26,https://www.letras.mus.br/luan-santana/vinganca-part-mc-kekel/,-1,0.23984204846789015
1520,Vira Homem,musica1520,musica1520_trecho2,"Não precisa falar Tô vendo sua cara de preocupado Tá com medo, eu te conheço bem Você tá com ela, ainda gosta dela Voltou a falar com ela Não fez nada do que prometeu",Marília Mendonça,2020,34,https://www.letras.mus.br/marilia-mendonca/vira-homem/,-1,0.24993129750310838
1520,Vira Homem,musica1520,musica1520_trecho3,"Faz assim Primeiro lugar, você some Segundo lugar, vira homem Você é o terceiro que me perdeu",Marília Mendonça,2020,17,https://www.letras.mus.br/marilia-mendonca/vira-homem/,-1,0.03733015271294682
1520,Vira Homem,musica1520,musica1520_trecho4,"Faz assim Primeiro lugar, você some Segundo lugar, vira homem Você é o terceiro que me perdeu, iê, iê",Marília Mendonça,2020,19,https://www.letras.mus.br/marilia-mendonca/vira-homem/,-1,0.037330152712946596
517,Virgínia,musica517,musica517_trecho3,"Bate em mim, bate em mim Meu Uno Mille não tem nada a ver com isso Bate em mim, bate em mim Calma, Virgínia, eu não tô te traindo",Zé Felipe,2020,29,https://www.letras.mus.br/ze-felipe/virginia/,-1,0.07241193726799156
517,Virgínia,musica517,musica517_trecho9,"Eu sou seu, todo seu Tô contigo até o fim Deixa o carro sossegado e faz assim",Zé Felipe,2020,17,https://www.letras.mus.br/ze-felipe/virginia/,-1,0.08054960477529571
880,Viva a Vida,musica880,musica880_trecho2,"E antes de falar, escute Antes de escrever, pense Antes de gastar, ganhe Antes de orar, perdoe Antes de magoar, sinta Antes de odiar, ame Antes de desistir, tente, tente Antes de morrer",Felipe Duram,2019,33,https://www.letras.mus.br/felipe-duran/viva-a-vida/,-1,0.21132325722599465
880,Viva a Vida,musica880,musica880_trecho6,"Antes de falar, escute Antes de escrever, pense Antes de gastar, ganhe Antes de orar, perdoe Antes de magoar, sinta Antes de odiar, ame Antes de desistir, tente, tente Antes de morrer",Felipe Duram,2019,32,https://www.letras.mus.br/felipe-duran/viva-a-vida/,-1,0.21132325722599432
1341,Viva Intensamente,musica1341,musica1341_trecho1,Aprendi Que a vida bate sempre sem pudor Que nem sempre as coisas são como a gente pensa Que nem sempre o mundo gira como a gente quer,Gusttavo Lima,2011,28,https://www.letras.mus.br/gusttavo-lima/1971846/,-1,0.12004130325403017
344,Vivendo Aqui No Mato (part. Zé Neto & Cristiano),musica344,musica344_trecho3,"Aqui, o nosso alimento É a gente que faz Plantamos de tudo pro gasto E um pouco mais",Trio Parada Dura,2017,18,https://www.letras.mus.br/trio-parada-dura/vivendo-aqui-no-mato/,-1,0.15781392652394877
344,Vivendo Aqui No Mato (part. Zé Neto & Cristiano),musica344,musica344_trecho4,"E se vier fazer visita Aí que a gente gosta Moda de viola, uma boa prosa Em volta da fogueira Então, a gente mostra",Trio Parada Dura,2017,24,https://www.letras.mus.br/trio-parada-dura/vivendo-aqui-no-mato/,-1,0.04942517365822707
344,Vivendo Aqui No Mato (part. Zé Neto & Cristiano),musica344,musica344_trecho7,"Aqui, o nosso alimento É a gente quem faz Plantamos de tudo pro gasto E um pouco mais",Trio Parada Dura,2017,18,https://www.letras.mus.br/trio-parada-dura/vivendo-aqui-no-mato/,-1,0.157813926523949
344,Vivendo Aqui No Mato (part. Zé Neto & Cristiano),musica344,musica344_trecho8,"E se vier fazer visita É que a gente gosta Moda de viola e uma boa prosa Em volta da fogueira Então, a gente mostra",Trio Parada Dura,2017,25,https://www.letras.mus.br/trio-parada-dura/vivendo-aqui-no-mato/,-1,0.049425173658227406
1158,"Vó, Tô Estourado",musica1158,musica1158_trecho1,"Alô vó? Tô estourado Vó, tô estourado Vó, tô estourado É mulherada, eu tô largado",Israel Novaes,2013,15,https://www.letras.mus.br/israel-novaes/vo-to-estourado/,-1,0.05286937550661497
1158,"Vó, Tô Estourado",musica1158,musica1158_trecho4,"Já dizia o meu vô, o contrário da minha vó Meu filho, faça o que é melhor Escute agora o conselho que eu vou lhe dar Não tem nada no mundo melhor do que farrear",Israel Novaes,2013,35,https://www.letras.mus.br/israel-novaes/vo-to-estourado/,-1,0.11341412576418164
1329,Voa,musica1329,musica1329_trecho1,"Se está pensando em voar Na direção de me amar Voa, voa",Paula Fernandes,2010,12,https://www.letras.mus.br/paula-fernandes/1716701/,-1,0.15792174439474027
1133,"Voa, Beija-flor",musica1133,musica1133_trecho1,Você não sabe o que é amor nem tão pouco paixão Se soubesse de verdade não maltratava meu coração Parece um beija-flor que vai de boca em boca por aí E suga todo meu amor e quando enjoa põe um fim,Jorge & Mateus,2009,41,https://www.letras.mus.br/jorge-mateus/1444409/,-1,0.12680383102230164
1039,Você de Mim Não Sai,musica1039,musica1039_trecho2,Ai ai ai ai ai Não tem jeito de esquecer Você de mim não sai Minha vida sem você Não tem sentido,Luan Santana,2012,22,https://www.letras.mus.br/luan-santana/voce-de-mim-nao-sai/,-1,0.19270687838157163
1039,Você de Mim Não Sai,musica1039,musica1039_trecho10,Ai ai ai ai ai Não tem jeito de esquecer Você de mim não sai Minha vida sem você Não tem sentido Eu não aguento mais,Luan Santana,2012,26,https://www.letras.mus.br/luan-santana/voce-de-mim-nao-sai/,-1,0.19270687838157163
1198,Você de Volta,musica1198,musica1198_trecho1,Eu vivo buscando em alguém Alguma coisa que eu sei Que só existe em você,Maria Cecília e Rodolfo,2008,15,https://www.letras.mus.br/maria-cecilia-rodolfo/1076033/,-1,0.13032188245225484
1198,Você de Volta,musica1198,musica1198_trecho4,"Tudo que eu quero é você de volta Tô te esperando, vem bater na minha porta Eu amo você, eu só sei te querer Minha vida tem sentido se tiver você",Maria Cecília e Rodolfo,2008,31,https://www.letras.mus.br/maria-cecilia-rodolfo/1076033/,-1,0.04267545294160491
1316,Você do Meu Lado,musica1316,musica1316_trecho2,"Então, deixa eu te mostrar Porque tô sofrendo assim Se tá ruim pra você, com certeza tá pra mim É que meu peito machucado Só cura com você do meu lado",Luan Santana,2009,31,https://www.letras.mus.br/luan-santana/1282733/,-1,0.1375736396429017
1288,Você Faz Falta Aqui,musica1288,musica1288_trecho1,"Você, você, faz falta, falta aqui, aqui, aqui Que o som, o som bate, bate, volta, volta, volta Não tem mais nada entre o chão e o teto, teto, teto Só o eco, eco, eco, eco",Maiara & Maraisa,2017,36,https://www.letras.mus.br/maiara-maraisa/voce-faz-falta-aqui/,-1,0.2725544075399883
1288,Você Faz Falta Aqui,musica1288,musica1288_trecho2,Tem certeza que você levou tudo? Tem certeza que não esqueceu nada? Eu só sei que até o criado mudo Do seu livro preferido sente falta,Maiara & Maraisa,2017,26,https://www.letras.mus.br/maiara-maraisa/voce-faz-falta-aqui/,-1,0.3338588318790511
1288,Você Faz Falta Aqui,musica1288,musica1288_trecho3,"É que eu te vejo em tudo, em cada canto dessa casa Nos cabides, nas gavetas e na cama bagunçada E no box do banheiro sempre que o vidro embaça Tem seu nome, um coração e uma flecha atravessada",Maiara & Maraisa,2017,39,https://www.letras.mus.br/maiara-maraisa/voce-faz-falta-aqui/,-1,0.18781141449860228
1288,Você Faz Falta Aqui,musica1288,musica1288_trecho4,"É que eu te vejo em tudo, em cada canto dessa casa Nos cabides, nas gavetas e na cama bagunçada E o seu cheiro está grudado em cada roupa que eu usava Você foi e esqueceu de levar a saudade na mala, mala, mala",Maiara & Maraisa,2017,44,https://www.letras.mus.br/maiara-maraisa/voce-faz-falta-aqui/,-1,0.18781141449860206
101,Você Mudou,musica101,musica101_trecho2,Não ligou pra minha solidão Tinha que acabar assim Será triste uma noite sem você Mas será o melhor pra mim,Cristiano Araújo,2011,21,https://www.letras.mus.br/cristiano-araujo/1871811/,-1,0.26202538963204436
101,Você Mudou,musica101,musica101_trecho7,"Acho que você não entendeu Que quando o amor se acaba, na verdade nunca se amou Siga seu caminho que eu vou em busca do meu Acho que você não entendeu Que se acabou o meu amor, não terá mais uma vez",Cristiano Araújo,2011,42,https://www.letras.mus.br/cristiano-araujo/1871811/,-1,0.027649156434276345
101,Você Mudou,musica101,musica101_trecho8,"Por favor, não tente me achar Você não gostaria do que vai encontrar Então verás que sou feliz com este amor Como jamais serei com você",Cristiano Araújo,2011,26,https://www.letras.mus.br/cristiano-araujo/1871811/,-1,0.08256045068915485
101,Você Mudou,musica101,musica101_trecho9,"Acho que você não entendeu Que quando o amor se acaba, na verdade nunca se amou Siga o seu caminho que eu vou em busca do meu Acho que você não entendeu Que se acabou o meu amor, não terá mais uma vez",Cristiano Araújo,2011,43,https://www.letras.mus.br/cristiano-araujo/1871811/,-1,0.027649156434276678
101,Você Mudou,musica101,musica101_trecho10,"Por favor, não tente me achar Você não gostaria do que vai encontrar Então verás que sou feliz com este amor Como jamais serei com você Com você Com você",Cristiano Araújo,2011,30,https://www.letras.mus.br/cristiano-araujo/1871811/,-1,0.08256045068915474
615,Você Mudou Demais,musica615,musica615_trecho1,Já mudou a cor dos seus cabelos Nem me fala dos seus sonhos Não me conta mais segredos Não divide mais seus medos Nem ao menos diz boa noite Nem me chama pra deitar,Marília Mendonça,2025,34,https://www.letras.mus.br/marilia-mendonca/voce-mudou-demais/,-1,0.08205110915381553
615,Você Mudou Demais,musica615,musica615_trecho2,"Tenho, às vezes, que pedir um beijo Controlar os meus desejos Esperar por um abraço Pra curar o meu cansaço E um carinho no meu rosto Nem sei quanto tempo faz",Marília Mendonça,2025,31,https://www.letras.mus.br/marilia-mendonca/voce-mudou-demais/,-1,0.022040789120356896
615,Você Mudou Demais,musica615,musica615_trecho3,Vejo nosso amor se afastando E entre nós ficou morando Essa saudade Estou sentindo que aos poucos Você vai me perder,Marília Mendonça,2025,21,https://www.letras.mus.br/marilia-mendonca/voce-mudou-demais/,-1,0.06299962948158477
615,Você Mudou Demais,musica615,musica615_trecho4,"Não importa quem foi Se eu errei, quem errou Se foi medo de amar Se foi culpa do amor",Marília Mendonça,2025,19,https://www.letras.mus.br/marilia-mendonca/voce-mudou-demais/,-1,0.050921131098096595
615,Você Mudou Demais,musica615,musica615_trecho5,Vê se volta pra mim Porque a vida assim Já virou solidão,Marília Mendonça,2025,12,https://www.letras.mus.br/marilia-mendonca/voce-mudou-demais/,-1,0.026063745708571062
615,Você Mudou Demais,musica615,musica615_trecho6,Foram sonhos demais Tantas noites iguais Eu querendo te amar Sem poder te tocar,Marília Mendonça,2025,14,https://www.letras.mus.br/marilia-mendonca/voce-mudou-demais/,-1,0.10450355611372542
661,Você Não Sabe o Que É Amor,musica661,musica661_trecho1,"Não use mais o plural Não fale de nós dois como se tudo ainda fosse igual Não tente se desculpar Você não tem moral pra me dizer que sabe o que é amar Eu te juro, nunca mais Nunca mais vou me entregar",Luan Santana,2009,43,https://www.letras.mus.br/luan-santana/1534681/,-1,0.05781365351999823
661,Você Não Sabe o Que É Amor,musica661,musica661_trecho2,"Pode ir, tudo bem Você não sabe o que é gostar de alguém Pode rir, tô legal E o que eu sofri espero que não sofra igual Fiquei mal, mas passou Você não sabe o que é amor",Luan Santana,2009,38,https://www.letras.mus.br/luan-santana/1534681/,-1,0.1011285529082091
661,Você Não Sabe o Que É Amor,musica661,musica661_trecho7,"Pode ir, tudo bem Você não sabe o que é gostar de alguém Pode rir, tô legal E o que eu sofri espero que não sofra igual Fiquei mal mas passou Você não sabe o que é amor",Luan Santana,2009,38,https://www.letras.mus.br/luan-santana/1534681/,-1,0.10112855290820888
661,Você Não Sabe o Que É Amor,musica661,musica661_trecho8,Você não sabe o que é amor Você não sabe o que é amor,Luan Santana,2009,14,https://www.letras.mus.br/luan-santana/1534681/,-1,0.05021840443733516
929,Você Vai Ficar Em Mim,musica929,musica929_trecho1,"Você vai ficar em mim Pode crer, não dá pra esquecer Um amor tão forte assim, quando vem, faz a gente se perder Faz o coração doer, faz a gente enlouquecer",Cristiano Araújo,2011,31,https://www.letras.mus.br/cristiano-araujo/1847635/,-1,0.18505731612494403
929,Você Vai Ficar Em Mim,musica929,musica929_trecho2,"Eu só sei fazer amor te chamando Gritando o seu nome, eu só sei te amar Sinto falta de você quando some, a dor me consome Eu sei que nunca mais te esqueço Pois basta só fechar os meus olhos pra te lembrar",Cristiano Araújo,2011,43,https://www.letras.mus.br/cristiano-araujo/1847635/,-1,0.24028935476663982
929,Você Vai Ficar Em Mim,musica929,musica929_trecho4,"Eu só sei fazer amor te chamando Gritando o seu nome, eu só sei te amar Sinto falta de você quando some, a dor me consome Eu sei que nunca mais te esqueço Pois basta só fechar os meus olhos pra te lembrar Pois basta só fechar os meus olhos pra te lembrar Pois basta só fechar os meus olhos Pra te lembrar",Cristiano Araújo,2011,63,https://www.letras.mus.br/cristiano-araujo/1847635/,-1,0.24028935476663948
982,Você Vai Sentir Saudade,musica982,musica982_trecho1,Você pegou no sono antes de mim de novo E eu fiquei olhando filmes na TV Nem falei o que eu fiz pra você,Marília Mendonça,2025,24,https://www.letras.mus.br/marilia-mendonca/voce-vai-sentir-saudade/,-1,0.09241840126993528
982,Você Vai Sentir Saudade,musica982,musica982_trecho2,Tá sempre só na sua e a minha mente nua Te conta todos os meus sonhos e ilusões Esquece que somos dois corações,Marília Mendonça,2025,23,https://www.letras.mus.br/marilia-mendonca/voce-vai-sentir-saudade/,-1,0.050977145150064795
982,Você Vai Sentir Saudade,musica982,musica982_trecho7,Você vai sentir minha falta Pois só eu entendo o seu jeito de ser O que não quer dizer Que eu tenha que aguentar,Marília Mendonça,2025,24,https://www.letras.mus.br/marilia-mendonca/voce-vai-sentir-saudade/,-1,0.19010242462747995
982,Você Vai Sentir Saudade,musica982,musica982_trecho8,A viver sozinho à dois Ficar sempre pra depois Você se acostumou a ter amor Sem ter que amar,Marília Mendonça,2025,19,https://www.letras.mus.br/marilia-mendonca/voce-vai-sentir-saudade/,-1,0.19340496805520113
1523,Você Vai Voltar Pra Mim,musica1523,musica1523_trecho1,"Posso até sangrar, que agora já não dói mais Me acostumei Já parei de chorar, quando alguém fala de você Eu sei",Nathália Siqueira,2007,22,https://www.letras.mus.br/natalia-siqueira/1126873/,-1,0.15304148646200133
1523,Você Vai Voltar Pra Mim,musica1523,musica1523_trecho2,"Te perdi, não dormi, me acabei Nunca mais volto atrás, foi demais Não mereci teu amor Sabe Deus onde foi que eu errei Tudo bem, mas essa noite eu sonhei",Nathália Siqueira,2007,30,https://www.letras.mus.br/natalia-siqueira/1126873/,-1,0.048422544886119745
1523,Você Vai Voltar Pra Mim,musica1523,musica1523_trecho5,Todo dia tua ausência me persegue onde quer que eu vá Não sou ninguém Sempre tenho que fingir que posso sorrir Mesmo sem te ver,Nathália Siqueira,2007,25,https://www.letras.mus.br/natalia-siqueira/1126873/,-1,0.19270687838157152
1523,Você Vai Voltar Pra Mim,musica1523,musica1523_trecho6,"Eu nunca te enganei, não menti Pra depois descobrir que acabou Que desprezou meu amor",Nathália Siqueira,2007,15,https://www.letras.mus.br/natalia-siqueira/1126873/,-1,0.09848268021817375
1523,Você Vai Voltar Pra Mim,musica1523,musica1523_trecho7,"Vai chover, vou chorar, me esconder, te odiar Só eu sei Mas só que hoje eu sonhei",Nathália Siqueira,2007,17,https://www.letras.mus.br/natalia-siqueira/1126873/,-1,0.15375487170518765
1523,Você Vai Voltar Pra Mim,musica1523,musica1523_trecho13,"Me diz que a dor chegou ao fim E você vai voltar pra mim Oh, oh-oh-oh",Nathália Siqueira,2007,16,https://www.letras.mus.br/natalia-siqueira/1126873/,-1,0.027234036047209975
948,Volta Por Baixo,musica948,musica948_trecho2,"E aí, compensou me largar? Cadê suas amizades? Os seus esqueminhas? Que você falava e falava que tinha É isso que cê chama de volta por cima?",Henrique & Juliano,2020,27,https://www.letras.mus.br/henrique-e-juliano/volta-por-baixo/,-1,0.12208930671508134
948,Volta Por Baixo,musica948,musica948_trecho5,Cadê suas amizades? Os seus esqueminhas? Que você falava e falava que tinha É isso que cê chama de volta por cima?,Henrique & Juliano,2020,22,https://www.letras.mus.br/henrique-e-juliano/volta-por-baixo/,-1,0.12208930671508145
1479,Volta Pra Minha Vida,musica1479,musica1479_trecho1,Quantas vezes a gente ama E percebe que só se engana Mas pela primeira vez eu não me enganei,Jorge & Mateus,2010,19,https://www.letras.mus.br/jorge-mateus/1713707/,-1,0.07808909285233545
1479,Volta Pra Minha Vida,musica1479,musica1479_trecho2,Hoje tudo parece um sonho Mas você teve medo de acreditar E se enganar outra vez,Jorge & Mateus,2010,16,https://www.letras.mus.br/jorge-mateus/1713707/,-1,0.1447125902738352
1479,Volta Pra Minha Vida,musica1479,musica1479_trecho10,Eu não vou desgrudar de você Eu não vou desgrudar de você,Jorge & Mateus,2010,12,https://www.letras.mus.br/jorge-mateus/1713707/,-1,0.1870207470062829
1050,Voltando Pra Mim,musica1050,musica1050_trecho3,"Mas é, eu também acho uma pena Ter que acabar tudo assim Eu sei que pra você tava perfeito o esquema Cê beija o mundo e volta pra mim",Gustavo Mioto,2025,29,https://www.letras.mus.br/gustavo-mioto/voltando-pra-mim/,-1,0.0516439197911871
1050,Voltando Pra Mim,musica1050,musica1050_trecho4,Eu fui muito além dos meus limites Gostei mais de você do que de mim Só Deus sabe de tudo que eu passei pra ficar com você Agora eu tô voltando pra mim,Gustavo Mioto,2025,33,https://www.letras.mus.br/gustavo-mioto/voltando-pra-mim/,-1,0.26869916797497817
1050,Voltando Pra Mim,musica1050,musica1050_trecho8,Eu fui muito além dos meus limites Gostei mais de você do que de mim Só Deus sabe de tudo que eu passei pra ficar com você Agora eu tô voltando pra mim Agora eu tô voltando pra mim,Gustavo Mioto,2025,39,https://www.letras.mus.br/gustavo-mioto/voltando-pra-mim/,-1,0.2686991679749783
1415,Vou Dar o Nó em Você,musica1415,musica1415_trecho3,"Eu quero ficar sério com você Tô largando do que gosto Só para te satisfazer Mas quando chega sexta-feira é de doer Desculpe, meu amor Vou dar um nó em você",Thaeme e Thiago,2012,31,https://www.letras.mus.br/thaeme-thiago/arrocha/,-1,0.2549868288950923
1415,Vou Dar o Nó em Você,musica1415,musica1415_trecho5,"A culpa é sua que não quis acompanhar Agora eu arrocho Arrocho, arrocho Arrocho sem parar",Thaeme e Thiago,2012,16,https://www.letras.mus.br/thaeme-thiago/arrocha/,-1,0.06031539129641306
1415,Vou Dar o Nó em Você,musica1415,musica1415_trecho7,"A culpa é sua Que não quis me acompanhar Agora eu arrocho Arrocho, arrocho Arrocho sem parar",Thaeme e Thiago,2012,17,https://www.letras.mus.br/thaeme-thiago/arrocha/,-1,0.060315391296412835
114,Vou Te Amar (Cigana),musica114,musica114_trecho1,"Um dia uma cigana leu a minha mão Falou que o destino do meu coração Daria muitas voltas, mas ia encontrar você",Hugo Pena e Gabriel,2008,22,https://www.letras.mus.br/hugo-pena-e-gabriel/1328169/,-1,0.6429311202506559
114,Vou Te Amar (Cigana),musica114,musica114_trecho2,"Eu confesso que na hora duvidei Lembrei de quantas vezes eu acreditei Mas não dava certo, não era pra acontecer",Hugo Pena e Gabriel,2008,20,https://www.letras.mus.br/hugo-pena-e-gabriel/1328169/,-1,0.19888021573542047
114,Vou Te Amar (Cigana),musica114,musica114_trecho8,Um dia uma cigana leu a minha mão,Hugo Pena e Gabriel,2008,8,https://www.letras.mus.br/hugo-pena-e-gabriel/1328169/,-1,0.642931120250656
376,Vou Ter Que Superar (part. Marília Mendonça),musica376,musica376_trecho1,"Fui bobo Imaturo demais, deixei escapar entre meus dedos Seu amor, nosso apartamento, futuro perfeito Se eu pudesse, tentava de novo ter você aqui",Matheus & Kauan,2019,24,https://www.letras.mus.br/matheus-kauan/vou-ter-que-superar-part-marilia-mendonca/,-1,0.024208283889393556
376,Vou Ter Que Superar (part. Marília Mendonça),musica376,musica376_trecho2,"Quase morro Tentando encontrar o contato novo dela agora Eu sei que ela já tá em outra e que vai embora Mas se existe consideração, eu sei que vai me ouvir",Matheus & Kauan,2019,31,https://www.letras.mus.br/matheus-kauan/vou-ter-que-superar-part-marilia-mendonca/,-1,0.09615916117169154
39,Vou Voando,musica39,musica39_trecho1,Por que você não vem E deita aqui do meu lado? Acende a luz da noite Vamos ficar acordados,Jorge & Mateus,2016,19,https://www.letras.mus.br/jorge-mateus/vou-voando/,-1,0.05445905536603746
39,Vou Voando,musica39,musica39_trecho3,"Dias que não voltam mais Tempo que ficou pra trás Fotos e recordações Primaveras e verões Juras de amor sem fim Sem você tá tão ruim Ô, ô, ô, ô, ô",Jorge & Mateus,2016,31,https://www.letras.mus.br/jorge-mateus/vou-voando/,-1,0.050977145150064795
39,Vou Voando,musica39,musica39_trecho5,Por que você não vem pra mim voando?,Jorge & Mateus,2016,8,https://www.letras.mus.br/jorge-mateus/vou-voando/,-1,0.1357502423069602
1335,Vou Voar,musica1335,musica1335_trecho1,"Vou voar Quem quer amar ? Sonhar alto, voar sem parar Eu não vou ficar parado vendo você se afastar A melhor é você Meu destino é você Fui feito pra você",Luan Santana,2009,32,https://www.letras.mus.br/luan-santana/1590556/,-1,0.19415952087515054
1335,Vou Voar,musica1335,musica1335_trecho3,"Vou voar Quem quer amar ? Sonhar alto, voar sem parar Eu não vou ficar parado vendo você se afastar A melhor é você Meu destino é você Fui feito pra você Um cometa acertou em cheio o meu coração E estremeceu meu mundo, toda constelação",Luan Santana,2009,46,https://www.letras.mus.br/luan-santana/1590556/,-1,0.14032937520529276
1335,Vou Voar,musica1335,musica1335_trecho5,"Alimenta a alma ao tentar buscar você Tua voz me acalma, me ensina a ter você Me ensina a ter você ! Vou voar Quem quer amar ? Sonhar alto, voar sem parar Eu não vou ficar parado vendo você se afastar A melhor é você Meu destino é você Eu sempre fui com você pro céu Fui feito pra você",Luan Santana,2009,61,https://www.letras.mus.br/luan-santana/1590556/,-1,0.14032937520529287
653,Wi-Fi (part. Luan Pereira),musica653,musica653_trecho2,"A nossa conexão tá falhando, já faz tempo Que aqui não chega os: Eu te amo Daqueles que deixa o coração vibrando E é por isso que eu tô me preocupando Nosso amor tá oscilando Uou, uou, uou, uou",Traia Véia,2025,39,https://www.letras.mus.br/traia-veia/wi-fi-part-luan-pereira/,-1,0.26258665645168144
653,Wi-Fi (part. Luan Pereira),musica653,musica653_trecho3,"Se o Wi-Fi tá lento, travando Tem mais gente usando E nem é de Internet que eu tô falando Se o Wi-Fi tá lento, travando Tem mais gente usando E nem é de Internet que eu tô falando Do seu amor eu tô me desligando",Traia Véia,2025,45,https://www.letras.mus.br/traia-veia/wi-fi-part-luan-pereira/,-1,0.33054607229089517
653,Wi-Fi (part. Luan Pereira),musica653,musica653_trecho5,"A nossa conexão tá falhando, já faz tempo Que aqui não chega os: Eu te amo Daqueles que deixa o coração vibrando E é por isso que eu tô me preocupando Nosso amor tá oscilando (tá oscilando) Uou, uou, uou, uou",Traia Véia,2025,41,https://www.letras.mus.br/traia-veia/wi-fi-part-luan-pereira/,-1,0.2625866564516812
653,Wi-Fi (part. Luan Pereira),musica653,musica653_trecho6,"Se o Wi-Fi tá lento, travando Tem mais gente usando E nem é de Internet que eu tô falando Se o Wi-Fi tá lento, travando Tem mais gente usando E nem é de Internet que eu tô falando",Traia Véia,2025,38,https://www.letras.mus.br/traia-veia/wi-fi-part-luan-pereira/,-1,0.3305460722908953
653,Wi-Fi (part. Luan Pereira),musica653,musica653_trecho7,"Se o Wi-Fi (Wi-Fi) tá lento (tá lento), travando (travando) Tem mais gente usando (uou, usando) E nem é de Internet que eu tô falando Do seu amor eu tô me desligando Uh, uh Do seu amor eu tô me desligando Uh, uh E nem é de Internet que eu tô falando",Traia Véia,2025,52,https://www.letras.mus.br/traia-veia/wi-fi-part-luan-pereira/,-1,0.33054607229089494
653,Wi-Fi (part. Luan Pereira),musica653,musica653_trecho8,"E se o Wi-Fi tá lento, travando Tem mais gente usando E nem é de Internet que eu tô falando E se o Wi-Fi tá lento, travando Tem mais gente usando E nem é de Internet que eu tô falando Do seu amor eu tô me desligando",Traia Véia,2025,47,https://www.letras.mus.br/traia-veia/wi-fi-part-luan-pereira/,-1,0.3305460722908953
1315,Zé da Recaída,musica1315,musica1315_trecho3,Atende aí O Zé da Recaída tá ligando aí Eu não tô nem aí Se salvou meu nome assim O importante é que ao vivo Cê me chama de benzim,Gusttavo Lima,2018,30,https://www.letras.mus.br/gusttavo-lima/ze-da-recaida/,-1,0.06619607397359384
