ranking_posicao,musica,tag_musica,tag_trecho,ESTROFE,artista,ano,ntokens,url,topic
442,10%,musica442,musica442_trecho3,"A terceira música nem acabou Eu já tô lembrando da gente fazendo amor Celular na mão, mas ele não tá tocando Se fosse ligação, nosso amor seria engano, seria engano",Maiara & Maraisa,2016,30,https://www.letras.mus.br/maiara-maraisa/10/,-1
442,10%,musica442,musica442_trecho6,Aí cê me arrebenta! E o coração não guenta E os 10% aumenta,Maiara & Maraisa,2016,13,https://www.letras.mus.br/maiara-maraisa/10/,-1
10,31/12,musica10,musica10_trecho1,Por que você não sai da minha cabeça?,Jorge & Mateus,2015,8,https://www.letras.mus.br/jorge-mateus/31-de-dezembro/,-1
10,31/12,musica10,musica10_trecho2,É 31 de dezembro Fim de mais um ano E por mais que eu tente Fazer outros planos Outro ano começa Com o antigo sonho De ter você comigo,Jorge & Mateus,2015,29,https://www.letras.mus.br/jorge-mateus/31-de-dezembro/,-1
10,31/12,musica10,musica10_trecho3,E por mais que eu queira Por que você não sai da minha cabeça? Por que você não sai da minha cabeça? E vou pedir pra toda estrela que eu vejo Pra realizar meu único desejo,Jorge & Mateus,2015,36,https://www.letras.mus.br/jorge-mateus/31-de-dezembro/,-1
10,31/12,musica10,musica10_trecho4,"Amanhecer, primeiro de janeiro Com você Banho de mar Amar e amar De amor me perder Por que você não sai da minha cabeça? Por que você não sai da minha cabeça?",Jorge & Mateus,2015,32,https://www.letras.mus.br/jorge-mateus/31-de-dezembro/,-1
10,31/12,musica10,musica10_trecho7,"Amanhecer, primeiro de janeiro Com você Banho de mar Amar e amar De amor me perder",Jorge & Mateus,2015,16,https://www.letras.mus.br/jorge-mateus/31-de-dezembro/,-1
10,31/12,musica10,musica10_trecho9,"Por que você não sai da minha cabeça? Por que você não sai da minha cabeça? Não sai Por que? Por que você não sai da minha cabeça? Você, por que? Não sai, não sai, não sai da minha cabeça não Por que você não sai da minha cabeça? Não sai da minha cabeça Não sai da minha cabeça, por que?",Jorge & Mateus,2015,61,https://www.letras.mus.br/jorge-mateus/31-de-dezembro/,-1
803,1° de Janeiro,musica803,musica803_trecho1,Tenho certeza de poucas coisas E uma delas é que cê nasceu pra mim E as estrelas já escreveram O nosso encontro que nunca vai ter um fim,Nilson Neto,2024,28,https://www.letras.mus.br/nilson-neto-funk/1deg-de-janeiro/,-1
803,1° de Janeiro,musica803,musica803_trecho3,E quando o céu apagar E o ano virar É com você que eu quero acordar,Nilson Neto,2024,16,https://www.letras.mus.br/nilson-neto-funk/1deg-de-janeiro/,-1
803,1° de Janeiro,musica803,musica803_trecho4,Primeiro de Janeiro Nós dois e um travesseiro Pra mim seria desse jeito o Ano inteiro,Nilson Neto,2024,16,https://www.letras.mus.br/nilson-neto-funk/1deg-de-janeiro/,-1
803,1° de Janeiro,musica803,musica803_trecho5,"E quando o céu apagar, ah, ah, ah Só falta você aceitar, ah, ah, ah Primeiro de Janeiro Cenário perfeito É ter você comigo esse ano inteiro",Nilson Neto,2024,27,https://www.letras.mus.br/nilson-neto-funk/1deg-de-janeiro/,-1
803,1° de Janeiro,musica803,musica803_trecho12,Primeiro de Janeiro Cenário perfeito É ter você comigo esse ano inteiro,Nilson Neto,2024,12,https://www.letras.mus.br/nilson-neto-funk/1deg-de-janeiro/,-1
208,10 Anos,musica208,musica208_trecho1,Fala Seria covardia ir embora sem dizer por quê Existem tantas páginas dessa história pra escrever Não venha inventar um fim,Gusttavo Lima,2014,21,https://www.letras.mus.br/gusttavo-lima/10-anos/,-1
208,10 Anos,musica208,musica208_trecho3,"Nosso amor não acabou, e ainda digo mais Vou te fazer lembrar de tudo que me prometeu há 10 anos atrás Amor e muito mais Tô pagando pra ver se você é capaz de me esquecer",Gusttavo Lima,2014,36,https://www.letras.mus.br/gusttavo-lima/10-anos/,-1
208,10 Anos,musica208,musica208_trecho8,"Nosso amor não acabou, e ainda digo mais Vou te fazer lembrar de tudo que me prometeu há 10, há 10 Há 10 anos atrás Tô pagando pra ver se você é capaz de me esquecer",Gusttavo Lima,2014,36,https://www.letras.mus.br/gusttavo-lima/10-anos/,-1
89,10 Minutos Longe de Você (part. Henrique e Juliano),musica89,musica89_trecho1,Dizem que os olhos são como o espelho Que seu brilho sempre reflete aquilo que seu coração tá cheio Dizem que a boca descreve momentos Com palavras de amor revelando o que trago no meu peito,Victor & Leo,2015,36,https://www.letras.mus.br/victor-leo/10-minutos-longe-de-voce/,-1
89,10 Minutos Longe de Você (part. Henrique e Juliano),musica89,musica89_trecho2,Na minha história com você não é tão diferente E no brilho dos seus olhos Vejo o quanto você sente quando estou ausente,Victor & Leo,2015,23,https://www.letras.mus.br/victor-leo/10-minutos-longe-de-voce/,-1
89,10 Minutos Longe de Você (part. Henrique e Juliano),musica89,musica89_trecho3,"E se você me ouve agora, vai me entender Me falta uma metade, tudo é nada sem você Eu tô chegando pra te ver",Victor & Leo,2015,24,https://www.letras.mus.br/victor-leo/10-minutos-longe-de-voce/,-1
89,10 Minutos Longe de Você (part. Henrique e Juliano),musica89,musica89_trecho5,"Me espera com sorriso de lábios vermelhos Prepare a nossa cama, põe vinho no gelo Que eu quero brindar pra esquecer Esses dez minutos longe de você",Victor & Leo,2015,27,https://www.letras.mus.br/victor-leo/10-minutos-longe-de-voce/,-1
1439,100% Você,musica1439,musica1439_trecho1,"A saudade é uma prova que valeu o que passou Eu me perco, não me acho sem você meu amor Essa porta está aberta, nunca pense em desistir Hoje o Sol nasceu só pra te ver sorrir",Fernando e Sorocaba,2020,37,https://www.letras.mus.br/fernando-sorocaba/1459131/,-1
1439,100% Você,musica1439,musica1439_trecho3,"Eu queria ser poeta, mas eu sei nunca vou ser Um poeta pensa muito e eu só penso em você Eu viajo e imagino um final só pra nós dois O passado a gente deixa pra depois",Fernando e Sorocaba,2020,37,https://www.letras.mus.br/fernando-sorocaba/1459131/,-1
1045,11 Vidas,musica1045,musica1045_trecho1,"Me pareço tanto com você Olhando dá pra ver, seu rosto lembra o meu Desde o primeiro aniversário O primeiro passo, sempre pronto pra me defender",Lucas Lucco,2014,26,https://www.letras.mus.br/lucas-lucco/11-vidas/,-1
1045,11 Vidas,musica1045,musica1045_trecho3,"Mas eu só quero lembrar Que de 10 vidas, onze eu te daria Que foi vendo você Que eu aprendi a lutar",Lucas Lucco,2014,22,https://www.letras.mus.br/lucas-lucco/11-vidas/,-1
1045,11 Vidas,musica1045,musica1045_trecho4,"Mas eu só quero lembrar Antes que meu tempo acabe, pra você não se esquecer Que se Deus me desse uma chance de viver outra vez Eu só queria se tivesse você",Lucas Lucco,2014,32,https://www.letras.mus.br/lucas-lucco/11-vidas/,-1
1045,11 Vidas,musica1045,musica1045_trecho7,"Mas eu só quero lembrar Que de 10 vidas, 11 eu te daria Que foi vendo você Que eu aprendi a lutar",Lucas Lucco,2014,22,https://www.letras.mus.br/lucas-lucco/11-vidas/,-1
1045,11 Vidas,musica1045,musica1045_trecho8,"Mas eu só quero lembrar Antes que meu tempo acabe, pra você não se esquecer Que se Deus me desse uma chance de viver outra vez",Lucas Lucco,2014,26,https://www.letras.mus.br/lucas-lucco/11-vidas/,-1
1045,11 Vidas,musica1045,musica1045_trecho10,Eu só queria se tivesse você Eu só queria se tivesse você,Lucas Lucco,2014,12,https://www.letras.mus.br/lucas-lucco/11-vidas/,-1
1459,126 Cabides,musica1459,musica1459_trecho3,E eu nem quis te ver de malas prontas Levando o que eu temia Suas roupas e minha alegria E eu nem quis te ver de malas prontas Nós dois não mais existe Só ficaram 126 cabides,Simone & Simaria,2016,37,https://www.letras.mus.br/simone-simaria-as-coleguinhas/126-cabides/,-1
1459,126 Cabides,musica1459,musica1459_trecho5,E eu nem quis te ver de malas prontas Levando o que eu temia Suas roupas e minha alegria E eu nem quis te ver de malas prontas Nós dois não mais existe,Simone & Simaria,2016,33,https://www.letras.mus.br/simone-simaria-as-coleguinhas/126-cabides/,-1
1430,24 Horas,musica1430,musica1430_trecho4,"Queria tanto poder te falar Daquele tempo que não vai voltar É tentação, mais que paixão São 24 horas de você no coração",Luan Santana,2012,23,https://www.letras.mus.br/luan-santana/24-horas/,-1
1262,24 Horas (Pensando Em Você),musica1262,musica1262_trecho1,"24 horas pensando em você 24 horas querendo te ver 24 horas por dia pensando em te encontrar Porque eu quero, eu quero, eu quero tanto te amar",Léo Magalhães,2010,28,https://www.letras.mus.br/leo-magalhaes/1722916/,-1
1262,24 Horas (Pensando Em Você),musica1262,musica1262_trecho3,"24 horas pensando em você 24 horas querendo te ver 24 horas no dia pensando em te encontrar Porque eu quero, eu quero, eu quero tanto te amar",Léo Magalhães,2010,28,https://www.letras.mus.br/leo-magalhaes/1722916/,-1
865,24 Horas de Amor/ Só Dá Você Na Minha Vida/ Pense Em Mim/ Talismã (pot-pourri),musica865,musica865_trecho1,Quando acordei pela manhã Senti um perfume que há muito Muito tempo não sentia Olhei depressa ao meu redor E apalpei o seu lugar Em nossa cama tão vazia,Ícaro e Gilmar,2020,29,https://www.letras.mus.br/icaro-e-gilmar/24-horas-de-amor-so-da-voce-na-minha-vida-pense-em-mim-talisma-pot-pourri/,-1
865,24 Horas de Amor/ Só Dá Você Na Minha Vida/ Pense Em Mim/ Talismã (pot-pourri),musica865,musica865_trecho5,"Eu tentei, eu lutei, fiz o possível Mas viver sem você é impossível Eu tentei, eu busquei outra saída Mas o que fazer se só dá você na minha vida",Ícaro e Gilmar,2020,30,https://www.letras.mus.br/icaro-e-gilmar/24-horas-de-amor-so-da-voce-na-minha-vida-pense-em-mim-talisma-pot-pourri/,-1
865,24 Horas de Amor/ Só Dá Você Na Minha Vida/ Pense Em Mim/ Talismã (pot-pourri),musica865,musica865_trecho10,Sabe quanto tempo não te vejo Cada vez você mais longe Mas eu gosto de você Por quê?,Ícaro e Gilmar,2020,18,https://www.letras.mus.br/icaro-e-gilmar/24-horas-de-amor-so-da-voce-na-minha-vida-pense-em-mim-talisma-pot-pourri/,-1
1517,3 de Maio,musica1517,musica1517_trecho1,"Se todo lugar que eu olho eu vejo seu rosto Se a brisa do oceano vem, me traz seu gosto Quando você chega perto, eu quase desmaio Vai ficar marcado, hoje, dia 3 de maio",Luan Santana,2012,35,https://www.letras.mus.br/luan-santana/3-de-maio/,-1
1517,3 de Maio,musica1517,musica1517_trecho2,"Acordei bem cedo e decidi tentar a sorte Na minha vida, a timidez sempre falou mais forte O seu não eu já ganhei, se me esnobar eu saio Vai ficar marcado, hoje, dia 3 de maio",Luan Santana,2012,36,https://www.letras.mus.br/luan-santana/3-de-maio/,-1
1517,3 de Maio,musica1517,musica1517_trecho4,Quando o amor bate na porta é só deixar ele entrar Na vida tem escolhas e o mais certo é não ter medo de errar O beijo tão gostoso que você me deu me fez esquecer da hora Eu viajei direto pra saturno e não voltei até agora,Luan Santana,2012,48,https://www.letras.mus.br/luan-santana/3-de-maio/,-1
1187,360 O Arrocha do Poder,musica1187,musica1187_trecho3,"180, 180, 360 180, 180, 360 É fácil de pegar, difícil de esquecer O cara da pegada quer te ensinar a fazer",Thiago Brava,2012,22,https://www.letras.mus.br/thiago-brava/360-o-arrocha-do-poder/,-1
1187,360 O Arrocha do Poder,musica1187,musica1187_trecho4,"180, 180, 360 180, 180, 360 É fácil de pegar, difícil de esquecer Se liga na pegada, é o arrocha do poder",Thiago Brava,2012,22,https://www.letras.mus.br/thiago-brava/360-o-arrocha-do-poder/,-1
1145,365 Dias,musica1145,musica1145_trecho1,Ainda vou aonde a gente ia Pensando em te ver de novo Minha esperança ainda fantasia nosso reencontro,Thaeme e Thiago,2012,18,https://www.letras.mus.br/thaeme-thiago/1985791/,-1
1145,365 Dias,musica1145,musica1145_trecho2,Desenhei teu rosto no teto do meu quarto Pra dormir sempre te olhando E ao fechar os olhos me vejo te amando Por isso que eu acordo sempre chorando,Thaeme e Thiago,2012,29,https://www.letras.mus.br/thaeme-thiago/1985791/,-1
1145,365 Dias,musica1145,musica1145_trecho3,Hoje faz trezentos e sessenta e cinco dias Faz um ano que você se foi Refazendo um resumo da minha vida Vejo que tudo que construí não me valeu a pena Porque tudo que eu fiz foi pensando em nós dois,Thaeme e Thiago,2012,41,https://www.letras.mus.br/thaeme-thiago/1985791/,-1
1145,365 Dias,musica1145,musica1145_trecho6,"Comprei o mesmo perfume que o seu Passei na roupa que você deixou E durmo abraçado, inconformado Me perguntando aonde foi que a gente errou",Thaeme e Thiago,2012,25,https://www.letras.mus.br/thaeme-thiago/1985791/,-1
979,4 e 15,musica979,musica979_trecho1,"Quatro e quinze, vem falar comigo Diz que eu tô sumida Eu respondi: Pois é",Marília Mendonça,2015,15,https://www.letras.mus.br/marilia-mendonca/quatro-e-quinze/,-1
979,4 e 15,musica979,musica979_trecho2,"Aqui tá tudo bem, tudo do mesmo jeito Com os mesmos defeitos A diferença é que alguém me aceitou do jeito que eu sou Mas que bom que você perguntou",Marília Mendonça,2015,30,https://www.letras.mus.br/marilia-mendonca/quatro-e-quinze/,-1
979,4 e 15,musica979,musica979_trecho4,"Olha o que você fez Era meu grande amor, hoje é só mais um ex Trocou sua certeza por qualquer talvez Te perdoar não quer dizer que eu vá voltar Tá tarde pra você me ligar",Marília Mendonça,2015,36,https://www.letras.mus.br/marilia-mendonca/quatro-e-quinze/,-1
979,4 e 15,musica979,musica979_trecho5,"Era meu grande amor, hoje é só mais um ex Nunca deu certo dividir amor pra três Se foi tão bom, por que não quis continuar? Não tá na hora de me ligar Desculpa, mas eu vou desligar",Marília Mendonça,2015,38,https://www.letras.mus.br/marilia-mendonca/quatro-e-quinze/,-1
311,5 KM,musica311,musica311_trecho1,"Doente de saudade, me dei alta pra viver Tô contando as horas, são dois dias sem te ver Já deu pra entender que você me faz falta",Henrique & Juliano,2017,27,https://www.letras.mus.br/henrique-e-juliano/5-km/,-1
311,5 KM,musica311,musica311_trecho3,"Desliga esse abajur, que o show não precisa de luz Ação, romance ou suspense, a escolha é sua O filme é só pra arrumar desculpa O filme é só pra arrumar desculpa",Henrique & Juliano,2017,32,https://www.letras.mus.br/henrique-e-juliano/5-km/,-1
311,5 KM,musica311,musica311_trecho4,"Desliga esse abajur, que o show não precisa de luz Ação, romance ou suspense, a escolha é sua O filme é só pra arrumar desculpa A gente pausa, volta e continua",Henrique & Juliano,2017,31,https://www.letras.mus.br/henrique-e-juliano/5-km/,-1
35,50 Reais (part. Maiara & Maraisa),musica35,musica35_trecho1,"Bonito! Que bonito, hein! Que cena mais linda Será que eu estou atrapalhando o casalzinho aí?",Naiara Azevedo,2016,16,https://www.letras.mus.br/naiara-azevedo/50-reais/,-1
35,50 Reais (part. Maiara & Maraisa),musica35,musica35_trecho4,E não precisa se vestir Eu já vi tudo que eu tinha que ver aqui Que decepção Um a zero pra minha intuição,Naiara Azevedo,2016,23,https://www.letras.mus.br/naiara-azevedo/50-reais/,-1
162,60 Segundos,musica162,musica162_trecho3,Você enlouquece o meu coração Você sabe que eu tô em suas mãos,Gusttavo Lima,2011,13,https://www.letras.mus.br/gusttavo-lima/1966132/,-1
162,60 Segundos,musica162,musica162_trecho4,"O tempo passa depressa quando estou com você As horas viram minutos, não consigo entender E o que eu mais quero é viver ao seu lado Cada segundo, amor",Gusttavo Lima,2011,29,https://www.letras.mus.br/gusttavo-lima/1966132/,-1
604,A,musica604,musica604_trecho1,Tá em dúvida Não sabe se é normal gostar de dois Tá entre o que é e o que já foi Vou te ajudar a decidir agora,Luan Santana,2018,27,https://www.letras.mus.br/luan-santana/a/,-1
604,A,musica604,musica604_trecho5,"Tá em dúvida (tá em dúvida) Não sabe se é normal gostar de dois (não é normal) Tá entre o que é e o que já foi (ele já foi) Vou te ajudar a decidir agora, oh",Luan Santana,2018,37,https://www.letras.mus.br/luan-santana/a/,-1
604,A,musica604,musica604_trecho9,"Tá com medo do passado, né? Mas eu sei exatamente o que você quer, é Você não é mulher de Ralé, Lado B Esse disco já furou mete o pé Vem que eu te mostro lado A da vida Cola sua boca aqui na minha Hoje a noite vou te encher de amor oh",Luan Santana,2018,54,https://www.letras.mus.br/luan-santana/a/,-1
1183,A Bela e o Fera,musica1183,musica1183_trecho3,Quem diria Que a Bela e a Fera Formariam no final Um belo casal,Munhoz & Mariano,2011,14,https://www.letras.mus.br/munhoz-mariano/a-bela-e-a-fera/,-1
1216,A Bússola,musica1216,musica1216_trecho1,Eu me perdi tentando acertar E sem saida comecei andar Por uma selva de perigos Não consegui escapar Eu precisava de uma bússola,Luan Santana,2011,23,https://www.letras.mus.br/luan-santana/1779415/,-1
1216,A Bússola,musica1216,musica1216_trecho2,Alguma coisa assim pra me guiar E o seu olhar brilhou na imensidão Salvando meu coração E o sol nasceu pra mim Angústia teve fim Amor descontrolado Vou pra guerra do seu lado,Luan Santana,2011,33,https://www.letras.mus.br/luan-santana/1779415/,-1
256,A Carta,musica256,musica256_trecho2,Está fazendo algum tempo Que uma coisa aqui por dentro Despertou e é tão forte Que eu não pude te contar,Eduardo Costa,2008,21,https://www.letras.mus.br/eduardo-costa/1303708/,-1
256,A Carta,musica256,musica256_trecho7,Quando cheguei no portão da minha casa Como se eu tivesse asas Me senti igual criança Deu vontade de voar,Eduardo Costa,2008,20,https://www.letras.mus.br/eduardo-costa/1303708/,-1
256,A Carta,musica256,musica256_trecho8,"Quase entrei pela janela Minha esposa ali, tão bela Dei um forte e longo abraço E comecei a chorar",Eduardo Costa,2008,19,https://www.letras.mus.br/eduardo-costa/1303708/,-1
1254,A Casa Caiu,musica1254,musica1254_trecho2,"Tô grilado, encanado Por que armou isso comigo? Tô pirado, revoltado Não vou ser mais seu ombro amigo",Fernando e Sorocaba,2009,18,https://www.letras.mus.br/fernando-sorocaba/1603280/,-1
1254,A Casa Caiu,musica1254,musica1254_trecho3,"Para, para, para, tá louca Tá tudo errado, fica longe da minha boca Para, sua casa caiu de vez Eu sei do seu passado, você faz tudo errado O amor tá acabado, eu já tô cansado da sua estupidez",Fernando e Sorocaba,2009,39,https://www.letras.mus.br/fernando-sorocaba/1603280/,-1
171,A Culpa É Nossa,musica171,musica171_trecho1,Tá preocupado com o que eu vou falar Quando alguém perguntar o motivo da gente largar Eu vou falar a verdade Se isso te incomoda,Maiara & Maraisa,2023,25,https://www.letras.mus.br/maiara-maraisa/a-culpa-e-nossa/,-1
171,A Culpa É Nossa,musica171,musica171_trecho2,"Pensasse antes de ter feito O que chama de erro, eu chamo de escolha Ou quer me convencer que alguém colocou uma arma na sua cabeça e falou Beija minha boca?",Maiara & Maraisa,2023,31,https://www.letras.mus.br/maiara-maraisa/a-culpa-e-nossa/,-1
1188,A Distância,musica1188,musica1188_trecho1,"Nunca mais você ouviu falar de mim Mas eu continuei a ter você E toda esta saudade que ficou Tanto tempo já passou, e eu não te esqueci",Zezé Di Camargo & Luciano,2008,28,https://www.letras.mus.br/zeze-di-camargo-e-luciano/1372804/,-1
1188,A Distância,musica1188,musica1188_trecho2,"Quantas vezes eu pensei em voltar E dizer que meu amor, nada mudou Mas o meu silêncio foi maior E na distância morro todo dia sem você saber",Zezé Di Camargo & Luciano,2008,28,https://www.letras.mus.br/zeze-di-camargo-e-luciano/1372804/,-1
1256,A Fila Anda,musica1256,musica1256_trecho1,Tá se achando demais Tá pisando sem dó Tá fazendo besteira uma atrás da outra Tá querendo ficar só,Leonardo,2008,19,https://www.letras.mus.br/leonardo/1241598/,-1
1252,A Fila Andou,musica1252,musica1252_trecho1,Cansei de esperar na janela de casa Me enchi do seu jogo agora vou me virar Não quero mais lágrimas na minha vida,Maria Cecília e Rodolfo,2008,23,https://www.letras.mus.br/maria-cecilia-rodolfo/1302405/,-1
1252,A Fila Andou,musica1252,musica1252_trecho2,Cansei desse papo de te amar sozinho O meu coração tá pedindo carinho Já virei a página da nossa relação,Maria Cecília e Rodolfo,2008,20,https://www.letras.mus.br/maria-cecilia-rodolfo/1302405/,-1
1252,A Fila Andou,musica1252,musica1252_trecho3,"Já deletei você da minha vida Sem nenhum rancor na despedida O que passou, passou, já se esqueceu Não volta mais",Maria Cecília e Rodolfo,2008,21,https://www.letras.mus.br/maria-cecilia-rodolfo/1302405/,-1
630,A Gente Nem Ficou,musica630,musica630_trecho1,A gente nem ficou Mesmo assim eu não tiro você da cabeça O pouco que durou Nosso encontro me faz duvidar Que um dia eu te esqueça,Jorge & Mateus,2012,27,https://www.letras.mus.br/jorge-mateus/a-gente-nem-ficou/,-1
630,A Gente Nem Ficou,musica630,musica630_trecho5,"E a gente nem ficou Uô, uô, uô, uô E olha o que me causou Uô, uô, uô, uô E a gente nem ficou",Jorge & Mateus,2012,24,https://www.letras.mus.br/jorge-mateus/a-gente-nem-ficou/,-1
630,A Gente Nem Ficou,musica630,musica630_trecho6,E a gente nem ficou Mesmo assim eu não tiro você da cabeça E o pouco que durou Nosso encontro me faz duvidar Que um dia eu te esqueça,Jorge & Mateus,2012,29,https://www.letras.mus.br/jorge-mateus/a-gente-nem-ficou/,-1
630,A Gente Nem Ficou,musica630,musica630_trecho12,"E a gente nem ficou Uô, uô, uô, uô E olha o que me causou Uô, uô, uô, uô E a gente nem ficou Uô, uô, uô, uô E a gente nem ficou Uô, uô, uô, uô E a gente nem ficou",Jorge & Mateus,2012,42,https://www.letras.mus.br/jorge-mateus/a-gente-nem-ficou/,-1
1291,A Mala é Falsa (part. Henrique & Juliano),musica1291,musica1291_trecho1,"É, agora tá com tempo pra me escutar Agora diz que ama e que vai mudar Eu sei que a cena é forte, vai doer agora Arrumei minha mala, tô caindo fora",Felipe Araújo,2016,32,https://www.letras.mus.br/felipe-araujo/a-mala-e-falsa-amor/,-1
1291,A Mala é Falsa (part. Henrique & Juliano),musica1291,musica1291_trecho2,"Você não percebeu, mas esfriou Caiu na rotina, você descuidou Eu só queria um pouco de carinho Fica tranquila amor eu tô fingindo",Felipe Araújo,2016,23,https://www.letras.mus.br/felipe-araujo/a-mala-e-falsa-amor/,-1
826,A Noite (La Notte),musica826,musica826_trecho1,"Palavras não bastam, não dá pra entender Esse medo que cresce e não para É uma história que se complicou Eu sei bem o porquê",Gusttavo Lima,2024,25,https://www.letras.mus.br/gusttavo-lima/a-noite/,-1
826,A Noite (La Notte),musica826,musica826_trecho2,Qual é o peso da culpa que eu carrego nos braços? Me entorta as costas e dá um cansaço A maldade do tempo fez Eu me afastar de você,Gusttavo Lima,2024,29,https://www.letras.mus.br/gusttavo-lima/a-noite/,-1
118,A Nossa Praia,musica118,musica118_trecho2,"A nossa praia é amar, beijar Ficar de boa em frente ao mar Com aquela pessoa que eu escolhi pra ficar E tudo que atrasa, deixa a maré levar Deixa levar",Matheus & Kauan,2017,31,https://www.letras.mus.br/matheus-kauan/a-nossa-praia/,-1
118,A Nossa Praia,musica118,musica118_trecho3,"A nossa praia é amar, beijar Ficar de boa em frente ao mar Com aquela pessoa que eu escolhi pra ficar E tudo que atrasa, deixa a maré levar Deixa levar Ô, ô, ô, ô",Matheus & Kauan,2017,35,https://www.letras.mus.br/matheus-kauan/a-nossa-praia/,-1
118,A Nossa Praia,musica118,musica118_trecho5,"A nossa praia é amar, beijar Ficar de boa em frente ao mar Com aquela pessoa que eu escolhi pra ficar E tudo que atrasa, deixa a maré levar Deixa, deixa levar Ô, ô, ô, ô",Matheus & Kauan,2017,36,https://www.letras.mus.br/matheus-kauan/a-nossa-praia/,-1
118,A Nossa Praia,musica118,musica118_trecho6,"A nossa praia é amar, beijar Ficar de boa em frente ao mar Com aquela pessoa que eu escolhi pra ficar E tudo que atrasa, deixa a maré levar Deixa levar A nossa praia é amar, amar Deixa a maré levar",Matheus & Kauan,2017,41,https://www.letras.mus.br/matheus-kauan/a-nossa-praia/,-1
1040,A Paz,musica1040,musica1040_trecho5,"Deixe, que esse canto lave o pranto do mundo Pra trazer perdão e dividir o pão",Daniel,2015,16,https://www.letras.mus.br/daniel/a-paz-heal-the-world/,-1
861,A Rosa E O Beija-Flor,musica861,musica861_trecho1,Quando você fica ao lado de uma pessoa E ela mesmo em silêncio lhe faz bem Quando você fecha os olhos E no pensamento está Fotografado o rosto desse alguém,Matheus & Kauan,2015,30,https://www.letras.mus.br/matheus-kauan/a-rosa-e-o-beija-flor/,-1
1340,À Sua Vista,musica1340,musica1340_trecho3,Eu conto as horas pra te ver Pra ser domingo todo dia com você Ficar na paz e ser bem mais Do que a gente pensou que ia ser,João Neto e Frederico,2008,29,https://www.letras.mus.br/joao-neto-frederico/1452379/,-1
1340,À Sua Vista,musica1340,musica1340_trecho4,Você chegou junto com a primavera Me fez alguém bem melhor do que eu era Você me trouxe o Sol Me fez amar e ser feliz de novo,João Neto e Frederico,2008,28,https://www.letras.mus.br/joao-neto-frederico/1452379/,-1
1340,À Sua Vista,musica1340,musica1340_trecho5,Você é tudo o que eu mais queria E foi enchendo minha vida de alegria Tirou da escuridão Meu coração que agora é um mar de amor,João Neto e Frederico,2008,27,https://www.letras.mus.br/joao-neto-frederico/1452379/,-1
1470,A Verdade,musica1470,musica1470_trecho8,Não conte a verdade A amo e sinto saudade Essa é a pura verdade A amo e sinto saudade,Fernando e Sorocaba,2012,19,https://www.letras.mus.br/fernando-sorocaba/1888690/,-1
322,ABALO EMOCIONAL,musica322,musica322_trecho2,Te avisei: Não sou flor que se cheira Mas essa abelha é teimosa Me cheira e ainda me beija Com essa boca gostosa,Luan Santana,2022,23,https://www.letras.mus.br/luan-santana/abalo-emocional/,-1
322,ABALO EMOCIONAL,musica322,musica322_trecho3,Tá aí o motivo do meu abalo emocional Fico ou não fico? Vou ou não vou? É lance ou amor?,Luan Santana,2022,20,https://www.letras.mus.br/luan-santana/abalo-emocional/,-1
322,ABALO EMOCIONAL,musica322,musica322_trecho8,"Dona da lei, eu não queria te amar, te amei Eu não queria me entregar, me entreguei Eu não queria me jogar, eu me joguei Eu não queria",Luan Santana,2022,28,https://www.letras.mus.br/luan-santana/abalo-emocional/,-1
1111,Abelha (part. Jorge & Mateus),musica1111,musica1111_trecho1,"Como pode, chegou em pouco tempo Suave como o vento, me deixou assim Como pode, mais veloz que o pensamento Dominou meu sentimento, fez parte de mim",João Bosco & Vinícius,2011,27,https://www.letras.mus.br/joao-bosco-viniciusacustico/1849237/,-1
1111,Abelha (part. Jorge & Mateus),musica1111,musica1111_trecho4,"Como uma abelha pousa numa flor Mansa, você chegou me dando amor Como uma abelha ferroou meu coração Deixou saudades e o veneno da paixão",João Bosco & Vinícius,2011,25,https://www.letras.mus.br/joao-bosco-viniciusacustico/1849237/,-1
936,Abre o Portão Que Eu Cheguei,musica936,musica936_trecho2,"Você deve se achar muito esperta Toda vez com a mesma conversa Me ilude, me leva no chão E quando vou dormir já estou com você na sua cama",Gusttavo Lima,2016,29,https://www.letras.mus.br/gusttavo-lima/abre-o-portao-que-eu-cheguei/,-1
936,Abre o Portão Que Eu Cheguei,musica936,musica936_trecho4,"Tô cansado de sair no meio da noite e te satisfazer E um minuto depois de matar minha vontade, eu me arrepender Sair de madrugada, do meio da balada Largar a minha vida pra viver você Só pra viver você",Gusttavo Lima,2016,40,https://www.letras.mus.br/gusttavo-lima/abre-o-portao-que-eu-cheguei/,-1
936,Abre o Portão Que Eu Cheguei,musica936,musica936_trecho5,"Você sabe que eu sou louco por você e que me tem nas mãos E confesso que às vezes me pego esperando a sua ligação Tava fora de mim, esquece o que eu falei Abre o portão que eu cheguei",Gusttavo Lima,2016,40,https://www.letras.mus.br/gusttavo-lima/abre-o-portao-que-eu-cheguei/,-1
936,Abre o Portão Que Eu Cheguei,musica936,musica936_trecho7,"Tô cansado de sair no meio da noite e te satisfazer E um minuto depois de matar minha vontade eu me arrepender Sair de madrugada, do meio da balada Largar a minha vida pra viver você Só pra viver você",Gusttavo Lima,2016,40,https://www.letras.mus.br/gusttavo-lima/abre-o-portao-que-eu-cheguei/,-1
936,Abre o Portão Que Eu Cheguei,musica936,musica936_trecho11,"E um minuto depois de matar minha vontade eu me arrepender Sair de madrugada, do meio da balada Largar a minha vida pra viver você Só pra viver você",Gusttavo Lima,2016,29,https://www.letras.mus.br/gusttavo-lima/abre-o-portao-que-eu-cheguei/,-1
936,Abre o Portão Que Eu Cheguei,musica936,musica936_trecho13,Abre o portão que eu cheguei,Gusttavo Lima,2016,6,https://www.letras.mus.br/gusttavo-lima/abre-o-portao-que-eu-cheguei/,-1
913,Aceita Que Dói Menos (part. Marília Mendonça),musica913,musica913_trecho2,Quem me amava de verdade Se cansou e bateu asa Já tem alguém que te adora Enquanto busquei lá fora O que eu já tinha em casa,Trio Parada Dura,2017,27,https://www.letras.mus.br/trio-parada-dura/aceita-que-doi-menos/,-1
913,Aceita Que Dói Menos (part. Marília Mendonça),musica913,musica913_trecho8,"Aceita, que dói menos Aceita, que dói menos",Trio Parada Dura,2017,8,https://www.letras.mus.br/trio-parada-dura/aceita-que-doi-menos/,-1
549,Acordando o Prédio,musica549,musica549_trecho3,Vamo acordar esse prédio Fazer inveja pro povo Enquanto eles tão indo trabalhar A gente faz amor gostoso de novo,Luan Santana,2016,20,https://www.letras.mus.br/luan-santana/acordando-o-predio/,-1
549,Acordando o Prédio,musica549,musica549_trecho4,"Vamo acordar esse prédio Fazer inveja pro povo Enquanto eles tão indo trabalhar A gente faz amor gostoso de novo (de novo, de novo)",Luan Santana,2016,24,https://www.letras.mus.br/luan-santana/acordando-o-predio/,-1
549,Acordando o Prédio,musica549,musica549_trecho5,"Deixa o mundo saber, baby, como você é E os problemas a gente resolve depois, né? Porque quando você desce a Lua também desce pra ver Já me ganhou, agora é só me levar pra você",Luan Santana,2016,36,https://www.letras.mus.br/luan-santana/acordando-o-predio/,-1
549,Acordando o Prédio,musica549,musica549_trecho12,"Deixa o mundo saber, baby, como você é (Enquanto eles tão indo trabalhar) E os problemas a gente resolve depois, né? Porque quando você desce a Lua também desce pra ver (Enquanto eles tão indo trabalhar) Já me ganhou, agora é só me levar pra você",Luan Santana,2016,46,https://www.letras.mus.br/luan-santana/acordando-o-predio/,-1
296,Acordo,musica296,musica296_trecho3,"Eu juro: Nunca mais olho na sua cara O problema é que eu beijo de olho fechado Oh, raiva Prometo que sua cama e eu não faz negócio Mas seu corpo e o meu sempre entra em acordo Oh, ódio",Henrique & Juliano,2021,40,https://www.letras.mus.br/henrique-e-juliano/acordo/,-1
296,Acordo,musica296,musica296_trecho8,"Mas seu corpo e o meu sempre entra em acordo Oh, ódio",Henrique & Juliano,2021,12,https://www.letras.mus.br/henrique-e-juliano/acordo/,-1
1123,Adrenalina,musica1123,musica1123_trecho1,Meu coração tá disparado Meu corpo tá viciado Nessa louca adrenalina que me faz arrepiar Meu sangue ferve nas veias quando você me incendeia Vem me amar,Luan Santana,2011,27,https://www.letras.mus.br/luan-santana/1745514/,-1
1123,Adrenalina,musica1123,musica1123_trecho2,Eu sou vidrado em você Química perfeita Não consigo entender É impossível te dizer não Você criou as regras Estou na palma da suas mãos,Luan Santana,2011,25,https://www.letras.mus.br/luan-santana/1745514/,-1
1123,Adrenalina,musica1123,musica1123_trecho9,Quando você chegar mais perto vai ver Que a pulsação acelera quando eu tô com você Essa magia chega e domina O meu peito explode é pura adrenalina,Luan Santana,2011,28,https://www.letras.mus.br/luan-santana/1745514/,-1
1123,Adrenalina,musica1123,musica1123_trecho11,Meu coração tá disparado Meu corpo tá viciado Nessa louca adrenalina que me faz arrepiar Meu sangue ferve nas veias quando você me incendeia Vem me amar Vem me amar!,Luan Santana,2011,30,https://www.letras.mus.br/luan-santana/1745514/,-1
450,Agora (Ahora),musica450,musica450_trecho1,Agora fala que me ama E agora que não tem mais nada Diz que morre de amor por mim,Bruno & Marrone,2014,19,https://www.letras.mus.br/bruno-e-marrone/agora/,-1
450,Agora (Ahora),musica450,musica450_trecho2,"Agora, depois de ter chorado rios Depois de tanto ter sofrido Agora por fim, vai saber o que um dia eu vivi",Bruno & Marrone,2014,22,https://www.letras.mus.br/bruno-e-marrone/agora/,-1
450,Agora (Ahora),musica450,musica450_trecho5,E sem você ficou mais frio o meu inverno Parecia frio eterno Você é minha dor,Bruno & Marrone,2014,16,https://www.letras.mus.br/bruno-e-marrone/agora/,-1
450,Agora (Ahora),musica450,musica450_trecho6,"E agora, e agora fala que me ama E agora que não tem mais nada Diz que morre de amor por mim",Bruno & Marrone,2014,22,https://www.letras.mus.br/bruno-e-marrone/agora/,-1
450,Agora (Ahora),musica450,musica450_trecho7,"E agora, depois de ter chorado rios Depois de tanto ter sofrido Agora por fim, vai saber o que um dia eu vivi",Bruno & Marrone,2014,23,https://www.letras.mus.br/bruno-e-marrone/agora/,-1
450,Agora (Ahora),musica450,musica450_trecho12,"E quando a chuva não batia na minha janela Não podia dormir, te esperava, buscava Teu corpo, teu cheiro sumiu em um mar de dor",Bruno & Marrone,2014,25,https://www.letras.mus.br/bruno-e-marrone/agora/,-1
450,Agora (Ahora),musica450,musica450_trecho14,"E agora, depois de ter chorado rios Depois de tanto ter sofrido Agora por fim, vai saber o que um dia eu vivi Agora",Bruno & Marrone,2014,24,https://www.letras.mus.br/bruno-e-marrone/agora/,-1
437,Água Com Açúcar,musica437,musica437_trecho1,Você terminou com ele e tá chorando Quer água com açúcar ou o meu amor? E se eu te contar que a água acabou? O açúcar que tem é só o meu amor,Luan Santana,2019,33,https://www.letras.mus.br/luan-santana/agua-com-acucar/,-1
437,Água Com Açúcar,musica437,musica437_trecho2,"Que coincidência, ó Eu sozinho e você só Por que que a gente não se amarra Um no outro e dá um nó?",Luan Santana,2019,23,https://www.letras.mus.br/luan-santana/agua-com-acucar/,-1
437,Água Com Açúcar,musica437,musica437_trecho3,"Eu sei, você quer desistir Mas tem uma opção melhor",Luan Santana,2019,10,https://www.letras.mus.br/luan-santana/agua-com-acucar/,-1
1170,Água de Oceano,musica1170,musica1170_trecho1,"Em pleno deserto, te encontrei Nunca imaginava ser assim O que jamais pensei Foi ter você perto de mim",Victor & Leo,2010,19,https://www.letras.mus.br/victor-leo/1766700/,-1
443,Aí É Loucura,musica443,musica443_trecho1,"Eu excluí dos meus stories no dia seguinte Tomara que ninguém tenha tirado print Eu olhando o saldo da conta e pensando: Cacete Gastei como não houvesse amanhã, mas teve",Zé Neto e Cristiano,2024,30,https://www.letras.mus.br/ze-neto-cristiano/ai-e-loucura/,-1
857,Ai Eu Chorei,musica857,musica857_trecho1,"Ah, se o cantor fosse desafinado Se os tocador não tivessem ensaiado Mas os fela' da mãe tem talento E me encorajou para esse evento",Clayton e Romário,2022,25,https://www.letras.mus.br/clayton-romario/ai-eu-chorei/,-1
857,Ai Eu Chorei,musica857,musica857_trecho2,"Aí eu fui lá no portão, bati palma Mas a desgramada saiu acompanhada Cê não acredita foi cena de novela A banda parou e eu sofri a capela",Clayton e Romário,2022,28,https://www.letras.mus.br/clayton-romario/ai-eu-chorei/,-1
857,Ai Eu Chorei,musica857,musica857_trecho5,"Ah, se o cantor fosse desafinado",Clayton e Romário,2022,6,https://www.letras.mus.br/clayton-romario/ai-eu-chorei/,-1
174,Aí Já Era,musica174,musica174_trecho1,"Para pra pensar Porque eu já me toquei Eu te escolhi Você me escolheu, eu sei",Jorge & Mateus,2010,16,https://www.letras.mus.br/jorge-mateus/1715329/,-1
174,Aí Já Era,musica174,musica174_trecho2,Tá escancarado Vai negar pro coração Que você tá com sintomas de paixão,Jorge & Mateus,2010,13,https://www.letras.mus.br/jorge-mateus/1715329/,-1
174,Aí Já Era,musica174,musica174_trecho3,Que é quando os olhos se caçam Em meio à multidão Quando a gente se esbarra Andando em qualquer direção,Jorge & Mateus,2010,20,https://www.letras.mus.br/jorge-mateus/1715329/,-1
174,Aí Já Era,musica174,musica174_trecho4,Quando indiscretamente A gente vai perdendo o chão Vai ficando bobo Vai ficando bobo,Jorge & Mateus,2010,14,https://www.letras.mus.br/jorge-mateus/1715329/,-1
174,Aí Já Era,musica174,musica174_trecho5,E aí já era É hora de se entregar O amor não espera Só deixa o tempo passar,Jorge & Mateus,2010,18,https://www.letras.mus.br/jorge-mateus/1715329/,-1
174,Aí Já Era,musica174,musica174_trecho6,E fica pro coração A missão de avisar E o meu tá dando sinal Que tá querendo te amar,Jorge & Mateus,2010,19,https://www.letras.mus.br/jorge-mateus/1715329/,-1
174,Aí Já Era,musica174,musica174_trecho15,E o meu tá dando sinal Que tá querendo Que tá querendo te amar,Jorge & Mateus,2010,14,https://www.letras.mus.br/jorge-mateus/1715329/,-1
1139,Ai Que Dó,musica1139,musica1139_trecho1,Foi se aventurar e agora ficou só Ai que dó ai que dó Eu tô aqui festando e você na pior Ai que dó ai que dó,Thaeme e Thiago,2011,27,https://www.letras.mus.br/thaeme-thiago/1847730/,-1
1139,Ai Que Dó,musica1139,musica1139_trecho3,Você se lembra quando me pediu pra ir embora Dizendo que só queria curtir a vida agora Que cansou de namorar Que o negócio era festar,Thaeme e Thiago,2011,26,https://www.letras.mus.br/thaeme-thiago/1847730/,-1
1139,Ai Que Dó,musica1139,musica1139_trecho5,Só que isso só aconteceu depois que viu que me perdeu E de nada vai adiantar Dizer que se arrependeu que viu que seu amor sou eu Porque eu não vou te perdoar,Thaeme e Thiago,2011,33,https://www.letras.mus.br/thaeme-thiago/1847730/,-1
415,Ai Se Eu Te Pego,musica415,musica415_trecho1,"Nossa, nossa Assim você me mata Ai, se eu te pego Ai, ai, se eu te pego",Michel Teló,2011,17,https://www.letras.mus.br/michel-telo/1930299/,-1
415,Ai Se Eu Te Pego,musica415,musica415_trecho2,"Delícia, delícia Assim você me mata Ai, se eu te pego Ai, ai, se eu te pego, hein?",Michel Teló,2011,18,https://www.letras.mus.br/michel-telo/1930299/,-1
415,Ai Se Eu Te Pego,musica415,musica415_trecho5,"Delícia, delícia Assim você me mata Ai, se eu te pego Ai, ai, se eu te pego",Michel Teló,2011,17,https://www.letras.mus.br/michel-telo/1930299/,-1
595,Ainda Tô Aí,musica595,musica595_trecho3,"Aí me liga e me pergunta como eu tô Aí insiste em me chamar de amor Cê não desiste, quer saber aonde eu tô Quer saber onde eu tô?",Eduardo Costa,2020,29,https://www.letras.mus.br/eduardo-costa/ainda-to-ai/,-1
1375,Alguém No Seu Lugar,musica1375,musica1375_trecho1,"Chega eu não quero mais Ficar te esperando, pra mim tanto faz Chega, um longo tempo se passou É hora da despedida desse nosso amor",Jorge & Mateus,2010,25,https://www.letras.mus.br/jorge-mateus/1742321/,-1
470,Alô,musica470,musica470_trecho1,"Alô, alô, alô, fala comigo Alô, alô, te esquecer não consigo",Léo Magalhães,2013,11,https://www.letras.mus.br/leo-magalhaes/alo-2/,-1
470,Alô,musica470,musica470_trecho2,"Me falou ""foi bom demais"" Inesquecível, especial Ligo e nem me atende mais Chama e só caixa postal",Léo Magalhães,2013,18,https://www.letras.mus.br/leo-magalhaes/alo-2/,-1
470,Alô,musica470,musica470_trecho4,"Alô, alô, alô, fala comigo Alô, alô, te esquecer não consigo Alô, alô, alô, não vai doer não Alô, diz um alô coração Alôôôôôôô",Léo Magalhães,2013,24,https://www.letras.mus.br/leo-magalhaes/alo-2/,-1
161,Alô Porteiro,musica161,musica161_trecho1,"Pegue suas coisas que estão aqui Nesse apartamento você não entra mais Olha o que me fez, você foi me trair Agora arrependido quer voltar atrás",Marília Mendonça,2015,26,https://www.letras.mus.br/marilia-mendonca/alo-porteiro/,-1
161,Alô Porteiro,musica161,musica161_trecho3,"Morreu A mulher carinhosa e fiel que te amava Pega o elevador, a sua mala e vaza Tô avisando lá na portaria Que aqui você não entra mais",Marília Mendonça,2015,28,https://www.letras.mus.br/marilia-mendonca/alo-porteiro/,-1
1556,Amanhã,musica1556,musica1556_trecho2,Me deixou aqui sem nenhuma esperança Somente a lembrança ficou deste amor Coração tá chorando agora feito criança Brinquedo quebrado não tem mais valor,Luan Santana,2008,24,https://www.letras.mus.br/luan-santana/1155890/,-1
1556,Amanhã,musica1556,musica1556_trecho3,Amanhã Vai lembrar do que foi nós dois Descobrir que me ama e depois Vai saber que fui seu melhor caminho,Luan Santana,2008,21,https://www.letras.mus.br/luan-santana/1155890/,-1
1313,Amanhã Sei Lá,musica1313,musica1313_trecho3,O tempo passa e no seu lugar ninguém Tento te esquecer mas isso não me faz bem Eu quero só você,Michel Teló,2010,21,https://www.letras.mus.br/michel-telo/1525643/,-1
1313,Amanhã Sei Lá,musica1313,musica1313_trecho4,Todos me falam que você não vai voltar Mas eu não ligo não consigo acreditar Eu quero só você,Michel Teló,2010,19,https://www.letras.mus.br/michel-telo/1525643/,-1
500,Amante Não Tem Lar,musica500,musica500_trecho2,Você vai me odiar Mas eu vim te contar Que faz um tempo Eu me meti no meio do seu lar,Marília Mendonça,2017,21,https://www.letras.mus.br/marilia-mendonca/amante-nao-tem-lar/,-1
500,Amante Não Tem Lar,musica500,musica500_trecho3,Sua família é tão bonita Eu nunca tive isso na vida E se eu continuar assim Eu sei que não vou ter,Marília Mendonça,2017,22,https://www.letras.mus.br/marilia-mendonca/amante-nao-tem-lar/,-1
624,Amar De Novo (Set Fire To The Rain),musica624,musica624_trecho2,Eu sei que estou Um pouco assim em assumir Talvez eu volte atrás E esse amor não chegue ao fim,Paula Fernandes,2025,20,https://www.letras.mus.br/paula-fernandes/amar-de-novo-set-fire-to-the-rain/,-1
624,Amar De Novo (Set Fire To The Rain),musica624,musica624_trecho3,"Se Deus nos traz um por um E não nega, não nega, não importa a quem Eu sei que quem erra, eu erro, e errou também No fim, merece uma chance",Paula Fernandes,2025,31,https://www.letras.mus.br/paula-fernandes/amar-de-novo-set-fire-to-the-rain/,-1
624,Amar De Novo (Set Fire To The Rain),musica624,musica624_trecho9,"Foi maldade fazer esse jogo Me trair foi como brincar com fogo Cedo ou tarde eu vou amar de novo Sem você, e eu serei feliz com outro",Paula Fernandes,2025,28,https://www.letras.mus.br/paula-fernandes/amar-de-novo-set-fire-to-the-rain/,-1
339,Amar Não É Pecado,musica339,musica339_trecho3,"Eu tô apaixonado, eu tô contando tudo E não tô nem ligando pro que vão dizer Amar não é pecado e se eu tiver errado Que se dane o mundo, eu só quero você",Luan Santana,2011,34,https://www.letras.mus.br/luan-santana/1792572/,-1
716,Amaremos,musica716,musica716_trecho2,Nós dois que me fascina Eu acho que nasci para ser seu E você para ser minha Olhando em seu olhar os Nossos olhos dizem tudo,Trio Parada Dura,2017,26,https://www.letras.mus.br/trio-parada-dura/amaremos/,-1
526,AMBIENTE ERRADO,musica526,musica526_trecho1,"Vazou um vídeo Era eu, não vou negar Eu não tava escondido Te avisei que eu ia lá",Luan Santana,2023,18,https://www.letras.mus.br/luan-santana/ambiente-errado/,-1
526,AMBIENTE ERRADO,musica526,musica526_trecho2,"E se eu disser que eu não peguei ninguém? Se eu disser que eu só fui pra beber? Se eu disser que alguém chegou em mim E quando disse: Oi, eu falei de você?",Luan Santana,2023,34,https://www.letras.mus.br/luan-santana/ambiente-errado/,-1
526,AMBIENTE ERRADO,musica526,musica526_trecho3,Nada que eu disser Vai te convencer,Luan Santana,2023,7,https://www.letras.mus.br/luan-santana/ambiente-errado/,-1
526,AMBIENTE ERRADO,musica526,musica526_trecho4,Eu posso tá no ambiente errado Rodeado de amigo safado Várias me querendo a noite inteira Que eu sou fiel até na bagaceira,Luan Santana,2023,23,https://www.letras.mus.br/luan-santana/ambiente-errado/,-1
526,AMBIENTE ERRADO,musica526,musica526_trecho5,Eu posso tá no ambiente errado E rodeado de amigo safado Várias me querendo a noite inteira Que eu sou fiel até na bagaceira,Luan Santana,2023,24,https://www.letras.mus.br/luan-santana/ambiente-errado/,-1
994,Amiga,musica994,musica994_trecho2,"Amiga, me escuta Quero falar contigo Preciso de um conselho Pra dor que estou sentindo Ele tá frio Não está falando comigo Isso está me consumindo",Simone & Simaria,2022,26,https://www.letras.mus.br/simone-simaria-as-coleguinhas/amiga/,-1
994,Amiga,musica994,musica994_trecho4,Eu sei que você sabe alguma coisa Fala que eu tô pronta pra ouvir,Simone & Simaria,2022,14,https://www.letras.mus.br/simone-simaria-as-coleguinhas/amiga/,-1
994,Amiga,musica994,musica994_trecho5,Mas o que ele me mandou te dizer É que ele tá feliz ao lado dela Foram muitos anos de solidão Que você maltratou o coração Daquele homem que te amava tanto,Simone & Simaria,2022,32,https://www.letras.mus.br/simone-simaria-as-coleguinhas/amiga/,-1
994,Amiga,musica994,musica994_trecho6,"Amiga, eu cometi muitos erros Eu sei que eu mereço esse castigo Convence ele a voltar comigo",Simone & Simaria,2022,17,https://www.letras.mus.br/simone-simaria-as-coleguinhas/amiga/,-1
994,Amiga,musica994,musica994_trecho7,Mas ele disse que agora está bem Que encontrou alguém que cuida dele Que não fica julgando seus defeitos E sabe que não tem ninguém perfeito É tarde pra tá nesse desespero,Simone & Simaria,2022,32,https://www.letras.mus.br/simone-simaria-as-coleguinhas/amiga/,-1
810,Amiga Linda,musica810,musica810_trecho3,"Bem, amiga, então vamos parar por aqui Vou te poupar da despedida e sair Vou levantar, fugir, tentando não chorar Você também engole o choro e tenta disfarçar Vou convencer meu coração que nunca sentiu nada Você é a pessoa certa, mas na hora errada",João Bosco & Vinícius,2015,45,https://www.letras.mus.br/joao-bosco-viniciusacustico/amiga-linda/,-1
810,Amiga Linda,musica810,musica810_trecho4,"Não vou negar que vou sentir saudade sua Quem sabe um dia a gente continua, a gente continua Posso pirar, me declarar pelos bares da rua E esculpir o seu rosto na lua, o seu rosto na lua Amiga linda, quem sabe um dia vira amada minha? Quem sabe um dia vira amada minha?",João Bosco & Vinícius,2015,54,https://www.letras.mus.br/joao-bosco-viniciusacustico/amiga-linda/,-1
810,Amiga Linda,musica810,musica810_trecho6,"Não vou negar que vou sentir saudade sua Quem sabe um dia a gente continua, a gente continua Posso pirar, me declarar pelos bares da rua E esculpir o seu rosto na lua, o seu rosto na lua Amiga linda, quem sabe um dia vira amada minha? Quem sabe um dia vira amada minha? Amiga linda, quem sabe um dia vira amada minha? Quem sabe um dia vira amada minha?",João Bosco & Vinícius,2015,70,https://www.letras.mus.br/joao-bosco-viniciusacustico/amiga-linda/,-1
746,Amigo Da Minha Saudade,musica746,musica746_trecho1,"Entendi Já que você decidiu seguir, também vou decidir algumas coisas por aqui Se me ver por aí num barzinho, não puxa assunto comigo Que eu também não faço questão, onde você pisar eu não piso",Henrique & Juliano,2025,36,https://www.letras.mus.br/henrique-e-juliano/amigo-da-minha-saudade/,-1
746,Amigo Da Minha Saudade,musica746,musica746_trecho2,"Acabou, acabou, ooh Deixa eu seguir minha vida e segue a sua com outro Amizade com ex é desculpa de quem amou pouco, ooh",Henrique & Juliano,2025,24,https://www.letras.mus.br/henrique-e-juliano/amigo-da-minha-saudade/,-1
746,Amigo Da Minha Saudade,musica746,musica746_trecho3,"É que eu amei demais pra terminar de boa É que eu amei demais pra te ver com outra pessoa Não sou esse tipo de gente que vira a chave de amor pra amizade Amizade é o caralho, como é que vou ser amigo da minha saudade?",Henrique & Juliano,2025,47,https://www.letras.mus.br/henrique-e-juliano/amigo-da-minha-saudade/,-1
746,Amigo Da Minha Saudade,musica746,musica746_trecho4,"Eu amei demais pra terminar de boa É que eu amei demais pra te ver com outra pessoa Não sou esse tipo de gente que vira a chave de amor pra amizade Amizade é o caralho, como é que vou ser amigo da minha saudade?",Henrique & Juliano,2025,45,https://www.letras.mus.br/henrique-e-juliano/amigo-da-minha-saudade/,-1
809,Amigo Taxista,musica809,musica809_trecho3,Que tá fazendo isso comigo Pode cobrar bandeira dois Pra ir ouvindo as minhas mágoas no caminho,Zé Neto e Cristiano,2017,17,https://www.letras.mus.br/ze-neto-cristiano/amigo-taxista/,-1
809,Amigo Taxista,musica809,musica809_trecho4,"Rapaz, é difícil demais gostar dessas muié bandida Quanto mais nóis corre atrás, mais elas pisa A minha terminou comigo por mensagem Me largar desse jeito foi muita sacanagem",Zé Neto e Cristiano,2017,29,https://www.letras.mus.br/ze-neto-cristiano/amigo-taxista/,-1
19,Amo Noite e Dia,musica19,musica19_trecho2,"Tudo se perde, se transforma se ninguém te vê Eu busco às vezes nos detalhes encontrar você O tempo já não passa, só anda pra trás Me perco nessa estrada, não aguento mais",Jorge & Mateus,2010,33,https://www.letras.mus.br/jorge-mateus/1668672/,-1
19,Amo Noite e Dia,musica19,musica19_trecho3,"Iê, iê Passa o dia, passa a noite, tô apaixonado Coração no peito sofre sem você do lado E dessa vez tudo é real, nada de fantasia Saiba que eu te amo, amo noite e dia",Jorge & Mateus,2010,36,https://www.letras.mus.br/jorge-mateus/1668672/,-1
19,Amo Noite e Dia,musica19,musica19_trecho6,"Iê, iê Passa o dia, passa a noite, tô apaixonado Coração no peito sofre sem você do lado Dessa vez tudo é real, nada de fantasia Saiba que eu te amo, amo noite e dia",Jorge & Mateus,2010,35,https://www.letras.mus.br/jorge-mateus/1668672/,-1
19,Amo Noite e Dia,musica19,musica19_trecho7,"Passa o dia, passa a noite, tô apaixonado Coração no peito sofre sem você do lado Dessa vez tudo é real, nada de fantasia Saiba que eu te amo, eu amo noite e dia Amo noite e dia",Jorge & Mateus,2010,38,https://www.letras.mus.br/jorge-mateus/1668672/,-1
1060,Amo Você,musica1060,musica1060_trecho1,Faz tempo que eu não sei me controlar Reajo nesse jeito tão perfeito que me faz sonhar Me tira a razão Eu pago o preço pra não te deixar Enquanto houver motivo Juro pra você que vou lutar por essa paixão,Jads e Jadson,2014,41,https://www.letras.mus.br/jads-e-jadson/715539/,-1
1537,Amor Além da Vida,musica1537,musica1537_trecho1,"Imaginei, andei E encontrei a minha outra parte Alma gêmea preferida Deusa na terra nascida",Cezar e Paulinho,2006,15,https://www.letras.mus.br/cesar-e-paulinho/546645/,-1
1537,Amor Além da Vida,musica1537,musica1537_trecho4,Aquele sonho de criança Sem perder a esperança Era você que eu desejava,Cezar e Paulinho,2006,13,https://www.letras.mus.br/cesar-e-paulinho/546645/,-1
1537,Amor Além da Vida,musica1537,musica1537_trecho5,Transformou minha alegria Ficou marcado o grande dia Que nas páginas trocadas desta vida Eu dei de cara com você,Cezar e Paulinho,2006,20,https://www.letras.mus.br/cesar-e-paulinho/546645/,-1
1537,Amor Além da Vida,musica1537,musica1537_trecho7,Por você é que sou apaixonado assim Completou o que faltava em mim Os meus desejos e manias,Cezar e Paulinho,2006,18,https://www.letras.mus.br/cesar-e-paulinho/546645/,-1
1144,Amor Da Sua Cama,musica1144,musica1144_trecho4,"Tudo bem Se é pra você me usar, o que é que tem? Tanto faz se você não me ama Posso não ser o amor da sua vida Mas eu sou o amor da sua cama, ai, ai, ai, ai Mas eu sou o amor da sua cama, ai, ai, ai, ai",Felipe Araújo,2018,52,https://www.letras.mus.br/felipe-araujo/amor-da-sua-cama/,-1
1267,Amor de Madrugada,musica1267,musica1267_trecho1,"Que dia lindo que tá fazendo hoje Tá tudo certo, eu tô de bom humor A noite chega e pra ficar perfeito, só tem um jeito Vou te encontrar, amor",Marcos & Belutti,2012,30,https://www.letras.mus.br/marcos-belutti/amor-de-madrugada/,-1
1267,Amor de Madrugada,musica1267,musica1267_trecho3,Só pra fazer amor de madrugada De enlouquecer A gente faz amor de madrugada Até amanhecer,Marcos & Belutti,2012,16,https://www.letras.mus.br/marcos-belutti/amor-de-madrugada/,-1
1539,Amor de Um Poeta,musica1539,musica1539_trecho3,E quando você se distrai O coração sempre te traz Uma lembrança infinita,Gusttavo Lima,2012,13,https://www.letras.mus.br/gusttavo-lima/1766425/,-1
1539,Amor de Um Poeta,musica1539,musica1539_trecho6,No mundo machuquei tantos amores Mas eu sei que existem flores Que nos dão a paz,Gusttavo Lima,2012,16,https://www.letras.mus.br/gusttavo-lima/1766425/,-1
1539,Amor de Um Poeta,musica1539,musica1539_trecho7,Eu sei que esse momento é preciso Mas me sinto indeciso Me humilhando assim,Gusttavo Lima,2012,14,https://www.letras.mus.br/gusttavo-lima/1766425/,-1
17,Amor Dos Outros,musica17,musica17_trecho1,"Mais um casal surgindo, anéis de compromisso Mais um novo amigo pros amigos meus Um sorriso sumindo, um ciúme vindo E a luta agora é entre ele e eu",Henrique & Juliano,2025,29,https://www.letras.mus.br/henrique-e-juliano/amor-dos-outros/,-1
17,Amor Dos Outros,musica17,musica17_trecho2,"A gente errou tanto pra entrar no eixo Trocou tanta ideia pra ser um casal perfeito Foi se melhorando, se moldando, você consertou, eu consertei E quando tava tudo ok, sobrei",Henrique & Juliano,2025,31,https://www.letras.mus.br/henrique-e-juliano/amor-dos-outros/,-1
17,Amor Dos Outros,musica17,musica17_trecho4,"O difícil é, pra mim, não ter sido feliz por pouco O fácil é, pra ele, ser feliz com o amor dos outros O difícil é, pra mim, não ter sido feliz por pouco O fácil é, pra ele, ser feliz com o amor dos outros",Henrique & Juliano,2025,46,https://www.letras.mus.br/henrique-e-juliano/amor-dos-outros/,-1
1471,Amor Não É Jogo de Azar,musica1471,musica1471_trecho1,"Tá na hora de você voltar pra mim E dar mais uma chance pra nós dois Meu bem, a gente já se machucou demais Está na hora de voltar atrás",Jorge & Mateus,2007,30,https://www.letras.mus.br/jorge-mateus/1314518/,-1
531,Amor Não Vai Faltar,musica531,musica531_trecho2,"Eu não vou parar Eu vou mimar você até quando eu puder Se isso é um defeito você pode até pedir pra eu parar Ahhh Mas isso é tão bom Eu cuido de você, você cuida de mim Se existe outro jeito eu prefiro assim E quer saber Eu vou te amar",Bruno & Marrone,2009,52,https://www.letras.mus.br/bruno-e-marrone/1460080/,-1
531,Amor Não Vai Faltar,musica531,musica531_trecho7,"Assim, você quem vai cuidar de mim Eu cuido de você e enfim Amor não vai faltar Assim Eu cuido de você e enfim Amor não vai faltar Assim Amor não vai faltar",Bruno & Marrone,2009,33,https://www.letras.mus.br/bruno-e-marrone/1460080/,-1
287,Amor No Escuro,musica287,musica287_trecho3,"Até pra te esquecer, tô te lembrando em pensamento Pro meu corpo arrepiar, eu te imagino lá, em cada movimento Até pra te esquecer, tô te lembrando em pensamento Só tô fazendo amor no escuro pra não deixar claro que eu tô sofrendo",Simone Mendes,2025,43,https://www.letras.mus.br/simone-mendes/amor-no-escuro/,-1
314,Amor Pra Recomeçar,musica314,musica314_trecho2,E com os que erram Feio e bastante Que você consiga Ser tolerante,Jorge & Mateus,2013,13,https://www.letras.mus.br/jorge-mateus/amor-pra-recomecar/,-1
314,Amor Pra Recomeçar,musica314,musica314_trecho8,Eu desejo Que você ganhe dinheiro Pois é preciso Viver também E que você diga a ele Pelo menos uma vez Quem é O dono de quem,Jorge & Mateus,2013,27,https://www.letras.mus.br/jorge-mateus/amor-pra-recomecar/,-1
1453,Amor Pra Vida Inteira,musica1453,musica1453_trecho2,"Toma conta de mim, me deixa assim Eu fico feito um louco pra te dar prazer É mais que paixão, é de coração Amor pra vida inteira é só com você",Marcos & Belutti,2010,31,https://www.letras.mus.br/marcos-belutti/1664358/,-1
1453,Amor Pra Vida Inteira,musica1453,musica1453_trecho3,"Me leva pro céu, vira meu mundo de pernas pro ar Essa paixão ardente pronta pra incendiar Eu sou desejo e você sedução Nós dois dentro de um só coração",Marcos & Belutti,2010,30,https://www.letras.mus.br/marcos-belutti/1664358/,-1
1453,Amor Pra Vida Inteira,musica1453,musica1453_trecho4,"Me leva pro céu, vira meu mundo de pernas pro ar Essa paixão ardente pronta pra incendiar Eu sou desejo e você sedução Nós dois dentro de um só coração (É amor demais, gente)",Marcos & Belutti,2010,34,https://www.letras.mus.br/marcos-belutti/1664358/,-1
950,Amor Sem Medida (Te Voy A Amar),musica950,musica950_trecho2,"Já não me alcançam as palavras, não Pra lhe explicar o que eu sinto E tudo o que você está causando em mim E até no frio eu sinto o seu calor E tudo é doce quando está em sua voz E se vem de você",Matheus & Kauan,2015,46,https://www.letras.mus.br/matheus-kauan/amor-sem-medida/,-1
464,Anestesiado,musica464,musica464_trecho1,"A fumaça acaba com meu pulmão A bebida destrói o meu fígado A saudade afoga meus olhos E mesmo assim, sobrevivo",Murilo Huff,2024,21,https://www.letras.mus.br/murilo-huff/anestesiado/,-1
464,Anestesiado,musica464,musica464_trecho3,"Então, como tem coragem de ficar falando mal dos meus vícios Se eles tão salvando o que fez comigo? Como tem coragem de falar que eu tô vivendo errado Se eu só te esqueço assim, anestesiado?",Murilo Huff,2024,36,https://www.letras.mus.br/murilo-huff/anestesiado/,-1
464,Anestesiado,musica464,musica464_trecho4,"Como tem coragem de ficar falando mal dos meus vícios Se eles tão salvando o que fez comigo? Como tem coragem de falar que eu tô vivendo errado Se eu só te esqueço assim, anestesiado?",Murilo Huff,2024,35,https://www.letras.mus.br/murilo-huff/anestesiado/,-1
464,Anestesiado,musica464,musica464_trecho7,"Como tem coragem de ficar falando mal dos meus vícios Se eles tão salvando o que fez comigo? Como tem coragem de falar que eu tô vivendo errado Se eu só te esqueço assim, anestesiado? Se eu só te esqueço assim, anestesiado?",Murilo Huff,2024,42,https://www.letras.mus.br/murilo-huff/anestesiado/,-1
1162,Anjo,musica1162,musica1162_trecho1,Procurei de toda forma Palavras lindas pra definir Tudo que eu sinto por você Não consegui,Jads e Jadson,2011,16,https://www.letras.mus.br/jads-e-jadson/1989635/,-1
1162,Anjo,musica1162,musica1162_trecho2,"Acho que é porque sou um cara bruto E o pior, o meu vocabulário é xucro Mesmo assim eu fiz essa canção Amor, foi de coração",Jads e Jadson,2011,26,https://www.letras.mus.br/jads-e-jadson/1989635/,-1
1117,Anjo de Vidro,musica1117,musica1117_trecho1,Para de fazer isso comigo As vezes eu me sinto invisível Você não tem idéia da minha paixão E o que sinto no meu coração.,Hugo Pena e Gabriel,2011,25,https://www.letras.mus.br/hugo-pena-e-gabriel/1799475/,-1
1117,Anjo de Vidro,musica1117,musica1117_trecho2,Te vejo nos meus sonhos toda noite Te sinto mesmo quando estamos longe Somos interligados somos fogo e desejo Se te calo com um beijo.,Hugo Pena e Gabriel,2011,25,https://www.letras.mus.br/hugo-pena-e-gabriel/1799475/,-1
1117,Anjo de Vidro,musica1117,musica1117_trecho3,"Me olha, me nota, entende esse cara apaixonado Não foge, se toca, não vê que somos mais que namorados",Hugo Pena e Gabriel,2011,19,https://www.letras.mus.br/hugo-pena-e-gabriel/1799475/,-1
634,Anjo Loiro,musica634,musica634_trecho1,Na casa que o meu bem mora Ao lado do seu portão Eu escrevi o meu nome Dentro de um coração Expressei meus sentimentos A que passa por aqui Vai saber que já tem dono O amor que mora ali,Milionário e José Rico,2008,40,https://www.letras.mus.br/milionario-e-jose-rico/1447683/,-1
634,Anjo Loiro,musica634,musica634_trecho3,"Ai! Esse amor me mata A saudade dói, solidão corrói A paixão maltrata Ai! Entrou no meu peito Feito um passarinho, Fez o seu ninho, Não tem mais jeito.",Milionário e José Rico,2008,29,https://www.letras.mus.br/milionario-e-jose-rico/1447683/,-1
1420,Anjo Moderno,musica1420,musica1420_trecho1,Quando eu pedi a sua mão Você me deu de cara o coração Mas que surpresa boa! Minha loteria em forma de uma pessoa,Jorge & Mateus,2018,24,https://www.letras.mus.br/jorge-mateus/anjo-moderno/,-1
1420,Anjo Moderno,musica1420,musica1420_trecho2,"Já deu pra ver que nada vai entortar nosso caminho Já deu pra perceber que a gente pensa igualzinho E em cada sonho meu, cê sempre chega de fininho Sem fazer esforço, me ganhou assim, facinho",Jorge & Mateus,2018,36,https://www.letras.mus.br/jorge-mateus/anjo-moderno/,-1
1178,Anjo Protetor,musica1178,musica1178_trecho2,Como se um silêncio me tirasse até o ar Está difícil respirar Pois não posso ter você aqui comigo,Eduardo Costa,2012,19,https://www.letras.mus.br/eduardo-costa/anjo-protetor/,-1
1178,Anjo Protetor,musica1178,musica1178_trecho3,Vem me buscar Vem salvar meu coração,Eduardo Costa,2012,7,https://www.letras.mus.br/eduardo-costa/anjo-protetor/,-1
1178,Anjo Protetor,musica1178,musica1178_trecho4,"Não como, não bebo, não posso dormir Nada me agrada sem você aqui Fujo dos amigos, tento me esconder Gosto deles, mas amo você",Eduardo Costa,2012,24,https://www.letras.mus.br/eduardo-costa/anjo-protetor/,-1
193,Anti-Amor (part. Jorge & Mateus),musica193,musica193_trecho1,"Tô aqui pra te contar Por aqui tá tudo em paz, tudo bem Eu já nem te amo mais Comecei a me tratar de você, e quer saber? Te esqueci há uma semana atrás",Gustavo Mioto,2017,34,https://www.letras.mus.br/gustavo-mioto/anti-amor/,-1
1056,Antídoto,musica1056,musica1056_trecho1,"Passei o dia todo pensando em você, ê, ê Ainda não encontrei um antídoto pra te esquecer Como que eu faço pra tirar da cabeça Se deu xeque-mate no meu coração? Oh não, oh não",Matheus & Kauan,2017,35,https://www.letras.mus.br/matheus-kauan/antidoto/,-1
1056,Antídoto,musica1056,musica1056_trecho2,"Ô, amor Onde cê tá, meu amor? Aonde você foi parar? Vou te esperar no mesmo lugar Eu vou, amor Preciso do seu calor Preciso dessa brasa Ai, ai, ai, ai, ai Tô querendo você só pra mim",Matheus & Kauan,2017,38,https://www.letras.mus.br/matheus-kauan/antidoto/,-1
1056,Antídoto,musica1056,musica1056_trecho3,"Ô, menina, eu não vi nada igual nessa vida Até nossa loucura combina Cola esse sorriso no meu Traz o amor que prometeu",Matheus & Kauan,2017,23,https://www.letras.mus.br/matheus-kauan/antidoto/,-1
1056,Antídoto,musica1056,musica1056_trecho4,"Ô menina, ô menina, ô menina, ô menina Até nossa loucura combina Traz o seu abraço, eu levo o meu Sorte é te encontrar e azar de quem perdeu você",Matheus & Kauan,2017,30,https://www.letras.mus.br/matheus-kauan/antidoto/,-1
1056,Antídoto,musica1056,musica1056_trecho8,"Ô, menina, ô, menina, ô, menina, ô, menina Até nossa loucura combina Traz o seu abraço, eu levo o meu Sorte é te encontrar e azar de quem perdeu você",Matheus & Kauan,2017,30,https://www.letras.mus.br/matheus-kauan/antidoto/,-1
1056,Antídoto,musica1056,musica1056_trecho9,"Ô, menina, até nossa loucura combina",Matheus & Kauan,2017,6,https://www.letras.mus.br/matheus-kauan/antidoto/,-1
951,Antônimos,musica951,musica951_trecho2,"Sem você, não importa se é doce ou salgado Se tá quente ou gelado Se faz Sol ou vai chover Eu achei que tava certo, fui errado Era leve tá pesado Ficar longe de você",Jorge & Mateus,2016,35,https://www.letras.mus.br/jorge-mateus/antonimos/,-1
951,Antônimos,musica951,musica951_trecho3,Pro escuro ficar claro O sozinho acompanhado É só a gente ficar junto e não separado Eu só existo se for do seu lado Se for do seu lado,Jorge & Mateus,2016,29,https://www.letras.mus.br/jorge-mateus/antonimos/,-1
951,Antônimos,musica951,musica951_trecho6,Pro escuro ficar claro O sozinho acompanhado É só a gente ficar junto e não separado Eu só existo se for do seu lado,Jorge & Mateus,2016,24,https://www.letras.mus.br/jorge-mateus/antonimos/,-1
697,Ao Vivo E A Cores (part. Anitta),musica697,musica697_trecho1,"Por que você não sai daí e vem aqui? Pode invadir, pode chegar, pode ficar No meu quarto, no meu abraço, apertado Duvido que cê vai querer ir embora, não apavora Depois do amor a gente vai fazendo hora E eu não aguento mais, eu não aguento mais",Matheus & Kauan,2018,48,https://www.letras.mus.br/matheus-kauan/ao-vivo-e-a-cores-part-anitta/,-1
697,Ao Vivo E A Cores (part. Anitta),musica697,musica697_trecho6,"Então sai daí, sai daí, vem aqui, vem invadir, invadir o meu quarto Meu abraço apertado, vem, vem, duvido que cê vai querer sair Por que você não sai daí, sai daí, sai daí, vem aqui, vem invadir, invadir o meu quarto Meu abraço, meu abraço apertado Eu não aguento mais",Matheus & Kauan,2018,51,https://www.letras.mus.br/matheus-kauan/ao-vivo-e-a-cores-part-anitta/,-1
4,Apaga Apaga Apaga,musica4,musica4_trecho1,"Ei, boa noite, antes de te bloquear, eu só vim te dizer Que, a partir de hoje, pode tocar o terror, fazer o que quiser fazer A boca é sua, curte suas farra, sinto mais nada Não! Apaga, apaga, apaga",Danilo e Davi,2024,40,https://www.letras.mus.br/danilo-e-davi/apaga-apaga-apaga/,-1
4,Apaga Apaga Apaga,musica4,musica4_trecho3,"Meu amor, por favor, fala que você também não me esqueceu Que eu tô digitando tudo que o coração escreveu Se a saudade também molha a sua cara, pega o nosso fim Apaga, apaga, apaga",Danilo e Davi,2024,35,https://www.letras.mus.br/danilo-e-davi/apaga-apaga-apaga/,-1
332,Apaixonadinha (part. Léo Santana e Didá Banda Feminina),musica332,musica332_trecho3,Apaixonadinha você me deixou Apaixonadinha você me deixou Apaixonadinha você me deixou Vem ficar perto da sua menina,Marília Mendonça,2019,18,https://www.letras.mus.br/marilia-mendonca/apaixonadinha-part-leo-santana-e-dida-banda-feminina/,-1
332,Apaixonadinha (part. Léo Santana e Didá Banda Feminina),musica332,musica332_trecho4,Apaixonadinho você me deixou Apaixonadinho você me deixou Apaixonadinho você me deixou Vem ficar perto aqui do seu pretinho,Marília Mendonça,2019,19,https://www.letras.mus.br/marilia-mendonca/apaixonadinha-part-leo-santana-e-dida-banda-feminina/,-1
332,Apaixonadinha (part. Léo Santana e Didá Banda Feminina),musica332,musica332_trecho5,"Ô meu neném, eu preciso do seu corpo Você me faz tão bem Tá tudo certo, tamo junto e misturado Vem, vem, vem",Marília Mendonça,2019,23,https://www.letras.mus.br/marilia-mendonca/apaixonadinha-part-leo-santana-e-dida-banda-feminina/,-1
575,Apaixonado Por Você,musica575,musica575_trecho2,Numa noite de domingo Numa festa com os amigos Aqui no planeta terra Você foi uma estrela,Zezé Di Camargo & Luciano,2005,17,https://www.letras.mus.br/zeze-di-camargo-e-luciano/149299/,-1
575,Apaixonado Por Você,musica575,musica575_trecho6,"Até o amanhecer Você tem mel no seu amor E esse doce me deixou assim Assim, apaixonado por você",Zezé Di Camargo & Luciano,2005,19,https://www.letras.mus.br/zeze-di-camargo-e-luciano/149299/,-1
1434,Apaixonado/ A Loira do Carro Branco (pot-pourri),musica1434,musica1434_trecho1,Moreninha linda Se tu soubesses O quanto padece Quem tem amor Talvez não faria O que faz agora Quem te adora Não tem valor,Luan Santana,2009,24,https://www.letras.mus.br/luan-santana/1483635/,-1
1434,Apaixonado/ A Loira do Carro Branco (pot-pourri),musica1434,musica1434_trecho2,"Não vivo sem ti Sem ti não sei viver Se eu perder seus beijos Juro, querida, que vou morrer",Luan Santana,2009,19,https://www.letras.mus.br/luan-santana/1483635/,-1
1434,Apaixonado/ A Loira do Carro Branco (pot-pourri),musica1434,musica1434_trecho3,Vou sofrer por ti Por ti vou sofrer Se for meu destino Apaixonado quero morrer.,Luan Santana,2009,15,https://www.letras.mus.br/luan-santana/1483635/,-1
1434,Apaixonado/ A Loira do Carro Branco (pot-pourri),musica1434,musica1434_trecho4,"Viajando solitário mergulhado na tristeza Numa curva da estrada eu tive uma surpresa Uma loira encantadora bonita por natureza Me pediu uma carona eu atendi com destreza Sentou bem pertinho de mim com muita delicadeza O meu carro foi o trono, eu passei a ser o dono da rainha da beleza",Luan Santana,2009,51,https://www.letras.mus.br/luan-santana/1483635/,-1
1434,Apaixonado/ A Loira do Carro Branco (pot-pourri),musica1434,musica1434_trecho5,"Foi o dia mais feliz que o meu coração sentiu Mas meu mundo encantado de repente destruiu Ao ver a loura tremendo, gemendo e suando frio Parei o carro depressa na travessia de um rio Enquanto eu fui buscar a água, que tão triste ela pediu Ouvi cantar os pneus e me dizendo adeus com meu carro ela sumiu",Luan Santana,2009,59,https://www.letras.mus.br/luan-santana/1483635/,-1
1434,Apaixonado/ A Loira do Carro Branco (pot-pourri),musica1434,musica1434_trecho7,"Para alimentar a esperança o seu carro eu levarei Me perdoe por favor, quando me der seu amor o carro eu entregarei Quem estiver me ouvindo preste muita atenção O meu carro não tem placa mas vou dar a descrição É branco e tem uma loura charmosa na direção Dou o carro de presente a quem fizer a prisão",Luan Santana,2009,59,https://www.letras.mus.br/luan-santana/1483635/,-1
1306,Apaixonados Pela Lua,musica1306,musica1306_trecho1,Ontem tive um sonho Caminhamos entre as nuvens do céu Desenhamos lembranças de nós dois Envolvidos no azul do véu,Paula Fernandes,2009,20,https://www.letras.mus.br/paula-fernandes/1497074/,-1
1306,Apaixonados Pela Lua,musica1306,musica1306_trecho3,"Na viagem desse sonho Nossas almas eu vi flutuar Nas delicadas linhas do infinito Fomos filhos de um romance, de um amor lunar",Paula Fernandes,2009,23,https://www.letras.mus.br/paula-fernandes/1497074/,-1
419,Apelido Carinhoso,musica419,musica419_trecho4,Ainda não me chame de meu nego Ainda não me chame de bebê Porque era assim que ela me chamava E um apelido carinhoso é o mais difícil de esquecer,Gusttavo Lima,2017,30,https://www.letras.mus.br/gusttavo-lima/apelido-carinhoso/,-1
541,Aquela Pessoa,musica541,musica541_trecho1,"Você também tem, que eu sei Aquela pessoa Não adianta negar",Henrique & Juliano,2017,11,https://www.letras.mus.br/henrique-e-juliano/aquela-pessoa/,-1
541,Aquela Pessoa,musica541,musica541_trecho2,"Que tem passe livre Carta branca na sua vida Pra ir e voltar quando quiser Nunca vai deixar de ser o que é, é",Henrique & Juliano,2017,24,https://www.letras.mus.br/henrique-e-juliano/aquela-pessoa/,-1
541,Aquela Pessoa,musica541,musica541_trecho3,"Todo mundo tem uma pessoa, aquela pessoa Que te faz esquecer todas as outras Todo mundo tem uma pessoa, aquela pessoa Não precisa dia e nem hora pra chegar",Henrique & Juliano,2017,29,https://www.letras.mus.br/henrique-e-juliano/aquela-pessoa/,-1
541,Aquela Pessoa,musica541,musica541_trecho4,Na portaria do meu coração já tem seu nome Pode entrar,Henrique & Juliano,2017,11,https://www.letras.mus.br/henrique-e-juliano/aquela-pessoa/,-1
541,Aquela Pessoa,musica541,musica541_trecho8,Na portaria do meu coração já tem seu nome,Henrique & Juliano,2017,9,https://www.letras.mus.br/henrique-e-juliano/aquela-pessoa/,-1
1383,Aquele  1% (part. Wesley Safadão),musica1383,musica1383_trecho2,"Ligo no outro dia no estilo Don Juan Dormiu bem, meu amor? É domingo de manhã Vamos pegar uma praia, deu saudade do seu beijo Trato todas iguais, esse é meu defeito",Marcos & Belutti,2015,32,https://www.letras.mus.br/marcos-belutti/aquele-um-por-cento/,-1
1042,Aqui É o Seu Lugar,musica1042,musica1042_trecho1,Não dá pra entender o meu coração Mudou de amizade pra louca paixão Então foi dessa forma que eu percebi Não quero te assustar ou me iludir,Luan Santana,2009,27,https://www.letras.mus.br/luan-santana/1407541/,-1
1042,Aqui É o Seu Lugar,musica1042,musica1042_trecho2,Não dá mais Não dá pra enganar ou querer fugir Não dá mais Se esse sentimento vai crescendo em mim Mas tenho que encarar essa decisão De me confessar e abrir meu coração,Luan Santana,2009,33,https://www.letras.mus.br/luan-santana/1407541/,-1
1445,Arrasta,musica1445,musica1445_trecho1,"Você se lembra que quase enlouqueci de saudade de você Você toda se achando, me esnobava e nem queria saber Quebrou a cara mais uma vez com alguém que queria curtição Agora vem toda dengosa, carinhosa, implorando meu perdão Se você acha que implorando meu amor, eu vou te perdoar Pode ir tirando seu cavalinho da chuva, senão ele vai molhar Meu coração está com o sinal fechado no vermelho pra você Desaparece, porque a partir de agora eu não quero mais te ver",Gusttavo Lima,2008,84,https://www.letras.mus.br/gusttavo-lima/1581184/,-1
1445,Arrasta,musica1445,musica1445_trecho2,"Agora arrasta Arrasta atrás de mim Mas eu não vou te dar o meu amor Pega, descendo, agora desapareça Você só me enganou! Se você acha que implorando meu amor, eu vou te perdoar Pode ir tirando seu cavalinho da chuva, senão ele vai molhar Meu coração está com o sinal fechado no vermelho pra você Desaparece porque a partir de agora eu não quero mais te ver",Gusttavo Lima,2008,68,https://www.letras.mus.br/gusttavo-lima/1581184/,-1
1445,Arrasta,musica1445,musica1445_trecho3,"Agora arrasta Arrasta atrás de mim Mas eu não vou te dar o meu amor Pega, descendo, agora desapareça Você só me enganou!",Gusttavo Lima,2008,23,https://www.letras.mus.br/gusttavo-lima/1581184/,-1
761,Arruma Um Bão,musica761,musica761_trecho2,Será que é só medo De eu parecer tão bom pros seus defeitos? Ou será que cê acha Que me valorizando cê vai dar asas pra eu voar? Eu vou me achar e te largar? Mal cê sabe que fazendo isso aumenta o risco que cê quer evitar,Israel & Rodolffo,2024,48,https://www.letras.mus.br/israel-rodolfo/arruma-um-bao/,-1
761,Arruma Um Bão,musica761,musica761_trecho3,"Já parou pra pensar como vai ser Se eu empinar a carroça e te fazer descer? Seu te amo não vai segurar O seu choro não vai comover O ruim tá indo embora, arruma um bão procê, vem",Israel & Rodolffo,2024,38,https://www.letras.mus.br/israel-rodolfo/arruma-um-bao/,-1
761,Arruma Um Bão,musica761,musica761_trecho4,"Já parou pra pensar como vai ser Se eu empinar a carroça e te fazer descer? Seu te amo não vai segurar O seu choro não vai comover O ruim tá indo embora, arruma um bão procê",Israel & Rodolffo,2024,37,https://www.letras.mus.br/israel-rodolfo/arruma-um-bao/,-1
761,Arruma Um Bão,musica761,musica761_trecho5,Será que é só medo De eu parecer tão bom pros seus defeitos? Ou será que cê acha Que me valorizando cê vai dar asas pra eu voar? Que eu vou me achar e te largar? Mal cê sabe que fazendo isso aumenta o risco que cê quer evitar,Israel & Rodolffo,2024,49,https://www.letras.mus.br/israel-rodolfo/arruma-um-bao/,-1
761,Arruma Um Bão,musica761,musica761_trecho8,"O ruim tá indo embora, arruma um bão procê",Israel & Rodolffo,2024,9,https://www.letras.mus.br/israel-rodolfo/arruma-um-bao/,-1
1033,As Cowgirl 👢,musica1033,musica1033_trecho6,"(Pras cowgirl) que usa bota, fivela e chapéu Que tem o mel (As cowgirl) que só no beijo te leva pro céu Que tem o mel (As cowgirl) que usa bota, fivela e chapéu Que tem o mel (As cowgirl) que só no beijo te leva pro céu Que tem o mel (As cowgirl)",Ana Castela,2025,54,https://www.letras.mus.br/ana-castela/as-cowgirl/,-1
1085,As Lembranças Vão Na Mala,musica1085,musica1085_trecho1,Independentemente do que me disser agora Queria deixar claro algumas coisas pra você Independentemente se deu certo a nossa história Não quero que fique comigo por dó de me fazer sofrer,Luan Santana,2011,31,https://www.letras.mus.br/luan-santana/1805520/,-1
1085,As Lembranças Vão Na Mala,musica1085,musica1085_trecho2,"Orgulhoso, eu não me ajoelhei pra ter seu coração Imperfeito, sou sim, mas dei o meu melhor até o fim",Luan Santana,2011,20,https://www.letras.mus.br/luan-santana/1805520/,-1
1085,As Lembranças Vão Na Mala,musica1085,musica1085_trecho5,"Mas se mesmo assim, quiser me deixar As lembranças vão na mala pra te atormentar",Luan Santana,2011,15,https://www.letras.mus.br/luan-santana/1805520/,-1
1226,As Mina Pira,musica1226,musica1226_trecho5,"As mina pira, pira Entra no clima Tá fácil de pegar Pra cima!",Fernando e Sorocaba,2013,13,https://www.letras.mus.br/fernando-sorocaba/as-mina-pira/,-1
1226,As Mina Pira,musica1226,musica1226_trecho19,"As mina pira, Pira Entra no clima Pra cima!",Fernando e Sorocaba,2013,9,https://www.letras.mus.br/fernando-sorocaba/as-mina-pira/,-1
1469,Às Vezes,musica1469,musica1469_trecho1,"Tá tão difícil de esconder o que eu estou sentindo Se eu te mostro que é amor pensa que eu tô fingindo E cada vez eu me apaixono mais, eu me apego mais",Henrique & Juliano,2014,33,https://www.letras.mus.br/henrique-e-juliano/as-vezes/,-1
552,Assunto Delicado (part. Xand Avião),musica552,musica552_trecho1,"Tá seguindo a sua vida, né? Já tem até outra pessoa Aparentemente você tá de boa",Guilherme & Benuto,2023,16,https://www.letras.mus.br/guilherme-e-benuto/assunto-delicado-part-xand-aviao/,-1
297,Até a Próxima Vida,musica297,musica297_trecho1,Quem nunca dirigiu embriagado E quando tocou aquela moda Deu três tapa no painel do carro?,Henrique & Juliano,2021,16,https://www.letras.mus.br/henrique-e-juliano/ate-a-proxima-vida/,-1
297,Até a Próxima Vida,musica297,musica297_trecho2,Quem nunca rodou essa cidade E quando viu tava na porta De quem mais tinha saudade?,Henrique & Juliano,2021,16,https://www.letras.mus.br/henrique-e-juliano/ate-a-proxima-vida/,-1
297,Até a Próxima Vida,musica297,musica297_trecho4,"Até a próxima vida, mas se liga Se der ruim com esse doido aí Cê lembra que eu sou top dois da sua lista",Henrique & Juliano,2021,24,https://www.letras.mus.br/henrique-e-juliano/ate-a-proxima-vida/,-1
297,Até a Próxima Vida,musica297,musica297_trecho5,"Até a próxima vida, mas se liga Se der ruim com esse doido aí Cê nem pensa, me grita",Henrique & Juliano,2021,19,https://www.letras.mus.br/henrique-e-juliano/ate-a-proxima-vida/,-1
297,Até a Próxima Vida,musica297,musica297_trecho8,Me liga Tô na torcida pra ser top um da sua vida Tô na torcida pra ser top um da sua vida,Henrique & Juliano,2021,22,https://www.letras.mus.br/henrique-e-juliano/ate-a-proxima-vida/,-1
304,Até Você Voltar,musica304,musica304_trecho1,"Aqui sentado nessa mesa, só o copo de cerveja é minha companhia E essa casa está tão cheia e parece vazia sem você comigo E hoje está fazendo um ano, aqui no meu calendário ainda está marcando O dia e o mês, foi a primeira vez E o que me prometeu? Será que se esqueceu?",Henrique & Juliano,2014,55,https://www.letras.mus.br/henrique-e-juliano/ate-voce-voltar/,-1
304,Até Você Voltar,musica304,musica304_trecho2,"De todos nossos planos, nossos filhos, nosso apartamento Da nossa Lua de mel, do nosso casamento Como pude acreditar nesse seu juramento? E agora estou sozinho outra vez",Henrique & Juliano,2014,28,https://www.letras.mus.br/henrique-e-juliano/ate-voce-voltar/,-1
304,Até Você Voltar,musica304,musica304_trecho3,"De copo sempre cheio, coração vazio Tô me tornando um cara solitário e frio Vai ser difícil eu me apaixonar de novo E a culpa é sua Antes embriagado do que iludido Acreditar no amor já não faz mais sentido Eu vou continuar nessa vida bandida Até você voltar",Henrique & Juliano,2014,49,https://www.letras.mus.br/henrique-e-juliano/ate-voce-voltar/,-1
304,Até Você Voltar,musica304,musica304_trecho6,"De copo sempre cheio, coração vazio Tô me tornando um cara solitário e frio Vai ser difícil eu me apaixonar de novo E a culpa é sua Antes embriagado do que iludido Acreditar no amor já não faz mais sentido Eu vou continuar nessa vida bandida Até você voltar Até você voltar",Henrique & Juliano,2014,52,https://www.letras.mus.br/henrique-e-juliano/ate-voce-voltar/,-1
781,Atrasadinha (part. Ferrugem),musica781,musica781_trecho2,"E você chegou Atrasadinha, mas tava linda Minha boca calou Mas meu coração gritou por cima",Felipe Araújo,2019,16,https://www.letras.mus.br/felipe-araujo/atrasadinha/,-1
891,Aurora do Mundo,musica891,musica891_trecho1,Quem teve os amores que tive na vida É gente entendida na mágoa e na dor Não sabe por certo que um doce carinho Às vezes é espinho em forma de flor,Belmonte e Amaraí,2021,32,https://www.letras.mus.br/belmonte-e-amarai/1002024/,-1
891,Aurora do Mundo,musica891,musica891_trecho5,Passei uma noite no rancho amizade E vi na saudade o começo do fim A chuva caía naquele tugúrio Num triste murmúrio por sobre o capim,Belmonte e Amaraí,2021,26,https://www.letras.mus.br/belmonte-e-amarai/1002024/,-1
891,Aurora do Mundo,musica891,musica891_trecho6,A noite avançava e eu não dormia Agora sabia que amar era assim Por fim entreguei-me ao sono profundo E a aurora do mundo caiu sobre mim,Belmonte e Amaraí,2021,27,https://www.letras.mus.br/belmonte-e-amarai/1002024/,-1
370,Avisa Aí,musica370,musica370_trecho1,Não vou negar que eu mudei demais por você Que nesse ano e meio até parei de beber Eu apostei tudo que tinha nessa relação,Henrique & Juliano,2015,25,https://www.letras.mus.br/henrique-e-juliano/avisa-ai/,-1
370,Avisa Aí,musica370,musica370_trecho4,"Eu tô voltando pra vida que eu amo Avisa ai que eu vou pro show do Henrique e Juliano Eu tô voltando, sou feliz assim Tentei sair da farra, mas a farra não saiu de mim",Henrique & Juliano,2015,36,https://www.letras.mus.br/henrique-e-juliano/avisa-ai/,-1
370,Avisa Aí,musica370,musica370_trecho5,"Eu tô voltando pra vida que eu amo Farreiro, solteiro e o povo que eu tô barulhando Eu tô voltando sou feliz assim Tentei sair da farra, mas a farra não saiu de mim",Henrique & Juliano,2015,34,https://www.letras.mus.br/henrique-e-juliano/avisa-ai/,-1
1333,Avisa Que Eu Cheguei (part. Ivete Sangalo),musica1333,musica1333_trecho1,"Hoje eu vou sair pra dançar E se a saudade me procurar, ninguém me viu Hoje eu acordei virada Tô do avesso e até minha lágrima sorriu",Naiara Azevedo,2017,27,https://www.letras.mus.br/naiara-azevedo/avisa-que-eu-cheguei/,-1
1286,Baby Fala Pra Mim (Quelq'um M'a Dit),musica1286,musica1286_trecho2,"Baby, fala pra mim Que gosta de mim Baby, fala pra mim Que o tempo não mudou seu jeito de gostar E que ainda gosta de mim",Leonardo,2011,27,https://www.letras.mus.br/leonardo/1983922/,-1
1286,Baby Fala Pra Mim (Quelq'um M'a Dit),musica1286,musica1286_trecho4,"Baby, fala pra mim Que gosta de mim Baby, fala pra mim Que o tempo não mudou seu jeito de gostar",Leonardo,2011,21,https://www.letras.mus.br/leonardo/1983922/,-1
1286,Baby Fala Pra Mim (Quelq'um M'a Dit),musica1286,musica1286_trecho9,Que ainda gosta de mim,Leonardo,2011,5,https://www.letras.mus.br/leonardo/1983922/,-1
637,Baby Me Atende (part. Dilsinho),musica637,musica637_trecho1,"Abandonado dentro de um apartamento Ansiedade, coração desesperado É só bebida quente Por causa de um coração gelado",Matheus Fernandes,2021,18,https://www.letras.mus.br/matheus-fernandes/baby-me-atende/,-1
637,Baby Me Atende (part. Dilsinho),musica637,musica637_trecho3,"Oh, baby, me atende Ai que vontade de tacar meu celular na parede Oh, baby, me atende Ai que vontade de tacar meu celular na parede",Matheus Fernandes,2021,26,https://www.letras.mus.br/matheus-fernandes/baby-me-atende/,-1
637,Baby Me Atende (part. Dilsinho),musica637,musica637_trecho8,"Oh, baby, me atende Ai que vontade de tacar meu celular na parede, ai que vontade Oh, baby, me atende Ai que vontade de jogar meu celular na parede",Matheus Fernandes,2021,29,https://www.letras.mus.br/matheus-fernandes/baby-me-atende/,-1
1058,Bagunça Minha Vida,musica1058,musica1058_trecho2,"Se der certo a gente atualiza o nosso status Se der errado a sorte é do nosso quarto Que assistiu a gente, se amando intensamente",George Henrique e Rodrigo,2019,25,https://www.letras.mus.br/george-henrique-rodrigo/bagunca-minha-vida/,-1
1058,Bagunça Minha Vida,musica1058,musica1058_trecho3,Bagunça minha vida Revira minha cama Meu coração não liga Se gosta ou se ama Se vai durar um mês ou uma hora Não tem que ser pra sempre Tem que ser gostoso agora,George Henrique e Rodrigo,2019,34,https://www.letras.mus.br/george-henrique-rodrigo/bagunca-minha-vida/,-1
1058,Bagunça Minha Vida,musica1058,musica1058_trecho8,Se vai durar um mês ou uma hora Não tem que ser pra sempre Tem que ser gostoso agora,George Henrique e Rodrigo,2019,19,https://www.letras.mus.br/george-henrique-rodrigo/bagunca-minha-vida/,-1
1592,Baixinha Linda,musica1592,musica1592_trecho2,"Que apesar de tudo e todas, ainda prefiro você Mesmo me ignorando as vezes, isso eu consigo entender Sei que não acredita em mim, diz que homem é tudo igual Vou te fazer pensar pra frente e vou provar que é real",Biollo,2016,42,https://www.letras.mus.br/robson-biollo/baixinha-linda/,-1
1592,Baixinha Linda,musica1592,musica1592_trecho5,"A nossa idade não importa, o que interessa é o coração Quando te vi na minha frente, eu fiquei sem reação Baixinha linda eu te quero e o meu sonho é Pra me beijar te ver ficar na pontinha do pé",Biollo,2016,41,https://www.letras.mus.br/robson-biollo/baixinha-linda/,-1
1323,Bala de Prata,musica1323,musica1323_trecho1,Criminosa Não posso olhar dentro do seu olhar Bala de prata acerta pra matar Virei seu refém e não quero escapar,Fernando e Sorocaba,2008,21,https://www.letras.mus.br/fernando-sorocaba/1116095/,-1
1323,Bala de Prata,musica1323,musica1323_trecho5,Não posso olhar dentro do seu olhar Bala de prata acerta pra matar Virei seu refém e não quero escapar,Fernando e Sorocaba,2008,20,https://www.letras.mus.br/fernando-sorocaba/1116095/,-1
189,Balada,musica189,musica189_trecho6,"Se você me olhar, vou querer te pegar E depois namorar, curtição Que hoje vai rolar",Gusttavo Lima,2011,16,https://www.letras.mus.br/gusttavo-lima/1911764/,-1
1135,Balada Louca (part. João Neto e Frederico),musica1135,musica1135_trecho1,Meu Deus do céu aonde é que eu tô Alguém me explica me ajuda por favor Bebi demais na noite passada E eu só me lembro do começo da balada,Munhoz & Mariano,2012,30,https://www.letras.mus.br/munhoz-mariano/balada-louca/,-1
1135,Balada Louca (part. João Neto e Frederico),musica1135,musica1135_trecho2,"Alguém do lado aqui na mesma cama Nem sei quem é, mas tá dizendo que me ama Cabeça tonta cheirando cerveja O som no talo só com moda sertaneja",Munhoz & Mariano,2012,29,https://www.letras.mus.br/munhoz-mariano/balada-louca/,-1
326,Balanço da Rede (part. Xand Avião),musica326,musica326_trecho1,"Tô off pra disputa, quero ser prioridade Quero amor inteiro, não aceito só metade Vou te excluir se não se decidir Vai entregar seu coração pra ele ou pra mim?",Matheus Fernandes,2021,30,https://www.letras.mus.br/matheus-fernandes/balanco-da-rede-part-xand-aviao/,-1
326,Balanço da Rede (part. Xand Avião),musica326,musica326_trecho2,"Fala na minha cara que não gosta do balanço Aquele negócio, a gente faz em todo canto Vem cá (vem cá), pra gente se amar",Matheus Fernandes,2021,25,https://www.letras.mus.br/matheus-fernandes/balanco-da-rede-part-xand-aviao/,-1
326,Balanço da Rede (part. Xand Avião),musica326,musica326_trecho3,"No balanço da rede, só tomando vento O pé na parede, só pra dar o movimento Comigo tu viaja, com ele, tu perde tempo Fazer amor é fácil, quero ver ter sentimento",Matheus Fernandes,2021,32,https://www.letras.mus.br/matheus-fernandes/balanco-da-rede-part-xand-aviao/,-1
326,Balanço da Rede (part. Xand Avião),musica326,musica326_trecho5,"Oi, oi, oi, oi, oi Eu quero ouvir assim Oi, oi, oi, oi, oi Xand Avião e MF",Matheus Fernandes,2021,18,https://www.letras.mus.br/matheus-fernandes/balanco-da-rede-part-xand-aviao/,-1
326,Balanço da Rede (part. Xand Avião),musica326,musica326_trecho6,"Olha, eu tô off pra disputa, quero ser prioridade Olha que quero amor inteiro, não aceito só metade Vou te excluir se não se decidir Vai entregar seu coração pra ele ou pra mim?",Matheus Fernandes,2021,34,https://www.letras.mus.br/matheus-fernandes/balanco-da-rede-part-xand-aviao/,-1
326,Balanço da Rede (part. Xand Avião),musica326,musica326_trecho9,"No balanço da rede, só tomando vento O pé na parede, só pra dar- (balança, balança) Comigo tu viaja, com ele, tu perde tempo Fazer amor é fácil, quero ver ter sentimento",Matheus Fernandes,2021,32,https://www.letras.mus.br/matheus-fernandes/balanco-da-rede-part-xand-aviao/,-1
1481,Bara Bara (part. Bruno & Marrone),musica1481,musica1481_trecho2,"E quando eu te pegar, você vai ficar louca Vai ficar doidinha, doidinha dentro da roupa Quando eu te pegar vou fazer diferente Tenho certeza, vai pirar a sua mente A bebida tá subindo, a cabeça enlouquecendo O clima tá esquentando, só vai dar eu e você Pra gente então fazer",Cristiano Araújo,2012,51,https://www.letras.mus.br/cristiano-araujo/1999546/,-1
173,Barulho do Foguete,musica173,musica173_trecho1,Cadê a foto de vocês Com a legenda de textão? Cadê o nome dele na sua bio Do lado de um coração?,Zé Neto e Cristiano,2023,22,https://www.letras.mus.br/ze-neto-cristiano/barulho-do-foguete/,-1
173,Barulho do Foguete,musica173,musica173_trecho2,"Aconteceu alguma coisa? Me diz, como é que você tá? Cê sabe que eu tô sempre aqui se precisar desabafar Meu ombro é todo seu quando quiser chorar",Zé Neto e Cristiano,2023,28,https://www.letras.mus.br/ze-neto-cristiano/barulho-do-foguete/,-1
173,Barulho do Foguete,musica173,musica173_trecho3,Que pena que cês terminaram Achei que ia durar pra sempre Tô triste com um negócio desse Escuta aí o barulho do foguete,Zé Neto e Cristiano,2023,23,https://www.letras.mus.br/ze-neto-cristiano/barulho-do-foguete/,-1
173,Barulho do Foguete,musica173,musica173_trecho4,"Que pena que cês terminaram Achei que ia durar pra sempre Tô triste com um negócio desse Escuta aí o barulho do foguete, ó",Zé Neto e Cristiano,2023,24,https://www.letras.mus.br/ze-neto-cristiano/barulho-do-foguete/,-1
853,Bateria Acabou (part. Marília Mendonça),musica853,musica853_trecho2,Resolvi olhar as suas fotos Saber como você está Parece até que tem alguém Fiquei mal por te ver bem,Zé Neto e Cristiano,2017,20,https://www.letras.mus.br/ze-neto-cristiano/bateria-acabou/,-1
853,Bateria Acabou (part. Marília Mendonça),musica853,musica853_trecho6,"Só me fala onde você está Se ainda mora no mesmo lugar Se também está bebendo e sofrendo Bateria acabou, tô quase enlouquecendo",Zé Neto e Cristiano,2017,23,https://www.letras.mus.br/ze-neto-cristiano/bateria-acabou/,-1
853,Bateria Acabou (part. Marília Mendonça),musica853,musica853_trecho11,"Tô precisando falar com meu amor, oh oh oh Alguém me empresta um carregador",Zé Neto e Cristiano,2017,14,https://www.letras.mus.br/ze-neto-cristiano/bateria-acabou/,-1
695,Batom de Cereja,musica695,musica695_trecho1,"Parei, pensei Quase travei Será que agora eu vou passar a vez Será que eu vou ficar de boa Pegando outra e vendo você ficar com outra pessoa?",Israel & Rodolffo,2021,28,https://www.letras.mus.br/israel-rodolfo/batom-de-cereja/,-1
251,Bebaça (part. Maiara & Maraisa),musica251,musica251_trecho1,Diz que aguenta bebida Tomou duas seguidas Perna bambeou Ainda não lembrou Vou refrescar sua memória,Marília Mendonça,2019,16,https://www.letras.mus.br/marilia-mendonca/bebaca/,-1
251,Bebaça (part. Maiara & Maraisa),musica251,musica251_trecho3,"Amiga, cê tava bebaça Subindo na mesa, virando garrafa Amiga, cê tava bebaça Tomou tudo, tomou fora Só não tomou vergonha na cara",Marília Mendonça,2019,23,https://www.letras.mus.br/marilia-mendonca/bebaca/,-1
251,Bebaça (part. Maiara & Maraisa),musica251,musica251_trecho4,"Amiga, cê tava bebaça Subindo na mesa, virando garrafa Amiga, cê tava bebaça Tomou tequila, tomou cerveja Tomou tudo, tomou fora Só não tomou vergonha na cara",Marília Mendonça,2019,27,https://www.letras.mus.br/marilia-mendonca/bebaca/,-1
251,Bebaça (part. Maiara & Maraisa),musica251,musica251_trecho9,"Maiara, cê tava bebaça Subindo na mesa, virando garrafa Maiara, cê tava bebaça Tomou tudo, tomou fora Só não tomou vergonha na cara",Marília Mendonça,2019,23,https://www.letras.mus.br/marilia-mendonca/bebaca/,-1
251,Bebaça (part. Maiara & Maraisa),musica251,musica251_trecho10,"Marília, cê tava bebaça Subindo na mesa, virando garrafa Cê tava bebaça Tomou tequila, tomou cerveja Tomou tudo, tomou fora Só não tomou vergonha na cara",Marília Mendonça,2019,26,https://www.letras.mus.br/marilia-mendonca/bebaca/,-1
682,Bebi Liguei,musica682,musica682_trecho1,Acordei mais uma vez embriagado E o seu cheiro impregnado na minha roupa,Marília Mendonça,2019,13,https://www.letras.mus.br/marilia-mendonca/bebi-liguei/,-1
682,Bebi Liguei,musica682,musica682_trecho8,Chego apaixonado e saio arrependido Amar por dois só me dá prejuízo,Marília Mendonça,2019,12,https://www.letras.mus.br/marilia-mendonca/bebi-liguei/,-1
1189,Bebida Na Ferida,musica1189,musica1189_trecho2,"Agora tá de standby Vai fazer isso com os outros, vai Tudo que vai, volta, ai, ai, ai Quem abre também fecha a porta",Zé Neto e Cristiano,2018,24,https://www.letras.mus.br/ze-neto-cristiano/bebida-na-ferida/,-1
1419,Beijar À Queima Roupa,musica1419,musica1419_trecho1,Que coisa louca Que coisa louca Que coisa louca Que coisa louca Hoje eu vou te beijar à queima roupa,Lucas Lucco,2014,20,https://www.letras.mus.br/lucas-lucco/beijar-a-queima-roupa/,-1
1419,Beijar À Queima Roupa,musica1419,musica1419_trecho3,Eu tentei ser bonzinho Até quis dar carinho Agora cê aguenta A pegada violenta,Lucas Lucco,2014,14,https://www.letras.mus.br/lucas-lucco/beijar-a-queima-roupa/,-1
1419,Beijar À Queima Roupa,musica1419,musica1419_trecho4,"Hoje é promoção Me abusa, me usa Hoje eu vou te pegar E vou rasgar a sua blusa",Lucas Lucco,2014,18,https://www.letras.mus.br/lucas-lucco/beijar-a-queima-roupa/,-1
1419,Beijar À Queima Roupa,musica1419,musica1419_trecho5,Que coisa louca Que coisa louca Hoje eu vou te beijar à queima roupa,Lucas Lucco,2014,14,https://www.letras.mus.br/lucas-lucco/beijar-a-queima-roupa/,-1
1419,Beijar À Queima Roupa,musica1419,musica1419_trecho9,Eu tentei ser boazinha Até quis dar carinho Mas você não aguenta A pegada violenta,Lucas Lucco,2014,15,https://www.letras.mus.br/lucas-lucco/beijar-a-queima-roupa/,-1
806,Beijo De Varanda,musica806,musica806_trecho1,Todo santo dia é mais um dia pra te esquecer Acabei de ouvir a nossa música no rádio e na TV O que será que isso quer dizer?,Bruno & Marrone,2017,28,https://www.letras.mus.br/bruno-e-marrone/beijo-de-varanda/,-1
806,Beijo De Varanda,musica806,musica806_trecho3,"Nem vou culpar o vento por essa bagunça Se fui eu que deixei a janela aberta Então é minha culpa, ai ai E já que entrou na minha vida, leve, é toda a sua Quero aquele beijo de varanda e a Lua de testemunha Eu tô até com ciúme O vento deve estar usando o seu perfume",Bruno & Marrone,2017,57,https://www.letras.mus.br/bruno-e-marrone/beijo-de-varanda/,-1
1245,Beijo Meu,musica1245,musica1245_trecho5,"Frio lá fora, aqui um cobertor Acendo a lareira pra trazer calor Você pediu pra eu tocar",Israel Novaes,2012,17,https://www.letras.mus.br/israel-novaes/1970118/,-1
987,Beleza Ignorante,musica987,musica987_trecho2,Promete tudo Entrega tudo Dá show no claro Dá show no escuro,Simone Mendes,2024,12,https://www.letras.mus.br/simone-mendes/beleza-ignorante/,-1
987,Beleza Ignorante,musica987,musica987_trecho8,"Duas sanfonada, cabou o forró",Simone Mendes,2024,5,https://www.letras.mus.br/simone-mendes/beleza-ignorante/,-1
1381,Bem Feito,musica1381,musica1381_trecho1,"Você saiu, falou que nunca mais ia voltar Que iria ser feliz sem mim, tá bom, haha! Haha, eu duvido!",Thaeme e Thiago,2015,20,https://www.letras.mus.br/thaeme-thiago/bem-feito/,-1
1381,Bem Feito,musica1381,musica1381_trecho2,"Juro que não é praga minha, mas não vai encontrar Alguém que te ame tanto Se quer ir então vá! Haha, eu duvido!",Thaeme e Thiago,2015,23,https://www.letras.mus.br/thaeme-thiago/bem-feito/,-1
1381,Bem Feito,musica1381,musica1381_trecho3,"Eu tenho pena quando perceber que foi um passatempo e nada mais Uma vontade, um momento Vai bater arrependimento Aí cê vai lembrar de mim, aí cê vai lembrar de mim",Thaeme e Thiago,2015,31,https://www.letras.mus.br/thaeme-thiago/bem-feito/,-1
1381,Bem Feito,musica1381,musica1381_trecho5,"Bem feito! Ninguém mandou se aventurar, cair em tentação Agora se entenda com seu coração Você estragou tudo e agora vai pagar pelo que fez Bem feito!",Thaeme e Thiago,2015,27,https://www.letras.mus.br/thaeme-thiago/bem-feito/,-1
659,Bem Pior Que Eu,musica659,musica659_trecho5,Eu venho porque eu não tenho nada a perder Já você,Marília Mendonça,2019,11,https://www.letras.mus.br/marilia-mendonca/bem-pior-que-eu/,-1
1171,Bengala E Crochê,musica1171,musica1171_trecho4,"Eu quero acordar do seu lado toda manhã Ouvir seu bom dia, um café, croissant Duas cópias da gente correndo num quintal Os altos e baixos de todo casal",Maiara & Maraisa,2017,29,https://www.letras.mus.br/maiara-maraisa/bengala-e-croche/,-1
1554,Blackout,musica1554,musica1554_trecho4,"E assim eu vou traçando a sua rota em minha mente Assim meio impaciente, sem certeza, sem radar Pedindo a Deus que mande uma tempestade Que alague toda a cidade, que você não saia do sofá Pra que ninguém roube o meu lugar Pra que ninguém roube o meu lugar Pra que ninguém roube o meu lugar",Cristiano Araújo,2014,57,https://www.letras.mus.br/cristiano-araujo/blackout/,-1
1554,Blackout,musica1554,musica1554_trecho7,"E assim eu vou traçando a sua rota em minha mente Assim meio impaciente, sem certeza, sem radar Pedindo a Deus que mande uma tempestade Que alague toda a cidade, que você não saia do sofá",Cristiano Araújo,2014,36,https://www.letras.mus.br/cristiano-araujo/blackout/,-1
115,Bloqueado,musica115,musica115_trecho4,9912-5003 Olha eu recaindo outra vez,Gusttavo Lima,2021,6,https://www.letras.mus.br/gusttavo-lima/bloqueado/,-1
115,Bloqueado,musica115,musica115_trecho5,Lembrei Que tô bloqueado É muita raiva misturada com tristeza Olha eu chorando e dando porrada na mesa,Gusttavo Lima,2021,18,https://www.letras.mus.br/gusttavo-lima/bloqueado/,-1
115,Bloqueado,musica115,musica115_trecho6,"Lembrei Que tô bloqueado É muita raiva misturada com tristeza Olha eu chorando e dando porrada na mesa Derrama, derrama, cerveja",Gusttavo Lima,2021,21,https://www.letras.mus.br/gusttavo-lima/bloqueado/,-1
115,Bloqueado,musica115,musica115_trecho11,E lembrei Que tô bloqueado É muita raiva misturada com tristeza Olha eu chorando e dando porrada na mesa,Gusttavo Lima,2021,19,https://www.letras.mus.br/gusttavo-lima/bloqueado/,-1
1122,Boa Sorte Pra Você,musica1122,musica1122_trecho1,"Pra você não foi sério E se ainda te quero Sei que não dá mais Já tentamos, desisti",Victor & Leo,2010,18,https://www.letras.mus.br/victor-leo/1729755/,-1
1122,Boa Sorte Pra Você,musica1122,musica1122_trecho4,"Se tinha que ser assim Tudo bem, já passou Boa sorte pra você É o fim do nosso amor",Victor & Leo,2010,19,https://www.letras.mus.br/victor-leo/1729755/,-1
1122,Boa Sorte Pra Você,musica1122,musica1122_trecho11,Não quis te perder Fim do nosso amor Boa sorte pra você,Victor & Leo,2010,12,https://www.letras.mus.br/victor-leo/1729755/,-1
12,Boate Azul,musica12,musica12_trecho2,"E quando a noite vai se agonizando no clarão da aurora Os integrantes da vida noturna se foram dormir E a dama da noite que estava comigo também foi embora Fecharam-se as portas, sozinho de novo tive que sair",Bruno & Marrone,2019,39,https://www.letras.mus.br/bruno-e-marrone/88379/,-1
12,Boate Azul,musica12,musica12_trecho3,Sair de que jeito se nem sei o rumo para onde vou Muito vagamente me lembro que estou Em uma boate aqui na zona sul Eu bebi demais e não consigo me lembrar sequer Qual era o nome daquela mulher A flor da noite na boate azul,Bruno & Marrone,2019,47,https://www.letras.mus.br/bruno-e-marrone/88379/,-1
194,Body Splash (part. Luan Pereira),musica194,musica194_trecho2,Ô mania que cê tinha de dormir cheirosa Deu vontade de respirar sua pele agora Mas o seu perfume só tá perfumando a minha memória,Felipe Araújo,2024,25,https://www.letras.mus.br/felipe-araujo/body-splash/,-1
1396,Bola de Cristal,musica1396,musica1396_trecho1,Você vai voltar Já sei como vai ser Eu vou me entregar De novo pra você,Fernando e Sorocaba,2011,16,https://www.letras.mus.br/fernando-sorocaba/1706490/,-1
1294,Bom Rapaz (part. Jorge e Mateus),musica1294,musica1294_trecho1,"Vai ficar olhando ou vai levar Essa joia pra sua casa? Olha, você tá ouvindo um sim De quem disse não pra tantos caras",Fernando e Sorocaba,2017,24,https://www.letras.mus.br/fernando-sorocaba/bom-rapaz/,-1
1294,Bom Rapaz (part. Jorge e Mateus),musica1294,musica1294_trecho4,"Vai ficar olhando ou vai levar Essa joia pra sua casa? Olha, você tá ouvindo sim De quem disse não pra tantos caras",Fernando e Sorocaba,2017,23,https://www.letras.mus.br/fernando-sorocaba/bom-rapaz/,-1
57,Borboletas,musica57,musica57_trecho1,"Percebo que o tempo já não passa Você diz que não tem graça amar assim Foi tudo tão bonito, mas voou pro infinito Parecido com borboletas de um jardim",Victor & Leo,2008,29,https://www.letras.mus.br/victor-leo/1287417/,-1
57,Borboletas,musica57,musica57_trecho3,Não sei dizer o que mudou Mas nada está igual Numa noite estranha a gente se estranha e fica mal Você tenta provar Que tudo em nós morreu Borboletas sempre voltam e o seu jardim sou eu,Victor & Leo,2008,37,https://www.letras.mus.br/victor-leo/1287417/,-1
57,Borboletas,musica57,musica57_trecho8,Sempre voltam e o seu jardim sou eu,Victor & Leo,2008,8,https://www.letras.mus.br/victor-leo/1287417/,-1
1142,"Bruto, Rústico e Sistemático",musica1142,musica1142_trecho1,"Tudo o que dá na TV Minha muié qué fazê Não mede as consequências Fez um tar de topless Quando vi, me deu um stress Perdi minha paciência",João Carreiro & Capataz,2009,28,https://www.letras.mus.br/joao-carreiro-capataz/1072366/,-1
1142,"Bruto, Rústico e Sistemático",musica1142,musica1142_trecho4,"Fim de semana passado Conheci o namorado da minha filha caçula Achei que não deu pareia Tava de brinco na oreia e o corpo cheio de figura Não suportei muito tempo Neste relacionamento eu tive que opinar Sujeitinho era roqueiro, não dá certo com violeiro Nós num ia combinar",João Carreiro & Capataz,2009,49,https://www.letras.mus.br/joao-carreiro-capataz/1072366/,-1
1142,"Bruto, Rústico e Sistemático",musica1142,musica1142_trecho6,"Sistema que fui criado Ver dois homi abraçado Pra mim era confusão Mulher com mulher beijando Dois homi se acariciando Meu Deus, que decepção",João Carreiro & Capataz,2009,24,https://www.letras.mus.br/joao-carreiro-capataz/1072366/,-1
1142,"Bruto, Rústico e Sistemático",musica1142,musica1142_trecho7,Mas neste mundo moderno Não tem errado e nem certo Achar ruim é preconceito Mas não fujo à minha essência Pra mim isso é indecência E ninguém vai mudar meu jeito,João Carreiro & Capataz,2009,31,https://www.letras.mus.br/joao-carreiro-capataz/1072366/,-1
420,Bye Bye,musica420,musica420_trecho2,"Pra você, sou só mais uma carona No final de uma balada, me envolvi sabendo Somos dois estranhos numa cama temporária Fazendo amor, consciente que é só momento O quarto é grande, mas não cabe sentimento",Marília Mendonça,2019,36,https://www.letras.mus.br/marilia-mendonca/bye-bye/,-1
420,Bye Bye,musica420,musica420_trecho5,"Pra você, sou só mais uma carona No final de uma balada, me envolvi sabendo Somos dois estranhos numa cama temporária Fazendo amor, consciente que é só momento O quarto é grande mas não cabe sentimento",Marília Mendonça,2019,36,https://www.letras.mus.br/marilia-mendonca/bye-bye/,-1
1331,Cada Um Com Seus Problemas (part. Lucas Lucco),musica1331,musica1331_trecho1,"Tá querendo fidelidade Um amor de verdade Um cara gente boa pra casar Eu tô querendo liberdade Voltar pra sacanagem Te amar não vale a pena Ema, ema, ema, cada um com seus problemas",Thiago Brava,2013,34,https://www.letras.mus.br/thiago-brava/cada-um-com-seus-problemas/,-1
1331,Cada Um Com Seus Problemas (part. Lucas Lucco),musica1331,musica1331_trecho2,"Cansei dessa vida de casado De bancar o otário De ver a turma toda farrear Agora vai cuidar da sua vida Eu vou cuidar da minha Sou cachorrão da pista Que late e morde fácil, sensação da baladinha",Thiago Brava,2013,38,https://www.letras.mus.br/thiago-brava/cada-um-com-seus-problemas/,-1
1331,Cada Um Com Seus Problemas (part. Lucas Lucco),musica1331,musica1331_trecho3,"Ado, ado, ado, cansei de ser enganado Eta, eta, eta, te amar é muita treta Ixa, ixa, ixa, virei o cara da pista Ola, ola, ola, Deus do céu, que vida boa",Thiago Brava,2013,32,https://www.letras.mus.br/thiago-brava/cada-um-com-seus-problemas/,-1
1331,Cada Um Com Seus Problemas (part. Lucas Lucco),musica1331,musica1331_trecho6,"Cansei dessa vida de casado De bancar o otário E ver a turma toda farrear Agora vou sair da sua vida E vou cuidar da minha Sou cachorrão da pista Que late e morde fácil, sensação da baladinha",Thiago Brava,2013,38,https://www.letras.mus.br/thiago-brava/cada-um-com-seus-problemas/,-1
1043,Cadeira de Aço,musica1043,musica1043_trecho3,Sentado numa cadeira de aço enferrujada e bebendo Cada copo americano enganava o meu sofrimento Achei que eu tivesse esquecido a danada naquela hora Até ver seu nome escrito na lata de Coca-Cola,Zé Neto e Cristiano,2017,33,https://www.letras.mus.br/ze-neto-cristiano/cadeira-de-aco/,-1
1043,Cadeira de Aço,musica1043,musica1043_trecho4,Em uma cadeira de aço enferrujada e bebendo Cada copo americano enganava o meu sofrimento Achei que eu tivesse esquecido a danada naquela hora Até ver seu nome escrito na lata de Coca-Cola,Zé Neto e Cristiano,2017,33,https://www.letras.mus.br/ze-neto-cristiano/cadeira-de-aco/,-1
1043,Cadeira de Aço,musica1043,musica1043_trecho7,Sentado numa cadeira de aço enferrujada e bebendo Cada copo americano enganava o meu sofrimento Achei que eu tivesse esquecido a danada naquela hora Até ver o seu nome escrito na lata de Coca-Cola,Zé Neto e Cristiano,2017,34,https://www.letras.mus.br/ze-neto-cristiano/cadeira-de-aco/,-1
1043,Cadeira de Aço,musica1043,musica1043_trecho8,Em uma cadeira de aço enferrujada e bebendo Cada copo americano enganava o meu sofrimento Achei que eu tivesse esquecido a danada naquela hora Até ver o seu nome escrito na lata de Coca-Cola,Zé Neto e Cristiano,2017,34,https://www.letras.mus.br/ze-neto-cristiano/cadeira-de-aco/,-1
1265,Cafajeste,musica1265,musica1265_trecho2,Até declaração O Pedro já me fez Thiago já avisou Que vai até o final,Thaeme e Thiago,2014,15,https://www.letras.mus.br/thaeme-thiago/cafajeste/,-1
1265,Cafajeste,musica1265,musica1265_trecho3,Só que tem um porém Todos eles não sabem É que eu gosto mesmo É de amor com sal,Thaeme e Thiago,2014,19,https://www.letras.mus.br/thaeme-thiago/cafajeste/,-1
1265,Cafajeste,musica1265,musica1265_trecho4,Eu gosto É daquele cafajeste Aquele que não liga E que não me merece,Thaeme e Thiago,2014,14,https://www.letras.mus.br/thaeme-thiago/cafajeste/,-1
1265,Cafajeste,musica1265,musica1265_trecho6,Eu gosto É desse animal Por ele sou capaz De um crime passional,Thaeme e Thiago,2014,13,https://www.letras.mus.br/thaeme-thiago/cafajeste/,-1
1265,Cafajeste,musica1265,musica1265_trecho7,E de outras loucuras Fora do normal Amor Piração total,Thaeme e Thiago,2014,10,https://www.letras.mus.br/thaeme-thiago/cafajeste/,-1
708,Café Com Leite,musica708,musica708_trecho2,É nessa hora que a falta bate E a gente senta e chora E o choro que sobrar A gente guarda pra uma outra história,Luan Santana,2015,25,https://www.letras.mus.br/luan-santana/cafe-com-leite/,-1
708,Café Com Leite,musica708,musica708_trecho4,Admite que ainda lembra!,Luan Santana,2015,4,https://www.letras.mus.br/luan-santana/cafe-com-leite/,-1
1229,Calafrio,musica1229,musica1229_trecho2,"Sinto um silêncio e um vazio, bate o desespero Não vejo a hora de você voltar E no espelho ainda tem escrito em vermelho Dentro de um coração: Tô indo embora!",Henrique & Juliano,2014,31,https://www.letras.mus.br/henrique-e-juliano/calafrio/,-1
1229,Calafrio,musica1229,musica1229_trecho4,"Eu não vou mais chorar, eu sei, você quer me amar Eu vou deixar o tempo te mostrar Que o seu amor sou eu, sou eu",Henrique & Juliano,2014,26,https://www.letras.mus.br/henrique-e-juliano/calafrio/,-1
111,Calcinha de Renda (part. Gusttavo Lima),musica111,musica111_trecho4,Mais uma vez que no motel foi 180 Mas fez o 180 valer a pena Cê sabe bem o poder que tem Debaixo da calcinha Debaixo da calcinha de renda,Panda Cantor,2025,30,https://www.letras.mus.br/panda-cantor/calcinha-de-renda-part-gusttavo-lima/,-1
427,Calma,musica427,musica427_trecho1,"Não chore mais, sorria, amor Eu trouxe o fim da sua dor Não chore nunca mais, amor",Jorge & Mateus,2015,17,https://www.letras.mus.br/jorge-mateus/calma/,-1
427,Calma,musica427,musica427_trecho3,"Calma, a sua insegurança não te leva a nada Eu quero ser seu homem, te fazer amada Amar, amar você até você se amar e me amar",Jorge & Mateus,2015,27,https://www.letras.mus.br/jorge-mateus/calma/,-1
427,Calma,musica427,musica427_trecho4,"Calma, a sua insegurança não te leva a nada Eu quero ser seu homem, te fazer amada Amar, amar você até você se amar e me amar Calma!",Jorge & Mateus,2015,28,https://www.letras.mus.br/jorge-mateus/calma/,-1
209,Camaro Amarelo,musica209,musica209_trecho1,"Agora eu fiquei doce, doce, doce, doce Agora eu fiquei do-do-do-do-doce, doce",Munhoz & Mariano,2011,12,https://www.letras.mus.br/munhoz-mariano/camaro-amarelo/,-1
209,Camaro Amarelo,musica209,musica209_trecho3,E agora eu fiquei doce igual caramelo Tô tirando onda de Camaro amarelo E agora você diz: Vem cá que eu te quero Quando eu passo no Camaro amarelo,Munhoz & Mariano,2011,29,https://www.letras.mus.br/munhoz-mariano/camaro-amarelo/,-1
209,Camaro Amarelo,musica209,musica209_trecho4,"Quando eu passava por você Na minha CG, você nem me olhava Fazia de tudo pra me ver, pra me perceber Mas nem me olhava",Munhoz & Mariano,2011,25,https://www.letras.mus.br/munhoz-mariano/camaro-amarelo/,-1
209,Camaro Amarelo,musica209,musica209_trecho5,"Aí veio a herança do meu véio E resolveu os meus problemas, minha situação E do dia pra noite fiquei rico Tô na grife, tô bonito, tô andando igual patrão",Munhoz & Mariano,2011,30,https://www.letras.mus.br/munhoz-mariano/camaro-amarelo/,-1
209,Camaro Amarelo,musica209,musica209_trecho6,Agora eu fiquei doce igual caramelo Tô tirando onda de Camaro amarelo E agora você diz: Vem cá que eu te quero Quando eu passo no Camaro amarelo,Munhoz & Mariano,2011,28,https://www.letras.mus.br/munhoz-mariano/camaro-amarelo/,-1
209,Camaro Amarelo,musica209,musica209_trecho7,"E agora você vem, né? Agora você quer? Só que agora vou escolher Tá sobrando mulher",Munhoz & Mariano,2011,16,https://www.letras.mus.br/munhoz-mariano/camaro-amarelo/,-1
209,Camaro Amarelo,musica209,musica209_trecho11,Agora eu fiquei doce igual caramelo Tô tirando onda de Camaro amarelo Agora você diz: Vem cá que eu te quero Quando eu passo no Camaro amarelo,Munhoz & Mariano,2011,27,https://www.letras.mus.br/munhoz-mariano/camaro-amarelo/,-1
209,Camaro Amarelo,musica209,musica209_trecho15,"Agora eu fiquei doce, doce, doce, doce Agora eu fiquei do-do-do-do-doce, doce Agora eu fiquei doce, doce, doce, doce Agora eu fiquei do-do-do-do-doce, doce",Munhoz & Mariano,2011,24,https://www.letras.mus.br/munhoz-mariano/camaro-amarelo/,-1
15,Cantada,musica15,musica15_trecho2,"Se esse sorriso for pra mim Eu sou o cara que tem mais sorte no mundo Azar de quem perdeu, agora sou eu Quem vai te queimar no meu fogo E amanhã vai ter de novo",Luan Santana,2015,36,https://www.letras.mus.br/luan-santana/cantada/,-1
15,Cantada,musica15,musica15_trecho3,"E às nove da manhã Quando você acordar E se perguntar como foi, como é A gente só saiu pra jantar e foi ficando É que a gente só saiu pra jantar e foi ficando A gente saiu E ficou pro café",Luan Santana,2015,42,https://www.letras.mus.br/luan-santana/cantada/,-1
15,Cantada,musica15,musica15_trecho6,"E às nove da manhã Quando você acordar E se perguntar como foi, como é A gente só saiu pra jantar e foi ficando É que a gente só saiu pra jantar e ficou pro café",Luan Santana,2015,36,https://www.letras.mus.br/luan-santana/cantada/,-1
15,Cantada,musica15,musica15_trecho8,Pela luz do Sol que me ilumina Não existe nada mais que me fascina Que te ver chegar,Luan Santana,2015,18,https://www.letras.mus.br/luan-santana/cantada/,-1
36,Cantada Boba,musica36,musica36_trecho2,"Você me ganha numa cantada boba Minha maior fraqueza é sua voz no ouvido Pra tirar minha roupa, você sabe a brecha O atalho, o caminho E pra levantar da sua cama é um sacrifício",Jorge & Mateus,2024,35,https://www.letras.mus.br/jorge-mateus/cantada-boba/,-1
36,Cantada Boba,musica36,musica36_trecho3,"Você me ganha numa cantada boba Minha maior fraqueza é sua voz no ouvido Pra tirar minha roupa, você sabe a brecha O atalho, o caminho E pra levantar da sua cama é um sacrifício Você me ganha numa cantada boba",Jorge & Mateus,2024,41,https://www.letras.mus.br/jorge-mateus/cantada-boba/,-1
36,Cantada Boba,musica36,musica36_trecho5,"Você me ganha numa cantada boba Minha maior fraqueza é sua voz no ouvido Pra tirar minha roupa, você sabe a brecha O atalho, o caminho E pra levantar da sua cama",Jorge & Mateus,2024,32,https://www.letras.mus.br/jorge-mateus/cantada-boba/,-1
36,Cantada Boba,musica36,musica36_trecho7,"Pra tirar minha roupa, você sabe a brecha O atalho, o caminho E pra levantar da sua cama é um sacrifício Um sacrifício Pra tirar minha roupa, você sabe a brecha O atalho, o caminho E pra levantar da sua cama é um sacrifício",Jorge & Mateus,2024,44,https://www.letras.mus.br/jorge-mateus/cantada-boba/,-1
143,Canudinho (part. Ana Castela),musica143,musica143_trecho2,"Você está me dando umas olhadas E deixando minha cabeça a mil, puta que pariu E o pior é que cê nem disfarça Tem maldade na sua cara",Gusttavo Lima,2024,28,https://www.letras.mus.br/gusttavo-lima/canudinho-part-ana-castela/,-1
186,Carta Aberta,musica186,musica186_trecho3,"Eu quis demais, você não quis Não quero mais, eu avisei E um dia avisado Não ia adiantar mais",Henrique & Juliano,2023,19,https://www.letras.mus.br/henrique-e-juliano/carta-aberta/,-1
186,Carta Aberta,musica186,musica186_trecho7,Lembre-se de mim só até certo ponto Se a lembrança machucar é que passou do ponto Lembre-se da gente só até ser saudável Pelo amor de Deus Não deixa qualquer coisa te deixar instável Não seja frágil,Henrique & Juliano,2023,37,https://www.letras.mus.br/henrique-e-juliano/carta-aberta/,-1
186,Carta Aberta,musica186,musica186_trecho9,"Te amo e vê se não fica mal Tchau, tchau, tchau, tchau Tchau Te amo e vê se não fica mal Tchau",Henrique & Juliano,2023,22,https://www.letras.mus.br/henrique-e-juliano/carta-aberta/,-1
605,Carta Branca,musica605,musica605_trecho3,Você tem carta branca nesse meu coração Eu amo você Estou de corpo e alma entregue em suas mãos Quero dizer que ninguém no mundo vai te amar assim É tanto amor que esqueço até de mim,Gusttavo Lima,2015,37,https://www.letras.mus.br/gusttavo-lima/carta-branca/,-1
1284,Cartaz,musica1284,musica1284_trecho1,Eu sonhei com você Eu quero me deitar Numa tarde assim namorar Entre o azul do céu e o verde do mar Tanta coisa ainda há,Jorge & Mateus,2012,26,https://www.letras.mus.br/jorge-mateus/833961/,-1
606,Casa Amarela,musica606,musica606_trecho1,"E olha eu aqui, pela décima vez Tô passando na frente da casa amarela Se algum vizinho me denunciar A culpa é dela De ex-namorado, agora Eu tô virando suspeito",Guilherme & Santiago,2016,30,https://www.letras.mus.br/guilherme-e-santiago/casa-amarela/,-1
606,Casa Amarela,musica606,musica606_trecho2,"Olha o meu desespero Tô fazendo amizade com um vigilante Pra me explicar Meu problema é amor, tô sofrendo Eu não tô querendo roubar Mas, me diz uma coisa De quem é aquele carro preto Na frente da casa amarela?",Guilherme & Santiago,2016,40,https://www.letras.mus.br/guilherme-e-santiago/casa-amarela/,-1
606,Casa Amarela,musica606,musica606_trecho3,E o vigilante tá mandando a real Não vale a pena eu ficar passando mal Tem só três dias que ela me deixou Faz mais de um mês Que esse carro preto busca o meu amor,Guilherme & Santiago,2016,36,https://www.letras.mus.br/guilherme-e-santiago/casa-amarela/,-1
606,Casa Amarela,musica606,musica606_trecho4,"E o vigilante tá mandando a real Não vale a pena eu ficar passando mal Tem só três dias que ela me deixou Faz mais de um mês Que esse carro preto busca o meu amor Agora, acabou",Guilherme & Santiago,2016,38,https://www.letras.mus.br/guilherme-e-santiago/casa-amarela/,-1
606,Casa Amarela,musica606,musica606_trecho9,"Faz mais de um mês Que esse carro preto busca o meu amor Agora, acabou",Guilherme & Santiago,2016,15,https://www.letras.mus.br/guilherme-e-santiago/casa-amarela/,-1
1112,Caso Consumado,musica1112,musica1112_trecho1,"Eu te amo, eu te quero Mas assim não dá Nosso caso é consumado Não dá pra esperar",Gusttavo Lima,2008,18,https://www.letras.mus.br/gusttavo-lima/1541348/,-1
1112,Caso Consumado,musica1112,musica1112_trecho3,Tentei te procurar Você se escondeu Às vezes penso que de mim você se esqueceu Suas atitudes me provaram que a paixão Às vezes é intensa E às vezes é em vão,Gusttavo Lima,2008,32,https://www.letras.mus.br/gusttavo-lima/1541348/,-1
1112,Caso Consumado,musica1112,musica1112_trecho4,Meus pensamentos a chorar Preso no tempo Sem chance de voltar,Gusttavo Lima,2008,11,https://www.letras.mus.br/gusttavo-lima/1541348/,-1
1501,Castigo,musica1501,musica1501_trecho1,"Tô sentindo raiva nesse seu olhar Que jeito mais bobo de me castigar Eu sei que fui grosso, mas saiu assim É sempre que você não acredita em mim E me manda embora dizendo que não rola mais",Jorge & Mateus,2007,38,https://www.letras.mus.br/jorge-mateus/941326/,-1
1501,Castigo,musica1501,musica1501_trecho3,"Eu já perdi o jogo, já perdi o norte Sei que no amor também não tô com sorte Tô roendo o toco, tô rindo pra não chorar Essa indiferença, paixão dividida Agora cada um segue a sua vida De hoje em diante é eu pra cá, você pra lá",Jorge & Mateus,2007,49,https://www.letras.mus.br/jorge-mateus/941326/,-1
1501,Castigo,musica1501,musica1501_trecho6,"Eu já perdi o jogo, já perdi o norte Sei que no amor também não tô com sorte Tô roendo o toco, tô rindo pra não chorar Nessa indiferença, paixão dividida Agora cada um segue a sua vida De hoje em diante é eu pra cá, você pra lá",Jorge & Mateus,2007,49,https://www.letras.mus.br/jorge-mateus/941326/,-1
1248,Catra Presidente (part. Mr. Catra),musica1248,musica1248_trecho2,"Sua proposta era proibir os casamentos Motéis de graça, em nome do amor",Thiago Matheus,2017,13,https://www.letras.mus.br/thiagomatheus/catra-presidente/,-1
1248,Catra Presidente (part. Mr. Catra),musica1248,musica1248_trecho3,"Você não sabe o que aconteceu! Meu Deus, o Catra se candidatou!",Thiago Matheus,2017,12,https://www.letras.mus.br/thiagomatheus/catra-presidente/,-1
939,Cds e Livros,musica939,musica939_trecho2,Eu digo as palavras certas Eu canto a nossa canção Memórias de um filme de amor Que terminou em traição,Léo Magalhães,2014,20,https://www.letras.mus.br/leo-magalhaes/cds-e-livros/,-1
931,Cê Me Conhece Eu Me Conheço,musica931,musica931_trecho1,Eu tô saindo nessa porta agora E tô olhando pra trás pra falar Que você não pode ser idiota De vir correndo sempre que eu te chamar,Henrique & Juliano,2025,27,https://www.letras.mus.br/henrique-e-juliano/ce-me-conhece-e-eu-me-conheco/,-1
931,Cê Me Conhece Eu Me Conheço,musica931,musica931_trecho2,"Cê facilita o processo do choro descer Do arrependimento vir Esfregar na sua cara que de novo eu usei você Ó, tem que aprender a não me atender",Henrique & Juliano,2025,28,https://www.letras.mus.br/henrique-e-juliano/ce-me-conhece-e-eu-me-conheco/,-1
931,Cê Me Conhece Eu Me Conheço,musica931,musica931_trecho3,"Cê me conhece, eu me conheço Depois de uns copo seco Eu lembro o telefone, eu lembro o endereço Eu ligo e apareço, cê acha que é saudade Mas, na verdade, cê sabe, é tesão E cê tá levando pro coração E quer que eu sinta saudade nossa Saudade é uma palavra forte pro que eu sinto da gente lá fora",Henrique & Juliano,2025,61,https://www.letras.mus.br/henrique-e-juliano/ce-me-conhece-e-eu-me-conheco/,-1
931,Cê Me Conhece Eu Me Conheço,musica931,musica931_trecho5,Cê facilita o processo do choro descer Do arrependimento vir Esfregar na sua cara que de novo eu usei você Cê tem que aprender a não me atender,Henrique & Juliano,2025,28,https://www.letras.mus.br/henrique-e-juliano/ce-me-conhece-e-eu-me-conheco/,-1
491,Cê Que Sabe,musica491,musica491_trecho2,"O que temos pra hoje é saudade Mas qual de nós vai procurar Um pretexto, um motivo pra voltar Foi ontem, mas eu já sinto vontade Das bocas juntas e o calor Do nosso lugarzinho de amor",Cristiano Araújo,2014,37,https://www.letras.mus.br/cristiano-araujo/ce-que-sabe/,-1
827,Cê Topa?,musica827,musica827_trecho2,Presta atenção em tudo o que a gente faz Já somos mais felizes que muitos casais Desapega do medo e deixa acontecer Eu tenho uma proposta para te fazer,Luan Santana,2013,29,https://www.letras.mus.br/luan-santana/ce-topa/,-1
972,Cem Mil,musica972,musica972_trecho1,"Não fale mais o meu nome Não me telefone Por favor, não pergunte por mim",Gusttavo Lima,2018,15,https://www.letras.mus.br/gusttavo-lima/cem-mil/,-1
972,Cem Mil,musica972,musica972_trecho2,Vê se me esquece e some Se eu te ver de longe Viro a cara e finjo que não vi,Gusttavo Lima,2018,20,https://www.letras.mus.br/gusttavo-lima/cem-mil/,-1
794,CERTEZA,musica794,musica794_trecho2,"A gente ouviu muito mais: Não vai dar certo Do que: Vai dar certo Mas esses pitacos nunca levamos a sério Corpo às vezes longe, coração sempre perto Você sempre soube o que cê quis Eu sempre soube o que eu quero",Luan Santana,2024,42,https://www.letras.mus.br/luan-santana/certeza/,-1
794,CERTEZA,musica794,musica794_trecho3,"A única dúvida entre eu e você É que filme assistir, o que a gente vai comer Qual a roupa pra sair, quem dirige, quem vai beber Qual igreja vai casar, comprar casa ou um apê Fazer festa ou viajar, qual o nome do bebê",Luan Santana,2024,45,https://www.letras.mus.br/luan-santana/certeza/,-1
794,CERTEZA,musica794,musica794_trecho4,"Mas todas as dúvidas a gente tira de letra Tirando essas dúvidas, o resto é certeza",Luan Santana,2024,16,https://www.letras.mus.br/luan-santana/certeza/,-1
1477,Certos Detalhes,musica1477,musica1477_trecho3,"Eu te conheço há pouco tempo, mas pro sentimento o tempo Não passa de uma palavra A luz do seu olhar me fez sonhar e se me acompanhar Criemos asas",Conrado e Aleksandro,2013,30,https://www.letras.mus.br/conrado-aleksandro/1928633/,-1
1477,Certos Detalhes,musica1477,musica1477_trecho4,"É complicado pra você viver a minha vida Mas se tá disposta eu vou, buscar outra saída Eu já tentei deixar rolar dizer que tanto faz Mas certos detalhes fazem eu te amar demais",Conrado e Aleksandro,2013,34,https://www.letras.mus.br/conrado-aleksandro/1928633/,-1
1477,Certos Detalhes,musica1477,musica1477_trecho5,É complicado pra você viver a minha vida Mas se tá disposta eu vou buscar outra saída Eu já tentei deixar rolar dizer que tanto faz Mas certos detalhes fazem eu te amar demais,Conrado e Aleksandro,2013,34,https://www.letras.mus.br/conrado-aleksandro/1928633/,-1
1477,Certos Detalhes,musica1477,musica1477_trecho9,É complicado pra você viver a minha vida Mas se tá disposta eu vou buscar outra saída Eu já tentei deixar rolar dizer que tanto faz Mas certos detalhes fazem eu te amar demais Eu te amar demais,Conrado e Aleksandro,2013,38,https://www.letras.mus.br/conrado-aleksandro/1928633/,-1
1360,Céu Particular,musica1360,musica1360_trecho3,"Vamos fazer desse lugar, nosso céu particular Deixa o povo perguntar onde será que a gente tá Vamos fazer desse lugar, nosso céu particular Porque o melhor lugar é onde você está",Henrique & Juliano,2014,32,https://www.letras.mus.br/henrique-e-juliano/ceu-particular/,-1
299,Chá de Casa Nova,musica299,musica299_trecho2,"Nessa foto da sala vazia, vocês dois sorrindo, uma pilha de presente Ele segurando a chave e você com uma plaquinha escrito: Novo cantinho da gente Pra quem não dividia o teto antes do casamento, se explica agora Fez até chá de casa nova, ai, ai",Henrique & Juliano,2021,46,https://www.letras.mus.br/henrique-e-juliano/cha-de-casa-nova/,-1
299,Chá de Casa Nova,musica299,musica299_trecho4,Minha vontade era voltar no tempo Mesmo já sabendo que ia ser assim Sou parte da história de final feliz O amor da sua vida é esse cara aí,Henrique & Juliano,2021,29,https://www.letras.mus.br/henrique-e-juliano/cha-de-casa-nova/,-1
299,Chá de Casa Nova,musica299,musica299_trecho5,E tá doendo aqui Mas o amor da sua vida é esse cara aí E tá doendo aqui Mas o amor da sua vida é esse cara aí,Henrique & Juliano,2021,28,https://www.letras.mus.br/henrique-e-juliano/cha-de-casa-nova/,-1
1174,Chega Mais Pra Cá (part. Gusttavo Lima),musica1174,musica1174_trecho2,Só quero o seu carinho Eu sei que não estou sozinho,Humberto e Ronaldo,2012,11,https://www.letras.mus.br/humberto-ronaldo/1846775/,-1
1136,Chocolate,musica1136,musica1136_trecho1,"De chocolate nosso amor é feito Então não tem jeito, gruda em mim Isso não é só Confeti, me abraça, enlouquece Meu vício sem fim",Luan Santana,2009,25,https://www.letras.mus.br/luan-santana/1306429/,-1
1136,Chocolate,musica1136,musica1136_trecho2,"Alô Doçura, isso é mais que uma Serenata de Amor Com você tenho a Sensação Que o nosso Lance é para a vida inteira",Luan Santana,2009,24,https://www.letras.mus.br/luan-santana/1306429/,-1
1136,Chocolate,musica1136,musica1136_trecho6,"Isso não é só Confeti, me abraça, enlouquece Meu vício sem fim",Luan Santana,2009,12,https://www.letras.mus.br/luan-santana/1306429/,-1
417,"Chora, Me Liga",musica417,musica417_trecho2,Não vai ser tão fácil assim Você me ter nas mãos Logo você que era acostumada A brincar com outro coração,João Bosco & Vinícius,2009,21,https://www.letras.mus.br/joao-bosco-viniciusacustico/1334799/,-1
417,"Chora, Me Liga",musica417,musica417_trecho3,Não venha me perguntar Qual a melhor saída Eu sofri muito por amor Agora eu vou curtir a vida,João Bosco & Vinícius,2009,19,https://www.letras.mus.br/joao-bosco-viniciusacustico/1334799/,-1
229,Choram as Rosas (Lloran las Rosas),musica229,musica229_trecho9,Choram as rosas Choram as rosas Choram as rosas,Bruno & Marrone,2005,9,https://www.letras.mus.br/bruno-e-marrone/747791/,-1
1104,Chuva,musica1104,musica1104_trecho2,"Como esquecer todas as noites Que a gente se amava sem pensar? Não tinha luz, fazia frio e a chuva nos molhava",João Bosco & Vinícius,2011,22,https://www.letras.mus.br/joao-bosco-viniciusacustico/1764793/,-1
134,Chuva de Arroz,musica134,musica134_trecho1,"Não mudei de cidade, nem de telefone Só escolhi ser feliz É o mesmo endereço, o mesmo apartamento Em frente à igreja matriz",Luan Santana,2015,23,https://www.letras.mus.br/luan-santana/chuvas-de-arroz/,-1
134,Chuva de Arroz,musica134,musica134_trecho3,"Me apaixonei, perdidamente E o que eu sei, é que daqui pra frente",Luan Santana,2015,13,https://www.letras.mus.br/luan-santana/chuvas-de-arroz/,-1
134,Chuva de Arroz,musica134,musica134_trecho4,"Vai ser nossa cidade, nosso telefone Nosso endereço, nosso apartamento Sabe aquela igreja? Tô aqui na frente, imaginando chuva de arroz na gente!",Luan Santana,2015,23,https://www.letras.mus.br/luan-santana/chuvas-de-arroz/,-1
134,Chuva de Arroz,musica134,musica134_trecho5,"Não mudei de cidade, nem de telefone Só escolhi ser feliz É o mesmo endereço, o mesmo apartamento Em frente a igreja matriz",Luan Santana,2015,23,https://www.letras.mus.br/luan-santana/chuvas-de-arroz/,-1
134,Chuva de Arroz,musica134,musica134_trecho8,"Vai ser nossa cidade, nosso telefone Nosso endereço, nosso apartamento Sabe aquela igreja? Tô aqui na frente, imaginando chuvas",Luan Santana,2015,19,https://www.letras.mus.br/luan-santana/chuvas-de-arroz/,-1
206,Ciclo,musica206,musica206_trecho2,"Mãe, pra muito coisa eu sei que demorei E quanto tempo isso faz eu já nem sei Os anos insistiam em passar e eu cresci Foi quando aprendi voar E o mundo inteiro quis pegar pra mim",Jorge & Mateus,2012,37,https://www.letras.mus.br/jorge-mateus/ciclo/,-1
206,Ciclo,musica206,musica206_trecho3,"A gente nasce, cresce, casa e sonha em ser feliz Por isso eu fui buscar no mundo tudo o que eu quis Todas as vezes, minha mãe, que alguém me disse não Você disse sim pro meu coração",Jorge & Mateus,2012,38,https://www.letras.mus.br/jorge-mateus/ciclo/,-1
206,Ciclo,musica206,musica206_trecho6,Te juro que a ele eu vou ensinar As coisas que aprendi de tanto ouvir você falar,Jorge & Mateus,2012,17,https://www.letras.mus.br/jorge-mateus/ciclo/,-1
67,Cidade Vizinha,musica67,musica67_trecho4,"Tomara que saia e dê tudo errado E volte mais cedo, sem ninguém do seu lado, oh Tomara que saia, dê tudo errado E sinta saudades aqui do meu quarto",Henrique & Juliano,2018,30,https://www.letras.mus.br/henrique-e-juliano/cidade-vizinha/,-1
330,Ciumeira,musica330,musica330_trecho3,É uma ciumeira atrás da outra Ter que dividir seu corpo e a sua boca Tá bom que eu aceitei por um instante A verdade é que amante não quer ser amante,Marília Mendonça,2019,32,https://www.letras.mus.br/marilia-mendonca/ciumeira/,-1
330,Ciumeira,musica330,musica330_trecho4,É uma ciumeira atrás da outra Ter que dividir seu corpo e a sua boca Tá bom que eu aceitei por um instante A verdade é que amante não que ser amante É uma ciumeira atrás da outra,Marília Mendonça,2019,38,https://www.letras.mus.br/marilia-mendonca/ciumeira/,-1
330,Ciumeira,musica330,musica330_trecho7,É uma ciumeira atrás da outra Ter que dividir seu corpo e a sua boca Tá bom que eu aceitei por um instante A verdade é que amante não quer ser amante É uma ciumeira atrás da outra Ter que dividir seu corpo e a sua boca Tá bom que eu aceitei por um instante A verdade é que amante não quer ser amante É uma ciumeira atrás da outra,Marília Mendonça,2019,70,https://www.letras.mus.br/marilia-mendonca/ciumeira/,-1
763,Ciumenta,musica763,musica763_trecho1,Saia dessa paranoia De dizer que tenho outra Porque assim você vai ficar louca É uma barra o teu ciúme possessivo Nunca põe fé naquilo que eu digo Me liga toda hora pra saber Com quem é que eu estou No futebol com os amigos Ou em qualquer lugar que eu vou,César Menotti & Fabiano,2008,52,https://www.letras.mus.br/cesar-menotti-e-fabiano/1280619/,-1
1100,Clichê (part. Jorge & Mateus),musica1100,musica1100_trecho2,"E se eu parecer um bobo você pode rir, É que esse seu jeito manhoso me deixou assim, Completamente louco por você, Fazendo minhas rimas só pra te dizer.",João Neto e Frederico,2013,29,https://www.letras.mus.br/joao-neto-frederico/cliche/,-1
1100,Clichê (part. Jorge & Mateus),musica1100,musica1100_trecho4,"A noite cai, o meu sonho é você, Dizer te amo já tá virando clichê. Mas eu tô repetindo pra você saber, Que eu adoro amar você!",João Neto e Frederico,2013,27,https://www.letras.mus.br/joao-neto-frederico/cliche/,-1
919,CLONE,musica919,musica919_trecho3,"Ah-ah-ah, pensa nos fio bonito que a gente vai dar Eu vou soltar foguete se sair seu clone Cê entra com a beleza e eu com o sobrenome (vai!) Ah-ah-ah, pensa nos fio bonito que a gente vai dar Eu vou soltar foguete se sair seu clone Cê entra com a beleza e eu entro com o sobrenome",Luan Santana,2024,58,https://www.letras.mus.br/luan-santana/clone/,-1
919,CLONE,musica919,musica919_trecho6,"Ah-ah-ah, pensa nos fio bonito que a gente vai dar Eu vou soltar foguete se sair seu clone Cê entra com a beleza e eu com o sobrenome Ah-ah-ah, pensa nos fio bonito que a gente vai dar Eu vou soltar foguete se sair seu clone Cê entra com a beleza e eu entro com o sobrenome",Luan Santana,2024,57,https://www.letras.mus.br/luan-santana/clone/,-1
919,CLONE,musica919,musica919_trecho7,"Uou-uou-uou, eu vou soltar foguete se sair seu clone Cê entra com a beleza e eu entro com o sobrenome",Luan Santana,2024,20,https://www.letras.mus.br/luan-santana/clone/,-1
341,Cobaia (part. Maiara & Maraisa),musica341,musica341_trecho1,"Você tem um emprego pra mim? Olha aí Qualquer coisa que, que me mantenha perto de você Posso fazer cafuné no cabelo Vigio o seu sono, sei lá Até provo o seu beijo Pra ver se a barba vai me arranhar Eu posso ser fiscal do seu olhar Nem precisa pagar",Lauana Prado,2018,51,https://www.letras.mus.br/lauana-prado/cobaia/,-1
341,Cobaia (part. Maiara & Maraisa),musica341,musica341_trecho2,Pego sua toalha Pra quando você sair do banho Posso ser a cobaia Pra quando você fizer seus planos,Lauana Prado,2018,19,https://www.letras.mus.br/lauana-prado/cobaia/,-1
341,Cobaia (part. Maiara & Maraisa),musica341,musica341_trecho5,"Me prenda, me abraça e não saia Aceito esse emprego de cobaia Me prenda, me abraça e não saia Aceito esse emprego de cobaia",Lauana Prado,2018,24,https://www.letras.mus.br/lauana-prado/cobaia/,-1
1161,Coisa e Tal,musica1161,musica1161_trecho1,"Olhe em mim, diz o que vê Não, eu não estou tão satisfeito Não é como diz Não vou ser feliz com o nosso fim Não vai ser tão fácil assim",Lucas Lucco,2014,31,https://www.letras.mus.br/lucas-lucco/coisa-e-tal/,-1
1161,Coisa e Tal,musica1161,musica1161_trecho2,"Me deseja boa sorte Diz que sou especial Que vou encontrar alguém Que me queira, coisa e tal",Lucas Lucco,2014,18,https://www.letras.mus.br/lucas-lucco/coisa-e-tal/,-1
1161,Coisa e Tal,musica1161,musica1161_trecho3,"Comprei seu perfume pra lembrar do seu cheiro Chorei por você aqui em meu travesseiro Pra sentir sua presença, achei aquele ursinho Jogado no canto do quarto Reli as mensagens aqui em meu celular O último te amo fiz questão de guardar Como aceitar que você se foi? Não dá",Lucas Lucco,2014,50,https://www.letras.mus.br/lucas-lucco/coisa-e-tal/,-1
1161,Coisa e Tal,musica1161,musica1161_trecho6,"Comprei seu perfume pra lembrar do seu cheiro Chorei por você aqui em meu travesseiro Pra sentir sua presença, achei aquele ursinho Jogado no canto do quarto Reli as mensagens aqui em meu celular O último te amo fiz questão de guardar Como aceitar que você se foi? Não dá (ie, ie)",Lucas Lucco,2014,52,https://www.letras.mus.br/lucas-lucco/coisa-e-tal/,-1
1066,Coisas de Quem Ama,musica1066,musica1066_trecho1,"Lembra, ou procura não esquecer De tudo que eu já fiz E ainda posso fazer por você, por você",Jorge & Mateus,2015,19,https://www.letras.mus.br/jorge-mateus/coisas-de-quem-ama/,-1
1066,Coisas de Quem Ama,musica1066,musica1066_trecho3,"Sempre te fez sorrir Admite, eu sei que também sente falta Dos dias difíceis, da falta de grana De pipoca e filme todo fim de semana Eu ia de comédia, você sempre de drama Um colchão na sala, nós dois de pijama Coisas de quem ama Coisas de quem ama",Jorge & Mateus,2015,50,https://www.letras.mus.br/jorge-mateus/coisas-de-quem-ama/,-1
570,Coisas Esotéricas,musica570,musica570_trecho2,"Sentimento louco, amor bem profundo Acho que vou desligar-me desse mundo Antes que enlouqueça esse meu coração",Maria Cecília e Rodolfo,2008,17,https://www.letras.mus.br/maria-cecilia-rodolfo/1293127/,-1
1148,Coitado,musica1148,musica1148_trecho2,Coitado Se acha muito macho Sou eu quem te esculacho Te faço de capacho,Naiara Azevedo,2016,14,https://www.letras.mus.br/naiara-azevedo/1850616/,-1
1148,Coitado,musica1148,musica1148_trecho4,E não se esqueça Que no final de tudo Quem vive de baixaria Leva a fama de chifrudo,Naiara Azevedo,2016,18,https://www.letras.mus.br/naiara-azevedo/1850616/,-1
1148,Coitado,musica1148,musica1148_trecho8,"Traição é traição, romance é romance Amor é amor e com você foi só um lance Traição é traição, romance é romance Amor é amor e com você foi só um lance",Naiara Azevedo,2016,32,https://www.letras.mus.br/naiara-azevedo/1850616/,-1
1548,Coladinha Em Mim (part. Anitta),musica1548,musica1548_trecho4,Me dá um negócio só de imaginar Você fazendo assim Coladinha em mim Coladinha em mim A noite toda só em mim,Gustavo Mioto,2017,22,https://www.letras.mus.br/gustavo-mioto/coladinha-em-mim/,-1
1548,Coladinha Em Mim (part. Anitta),musica1548,musica1548_trecho5,"Me dá um negócio só de imaginar Você fazendo assim Coladinha em mim Coladinha em mim A noite toda, toda a noite só em mim",Gustavo Mioto,2017,25,https://www.letras.mus.br/gustavo-mioto/coladinha-em-mim/,-1
1548,Coladinha Em Mim (part. Anitta),musica1548,musica1548_trecho9,Me dá um negócio só de imaginar Você fazendo assim Coladinho em mim Coladinho em mim A noite toda só em mim,Gustavo Mioto,2017,22,https://www.letras.mus.br/gustavo-mioto/coladinha-em-mim/,-1
1548,Coladinha Em Mim (part. Anitta),musica1548,musica1548_trecho11,Me deu um negócio só de imaginar Você fazendo assim Coladinha em mim,Gustavo Mioto,2017,13,https://www.letras.mus.br/gustavo-mioto/coladinha-em-mim/,-1
385,Com Ou Sem Mim,musica385,musica385_trecho1,"Se você não me disser a verdade Não tem como eu ajudar, minha metade Se tem outro em meu lugar Se você quer colocar Te deixo livre pra viver",Gustavo Mioto,2020,29,https://www.letras.mus.br/gustavo-mioto/com-ou-sem-mim/,-1
385,Com Ou Sem Mim,musica385,musica385_trecho2,Não prometo te esperar Coração vai cicatrizar E uma hora eu sei que vou te esquecer Se era medo de me machucar Já tem o meu perdão Tá esperando o que?,Gustavo Mioto,2020,31,https://www.letras.mus.br/gustavo-mioto/com-ou-sem-mim/,-1
385,Com Ou Sem Mim,musica385,musica385_trecho4,"Se tem outro em meu lugar Ou se você quer colocar Te deixo livre, livre pra viver Não prometo te esperar Coração vai cicatrizar E uma hora eu sei que vou te esquecer Se era medo de me machucar Tá esperando o que?",Gustavo Mioto,2020,43,https://www.letras.mus.br/gustavo-mioto/com-ou-sem-mim/,-1
1124,Com Você,musica1124,musica1124_trecho1,Conhece todos os meus segredos Sabe o ponto fraco do meu coração Me acalma quando eu sinto medo E minha segurança está em suas mãos,Henrique & Diego,2013,25,https://www.letras.mus.br/henrique-diego/com-voce/,-1
1124,Com Você,musica1124,musica1124_trecho2,É com você que o amor é intenso É com você que o sonho é tão real É nos teus braços que amanheço o dia Me faz sentir fora do normal,Henrique & Diego,2013,31,https://www.letras.mus.br/henrique-diego/com-voce/,-1
1124,Com Você,musica1124,musica1124_trecho4,A gente tem tudo pra dar certo O nosso amor foi abençoado por Deus Eu te preciso e quero ter você por perto É a minha vida e seu amor sou eu A gente tem tudo pra dar certo O nosso amor foi abençoado por Deus Eu te preciso e quero ter você por perto É a minha vida e seu amor sou eu,Henrique & Diego,2013,64,https://www.letras.mus.br/henrique-diego/com-voce/,-1
664,Como É Que a Gente Fica,musica664,musica664_trecho1,"Eu tava certo de que o amor era pros outros não era pra mim Um cara esperto, fechado no meu canto, eu só vivia assim Entre uma boca e outra, uma dose e outra Toda madrugada nessa vida louca Nem passou pela cabeça me apaixonar",Henrique & Juliano,2015,45,https://www.letras.mus.br/henrique-e-juliano/como-e-que-a-gente-fica/,-1
664,Como É Que a Gente Fica,musica664,musica664_trecho2,"Eu esbarrei no seu olhar Tropecei no seu beijo Colei no seu rosto Eu queimei a língua Foi na ponta do queixo, me acertou de jeito Olha eu na sua vida Pensa, explica, como é que a gente fica?",Henrique & Juliano,2015,39,https://www.letras.mus.br/henrique-e-juliano/como-e-que-a-gente-fica/,-1
664,Como É Que a Gente Fica,musica664,musica664_trecho3,"Eu esbarrei no seu olhar Tropecei no seu beijo Colei no seu rosto Eu queimei a língua Foi na ponta do queixo, me acertou de jeito Olha eu na sua vida Pensa, explica, como é que a gente fica? Como é que a gente fica?",Henrique & Juliano,2015,45,https://www.letras.mus.br/henrique-e-juliano/como-e-que-a-gente-fica/,-1
664,Como É Que a Gente Fica,musica664,musica664_trecho4,Entre uma boca e outra uma dose e outra Toda madrugada nessa vida louca Nem passou pela cabeça me apaixonar,Henrique & Juliano,2015,20,https://www.letras.mus.br/henrique-e-juliano/como-e-que-a-gente-fica/,-1
386,Como Faz Com Ela,musica386,musica386_trecho1,Vai se preparando que eu não vou ter paciência Se acha que eu não sei o que aprontou na minha ausência Não vou deixar barato Não vou fingir que não vi Eu já fiquei sabendo De outras bocas por ai,Marília Mendonça,2015,40,https://www.letras.mus.br/marilia-mendonca/como-faz-com-ela/,-1
386,Como Faz Com Ela,musica386,musica386_trecho2,"Do copo de cerveja, com delicadeza Ofereceu pra aquela moça sentar na sua mesa Não venha me dizer que foi só por educação Eu sei que tá querendo me levar na conversa Mas se você soubesse o que realmente me interessa",Marília Mendonça,2015,41,https://www.letras.mus.br/marilia-mendonca/como-faz-com-ela/,-1
1275,Como Não Me Apaixonar,musica1275,musica1275_trecho4,Tenho o que quer e precisa E as briguinhas comigo eu deixo pra lá Quem sabe é o seu jeito de amar Tenho o que quer e precisa E as briguinhas comigo eu deixo pra lá Quem sabe é o seu jeito de amar,Jorge & Mateus,2015,44,https://www.letras.mus.br/jorge-mateus/como-nao-me-apaixonar/,-1
321,Como Um Anjo,musica321,musica321_trecho5,Anjo Não quero abrir meus olhos Quero seguir vivendo um sonho De sermos só você e eu,César Menotti & Fabiano,2005,17,https://www.letras.mus.br/cesar-menotti-e-fabiano/235658/,-1
750,Compensa Me Amar,musica750,musica750_trecho2,"Eu sei lá se de repente A gente consegue parar, nem que seja uns minutos Pra conversar e acertar Passar por cima dos problemas e resolver tudo",Henrique & Juliano,2015,27,https://www.letras.mus.br/henrique-e-juliano/compensa-me-amar/,-1
750,Compensa Me Amar,musica750,musica750_trecho3,Eu acho que tô sonhando alto Só ta faltando mirar bem no alvo Talvez eu possa saber o que te faça ficar Aqui com vontade de vir me beijar,Henrique & Juliano,2015,29,https://www.letras.mus.br/henrique-e-juliano/compensa-me-amar/,-1
750,Compensa Me Amar,musica750,musica750_trecho4,E depois que a nossa cama esquentar Cê vai ver que compensa me amar E no chão da nossa sala vai rolar Cê vai ver que compensa me amar,Henrique & Juliano,2015,29,https://www.letras.mus.br/henrique-e-juliano/compensa-me-amar/,-1
750,Compensa Me Amar,musica750,musica750_trecho8,E no chão da nossa sala vai rolar Cê vai ver que compensa me amar E no chão da nossa sala vai rolar Cê vai ver que compensa me amar,Henrique & Juliano,2015,30,https://www.letras.mus.br/henrique-e-juliano/compensa-me-amar/,-1
1285,Complicados Demais,musica1285,musica1285_trecho1,Se algum dia algo te lembrar E a emoção tocar inteira a face do teu rosto Não se envergonhe em dizer Que o ciúme levou teu amor E te afastou de vez de minha voz o teu silêncio Não me deixou opção,Paula Fernandes,2009,42,https://www.letras.mus.br/paula-fernandes/1498434/,-1
1285,Complicados Demais,musica1285,musica1285_trecho2,Acreditei na força do teu querer Mas o ciúme foi maior que você Ressentimentos cegou minha visão Aquele amor virou antiga paixão,Paula Fernandes,2009,22,https://www.letras.mus.br/paula-fernandes/1498434/,-1
1285,Complicados Demais,musica1285,musica1285_trecho3,"Te aceito assim, complicado demais Também sou assim, complicada demais E já faz tempo que o tempo parou Não envelheço à espera do teu amor",Paula Fernandes,2009,25,https://www.letras.mus.br/paula-fernandes/1498434/,-1
1285,Complicados Demais,musica1285,musica1285_trecho4,Se nos sentimos como a terra e o mar E o desamor desfez um sonho lindo desse jeito Feito uma nuvem no céu Eu não queria mesmo acreditar Que o ser humano tão sereno fosse assim Um oposto afim de causar confusão,Paula Fernandes,2009,42,https://www.letras.mus.br/paula-fernandes/1498434/,-1
1450,Conquistando o Impossível,musica1450,musica1450_trecho2,"Acredite que nenhum de nós Já nasceu com jeito pra super herói Nossos sonhos a gente é quem constrói É vencendo os limites, escalando as fortalezas Conquistando o impossível pela fé",Luan Santana,2011,31,https://www.letras.mus.br/luan-santana/1792480/,-1
1450,Conquistando o Impossível,musica1450,musica1450_trecho4,Acredite que nenhum de nós Já nasceu com jeito pra super herói Nossos sonhos a gente é quem constrói É vencendo os limites escalando as fortalezas Conquistando o impossível pela fé,Luan Santana,2011,31,https://www.letras.mus.br/luan-santana/1792480/,-1
1336,Contar Pra Quê?,musica1336,musica1336_trecho1,Deixa do jeito que tá Por mim tá tudo bem Mas deixa eu te perguntar Tá bom pra você também? Hein?,Henrique & Juliano,2015,21,https://www.letras.mus.br/henrique-e-juliano/contar-pra-que/,-1
1336,Contar Pra Quê?,musica1336,musica1336_trecho4,"E ali debaixo das luzes Nos muros, escrevo Meu nome, seu nome Pro mundo saber",Henrique & Juliano,2015,15,https://www.letras.mus.br/henrique-e-juliano/contar-pra-que/,-1
1336,Contar Pra Quê?,musica1336,musica1336_trecho6,"E ali debaixo das luzes Nos muros, escrevo Meu nome, seu nome Pro mundo saber Contar pra quê?",Henrique & Juliano,2015,18,https://www.letras.mus.br/henrique-e-juliano/contar-pra-que/,-1
1336,Contar Pra Quê?,musica1336,musica1336_trecho7,Deixa do jeito que tá Por mim tá tudo bem Mas deixa eu te perguntar Tá bom pra você também?,Henrique & Juliano,2015,20,https://www.letras.mus.br/henrique-e-juliano/contar-pra-que/,-1
1559,Conto de Fadas,musica1559,musica1559_trecho3,Então te conquistei E desse seu amor que eu provei Te coloquei no mundo de ilusão Depois que me entregou seu coração,Israel & Rodolffo,2012,22,https://www.letras.mus.br/israel-rodolfo/1986805/,-1
1559,Conto de Fadas,musica1559,musica1559_trecho4,"Agora pode me xingar que pra mim tanto faz Pode se revoltar, mostrar a sua ira Era tudo mentira Entenda que não quero mais Passou, ficou pra trás Agora tanto faz e eu não sinto nada Você caiu no meu conto de fadas",Israel & Rodolffo,2012,43,https://www.letras.mus.br/israel-rodolfo/1986805/,-1
444,Contramão,musica444,musica444_trecho3,E nas curvas do seu corpo Invadir a contramão Dar de frente com seu peito SOS coração,Gustavo Mioto,2017,17,https://www.letras.mus.br/gustavo-mioto/contramao/,-1
444,Contramão,musica444,musica444_trecho7,E nas curvas do seu corpo Invadir a contramão Dar de frente com teu peito SOS coração,Gustavo Mioto,2017,17,https://www.letras.mus.br/gustavo-mioto/contramao/,-1
967,Conveniência,musica967,musica967_trecho1,"Olha só onde eu fui te encontrar, não teve um pior lugar No posto, naquela conveniência, você tava lá Comprando chiclete, duas cervejas e um cigarro E tinha alguém do lado de fora, esperando no carro",Hugo & Guilherme,2018,36,https://www.letras.mus.br/hugo-guilherme/conveniencia/,-1
967,Conveniência,musica967,musica967_trecho2,"Será que não lembra mais da gente? Nem me olhou quando passou na frente Enlouqueci naquela hora Achei que seria diferente Entendi o porquê tá ausente E você nem aí, só entrou no carro e foi embora",Hugo & Guilherme,2018,37,https://www.letras.mus.br/hugo-guilherme/conveniencia/,-1
967,Conveniência,musica967,musica967_trecho3,"Eu só mandei mensagem, amor Pra saber se tá tudo bem Se não tá com saudade, eu tô Me responde, o seu coração é de quem? Pode tentar fazer ciúmes que eu não ligo A gente é caso velho, é amor antigo",Hugo & Guilherme,2018,42,https://www.letras.mus.br/hugo-guilherme/conveniencia/,-1
863,Conversa E Lençóis,musica863,musica863_trecho3,"Mulher é emoção demais e homem é tesão demais Usa isso a seu favor, fala não que cê vai ver Uma porrada de marmanjo aí correndo atrás Dificulta mais Cê tem a faca e o queijo na mão, é só aprender mexer com nós Aí você vai ver que cê cai menos em conversas e lençóis",Henrique & Juliano,2025,56,https://www.letras.mus.br/henrique-e-juliano/conversas-e-lencois/,-1
1405,Copinho,musica1405,musica1405_trecho3,"Aquela calça jeans, que você não usa mais O resto do perfume, que você deixou pra trás Sou eu, sou eu, sou eu Sou eu, sou eu, sou eu",Henrique & Diego,2013,29,https://www.letras.mus.br/henrique-diego/1805939/,-1
1405,Copinho,musica1405,musica1405_trecho4,"Aquele guarda chuva que você perdeu O troco do supermercado que você esqueceu Sou eu, sou eu, sou eu Sou eu, sou eu, sou eu",Henrique & Diego,2013,25,https://www.letras.mus.br/henrique-diego/1805939/,-1
1405,Copinho,musica1405,musica1405_trecho5,Mas tá difícil pra ganhar seu coração Tá difícil pra viver sem essa paixão Mas tá difícil pra ganhar seu coração Tá difícil pra viver sem essa paixão,Henrique & Diego,2013,28,https://www.letras.mus.br/henrique-diego/1805939/,-1
1576,Copo De Vinho (Você Você Você),musica1576,musica1576_trecho4,Ta chapada ta doidona Ta descendo até o chão Eu to pagando mico Olha que situação,Zé Ricardo e Thiago,2012,16,https://www.letras.mus.br/ze-ricardo-thiago/1921616/,-1
379,Cor de Ouro,musica379,musica379_trecho1,"Nunca pensei que um dia fosse ser assim Você chegou sem dizer nada, tomou conta de mim Antes de você chegar só tinha solidão Somente marcas e feridas no meu coração Amor você é tudo que eu preciso Com você eu tô no céu, eu tô no paraíso",Gusttavo Lima,2008,48,https://www.letras.mus.br/gusttavo-lima/1612175/,-1
379,Cor de Ouro,musica379,musica379_trecho4,"Nunca pensei que um dia fosse ser assim Você chegou sem dizer nada tomou conta de mim Antes de você chegar só tinha solidão Somente marcas e feridas no meu coração Amor você é tudo que eu preciso Com você eu tô no céu, eu tô no paraíso",Gusttavo Lima,2008,48,https://www.letras.mus.br/gusttavo-lima/1612175/,-1
944,Coração Apertado,musica944,musica944_trecho4,Vai que a gente se encontra de novo Numa balada no meio do povo Eu meio travado Coração apertado,Thaeme e Thiago,2014,19,https://www.letras.mus.br/thaeme-thiago/coracao-apertado-2/,-1
44,Coração Bandido (part. Maiara & Maraisa),musica44,musica44_trecho4,Dizer que já tem mais de um ano Dizer também que eu te amo Mas gosto de outra,Marília Mendonça,2020,18,https://www.letras.mus.br/marilia-mendonca/coracao-bandido-part-maiara-e-maraisa/,-1
44,Coração Bandido (part. Maiara & Maraisa),musica44,musica44_trecho9,Dizer que já faz mais de um ano Dizer também que eu te amo (credo) Mas gosto de outra,Marília Mendonça,2020,19,https://www.letras.mus.br/marilia-mendonca/coracao-bandido-part-maiara-e-maraisa/,-1
144,CORAÇÃO CIGANO (part. Luísa Sonza),musica144,musica144_trecho3,"Coração cigano, cigano Segue me enganando, mudando De cheiro em cheiro, de beijo em beijo E aqui no meu olhar morando, oh",Luan Santana,2022,22,https://www.letras.mus.br/luan-santana/coracao-cigano-part-luisa-sonza/,-1
144,CORAÇÃO CIGANO (part. Luísa Sonza),musica144,musica144_trecho4,"Coração cigano, cigano Segue me enganando, mudando De cheiro em cheiro, de beijo em beijo E aqui no meu olhar morando",Luan Santana,2022,21,https://www.letras.mus.br/luan-santana/coracao-cigano-part-luisa-sonza/,-1
144,CORAÇÃO CIGANO (part. Luísa Sonza),musica144,musica144_trecho6,"Do que você me dá, eu quero sempre mais Por uma hora ou duas noites, tanto faz Já leu minha mão, meu olhar, meu futuro Já sabe: Se manda mensagem, eu nem durmo Me leva pro céu, lá de cima me joga Esse amor cigano é um caminho sem volta",Luan Santana,2022,50,https://www.letras.mus.br/luan-santana/coracao-cigano-part-luisa-sonza/,-1
144,CORAÇÃO CIGANO (part. Luísa Sonza),musica144,musica144_trecho9,"Coração cigano, cigano Segue me enganando, mudando De cheiro em cheiro, de beijo em beijo E aqui no meu olhar, aqui no meu olhar",Luan Santana,2022,24,https://www.letras.mus.br/luan-santana/coracao-cigano-part-luisa-sonza/,-1
144,CORAÇÃO CIGANO (part. Luísa Sonza),musica144,musica144_trecho10,"Você não entra mais, chega Coração disse: Chega Mas por que meu Deus colocou numa só tanta beleza? E se eu chego à toa e vou tirando a roupa Se eu disser que não quero, ri, que essa piada é boa",Luan Santana,2022,41,https://www.letras.mus.br/luan-santana/coracao-cigano-part-luisa-sonza/,-1
144,CORAÇÃO CIGANO (part. Luísa Sonza),musica144,musica144_trecho11,"Coração cigano, cigano Segue me enganando, mudando De cheiro em cheiro, de beijo em beijo E aqui no meu olhar morando, coração cigano",Luan Santana,2022,23,https://www.letras.mus.br/luan-santana/coracao-cigano-part-luisa-sonza/,-1
144,CORAÇÃO CIGANO (part. Luísa Sonza),musica144,musica144_trecho12,"Coração cigano, cigano Segue me enganando, mudando De cheiro em cheiro, de beijo em beijo E aqui no meu olhar, e aqui no meu olhar morando",Luan Santana,2022,26,https://www.letras.mus.br/luan-santana/coracao-cigano-part-luisa-sonza/,-1
1330,Coração Só Vê Você,musica1330,musica1330_trecho2,"Se eu pudesse te odiar como eu te quero Se eu pudesse te esquecer como eu te espero Eu te deixava, te deixava",João Bosco & Vinícius,2009,23,https://www.letras.mus.br/joao-bosco-viniciusacustico/1451388/,-1
1330,Coração Só Vê Você,musica1330,musica1330_trecho4,"Fácil é dizer, difícil é conviver Sem você tudo é saudade, solidão Fácil é dizer, que é fácil te esquecer O difícil é convencer meu coração",João Bosco & Vinícius,2009,26,https://www.letras.mus.br/joao-bosco-viniciusacustico/1451388/,-1
1330,Coração Só Vê Você,musica1330,musica1330_trecho8,"Fácil é dizer, difícil é conviver Sem você tudo é saudade, solidão Fácil é dizer que é fácil te esquecer O difícil é convencer meu coração",João Bosco & Vinícius,2009,26,https://www.letras.mus.br/joao-bosco-viniciusacustico/1451388/,-1
886,Cowboy Chora (part. Luan Pereira),musica886,musica886_trecho2,Eu criei o amor da minha vida na emoção do beijo Mas escapou o boi com a corda Quando ela falou que nós dois não combina Que a patricinha não quer boiadeiro,Rionegro & Solimões,2025,32,https://www.letras.mus.br/rio-negro-e-solimoes/cowboy-chora-part-luan-pereira/,-1
886,Cowboy Chora (part. Luan Pereira),musica886,musica886_trecho5,Eu criei o amor da minha vida na emoção do beijo Mas escapou o boi com a corda Quando ela falou que nós dois não combina Que a patricinha não quer o boiadeiro,Rionegro & Solimões,2025,33,https://www.letras.mus.br/rio-negro-e-solimoes/cowboy-chora-part-luan-pereira/,-1
512,Criança Pequena - Família,musica512,musica512_trecho3,"E quando alguém me pergunta o que me motiva todos os dias Por quem eu iria pra guerra, por quem eu daria minha vida Não é o dinheiro, não é o sucesso, esquece a correria E a resposta seria A minha família",Diego e Victor Hugo,2025,42,https://www.letras.mus.br/diego-victor-hugo/familia/,-1
848,Cronômetro,musica848,musica848_trecho3,"Nos primeiros duzentos A espuma sobe no meu copo E você vai saindo sem ressentimento Ó meus gole, ó seu tempo Nos segundos duzentos Vai entrar no carro enquanto cai no choro Vai caindo no meu esquecimento Ó meus gole, ó seu tempo escorrendo",Matheus & Kauan,2024,44,https://www.letras.mus.br/matheus-kauan/cronometro/,-1
848,Cronômetro,musica848,musica848_trecho6,"E nos primeiros duzentos A espuma sobe no meu copo E você vai saindo sem ressentimento Ó meus gole, ó seu tempo Nos segundos duzentos Vai entrar no carro enquanto cai no choro Vai caindo no meu esquecimento Ó meus gole, ó seu tempo escorrendo",Matheus & Kauan,2024,45,https://www.letras.mus.br/matheus-kauan/cronometro/,-1
1137,Cuidar Mais de Mim,musica1137,musica1137_trecho3,Eu sei que parte do que eu passei Foi culpa minha porque eu deixei Que outro alguém me dominasse assim Sei que preciso cuidar mais de mim,Paula Fernandes,2012,27,https://www.letras.mus.br/paula-fernandes/cuidar-mais-de-mim/,-1
1585,Curtição,musica1585,musica1585_trecho1,"Chega fazendo de conta que não me conhece, não Sorri pra todo mundo me olha por um segundo Pra ver se tem minha atenção",João Bosco & Vinícius,2009,24,https://www.letras.mus.br/joao-bosco-viniciusacustico/1481906/,-1
1585,Curtição,musica1585,musica1585_trecho2,Se falo contigo me ignora Não quer me dar razão E diz pra todo mundo que vive me dando fora Que sirvo só pra curtição,João Bosco & Vinícius,2009,25,https://www.letras.mus.br/joao-bosco-viniciusacustico/1481906/,-1
1585,Curtição,musica1585,musica1585_trecho4,Assuma de vez Que quer me amar Quem desdenha quer comprar,João Bosco & Vinícius,2009,11,https://www.letras.mus.br/joao-bosco-viniciusacustico/1481906/,-1
1585,Curtição,musica1585,musica1585_trecho6,Quer me amar se entregar Não quer falar Que é meu seu coração E que não sirvo só pra curtição,João Bosco & Vinícius,2009,20,https://www.letras.mus.br/joao-bosco-viniciusacustico/1481906/,-1
970,Da Cor do Pecado,musica970,musica970_trecho4,"Ai, ai, joga seu charme e vai embora Ai, ai, ela me usa e me ignora Ai, ai, vivo implorando teu amor Ai, ai, eu sou só teu, vou contigo aonde for",Fernando e Sorocaba,2009,32,https://www.letras.mus.br/fernando-sorocaba/1439184/,-1
32,De Quem É a Culpa?,musica32,musica32_trecho3,"E que se dane a minha postura Se eu mudei, você não viu Eu só queria ter você por perto Mas você sumiu",Marília Mendonça,2017,23,https://www.letras.mus.br/marilia-mendonca/de-quem-e-a-culpa/,-1
32,De Quem É a Culpa?,musica32,musica32_trecho4,"É tipo um vício que não tem mais cura E agora, de quem é a culpa? A culpa é sua por ter esse sorriso Ou a culpa é minha por me apaixonar por ele? Só isso",Marília Mendonça,2017,36,https://www.letras.mus.br/marilia-mendonca/de-quem-e-a-culpa/,-1
32,De Quem É a Culpa?,musica32,musica32_trecho5,"Não finja que eu não tô falando com você Eu tô parado no meio da rua Eu tô entrando no meio dos carros Sem você, a vida não continua",Marília Mendonça,2017,29,https://www.letras.mus.br/marilia-mendonca/de-quem-e-a-culpa/,-1
32,De Quem É a Culpa?,musica32,musica32_trecho7,"Mas você sumiu É tipo um vício que não tem mais cura E agora, de quem é a culpa? A culpa é sua por ter esse sorriso Ou a culpa é minha por me apaixonar por ele? Só isso",Marília Mendonça,2017,39,https://www.letras.mus.br/marilia-mendonca/de-quem-e-a-culpa/,-1
32,De Quem É a Culpa?,musica32,musica32_trecho10,"Iê-iê, iê-iê Me apaixonei pelo que eu inventei de você",Marília Mendonça,2017,10,https://www.letras.mus.br/marilia-mendonca/de-quem-e-a-culpa/,-1
489,De Tanto Te Querer,musica489,musica489_trecho2,Larga tudo e vem correndo Pra eu mergulhar no teu sorriso Me arranca desse inferno Me leva pro seu paraíso,Jorge & Mateus,2007,20,https://www.letras.mus.br/jorge-mateus/1068908/,-1
489,De Tanto Te Querer,musica489,musica489_trecho3,Eu não desisto do que eu quero Mas não me desespero Te espero Na tarde quente ou madrugada fria Na tristeza ou na alegria,Jorge & Mateus,2007,24,https://www.letras.mus.br/jorge-mateus/1068908/,-1
768,De Trás Pra Frente,musica768,musica768_trecho2,"Bobo, já sabendo que não vai dar certo Mas é bem pior não ter você por perto E se eu for errando assim, vai que eu acerto Vou adiando o fim só pra viver nesse presente incerto",Henrique & Juliano,2017,37,https://www.letras.mus.br/henrique-e-juliano/de-tras-pra-frente/,-1
1057,De Volta Pra Macambira,musica1057,musica1057_trecho6,"Quero ficar para sempre no meu querido Piauí Berço da minha existência, torrão que eu nunca esqueci Vou voltar pra macambira Pra recuperar a vida E os valores que perdi",Amado Edílson,2019,30,https://www.letras.mus.br/amado-edilson/de-volta-pra-macambira/,-1
1057,De Volta Pra Macambira,musica1057,musica1057_trecho7,Vou voltar pra macambira Pra recuperar a vida E os valores que perdi,Amado Edílson,2019,13,https://www.letras.mus.br/amado-edilson/de-volta-pra-macambira/,-1
774,Decide Aí,musica774,musica774_trecho3,"Eu não vou te esquecer Em questão de segundo Mas pra facilitar, pego minhas coisas E sumo, eu sumo",Matheus & Kauan,2016,19,https://www.letras.mus.br/matheus-kauan/decide-ai/,-1
1317,Deixa a Gente Quieto (part. Henrique & Juliano),musica1317,musica1317_trecho1,"Quem falou Que querer não é poder? Eu te quero, e você pode Fazer de mim o que quiser",João Bosco & Vinícius,2016,19,https://www.letras.mus.br/joao-bosco-viniciusacustico/deixa-a-gente-quieto/,-1
1317,Deixa a Gente Quieto (part. Henrique & Juliano),musica1317,musica1317_trecho2,"Quem falou Que dois corpos não ocupam O mesmo espaço, nunca viu Nem de perto o nosso abraço",João Bosco & Vinícius,2016,18,https://www.letras.mus.br/joao-bosco-viniciusacustico/deixa-a-gente-quieto/,-1
1317,Deixa a Gente Quieto (part. Henrique & Juliano),musica1317,musica1317_trecho3,"Quer saber? Que se dane esse povo todo Nosso amor não precisa de plateia Do nosso jeito torto, fica tudo certo Ô povo curioso, deixa a gente quieto, uôô",João Bosco & Vinícius,2016,29,https://www.letras.mus.br/joao-bosco-viniciusacustico/deixa-a-gente-quieto/,-1
1317,Deixa a Gente Quieto (part. Henrique & Juliano),musica1317,musica1317_trecho4,"Fazer o quê, se até as nossas brigas são perfeitas? O que a gente sente tá acima de qualquer suspeita Se a gente tá bem, não deve pra ninguém Deixa nós, respeita",João Bosco & Vinícius,2016,32,https://www.letras.mus.br/joao-bosco-viniciusacustico/deixa-a-gente-quieto/,-1
1317,Deixa a Gente Quieto (part. Henrique & Juliano),musica1317,musica1317_trecho5,"Se até as nossas brigas são perfeitas O que a gente sente tá acima de qualquer suspeita Se a gente tá bem, não deve pra ninguém Deixa nós, respeita",João Bosco & Vinícius,2016,29,https://www.letras.mus.br/joao-bosco-viniciusacustico/deixa-a-gente-quieto/,-1
1317,Deixa a Gente Quieto (part. Henrique & Juliano),musica1317,musica1317_trecho11,"Se a gente tá bem, não deve pra ninguém Deixa nós, respeita",João Bosco & Vinícius,2016,12,https://www.letras.mus.br/joao-bosco-viniciusacustico/deixa-a-gente-quieto/,-1
1208,Deixa Falar,musica1208,musica1208_trecho4,"Deixa falar Quanto mais o povo comenta Mais aumenta minha audiência Mais eu fico pop Quanto mais sobe o meu ibope Mais aumenta a minha sorte Tô solteiro, ligeiro, pegando as top",Fernando e Sorocaba,2013,32,https://www.letras.mus.br/fernando-sorocaba/deixa-falar-homens-e-anjos/,-1
1208,Deixa Falar,musica1208,musica1208_trecho9,"Deixa falar Quanto mais o povo comenta Mais aumenta minha audiência Mais eu fico pop Quanto mais sobe o meu ibope Mais aumenta a minha sorte Tô solteiro, ligeiro, pegando as top Deixa falar",Fernando e Sorocaba,2013,34,https://www.letras.mus.br/fernando-sorocaba/deixa-falar-homens-e-anjos/,-1
1208,Deixa Falar,musica1208,musica1208_trecho10,"Vai, mais eu fico pop Tô solteiro, ligeiro, pegando as top",Fernando e Sorocaba,2013,11,https://www.letras.mus.br/fernando-sorocaba/deixa-falar-homens-e-anjos/,-1
1561,Deixaria Tudo,musica1561,musica1561_trecho3,"Eu deixaria tudo se você ficasse Meus sonhos, meu passado, minha religião Depois de tudo, estás fugindo dos meus braços Deixando o silêncio dessa solidão Não sei mais o que eu faria Desejos, loucuras, todas fantasias Nada tenho a perder Diz pra mim O que mais você quer da minha vida?",João Bosco & Vinícius,2010,51,https://www.letras.mus.br/joao-bosco-viniciusacustico/1662573/,-1
1561,Deixaria Tudo,musica1561,musica1561_trecho6,"Eu deixaria tudo se você ficasse Meus sonhos, meu passado, minha religião Depois de tudo, estás fugindo dos meus braços Deixando o silêncio dessa solidão Não sei mais o que eu faria Desejos, loucuras, todas fantasias Nada tenho a perder Diz pra mim O que mais você quer?",João Bosco & Vinícius,2010,48,https://www.letras.mus.br/joao-bosco-viniciusacustico/1662573/,-1
1561,Deixaria Tudo,musica1561,musica1561_trecho7,"Por isso eu juro que Eu deixaria tudo se você ficasse Meus sonhos, meu passado, minha religião Depois de tudo, está fugindo dos meus braços Deixando o silêncio dessa solidão Não sei mais o que eu faria Desejos, loucuras, todas fantasias Nada tenho a perder Diz pra mim O que mais você quer da minha vida?",João Bosco & Vinícius,2010,56,https://www.letras.mus.br/joao-bosco-viniciusacustico/1662573/,-1
1154,Deixe o Tempo Ver,musica1154,musica1154_trecho1,"Foi tudo como eu sonhei Ter você nos meus braços, pequena Te desejei Eu vi crescer um amor de cinema",Humberto e Ronaldo,2009,20,https://www.letras.mus.br/humberto-ronaldo/1387917/,-1
1154,Deixe o Tempo Ver,musica1154,musica1154_trecho3,Beijo a tua boca doce como o mel Sentir teu carinho é me encontrar no céu Usa teus encantos pra me conquistar,Humberto e Ronaldo,2009,22,https://www.letras.mus.br/humberto-ronaldo/1387917/,-1
1154,Deixe o Tempo Ver,musica1154,musica1154_trecho4,"E deixe o tempo ver, ver no que vai dar O nosso amor é puro, sempre vai durar Não penso em te perder, nem penso em te deixar Tá frio, o céu tão claro e eu a te amar",Humberto e Ronaldo,2009,39,https://www.letras.mus.br/humberto-ronaldo/1387917/,-1
544,DEJA VU (part. Ana Castela),musica544,musica544_trecho1,"Ana, deixa eu te falar uma coisa",Luan Santana,2023,7,https://www.letras.mus.br/luan-santana/deja-vu-part-ana-castela/,-1
544,DEJA VU (part. Ana Castela),musica544,musica544_trecho4,"Sou aquela saudade ruim que você quer sentir Sou a pessoa que odeia, mas quer bem aí Eu sou aquele nunca mais que cê quer repetir Que eu tenho a voz que te arrepia, mas não quer ouvir",Luan Santana,2023,38,https://www.letras.mus.br/luan-santana/deja-vu-part-ana-castela/,-1
544,DEJA VU (part. Ana Castela),musica544,musica544_trecho5,"Sou aquela saudade ruim que você quer sentir Sou a pessoa que odeia, mas quer bem aí Eu sou aquele nunca mais que cê quer repetir Que eu tenho a voz que te arrepia, mas não quer ouvir Me desbloqueia aí Me desbloqueia aí",Luan Santana,2023,44,https://www.letras.mus.br/luan-santana/deja-vu-part-ana-castela/,-1
544,DEJA VU (part. Ana Castela),musica544,musica544_trecho7,É fácil pra você falar isso agora Mas deixa eu refrescar sua memória Nunca se esqueça o motivo do fim Eu não saí da sua vida porque eu quis,Luan Santana,2023,29,https://www.letras.mus.br/luan-santana/deja-vu-part-ana-castela/,-1
544,DEJA VU (part. Ana Castela),musica544,musica544_trecho8,"Você que não soube me amar e perdeu Cê não tem coração e quer cuidar do meu E o pior é que meu corpo ainda quer grudar no seu Se eu te desbloqueio agora, aí o erro vai ser meu",Luan Santana,2023,40,https://www.letras.mus.br/luan-santana/deja-vu-part-ana-castela/,-1
544,DEJA VU (part. Ana Castela),musica544,musica544_trecho10,"Que sou aquela saudade ruim que você quer sentir Sou a pessoa que odeia, mas quer bem aí Eu sou aquele nunca mais que cê quer repetir Que eu tenho a voz que te arrepia, mas não quer ouvir",Luan Santana,2023,39,https://www.letras.mus.br/luan-santana/deja-vu-part-ana-castela/,-1
544,DEJA VU (part. Ana Castela),musica544,musica544_trecho11,"Sou aquela saudade ruim que você quer sentir (sou aquela saudade ruim) Sou a pessoa que odeia, mas quer bem aí Eu sou aquele nunca mais que cê quer repetir Que eu tenho a voz que te arrepia, mas não quer ouvir Me desbloqueia aí (entende) Me desbloqueia aí",Luan Santana,2023,49,https://www.letras.mus.br/luan-santana/deja-vu-part-ana-castela/,-1
1378,Depende,musica1378,musica1378_trecho1,"Passou a unha no meu braço Me puxou pelo bolso que deixou rasgado Jeito de menina mimada Que é uma frescura pra sair de casa Tem corpo de adolescente Conversa de mulher que nunca foi carente Já sabe, vou perder o controle Quando eu estiver ai na sua frente Eu te falei, que dependia de você Que ia fazer de tudo para ir te ver Te prometi ôô E depois, se o amor acontecer Pode tornar um vicio, mas vai dar prazer Porque depende de mim e de você! ﻿",Israel Novaes,2012,90,https://www.letras.mus.br/israel-novaes/depende/,-1
860,Dependente,musica860,musica860_trecho2,"Eu não sei andar sozinho Com minhas forças eu não consigo Eu preciso ser guiado por ti, preciso ser ajudado por ti Preciso ser alimentado por ti, senão eu não vou conseguir",Alisson Santos,2019,32,https://www.letras.mus.br/alisson-santos/dependente/,-1
860,Dependente,musica860,musica860_trecho3,"Sou como, uma criança de colo, que precisa da mãe pra o alimentar Eu sou como uma criança de colo, que precisa ainda da mãe para andar Eu sou (eu sou) como uma criança de colo, que precisa (precisa) Da mãe para lhe proteger Eu sou como uma criança de colo, que precisa ainda da mãe pra criar",Alisson Santos,2019,58,https://www.letras.mus.br/alisson-santos/dependente/,-1
860,Dependente,musica860,musica860_trecho11,"Santo, santo, santo, santo Santo, santo, santo, santo Santo, santo, santo, santo",Alisson Santos,2019,12,https://www.letras.mus.br/alisson-santos/dependente/,-1
940,Desatino,musica940,musica940_trecho4,"Se ontem, eu por lá passei Saudade me apertou Mas não parei Minhas mãos grudaram Firmes no volante E o carro acelerei",Daniel,2005,22,https://www.letras.mus.br/daniel/134999/,-1
940,Desatino,musica940,musica940_trecho5,Eu quis fugir do destino Fugir da realidade E sufocando a saudade Aquela cidade Fui deixando pra trás,Daniel,2005,18,https://www.letras.mus.br/daniel/134999/,-1
1190,Desce do Salto (part. Michel Teló),musica1190,musica1190_trecho1,"Desce do salto pra que ao menos eu possa te ver Com esse nariz empinado, é difícil chegar em você A sua cobertura é muito alta pra eu fazer serenata Na vida eu nasci pra ganhar, meu bem Então não me empaca",Marcos & Belutti,2011,42,https://www.letras.mus.br/marcos-belutti/1879251/,-1
249,Descer Pra BC (part. DJ Ari SL),musica249,musica249_trecho3,"Nóis vai descer, vai descer Descer lá pra BC no finalzin do ano Os bombonzin tão bronzeando pra eu chegar e morder Nóis vai descer, vai descer Descer lá pra BC no finalzin do ano Os cowboy vai litorando e vai torar você",Brenno & Matheus,2024,43,https://www.letras.mus.br/brenno-e-matheus/descer-pra-bc-part-dj-ari-sl/,-1
1584,Desculpas,musica1584,musica1584_trecho2,O seu carro quebrou O celular pifou O e-mail não chegou O trânsito parou,Luan Santana,2011,14,https://www.letras.mus.br/luan-santana/1854566/,-1
1584,Desculpas,musica1584,musica1584_trecho4,"Desculpas, papo furado Você não faz questão de ficar do meu lado Desculpas, enrolação Não tá dando a mínima pro meu coração",Luan Santana,2011,22,https://www.letras.mus.br/luan-santana/1854566/,-1
1147,Deserto,musica1147,musica1147_trecho1,Vou construir um edifício No meio do seu deserto Pra ver se chego perto De ter sua atenção,Thaeme e Thiago,2013,18,https://www.letras.mus.br/thaeme-thiago/deserto/,-1
1147,Deserto,musica1147,musica1147_trecho4,Eu tô te vendo em todo mundo Acho mesmo que eu tô ficando cega Pode me chamar de louca Mas isso me faz bem,Thaeme e Thiago,2013,24,https://www.letras.mus.br/thaeme-thiago/deserto/,-1
1147,Deserto,musica1147,musica1147_trecho5,"Ouvi tua voz, te vi chegar Eu te abracei sem te tocar Eu tô ficando louca Mas isso me faz bem",Thaeme e Thiago,2013,21,https://www.letras.mus.br/thaeme-thiago/deserto/,-1
1147,Deserto,musica1147,musica1147_trecho12,Eu irei até o fim Mesmo sem ter direção Porque prometi pra mim Meus pés vão tocar seu chão,Thaeme e Thiago,2013,19,https://www.letras.mus.br/thaeme-thiago/deserto/,-1
1147,Deserto,musica1147,musica1147_trecho13,Vou construir um edifício No meio do seu deserto,Thaeme e Thiago,2013,9,https://www.letras.mus.br/thaeme-thiago/deserto/,-1
710,Desliga,musica710,musica710_trecho3,"Desliga, por Deus, eu não quero Cair na cilada do meu coração Matar a vontade da pele, da boca Do gosto do amor, do fogo da paixão",Bruno & Marrone,2009,27,https://www.letras.mus.br/bruno-e-marrone/1460892/,-1
710,Desliga,musica710,musica710_trecho4,"Por Deus, tô tentando de tudo Mas quando eu me vejo sozinho no bar Me bate a saudade bebo e fico louco Querendo outra vez te amar",Bruno & Marrone,2009,27,https://www.letras.mus.br/bruno-e-marrone/1460892/,-1
710,Desliga,musica710,musica710_trecho6,"Desliga, por Deus, eu não quero Cair na cilada do meu coração Matar a vontade da pele, da boca Do gosto do amor do fogo da paixão",Bruno & Marrone,2009,27,https://www.letras.mus.br/bruno-e-marrone/1460892/,-1
710,Desliga,musica710,musica710_trecho7,"Por Deus, to tentando de tudo, Mas quando eu me vejo sozinho no bar Me bate a saudade bebo e fico louco Querendo outra vez te amar",Bruno & Marrone,2009,27,https://www.letras.mus.br/bruno-e-marrone/1460892/,-1
766,Desocupa (part. Cleber e Cauan),musica766,musica766_trecho2,"Se meu coração não é mais seu lugar, desocupa É loucura deixar um solteiro preso Se lugar de solteiro é na rua, no mei da bagunça Pegando gente nua Ou você me solta ou me segura",Matheus Vargas,2025,36,https://www.letras.mus.br/matheus-vargas/desocupa-part-cleber-e-cauan/,-1
431,Despedida de Casal,musica431,musica431_trecho3,Foi nosso jantar à luz de adeus Nossa despedida de casal Ela terminou sem derramar nenhuma lágrima E eu ainda não digeri esse final,Gustavo Mioto,2020,24,https://www.letras.mus.br/gustavo-mioto/despedida-de-casal/,-1
917,Destino,musica917,musica917_trecho1,O destino deve estar nos olhando Com aquela cara de quem diz Eu tentei juntar vocês dois,Lucas Lucco,2014,17,https://www.letras.mus.br/lucas-lucco/o-destino/,-1
917,Destino,musica917,musica917_trecho2,"O destino deve estar nos olhando Decepcionado Que pena, que pena",Lucas Lucco,2014,11,https://www.letras.mus.br/lucas-lucco/o-destino/,-1
694,Detalhe Bobo,musica694,musica694_trecho1,Tem pra sempres que não são pra sempre Tipo a gente Tipo a gente,Simone Mendes,2025,14,https://www.letras.mus.br/simone-mendes/detalhe-bobo/,-1
694,Detalhe Bobo,musica694,musica694_trecho3,A gente combinava tanto Mais é cada detalhe bobo Que vai desgastando,Simone Mendes,2025,12,https://www.letras.mus.br/simone-mendes/detalhe-bobo/,-1
694,Detalhe Bobo,musica694,musica694_trecho4,E acabou que a gente foi acabando Hoje eu sonhei com a gente E acordei chorando,Simone Mendes,2025,16,https://www.letras.mus.br/simone-mendes/detalhe-bobo/,-1
694,Detalhe Bobo,musica694,musica694_trecho6,Se eu te ver beijando ao vivo vai doer Evita me esquecer na minha frente Vai ser difícil ver a nossa história De amor com personagens diferentes,Simone Mendes,2025,27,https://www.letras.mus.br/simone-mendes/detalhe-bobo/,-1
797,Deus Coloca O Chão (part. Deive Leonardo),musica797,musica797_trecho4,"Preocupa não Quando cê coloca o pé, Deus coloca o chão Quando cê coloca o pé, Deus coloca o chão Quando cê coloca o pé",Felipe Araújo,2025,25,https://www.letras.mus.br/felipe-araujo/deus-coloca-o-chao-part-deive-leonardo/,-1
797,Deus Coloca O Chão (part. Deive Leonardo),musica797,musica797_trecho6,"Preocupa não Quando cê coloca o pé, Deus coloca o chão Quando cê coloca o pé, Deus coloca o chão Quando cê coloca o pé, Deus coloca o chão Quando cê coloca o pé, Deus coloca o chão",Felipe Araújo,2025,38,https://www.letras.mus.br/felipe-araujo/deus-coloca-o-chao-part-deive-leonardo/,-1
797,Deus Coloca O Chão (part. Deive Leonardo),musica797,musica797_trecho9,"E a verdade que está sobre mim e sobre você É que nós somos amados, amados por Jesus de maneira sobrenatural E por mais que você seja criativo, por mais que você seja inteligente Os seus planos são pequenos demais perto daquilo que Deus tem pra você",Felipe Araújo,2025,47,https://www.letras.mus.br/felipe-araujo/deus-coloca-o-chao-part-deive-leonardo/,-1
797,Deus Coloca O Chão (part. Deive Leonardo),musica797,musica797_trecho14,"Preocupa não Quando cê coloca o pé, Deus coloca o chão Quando se coloca o pé, Deus coloca o chão Quando cê coloca o pé, Deus coloca o chão Quando cê coloca o pé, Deus coloca o chão Quando cê coloca o pé, Deus coloca o chão",Felipe Araújo,2025,47,https://www.letras.mus.br/felipe-araujo/deus-coloca-o-chao-part-deive-leonardo/,-1
1036,Deus É Caipira,musica1036,musica1036_trecho10,"E viu que tudo isso era bão Foi lá pro sertão E por lá, descansou",Eduardo Costa,2025,15,https://www.letras.mus.br/eduardo-costa/deus-e-caipira/,-1
1036,Deus É Caipira,musica1036,musica1036_trecho11,"E viu que tudo isso era bão Veio pro meu sertão E aqui, descansou",Eduardo Costa,2025,14,https://www.letras.mus.br/eduardo-costa/deus-e-caipira/,-1
670,DEUS É MUITO BOM,musica670,musica670_trecho2,"Se eu sou quem eu sou É porque você chegou e arrumou A bagunça, o caos Meu milagre mais real",Luan Santana,2023,20,https://www.letras.mus.br/luan-santana/deus-e-muito-bom/,-1
670,DEUS É MUITO BOM,musica670,musica670_trecho3,Você me trouxe um caminhão de coisas boas Foi minha sorte disfarçada de pessoa Por tantas noites que eu passei juntando as mãos Pedindo ao céu pra me mandar uma direção,Luan Santana,2023,31,https://www.letras.mus.br/luan-santana/deus-e-muito-bom/,-1
670,DEUS É MUITO BOM,musica670,musica670_trecho6,"Se eu sou quem eu sou É porque você chegou e arrumou A bagunça, o caos, mm Meu milagre mais real",Luan Santana,2023,21,https://www.letras.mus.br/luan-santana/deus-e-muito-bom/,-1
447,Dia 1 (part. Murilo Huff),musica447,musica447_trecho1,"Dia 1 sem você Hoje eu acordei com um sentimento estranho Sei que não vai chegar mensagem sua, mesmo assim tô esperando Dia 2 sem você Hoje eu chorei pela primeira vez Não processei ainda essa transição de amor pra ex",Hugo Henrique,2025,41,https://www.letras.mus.br/hugo-henrique/dia-1/,-1
447,Dia 1 (part. Murilo Huff),musica447,musica447_trecho2,"Com uma semana e pouco, eu meti o louco e fui pra rua Até tentei beijar uma boca, mas travei quando eu lembrei da sua 1 mês sem você, eu já quase não sinto saudade Só não levei em conta que a gente ainda mora na mesma cidade",Hugo Henrique,2025,48,https://www.letras.mus.br/hugo-henrique/dia-1/,-1
447,Dia 1 (part. Murilo Huff),musica447,musica447_trecho3,Eu esqueci que do lado daí Cê também tá me esquecendo Tá saindo e vivendo Te esqueci só até quando te vi Esbarrei com o passado E o mês inteiro foi por água abaixo,Hugo Henrique,2025,34,https://www.letras.mus.br/hugo-henrique/dia-1/,-1
447,Dia 1 (part. Murilo Huff),musica447,musica447_trecho5,"Dia 1 sem você (sem você) Hoje eu acordei com um sentimento estranho Sei que não vai chegar mensagem sua, mesmo assim tô esperando Dia 2 sem você Hoje eu chorei pela primeira vez Não processei ainda essa transição de amor pra ex",Hugo Henrique,2025,43,https://www.letras.mus.br/hugo-henrique/dia-1/,-1
447,Dia 1 (part. Murilo Huff),musica447,musica447_trecho6,"Com uma semana e pouco, eu meti o louco e fui pra rua (fui pra rua) Até tentei beijar uma boca, mas travei quando eu lembrei da sua 1 mês sem você, eu já quase não sinto saudade Só não levei em conta que a gente ainda mora na mesma cidade",Hugo Henrique,2025,51,https://www.letras.mus.br/hugo-henrique/dia-1/,-1
447,Dia 1 (part. Murilo Huff),musica447,musica447_trecho7,Eu esqueci que do lado daí Cê também tá me esquecendo Tá saindo e vivendo (tá vivendo) Te esqueci só até quando eu te vi Esbarrei com o passado (com o passado) E o mês inteiro foi por água abaixo,Hugo Henrique,2025,40,https://www.letras.mus.br/hugo-henrique/dia-1/,-1
528,"Dia, Lugar e Hora",musica528,musica528_trecho1,Se a moça do café não demorasse tanto Pra me dar o troco Se eu não tivesse discutido na calçada Com aquele cara louco E ó que eu nem sou de rolo,Luan Santana,2016,32,https://www.letras.mus.br/luan-santana/dia-lugar-e-hora/,-1
528,"Dia, Lugar e Hora",musica528,musica528_trecho2,Se eu não tivesse atravessado Aquela hora no sinal vermelho Se eu não parasse bem na hora do almoço Pra cortar o cabelo E ó que eu nem sou vaidoso,Luan Santana,2016,30,https://www.letras.mus.br/luan-santana/dia-lugar-e-hora/,-1
528,"Dia, Lugar e Hora",musica528,musica528_trecho3,Eu não teria te encontrado Eu não teria me apaixonado Mas aconteceu Foi mais forte que eu e você,Luan Santana,2016,19,https://www.letras.mus.br/luan-santana/dia-lugar-e-hora/,-1
528,"Dia, Lugar e Hora",musica528,musica528_trecho4,"Aí eu disse Quer que eu faça um café? Ou faça minha vida Se encaixar na sua? Aqui mesmo na rua Era pra ser agora Quando é pra acontecer Tem dia, lugar e tem hora",Luan Santana,2016,35,https://www.letras.mus.br/luan-santana/dia-lugar-e-hora/,-1
528,"Dia, Lugar e Hora",musica528,musica528_trecho5,Se eu não tivesse atravessado Aquela hora no sinal vermelho Se eu não parasse bem na hora do almoço Pra cortar o cabelo E ó eu nem sou vaidoso,Luan Santana,2016,29,https://www.letras.mus.br/luan-santana/dia-lugar-e-hora/,-1
528,"Dia, Lugar e Hora",musica528,musica528_trecho8,"Eu disse Quer que eu faça um café? Ou faça minha vida Se encaixar na sua? Aqui mesmo na rua Era pra ser agora Quando é pra acontecer Tem dia, lugar e tem hora",Luan Santana,2016,34,https://www.letras.mus.br/luan-santana/dia-lugar-e-hora/,-1
528,"Dia, Lugar e Hora",musica528,musica528_trecho9,Se a moça do café não demorasse tanto,Luan Santana,2016,8,https://www.letras.mus.br/luan-santana/dia-lugar-e-hora/,-1
933,Diga Sim,musica933,musica933_trecho1,"Cuspa o ódio que os seus olhos têm de mim E engula o desejo que você tem de me provar Diga sim, diga sim, sim pra mim Diga não, diga não, diga não Diga sim, que meu amor por ti é puro Diga não, não pro seu orgulho",Jorge & Mateus,2012,48,https://www.letras.mus.br/jorge-mateus/diga-sim/,-1
362,Discurso,musica362,musica362_trecho1,"Agradeço a presença de todos Pela decoração, pelo bolo A gente começa a fazer conta da idade Depois de uns trinta e poucos O meu discurso até que era outro",Henrique & Juliano,2025,30,https://www.letras.mus.br/henrique-e-juliano/discurso/,-1
362,Discurso,musica362,musica362_trecho3,"Aquele moleque que vivia empinando bicicleta Hoje caiu no choro vendo seus filhos crescendo depressa Olhando daqui, vejo vários motivos de festa Pessoas que eu amo, sorrindo E, do meu lado, ela, sempre ela",Henrique & Juliano,2025,34,https://www.letras.mus.br/henrique-e-juliano/discurso/,-1
362,Discurso,musica362,musica362_trecho4,"Quando eu soprar essa vela Eu vou fazer um pedido Se tiver outras vidas, que em todas elas, essas pessoas estejam comigo Saúde pra mim e pros meus Que eu viva o máximo possível Obrigado por ter me dado exatamente tudo que eu preciso",Henrique & Juliano,2025,44,https://www.letras.mus.br/henrique-e-juliano/discurso/,-1
362,Discurso,musica362,musica362_trecho6,O pedido vai ser em silêncio Mas quem nos protege tá ouvindo,Henrique & Juliano,2025,12,https://www.letras.mus.br/henrique-e-juliano/discurso/,-1
147,Diz Pra Mim (Just Give Me a Reason),musica147,musica147_trecho1,Desde o início você esteve tão presente E eu só te evitando Estou do outro lado as coisas mudam com o tempo E hoje não vivo sem você,Gusttavo Lima,2014,28,https://www.letras.mus.br/gusttavo-lima/diz-pra-mim/,-1
147,Diz Pra Mim (Just Give Me a Reason),musica147,musica147_trecho2,E agora você diz pra mim Que já não é bem assim Já está tão perto o fim do nosso amor Nosso amor,Gusttavo Lima,2014,23,https://www.letras.mus.br/gusttavo-lima/diz-pra-mim/,-1
147,Diz Pra Mim (Just Give Me a Reason),musica147,musica147_trecho3,Diz o que é preciso pra te ter aqui comigo Pra fazer o nosso amor reviver Pra não te perder O que é preciso pra te ter aqui comigo E a velha chama reacender Pra não te perder,Gusttavo Lima,2014,38,https://www.letras.mus.br/gusttavo-lima/diz-pra-mim/,-1
147,Diz Pra Mim (Just Give Me a Reason),musica147,musica147_trecho7,"Não posso aceitar, não é nosso fim Está escrito nas estrelas você nasceu pra mim Depende de nós tudo mudar Eu quero e sei que você também (Diz pra mim)",Gusttavo Lima,2014,30,https://www.letras.mus.br/gusttavo-lima/diz-pra-mim/,-1
147,Diz Pra Mim (Just Give Me a Reason),musica147,musica147_trecho9,O que é preciso pra te ter aqui comigo Pra fazer o nosso amor reviver Pra não te perder O que é preciso pra te ter aqui comigo E a velha chama reacender Pra não te perder Pra não te perder,Gusttavo Lima,2014,41,https://www.letras.mus.br/gusttavo-lima/diz-pra-mim/,-1
705,Do Brasil À Argentina,musica705,musica705_trecho3,"Eu não fico nem um minuto mais nesse país Vou buscar alguém, alguém pra me fazer feliz No primeiro avião, hoje mesmo vou viajar Eu vou pra Argentina, tô indo te buscar",Jorge & Mateus,2007,32,https://www.letras.mus.br/jorge-mateus/985047/,-1
705,Do Brasil À Argentina,musica705,musica705_trecho6,"Eu não fico nem um minuto mais nesse país Vou buscar alguém, alguém pra me fazer feliz No primeiro avião, hoje mesmo vou viajar Eu vou pra Argentina, tô indo te buscar Eu vou pra Argentina, tô indo te buscar",Jorge & Mateus,2007,40,https://www.letras.mus.br/jorge-mateus/985047/,-1
1463,Doidaça,musica1463,musica1463_trecho1,"E tá me provocando a noite inteira Falando em meu ouvindo um monte de besteira Tá colocando a mão por baixo da cadeira Tá se insinuando, e eu gostando dessa brincadeira",Gusttavo Lima,2012,31,https://www.letras.mus.br/gusttavo-lima/doidaca/,-1
1463,Doidaça,musica1463,musica1463_trecho2,"Chega chegando, parte pra cima Pega pegando, entra no clima Faz, faz, faz",Gusttavo Lima,2012,13,https://www.letras.mus.br/gusttavo-lima/doidaca/,-1
1463,Doidaça,musica1463,musica1463_trecho3,"Chega chegando, parte pra cima Pega pegando, entra no clima Faz mais, mais",Gusttavo Lima,2012,13,https://www.letras.mus.br/gusttavo-lima/doidaca/,-1
1463,Doidaça,musica1463,musica1463_trecho4,"Pirou, mulher? Tá doida, é? Vem que vem com tudo, que eu vou dar o que você quer Pirou, mulher? Tá doidaça Vem que vem com tudo, que hoje a gente se arregaça Pirou, mulher? Tá doida, é? Vem que vem com tudo, que eu vou dar o que você quer Pirou, mulher? Tá doidaça Vem que vem com tudo, que hoje a gente se arregaça",Gusttavo Lima,2012,66,https://www.letras.mus.br/gusttavo-lima/doidaca/,-1
1463,Doidaça,musica1463,musica1463_trecho5,"Tá me provocando a noite inteira Falando em meu ouvindo um monte de besteira Tá colocando a mão por baixo da cadeira Tá se insinuando, e eu gostando dessa brincadeira",Gusttavo Lima,2012,30,https://www.letras.mus.br/gusttavo-lima/doidaca/,-1
1463,Doidaça,musica1463,musica1463_trecho6,"Chega chegando, parte pra cima Pega pegando, entra no clima",Gusttavo Lima,2012,10,https://www.letras.mus.br/gusttavo-lima/doidaca/,-1
1463,Doidaça,musica1463,musica1463_trecho7,"Chega chegando, parte pra cima Pega pegando, entra no clima Faz, faz mais",Gusttavo Lima,2012,13,https://www.letras.mus.br/gusttavo-lima/doidaca/,-1
641,Dois Enganados (part. Marília Mendonça),musica641,musica641_trecho1,Tô ficando com alguém Que terminou faz pouco tempo E ainda guarda sentimento,Murilo Huff,2021,13,https://www.letras.mus.br/murilo-huff/dois-enganados-part-marilia-mendonca/,-1
641,Dois Enganados (part. Marília Mendonça),musica641,musica641_trecho2,Olha eu aqui também Ainda tô me remoendo Por causa do meu antigo relacionamento,Murilo Huff,2021,14,https://www.letras.mus.br/murilo-huff/dois-enganados-part-marilia-mendonca/,-1
641,Dois Enganados (part. Marília Mendonça),musica641,musica641_trecho3,Dois enganados Dando uma chance pro amor Eu quero voltar no passado Ela sonha em ter de volta o que passou,Murilo Huff,2021,21,https://www.letras.mus.br/murilo-huff/dois-enganados-part-marilia-mendonca/,-1
641,Dois Enganados (part. Marília Mendonça),musica641,musica641_trecho4,E na hora da cama O corpo não aceita A pele não esquenta Nem beijar a gente beija,Murilo Huff,2021,18,https://www.letras.mus.br/murilo-huff/dois-enganados-part-marilia-mendonca/,-1
641,Dois Enganados (part. Marília Mendonça),musica641,musica641_trecho5,"Respiro, fecho os olhos E já que eu não esqueço Lembro de quem eu amo E só assim eu compareço",Murilo Huff,2021,20,https://www.letras.mus.br/murilo-huff/dois-enganados-part-marilia-mendonca/,-1
641,Dois Enganados (part. Marília Mendonça),musica641,musica641_trecho6,"Uôô, uôô E quem tá comigo, tá fazendo o mesmo",Murilo Huff,2021,10,https://www.letras.mus.br/murilo-huff/dois-enganados-part-marilia-mendonca/,-1
641,Dois Enganados (part. Marília Mendonça),musica641,musica641_trecho12,"Uôô, uôô E quem tá comigo, tá fazendo o mesmo Uôô, uôô E quem tá comigo, tá fazendo o mesmo Dois enganados",Murilo Huff,2021,22,https://www.letras.mus.br/murilo-huff/dois-enganados-part-marilia-mendonca/,-1
418,Dois Fugitivos,musica418,musica418_trecho3,Só fui descobrir Quando já tava gostoso Quando já tava atolada no pecado Até o pescoço,Simone Mendes,2023,16,https://www.letras.mus.br/simone-mendes/dois-fugitivos/,-1
418,Dois Fugitivos,musica418,musica418_trecho4,Mas cansei É o fim de nós dois Depois de um ano e pouco,Simone Mendes,2023,14,https://www.letras.mus.br/simone-mendes/dois-fugitivos/,-1
26,Dois Tristes,musica26,musica26_trecho3,Nós somos dois tristes Que nunca serão felizes,Simone Mendes,2024,8,https://www.letras.mus.br/simone-mendes/dois-tristes/,-1
46,Domingo de Manhã,musica46,musica46_trecho2,Eu nem sei O que faria nesse inverno Qualquer coisa que não fosse com você Me causaria tédio,Marcos & Belutti,2014,18,https://www.letras.mus.br/marcos-belutti/domingo-de-manha/,-1
366,DONA,musica366,musica366_trecho1,"Tem segunda intenção nesse: Não, não para, não No selinho no fim do beijo que você insiste em me dar Isso é coisa de quem quer amar Cê me conheceu depois que deixei de ser dois e voltei a ser só um Você não tem culpa, isso é um erro comum",Luan Santana,2025,51,https://www.letras.mus.br/luan-santana/dona/,-1
366,DONA,musica366,musica366_trecho3,O coração que cê quer entrar tem dona O te amo que cê quer escutar tem dona Eu posso te emprestar meu corpo porque ele ainda é meu Mas o sentimento ela não me devolveu,Luan Santana,2025,35,https://www.letras.mus.br/luan-santana/dona/,-1
366,DONA,musica366,musica366_trecho4,O coração que cê quer entrar tem dona O te amo que cê quer escutar tem dona Eu posso te emprestar meu corpo porque ele ainda é meu Mas o sentimento ela não me devolveu Ela não me devolveu,Luan Santana,2025,39,https://www.letras.mus.br/luan-santana/dona/,-1
366,DONA,musica366,musica366_trecho5,"Cê me conheceu depois que deixei de ser dois e voltei a ser só um Você não tem culpa, isso é um erro comum",Luan Santana,2025,24,https://www.letras.mus.br/luan-santana/dona/,-1
744,Dona Maria (part. Jorge),musica744,musica744_trecho1,Me desculpe vir aqui desse jeito Me perdoe o traje de maloqueiro De camisa larga e boné pra trás Bem na hora da novela que a senhora gosta mais,Thiago Brava,2017,29,https://www.letras.mus.br/thiago-brava/um-violao-e-uma-catuaba/,-1
744,Dona Maria (part. Jorge),musica744,musica744_trecho5,Me desculpa vir aqui desse jeito Me perdoa o traje de maloqueiro De camisa larga e boné pra trás Bem na hora da novela que a senhora gosta mais,Thiago Brava,2017,29,https://www.letras.mus.br/thiago-brava/um-violao-e-uma-catuaba/,-1
916,Dou a Vida Por Um Beijo,musica916,musica916_trecho1,Difícil demais Te amar assim Minha timidez Tem que ter um fim Preciso perder O medo de falar Pra não te perder Vou me declarar,Zezé Di Camargo,2022,25,https://www.letras.mus.br/zeze-di-camargo/dou-a-vida-por-um-beijo/,-1
916,Dou a Vida Por Um Beijo,musica916,musica916_trecho3,Pra me sentir feliz Só tem uma saída Fazer você ficar De vez na minha vida Perto dos meus olhos E do coração,Zezé Di Camargo,2022,23,https://www.letras.mus.br/zeze-di-camargo/dou-a-vida-por-um-beijo/,-1
916,Dou a Vida Por Um Beijo,musica916,musica916_trecho4,Eu te amo Eu preciso te dizer Todo dia toda noite O meu sonho é você,Zezé Di Camargo,2022,16,https://www.letras.mus.br/zeze-di-camargo/dou-a-vida-por-um-beijo/,-1
916,Dou a Vida Por Um Beijo,musica916,musica916_trecho5,Eu te amo É paixão que não tem fim Dou a vida por um beijo Quero ter você pra mim,Zezé Di Camargo,2022,20,https://www.letras.mus.br/zeze-di-camargo/dou-a-vida-por-um-beijo/,-1
843,Duas Cicatrizes,musica843,musica843_trecho2,Você ainda não tá bem E eu também não tô Igualmente desvalorizados por pessoas que um dia chamamos de amor,Simone Mendes,2025,20,https://www.letras.mus.br/simone-mendes/duas-cicatrizes/,-1
843,Duas Cicatrizes,musica843,musica843_trecho5,"Nós somos dois disponíveis, mas com cicatrizes não cicatrizadas",Simone Mendes,2025,9,https://www.letras.mus.br/simone-mendes/duas-cicatrizes/,-1
843,Duas Cicatrizes,musica843,musica843_trecho9,"Nós somos dois disponíveis, mas com cicatrizes não cicatrizadas O medo que eu tô de outros traumas",Simone Mendes,2025,17,https://www.letras.mus.br/simone-mendes/duas-cicatrizes/,-1
140,Duas Metades,musica140,musica140_trecho2,"A outra metade é defeito Você vai saber de qualquer jeito Anjo ou animal, suave ou fatal",Jorge & Mateus,2012,17,https://www.letras.mus.br/jorge-mateus/duas-metades/,-1
140,Duas Metades,musica140,musica140_trecho8,"E a outra metade é defeito Você vai saber de qualquer jeito Anjo ou animal, suave ou fatal",Jorge & Mateus,2012,18,https://www.letras.mus.br/jorge-mateus/duas-metades/,-1
1363,Duas Vidas,musica1363,musica1363_trecho1,Só pelo fato de te amar Me sinto uma pessoa melhor Na certeza que você existe Na tua ausência não me sinto só,Henrique & Juliano,2013,23,https://www.letras.mus.br/henrique-e-juliano/duas-vidas/,-1
1363,Duas Vidas,musica1363,musica1363_trecho2,"Continuo sendo o mesmo Mas em minha vida tudo mudou Numa noite escura e fria A melodia, a canção entoou",Henrique & Juliano,2013,20,https://www.letras.mus.br/henrique-e-juliano/duas-vidas/,-1
1363,Duas Vidas,musica1363,musica1363_trecho3,Me diz como explicar Seus gostos sendo os mesmos que os meus O que acontece toda vez que eu olho nesses olhos seus?,Henrique & Juliano,2013,23,https://www.letras.mus.br/henrique-e-juliano/duas-vidas/,-1
1551,Dupla Solidão,musica1551,musica1551_trecho3,A gente fez de tudo Mas não é pra ser Eu mudei demais E olha só você,Marcos & Belutti,2011,17,https://www.letras.mus.br/marcos-belutti/1851901/,-1
1551,Dupla Solidão,musica1551,musica1551_trecho4,O tempo passou E alguém ficou pra trás,Marcos & Belutti,2011,8,https://www.letras.mus.br/marcos-belutti/1851901/,-1
1551,Dupla Solidão,musica1551,musica1551_trecho5,Eu tô sozinho aqui Nesse quarto de hotel Ninguém pra eu trair Ninguém pra ser fiel,Marcos & Belutti,2011,16,https://www.letras.mus.br/marcos-belutti/1851901/,-1
1551,Dupla Solidão,musica1551,musica1551_trecho6,Seu corpo eu senti Mas não tem emoção Eu e você aqui É dupla solidão,Marcos & Belutti,2011,15,https://www.letras.mus.br/marcos-belutti/1851901/,-1
1504,Duvido Você Não Tomar Uma,musica1504,musica1504_trecho1,"Mas agora veja, diz que está mudada Aposentou o copo, não quer mais saber de álcool Disse que parou, que nunca mais beberia Jurou pela vida, pela mãe e pela vó, pela tia",Simone & Simaria,2016,33,https://www.letras.mus.br/simone-simaria-as-coleguinhas/duvido-voce-nao-tomar-uma/,-1
1504,Duvido Você Não Tomar Uma,musica1504,musica1504_trecho3,Quando a saudade maltratar Vai lembrar da boca que era sua Duvido você não tomar uma Quando ouvir no rádio um modão Ou no bar da esquina da sua rua Duvido você não tomar uma,Simone & Simaria,2016,35,https://www.letras.mus.br/simone-simaria-as-coleguinhas/duvido-voce-nao-tomar-uma/,-1
1504,Duvido Você Não Tomar Uma,musica1504,musica1504_trecho5,Eu duvido você não tomar uma,Simone & Simaria,2016,6,https://www.letras.mus.br/simone-simaria-as-coleguinhas/duvido-voce-nao-tomar-uma/,-1
1384,E Aí Tempo,musica1384,musica1384_trecho1,"Meu calendário mostra que hoje é dia 26 Meu relógio diz que agora são Quinze pras três da manhã É verdade, o tempo tá passando Mas aqui nada mudou",Chitãozinho & Xororó,2013,29,https://www.letras.mus.br/chitaozinho-e-xororo/e-ai-tempo/,-1
1384,E Aí Tempo,musica1384,musica1384_trecho3,"Como planejado, o tempo passou Como já esperado, você não voltou E o tempo que antes era meu amigo Agora já não joga ao meu favor",Chitãozinho & Xororó,2013,26,https://www.letras.mus.br/chitaozinho-e-xororo/e-ai-tempo/,-1
621,É Amor,musica621,musica621_trecho1,Quando fico pensando em você Eu esqueço do mundo pra te ter Seu amor assumiu meu coração Eu não fico um segundo sem te ver,Jorge & Mateus,2015,25,https://www.letras.mus.br/jorge-mateus/e-amor/,-1
621,É Amor,musica621,musica621_trecho3,"Vale a pena sonhar Ter você pra amar Eu quero colo, a vida inteira Vou te amar",Jorge & Mateus,2015,17,https://www.letras.mus.br/jorge-mateus/e-amor/,-1
1132,É Fato,musica1132,musica1132_trecho1,Estou tentando manter esse amor esquecido Ou luto às vezes pra me manter sempre distraído Pra não correr o perigo de te procurar,Cristiano Araújo,2011,23,https://www.letras.mus.br/cristiano-araujo/1847634/,-1
1132,É Fato,musica1132,musica1132_trecho2,"Ficou em mim a chama e não apaga de uma vez Leva algum tempo, pode crer que não é só um mês Mas se já me esqueceu não te culpo E nem peço pra voltar",Cristiano Araújo,2011,35,https://www.letras.mus.br/cristiano-araujo/1847634/,-1
1132,É Fato,musica1132,musica1132_trecho4,"É fato que acabou, mas eu não te esqueci É fato que esqueceu, mas ainda mora aqui E parece que não vai sair tão fácil Desse coração palhaço",Cristiano Araújo,2011,28,https://www.letras.mus.br/cristiano-araujo/1847634/,-1
1299,Eh Tudo Toiss,musica1299,musica1299_trecho2,Já faz uma semana Que a gente não se vê Prepara o nosso ninho Que hoje eu quero com você,Henrique & Diego,2013,20,https://www.letras.mus.br/henrique-diego/e-tudo-tois/,-1
1424,Ei Olha o Som (Empinadinha),musica1424,musica1424_trecho2,"A gata endoidou, deu uma empinadinha em mim A gata endoidou, deu uma empinadinha em mim Empina em mim, empina, empina, empina em mim Empina em mim, empina, empina, empina em mim",Cristiano Araújo,2013,32,https://www.letras.mus.br/cristiano-araujo/empinadinha/,-1
1424,Ei Olha o Som (Empinadinha),musica1424,musica1424_trecho5,"A gata endoidou, deu uma empinadinha em mim A gata endoidou, deu uma empinadinha em mim Empina em mim, empina, empina, empina, em mim Empina em mim, empina, empina, empina em mim",Cristiano Araújo,2013,32,https://www.letras.mus.br/cristiano-araujo/empinadinha/,-1
1424,Ei Olha o Som (Empinadinha),musica1424,musica1424_trecho6,"Agora eu endoidei e também vou fazer com ela Agora eu endoidei e também vou fazer com ela Arrocha nela, arrocha, arrocha, arrocha nela Arrocha nela, arrocha, arrocha, arrocha nela Arrocha nela, arrocha, arrocha, arrocha nela",Cristiano Araújo,2013,36,https://www.letras.mus.br/cristiano-araujo/empinadinha/,-1
1263,"Ei, Psiu! Beijo Me Liga (part. João Bosco e Vinícius)",musica1263,musica1263_trecho2,"Agora você vem me procurar Eu sei, cê tá querendo é já Me esnobou e mudou de ideia Me deixou olhando pra plateia",Michel Teló,2010,23,https://www.letras.mus.br/michel-telo/1504900/,-1
900,Ela e Ela,musica900,musica900_trecho1,Nessa casa têm Duas pessoas enganadas Uma que não sabe de nada E a que sabe tudo Escondendo lágrimas,Zé Neto e Cristiano,2023,19,https://www.letras.mus.br/ze-neto-cristiano/ela-e-ela/,-1
900,Ela e Ela,musica900,musica900_trecho3,"Como eu vou falar pro meu amor Que eu tô sofrendo por amor E que esse amor não é o dela? E se ela descobrir, eu perco ela e ela Se ela descobrir, eu perco ela e ela",Zé Neto e Cristiano,2023,38,https://www.letras.mus.br/ze-neto-cristiano/ela-e-ela/,-1
760,Ele e Ela (part. Grupo Menos É Mais),musica760,musica760_trecho2,"Ele com saudade dela No meio de uns pega, foi abrir a tela E deu de cara, com a cara dela Mensagem dela Aí já era",Hugo & Guilherme,2025,26,https://www.letras.mus.br/hugo-guilherme/ele-e-ela-part-grupo-menos-e-mais/,-1
434,Ele Quer Ser Eu,musica434,musica434_trecho1,"Você vive me procurando nele E hoje está com ele Sua cabeça está em outro lugar Até o seu sorriso é de mentira Olha que ironia, você tá querendo me comparar Quer ensinar pra ele o que aprendeu comigo O gosto pela roupa, a cor do vestido Duvido que ele foi além do que a gente foi Eu fico imaginando vocês dois, mas eu duvido Duvido que ele te amou mais do que eu te amei",Henrique & Juliano,2015,76,https://www.letras.mus.br/henrique-e-juliano/ele-quer-ser-eu/,-1
434,Ele Quer Ser Eu,musica434,musica434_trecho2,Ele também usa preto Tem os meus defeitos Gosta de cabelo cacheado Sei que ele quer ser eu Ele é quase eu Mas não é ele quem você quer ter do lado,Henrique & Juliano,2015,32,https://www.letras.mus.br/henrique-e-juliano/ele-quer-ser-eu/,-1
434,Ele Quer Ser Eu,musica434,musica434_trecho3,Ele também usa preto Tem os meus defeitos Gosta de cabelo cacheado Ele nunca vai ser eu Não deixa ele saber Que ainda ama o seu passado,Henrique & Juliano,2015,27,https://www.letras.mus.br/henrique-e-juliano/ele-quer-ser-eu/,-1
935,Elevador,musica935,musica935_trecho1,"Todo fim de briga é assim Cê fecha a cara, arruma as malas Aperta o elevador, nem espera subir Muda de ideia, volta e dorme aqui",Hugo & Guilherme,2023,26,https://www.letras.mus.br/hugo-guilherme/elevador/,-1
935,Elevador,musica935,musica935_trecho3,"O prédio inteiro sabe que a gente acabou Não foi só eu, até o porteiro chorou E de você o que sobrou Só a saudade Seu cheiro no elevador",Hugo & Guilherme,2023,29,https://www.letras.mus.br/hugo-guilherme/elevador/,-1
1181,Enamorado,musica1181,musica1181_trecho1,"Já não sei se é amor O que eu sinto no meu coração Eu só sei que esse amor Me envolve, eu não sei dizer não",Eduardo Costa,2013,26,https://www.letras.mus.br/eduardo-costa/enamorado/,-1
738,Enquanto Houver Razões,musica738,musica738_trecho5,"Eu vou deixar você voar Bater as suas asas pra longe de mim Mas só pra ver você voltar E toda arrependida me dizer Amor, te quero, sim",Jorge & Mateus,2012,28,https://www.letras.mus.br/jorge-mateus/enquanto-houver-razoes/,-1
310,Enquanto o Sol Brilhar (Amor Sem Fim),musica310,musica310_trecho3,Meu amor Enquanto o sol brilhar eu nunca vou dizer adeus Como os peixes que não vivem sem o mar Eu também não vivo sem os beijos teus,Matogrosso & Mathias,2025,28,https://www.letras.mus.br/matogrosso-e-mathias/112666/,-1
310,Enquanto o Sol Brilhar (Amor Sem Fim),musica310,musica310_trecho5,"Passam os anos, e eu te amo cada vez mais",Matogrosso & Mathias,2025,10,https://www.letras.mus.br/matogrosso-e-mathias/112666/,-1
883,Então Valeu,musica883,musica883_trecho4,"Então valeu te ver, mas eu preciso te falar Tô bem melhor e alguém no seu lugar me faz feliz E sabe me amar, então valeu demais te encontrar",Jorge & Mateus,2022,29,https://www.letras.mus.br/jorge-mateus/entao-valeu/,-1
1553,Entre Quatro Paredes,musica1553,musica1553_trecho1,"Sabe, nosso problema é igualdade Já estamos conscientes Que por mais que a gente tente Não dá certo, mas quem sabe o certo é assim",Marília Mendonça,2015,25,https://www.letras.mus.br/marilia-mendonca/entre-quatro-paredes/,-1
1553,Entre Quatro Paredes,musica1553,musica1553_trecho2,Lembra de como tudo era perfeito Mas assim é todo começo A gente esconde os defeitos Até se conhecer melhor,Marília Mendonça,2015,20,https://www.letras.mus.br/marilia-mendonca/entre-quatro-paredes/,-1
453,Escolhas,musica453,musica453_trecho1,Se o céu tá nublado Se o dia tá claro Se o clima tá quente Ou se vai chover São coisas que a gente não pode prever,Zé Neto e Cristiano,2023,27,https://www.letras.mus.br/ze-neto-cristiano/escolhas/,-1
453,Escolhas,musica453,musica453_trecho3,De tombo em tombo Porrada em porrada Depois de umas bocas erradas Tem beijo que é divisão de mágoas,Zé Neto e Cristiano,2023,19,https://www.letras.mus.br/ze-neto-cristiano/escolhas/,-1
453,Escolhas,musica453,musica453_trecho4,Tipo esse seu Que a gente não escolhe Simplesmente acha,Zé Neto e Cristiano,2023,10,https://www.letras.mus.br/ze-neto-cristiano/escolhas/,-1
453,Escolhas,musica453,musica453_trecho6,"Eu escolhi perdoar Com você, evoluir E o que passou, deixar passar Eu escolho ser feliz",Zé Neto e Cristiano,2023,16,https://www.letras.mus.br/ze-neto-cristiano/escolhas/,-1
453,Escolhas,musica453,musica453_trecho7,"Se hoje eu tô de terno preto E você, de noiva É por causa das nossas escolhas",Zé Neto e Cristiano,2023,17,https://www.letras.mus.br/ze-neto-cristiano/escolhas/,-1
453,Escolhas,musica453,musica453_trecho11,"Eu escolho perdoar Com você, evoluir E o que passou, deixar passar Eu escolho ser feliz",Zé Neto e Cristiano,2023,16,https://www.letras.mus.br/ze-neto-cristiano/escolhas/,-1
453,Escolhas,musica453,musica453_trecho12,"Se hoje eu tô de terno preto E você, de noiva É por causa das nossas escolhas Das nossas escolhas",Zé Neto e Cristiano,2023,20,https://www.letras.mus.br/ze-neto-cristiano/escolhas/,-1
61,Escreve Aí,musica61,musica61_trecho1,"Te falo tanta coisa enquanto tento segurar a lágrima Que insiste em cair Entro no meu carro, abro o vidro e, antes de ir embora Eu te digo: Olha aqui, ainda vou te esquecer Escreve aí",Luan Santana,2015,36,https://www.letras.mus.br/luan-santana/escreve-ai/,-1
61,Escreve Aí,musica61,musica61_trecho2,"Chego em casa, dou de cara com a sua foto Uma ducha e um vinho pra acalmar E eu penso: Vou partir pra outra logo Mas quem é que eu tô tentando enganar? Mas quem é que eu tô tentando enganar?",Luan Santana,2015,41,https://www.letras.mus.br/luan-santana/escreve-ai/,-1
61,Escreve Aí,musica61,musica61_trecho3,É só você fazer assim Que eu volto É só você fazer assim Que eu volto Que eu volto,Luan Santana,2015,19,https://www.letras.mus.br/luan-santana/escreve-ai/,-1
61,Escreve Aí,musica61,musica61_trecho4,É que eu te amo e falo na sua cara Se tirar você de mim não sobra nada O teu sorriso me desmonta inteiro Até um simples estalar de dedos Talvez você tenha deixado eu ir Pra ter o gosto de me ver aqui Fraco demais para continuar Juntando forças pra poder falar,Luan Santana,2015,53,https://www.letras.mus.br/luan-santana/escreve-ai/,-1
61,Escreve Aí,musica61,musica61_trecho5,"Que eu volto, é só você sorrir Que eu volto, é só fazer assim Que eu volto Eu volto Eu volto",Luan Santana,2015,21,https://www.letras.mus.br/luan-santana/escreve-ai/,-1
61,Escreve Aí,musica61,musica61_trecho9,"Que eu volto, é só você sorrir Que eu volto, é só fazer assim Que eu volto, é só fazer assim Que eu volto Eu volto Eu volto",Luan Santana,2015,28,https://www.letras.mus.br/luan-santana/escreve-ai/,-1
652,Escrito Nas Estrelas,musica652,musica652_trecho3,"Caso do acaso bem marcado em cartas de tarô, oh-oh Meu amor, esse amor de cartas claras sobre a mesa é assim Signo do destino, que surpresa ele nos preparou, oh-oh Meu amor, esse amor estava escrito nas estrelas, tava sim",Lauana Prado,2024,41,https://www.letras.mus.br/lauana-prado/escrito-nas-estrelas/,-1
1425,Espaçosa Demais,musica1425,musica1425_trecho4,Tem como ser um pouco menos linda? Tem como eu ser o dono da minha vida? Tem como não ser assim tão perfeita? Já tomou meu coração e tá subindo pra cabeça,Felipe Araújo,2019,32,https://www.letras.mus.br/felipe-araujo/espacosa-demais/,-1
1425,Espaçosa Demais,musica1425,musica1425_trecho11,Espaçosa demais Espaçosa demais Já tomou meu coração e tá subindo pra cabeça,Felipe Araújo,2019,13,https://www.letras.mus.br/felipe-araujo/espacosa-demais/,-1
1152,Espelho,musica1152,musica1152_trecho1,"Baby, as palavras estão mudas As conversas tão vazias As explicações são vagas Só eu sei como eu queria falar do meu amor Abertamente sim, ir até o fim Só eu conheço a dor de não acreditar Que mereço ser feliz",Jorge & Mateus,2009,41,https://www.letras.mus.br/jorge-mateus/1444404/,-1
1152,Espelho,musica1152,musica1152_trecho4,"As explicações são vagas Só eu sei como eu queria falar do meu amor Abertamente sim, ir até o fim Só eu conheço a dor de não acreditar Que mereço ser feliz",Jorge & Mateus,2009,32,https://www.letras.mus.br/jorge-mateus/1444404/,-1
1152,Espelho,musica1152,musica1152_trecho7,Seria tão bom só eu e você Mas te faço sofrer E é sem querer Eu fujo da dor Eu tenho pavor da solidão Me perdoa coração,Jorge & Mateus,2009,27,https://www.letras.mus.br/jorge-mateus/1444404/,-1
1287,Esperando Na Janela,musica1287,musica1287_trecho2,Você é a escada na minha subida Você é o amor da minha vida É o meu abrir de olhos do amanhecer Verdade que me leva a viver Você é a espera na janela A ave que vem de longe tão bela A esperança que arde em calor Você é a tradução do que é o amor,César Menotti & Fabiano,2005,57,https://www.letras.mus.br/cesar-menotti-e-fabiano/566161/,-1
448,Esqueça-Me Se For Capaz (part. Maiara & Maraisa),musica448,musica448_trecho1,"Já que devolveu minhas roupas Já que arquivou nossas fotos Deve ter outra pessoa, aposto",Marília Mendonça,2021,15,https://www.letras.mus.br/marilia-mendonca/esqueca-me-se-for-capaz/,-1
448,Esqueça-Me Se For Capaz (part. Maiara & Maraisa),musica448,musica448_trecho2,"Tá aproveitando a vida, os novos amigos Indo para lugares que não ia comigo Tá se enganando e nem sabe disso",Marília Mendonça,2021,21,https://www.letras.mus.br/marilia-mendonca/esqueca-me-se-for-capaz/,-1
448,Esqueça-Me Se For Capaz (part. Maiara & Maraisa),musica448,musica448_trecho4,"Pode namorar e postar para tentar tirar minha paz Mudar telefone, de cidade, vai Mas esqueça-me se for capaz",Marília Mendonça,2021,19,https://www.letras.mus.br/marilia-mendonca/esqueca-me-se-for-capaz/,-1
448,Esqueça-Me Se For Capaz (part. Maiara & Maraisa),musica448,musica448_trecho8,Esqueça-me se for capaz Esqueça-me se for capaz (Esqueça-me se for capaz),Marília Mendonça,2021,12,https://www.letras.mus.br/marilia-mendonca/esqueca-me-se-for-capaz/,-1
1432,Esquece o Medo,musica1432,musica1432_trecho2,Que foi que deu em você? Será que não percebe o meu olhar,Jorge & Mateus,2010,13,https://www.letras.mus.br/jorge-mateus/1716851/,-1
1215,Esqueci de Te Esquecer,musica1215,musica1215_trecho1,Eu sei que já não tenho idade pra ficar tão dependente Mas eu mudei quanto te olhei Você me fez pensar pra frente Por mais que eu tente desviar Tô sempre em sua direção Parece que soltei do mundo E segurei só na sua mão,Luan Santana,2012,45,https://www.letras.mus.br/luan-santana/1917738/,-1
1215,Esqueci de Te Esquecer,musica1215,musica1215_trecho5,"Se quiser saber Minha alegria é te ver, te ver, te ver Quem sabe eu te quero Tanto assim porque esqueci de te esquecer",Luan Santana,2012,24,https://www.letras.mus.br/luan-santana/1917738/,-1
338,Esqueci Você,musica338,musica338_trecho3,"Se eu te ligo da mesa do bar Se você já cansou de escutar Que um dia eu iria esquecer Esse dia chegou, acabou de chegar Se ainda guardo lembranças de nós Na memória do meu celular Se carrego comigo a foto Que a gente tirou lá na beira do mar Tudo isso é pra você lembrar Lembrar que eu te esqueci",Henrique & Diego,2015,62,https://www.letras.mus.br/henrique-diego/esqueci-voce/,-1
338,Esqueci Você,musica338,musica338_trecho8,Tudo isso é pra você lembrar Lembrar que eu te esqueci,Henrique & Diego,2015,11,https://www.letras.mus.br/henrique-diego/esqueci-voce/,-1
1358,Essas Nossas Brigas,musica1358,musica1358_trecho1,"Tô sofrendo e tô fazendo você sofrer O que a gente tá vivendo não tem nada a ver É melhor cada um seguir o seu caminho Toda hora a gente briga sem explicação Não tem amor, não tem respeito, não tem paixão E por isso que eu prefiro é ficar sozinha",Marília Mendonça,2015,51,https://www.letras.mus.br/marilia-mendonca/essas-nossas-brigas/,-1
1358,Essas Nossas Brigas,musica1358,musica1358_trecho3,Não vejo outra saída Pra essas nossas brigas Melhor é dar um tempo Pra que sofrimento? Segue a sua vida,Marília Mendonça,2015,20,https://www.letras.mus.br/marilia-mendonca/essas-nossas-brigas/,-1
1358,Essas Nossas Brigas,musica1358,musica1358_trecho4,Eu vou seguir a minha Seguir o meu destino E seja como for Que venha um novo amor Que eu já tô de saída,Marília Mendonça,2015,24,https://www.letras.mus.br/marilia-mendonca/essas-nossas-brigas/,-1
1358,Essas Nossas Brigas,musica1358,musica1358_trecho9,Eu vou seguir a minha Seguir o meu destino E seja como for Que venha um novo amor Eu já tô de saída,Marília Mendonça,2015,23,https://www.letras.mus.br/marilia-mendonca/essas-nossas-brigas/,-1
709,Esta Noite Foi Maravilhosa (Wonderful Tonight),musica709,musica709_trecho3,Esta noite eu sou O homem mais feliz que o amor já fez Meu silêncio quer dizer Pra você mais uma vez Como eu te amo,Leonardo,2006,26,https://www.letras.mus.br/leonardo/487499/,-1
709,Esta Noite Foi Maravilhosa (Wonderful Tonight),musica709,musica709_trecho4,"As luzes se apagam, a festa acabou Sobre o banco do carro fazemos amor Maravilhosa! Seu sorriso me diz Mais uma noite em que a gente foi feliz",Leonardo,2006,28,https://www.letras.mus.br/leonardo/487499/,-1
618,Estranho,musica618,musica618_trecho1,"Deixa eu perguntar uma coisa Não tá dando certo entre a gente? Quem cala, consente Eu acho que deu pra entender",Marília Mendonça,2018,21,https://www.letras.mus.br/marilia-mendonca/estranho/,-1
618,Estranho,musica618,musica618_trecho2,Minha mão já não tá mais na sua A gente anda pela rua separados Nem parecemos namorados,Marília Mendonça,2018,17,https://www.letras.mus.br/marilia-mendonca/estranho/,-1
241,Estrelinha (part. Di Paullo & Paulino),musica241,musica241_trecho1,"Enxugue esse rosto E venha aqui fora, como de costume Vamos conversar Pra te alegrar tem até vaga-lumes",Marília Mendonça,2018,18,https://www.letras.mus.br/marilia-mendonca/estrelinha-part-di-paullo-e-paulino/,-1
241,Estrelinha (part. Di Paullo & Paulino),musica241,musica241_trecho2,Tem dia que vai piorar Saudade vai apertar Até que cê tá indo bem Faz falta aqui pra mim também,Marília Mendonça,2018,20,https://www.letras.mus.br/marilia-mendonca/estrelinha-part-di-paullo-e-paulino/,-1
241,Estrelinha (part. Di Paullo & Paulino),musica241,musica241_trecho6,"Hoje é minha morada A minha casinha Mesmo que de longe, tão pequenininha Ela brilha mais toda vez que te vê",Marília Mendonça,2018,21,https://www.letras.mus.br/marilia-mendonca/estrelinha-part-di-paullo-e-paulino/,-1
241,Estrelinha (part. Di Paullo & Paulino),musica241,musica241_trecho7,"Enxugue esse rosto E venha aqui fora, como de costume Vamos conversar Pra te alegrar tem até vaga-lume",Marília Mendonça,2018,18,https://www.letras.mus.br/marilia-mendonca/estrelinha-part-di-paullo-e-paulino/,-1
1364,Estressada,musica1364,musica1364_trecho1,Quando a gente começou Estava tudo tão bem Você só pensava em mim Eu não pensava em ninguém,César Menotti & Fabiano,2012,18,https://www.letras.mus.br/cesar-menotti-e-fabiano/estressada/,-1
1364,Estressada,musica1364,musica1364_trecho2,"Era só carinho, era só amor Era só beijinho e paixão Era tudo flor, não existia dor Era a mais perfeita emoção",César Menotti & Fabiano,2012,22,https://www.letras.mus.br/cesar-menotti-e-fabiano/estressada/,-1
1364,Estressada,musica1364,musica1364_trecho3,"Foi ficando diferente, sua atitude mudou Daquela flor tão bonita Só o espinho ficou Espetou, espetou, espetou, espetou",César Menotti & Fabiano,2012,18,https://www.letras.mus.br/cesar-menotti-e-fabiano/estressada/,-1
1364,Estressada,musica1364,musica1364_trecho5,"Êta, mulher estressada Eu não consigo entender Mesmo chata e complicada Eu ainda amo você",César Menotti & Fabiano,2012,15,https://www.letras.mus.br/cesar-menotti-e-fabiano/estressada/,-1
1562,Eu Aposto,musica1562,musica1562_trecho1,"Eu aposto a minha vida Meu sorriso, o meu dinheiro Quando seu rosto Encostar no travesseiro Seus pensamentos Vão tentar achar os meus",Eduardo Costa,2008,23,https://www.letras.mus.br/eduardo-costa/1280568/,-1
1562,Eu Aposto,musica1562,musica1562_trecho3,Ah eu aposto que as suas noites Vão ser longas e vazias Vai me lembrar Chorar e até contar os dias A solidão não vai caber Em nossa casa,Eduardo Costa,2008,29,https://www.letras.mus.br/eduardo-costa/1280568/,-1
1562,Eu Aposto,musica1562,musica1562_trecho4,"Se eu perder, vai doer menos Do que está doendo agora Quando você me disse: Chega, tô indo embora Meu coração me disse: Aposta, que ela volta",Eduardo Costa,2008,27,https://www.letras.mus.br/eduardo-costa/1280568/,-1
519,Eu Era,musica519,musica519_trecho3,"Aí lembrou de mim, não teve jeito Aí lembrou de mim, não teve jeito",Marcos & Belutti,2017,14,https://www.letras.mus.br/marcos-belutti/eu-era/,-1
519,Eu Era,musica519,musica519_trecho5,"Aí você se lembra que a gente se completa E vai voltar pra mim, se for um pouco esperta Porque esse alguém perfeito que você tanto espera Eu era, eu era Eu era",Marcos & Belutti,2017,33,https://www.letras.mus.br/marcos-belutti/eu-era/,-1
519,Eu Era,musica519,musica519_trecho10,"Aí você se lembra que a gente se completa E vai voltar pra mim, se for um pouco esperta Porque esse alguém perfeito que você tanto espera Eu era, eu era",Marcos & Belutti,2017,31,https://www.letras.mus.br/marcos-belutti/eu-era/,-1
519,Eu Era,musica519,musica519_trecho12,"Aí você se lembra que a gente se completa E vai voltar pra mim, se for um pouco esperta Porque esse alguém perfeito que você tanto espera Eu era, eu era, eu era Eu era",Marcos & Belutti,2017,35,https://www.letras.mus.br/marcos-belutti/eu-era/,-1
405,Eu Gosto Assim (part. Mari Fernandez),musica405,musica405_trecho1,Tem gente que não quer amor Só gosta do calor Que faz embaixo do lençol Que chega ainda tem Lua Passa a noite toda nua E vaza no nascer do Sol,Gustavo Mioto,2024,31,https://www.letras.mus.br/gustavo-mioto/eu-gosto-assim-part-mari-fernandez/,-1
405,Eu Gosto Assim (part. Mari Fernandez),musica405,musica405_trecho2,"E olha o que me aconteceu Achei alguém igual eu A gente se entende assim Porque nenhum dos dois é de pra sempre Mas eu gosto assim Ela não me ama, mas eu gosto assim A gente se pega sem se apegar A gente usa a cama só pra se usar Sem amar",Gustavo Mioto,2024,53,https://www.letras.mus.br/gustavo-mioto/eu-gosto-assim-part-mari-fernandez/,-1
405,Eu Gosto Assim (part. Mari Fernandez),musica405,musica405_trecho3,"Mas eu gosto assim Ele não me ama, mas eu gosto assim A gente se pega sem se apegar A gente usa a cama só pra se usar Sem amar Sem amar Sem amar",Gustavo Mioto,2024,34,https://www.letras.mus.br/gustavo-mioto/eu-gosto-assim-part-mari-fernandez/,-1
405,Eu Gosto Assim (part. Mari Fernandez),musica405,musica405_trecho5,Olha o que me aconteceu Achei alguém igual eu A gente se entende assim Porque nenhum dos dois é de pra sempre,Gustavo Mioto,2024,22,https://www.letras.mus.br/gustavo-mioto/eu-gosto-assim-part-mari-fernandez/,-1
405,Eu Gosto Assim (part. Mari Fernandez),musica405,musica405_trecho6,"Mas eu gosto assim Ela não me ama, mas eu gosto assim A gente se pega sem se apegar A gente usa a cama só pra se usar Sem amar",Gustavo Mioto,2024,30,https://www.letras.mus.br/gustavo-mioto/eu-gosto-assim-part-mari-fernandez/,-1
405,Eu Gosto Assim (part. Mari Fernandez),musica405,musica405_trecho7,"Mas eu gosto assim Ela não me ama, mas eu gosto assim A gente se pega sem se apegar A gente usa a cama só pra se usar Sem amar Sem amar Sem amar",Gustavo Mioto,2024,34,https://www.letras.mus.br/gustavo-mioto/eu-gosto-assim-part-mari-fernandez/,-1
405,Eu Gosto Assim (part. Mari Fernandez),musica405,musica405_trecho8,"Mas eu gosto assim A Mari não me ama, mas eu gosto assim A gente se pega sem se apegar A gente usa a cama só pra se usar Sem amar",Gustavo Mioto,2024,31,https://www.letras.mus.br/gustavo-mioto/eu-gosto-assim-part-mari-fernandez/,-1
999,Eu Ligo Pra Você,musica999,musica999_trecho1,"Desse jeito que eu ando Eu não sei se aguento mais uma semana Saudade é tanta E no meio da noite o corpo reclama A falta de você, a falta de você",Zé Neto e Cristiano,2015,32,https://www.letras.mus.br/ze-neto-cristiano/eu-ligo-pra-voce/,-1
999,Eu Ligo Pra Você,musica999,musica999_trecho2,"Tô jogado no canto Tô bebendo de um jeito que eu não bebia Saudade judia Quando olho a última fotografia Eu ligo pra você, eu ligo pra você",Zé Neto e Cristiano,2015,28,https://www.letras.mus.br/ze-neto-cristiano/eu-ligo-pra-voce/,-1
558,Eu Menti,musica558,musica558_trecho1,"Só tô mandando essa mensagem Pra dizer que eu tô com saudade Eu não consigo mais ficar longe Essa distância tá me machucando Cê vai chorar, se não tiver chorando Porque não é de nós Essa saudade que eu tô falando",Simone Mendes,2025,41,https://www.letras.mus.br/simone-mendes/eu-menti/,-1
558,Eu Menti,musica558,musica558_trecho3,"Muitas, muitas, muitas vezes O meu corpo é seu Mas meu coração ainda é dele",Simone Mendes,2025,15,https://www.letras.mus.br/simone-mendes/eu-menti/,-1
558,Eu Menti,musica558,musica558_trecho6,"Muitas, muitas, muitas vezes O meu corpo é seu Mas meu coração",Simone Mendes,2025,12,https://www.letras.mus.br/simone-mendes/eu-menti/,-1
1168,Eu Não Quero Casar,musica1168,musica1168_trecho1,"Eu tenho um amigo que chora e reclama Que, de sexta a domingo, sua balada é na cama Vendo os seus amigos que ainda estão solteiros Saindo todo dia, bebendo o dia inteiro, uôuô",Thiago Matheus,2017,34,https://www.letras.mus.br/thiagomatheus/eu-nao-quero-casar/,-1
1168,Eu Não Quero Casar,musica1168,musica1168_trecho2,"Mas não adianta avisar, pois quem quer casar Não quer escutar e quer pagar o preço Depois não adianta chorar e nem reclamar Quem quer casar escuta este conselho",Thiago Matheus,2017,29,https://www.letras.mus.br/thiagomatheus/eu-nao-quero-casar/,-1
1168,Eu Não Quero Casar,musica1168,musica1168_trecho6,"Mas não adianta avisar, pois quem quer casar Não quer escutar e quer pagar o preço Depois não adianta chorar e nem reclamar Pois quem quer casar escuta este conselho",Thiago Matheus,2017,30,https://www.letras.mus.br/thiagomatheus/eu-nao-quero-casar/,-1
1168,Eu Não Quero Casar,musica1168,musica1168_trecho8,Mas meu amigo conseguiu fugir E tá solteiro só por um dia Mas sua mulher já descobriu E acabou com sua alegria,Thiago Matheus,2017,22,https://www.letras.mus.br/thiagomatheus/eu-nao-quero-casar/,-1
1264,Eu Não Sou de Ninguém,musica1264,musica1264_trecho3,Sete dias da semana Sete festa pra curtir Sete bocas pra beijar Sete noites sem dormir,Humberto e Ronaldo,2012,16,https://www.letras.mus.br/humberto-ronaldo/eu-nao-sou-de-ninguem/,-1
1264,Eu Não Sou de Ninguém,musica1264,musica1264_trecho4,Sete namoradas Sete mil no bolso Sete carros na garagem Sete amigos loucos,Humberto e Ronaldo,2012,13,https://www.letras.mus.br/humberto-ronaldo/eu-nao-sou-de-ninguem/,-1
1264,Eu Não Sou de Ninguém,musica1264,musica1264_trecho5,"Meu coração criou asas E voou, voou, voou, voou Tô livre da tristeza E a felicidade me encontrou",Humberto e Ronaldo,2012,18,https://www.letras.mus.br/humberto-ronaldo/eu-nao-sou-de-ninguem/,-1
1264,Eu Não Sou de Ninguém,musica1264,musica1264_trecho6,Vou levando a vida Livre do amor Vou levando a vida Livre do amor,Humberto e Ronaldo,2012,14,https://www.letras.mus.br/humberto-ronaldo/eu-nao-sou-de-ninguem/,-1
1563,Eu Não Vou Aceitar,musica1563,musica1563_trecho1,"Aceito tudo de você, Tiro de mim só pra te dar prazer Troco meu jogo por novela Meu futebol por cem mil rosas amarelas Perde a cabeça sempre que eu esqueço O dia e o mês do primeiro beijo E no banheiro sempre reclama Do meu jeito de menino que só te ama Meu sentimento não te engana...",Bruno & Marrone,2012,58,https://www.letras.mus.br/bruno-e-marrone/eu-nao-vou-aceitar/,-1
1563,Eu Não Vou Aceitar,musica1563,musica1563_trecho2,"Você não pode saber, Que sou nada sem você e se você partir",Bruno & Marrone,2012,13,https://www.letras.mus.br/bruno-e-marrone/eu-nao-vou-aceitar/,-1
1563,Eu Não Vou Aceitar,musica1563,musica1563_trecho7,"Eu não vou aceitar, (faço tudo por você) Eu não vou aceitar, (faço tudo por você) Eu não vou aceitar, (tiro de mim só pra te dar prazer).",Bruno & Marrone,2012,28,https://www.letras.mus.br/bruno-e-marrone/eu-nao-vou-aceitar/,-1
1138,Eu Quero Ser Teu Sol,musica1138,musica1138_trecho3,Eu quero ser teu sol Eu quero ser teu ar Sua respiração A fonte desse amor Veio do seu olhar Direto pro coração,Jorge & Mateus,2012,23,https://www.letras.mus.br/jorge-mateus/eu-quero-ser-o-teu-sol/,-1
646,Eu Quero Só Você,musica646,musica646_trecho1,O que todos querem é só separar nós dois Você é o que eu quero e vou continuar te amando Eu não tô nem aí pro que os outros vão dizer O que a gente sente ninguém tem nada a ver,Jorge & Mateus,2012,41,https://www.letras.mus.br/jorge-mateus/1938456/,-1
646,Eu Quero Só Você,musica646,musica646_trecho4,Eu amo você E não me importa o que vão dizer Eu quero só você Eu quero só você Eu quero só você E não me importa o que vão dizer Eu quero só você Eu quero só você,Jorge & Mateus,2012,39,https://www.letras.mus.br/jorge-mateus/1938456/,-1
646,Eu Quero Só Você,musica646,musica646_trecho7,Eu quero só você E não me importa o que vão dizer Eu quero só você Eu quero só você E não me importa o que vão dizer Eu quero só você Eu quero só você,Jorge & Mateus,2012,36,https://www.letras.mus.br/jorge-mateus/1938456/,-1
1150,Eu Respiro Você,musica1150,musica1150_trecho1,"O tempo para, não sei por que Quando estou perto de você Um sentimento que me faz bem Ao teu lado, não preciso de ninguém",Jorge & Mateus,2009,25,https://www.letras.mus.br/jorge-mateus/1486840/,-1
1150,Eu Respiro Você,musica1150,musica1150_trecho4,"Sigo vivendo você Vivo pra poder te ter Meu ar, tô precisando respirar Mas sem você não consigo",Jorge & Mateus,2009,18,https://www.letras.mus.br/jorge-mateus/1486840/,-1
1150,Eu Respiro Você,musica1150,musica1150_trecho5,"Vivo pensando em você É impossível te esquecer Meu bem, eu sem você não sou ninguém Te quero pra sempre comigo",Jorge & Mateus,2009,21,https://www.letras.mus.br/jorge-mateus/1486840/,-1
68,Eu Sei de Cor,musica68,musica68_trecho8,"E quando se der conta, já passou Quando olhar pra trás, já fui embora",Marília Mendonça,2017,14,https://www.letras.mus.br/marilia-mendonca/eu-sei-de-cor/,-1
1227,Eu Te Achei,musica1227,musica1227_trecho1,"Se queres saber Só vivo por existir você Pare de esconder Somos corpo e alma, pode crer",Gusttavo Lima,2011,17,https://www.letras.mus.br/gusttavo-lima/1763752/,-1
1290,Eu Te Esperarei,musica1290,musica1290_trecho1,"Eu te esperarei, nós sentaremos juntos frente ao mar E de mãos dadas vamos caminhar Mesmo que passe toda a minha vida, eu te esperarei E nos teus olhos ainda existe amor E seu olhar me disse ""eu voltarei"" Mesmo que passe toda minha vida, eu te esperarei",Simone & Simaria,2013,48,https://www.letras.mus.br/simone-simaria-as-coleguinhas/eu-te-esperarei-1/,-1
1290,Eu Te Esperarei,musica1290,musica1290_trecho3,"Eu te esperarei, nós sentaremos juntos frente ao mar E de mãos dadas vamos caminhar Mesmo que passe toda a minha vida, eu te esperarei E nos teus olhos ainda existe amor E seu olhar me disse eu voltarei Mesmo que passe toda a minha vida, eu te esperarei",Simone & Simaria,2013,49,https://www.letras.mus.br/simone-simaria-as-coleguinhas/eu-te-esperarei-1/,-1
1290,Eu Te Esperarei,musica1290,musica1290_trecho5,"Nós sentaremos juntos frente ao mar E de mãos dadas vamos caminhar Mesmo que passe toda a minha vida, eu te esperarei E nos teus olhos ainda existe amor E seu olhar me disse eu voltarei Mesmo que passe toda a minha vida, eu te esperarei",Simone & Simaria,2013,46,https://www.letras.mus.br/simone-simaria-as-coleguinhas/eu-te-esperarei-1/,-1
1395,Eu Te Quero Sim,musica1395,musica1395_trecho1,"Eu não sei dizer realmente o que aconteceu O teu olhar feito um cometa Veio de encontro ao meu Confundiu meu coração não sei explicar A todo instante, a toda hora você está em mim Você é a flor mais linda de todo jardim Não vai se livrar de mim pode acreditar",Gusttavo Lima,2010,52,https://www.letras.mus.br/gusttavo-lima/1701779/,-1
41,Eu Te Seguro,musica41,musica41_trecho4,"Vestida ou desarrumada Com humor ou emburrada E quando tiver caindo o seu mundo No dia em que se sentir insegura, eu te seguro",Panda Cantor,2025,24,https://www.letras.mus.br/panda-cantor/eu-te-seguro/,-1
41,Eu Te Seguro,musica41,musica41_trecho7,"Vestida ou desarrumada Com humor ou emburrada E quando tiver caindo o seu mundo No dia em que se sentir insegura, eu te seguro Confia em mim",Panda Cantor,2025,27,https://www.letras.mus.br/panda-cantor/eu-te-seguro/,-1
1366,Eu Tentei (part. Mateus),musica1366,musica1366_trecho2,"Tudo que a brisa leva Um dia volta com o vento Sinto uma coisa muito forte É o fim do sofrimento Por muito tempo eu tentei Eu corri contra o tempo, eu sei Só de saudades eu vou vivendo E assim eu não aguento, eu tentei",Matheus & Kauan,2012,46,https://www.letras.mus.br/matheus-kauan/1746810/,-1
1366,Eu Tentei (part. Mateus),musica1366,musica1366_trecho4,"Por muito tempo eu tentei Eu corri contra o tempo, eu sei Só de saudades eu vou vivendo E assim eu não aguento, eu tentei Tudo que a brisa leva Um dia volta com o vento Sinto uma coisa muito forte É o fim do sofrimento",Matheus & Kauan,2012,46,https://www.letras.mus.br/matheus-kauan/1746810/,-1
1366,Eu Tentei (part. Mateus),musica1366,musica1366_trecho5,"Por muito tempo eu tentei Eu corri contra o tempo, eu sei Só de saudades eu vou vivendo E assim eu não aguento, eu tentei Eu tentei",Matheus & Kauan,2012,27,https://www.letras.mus.br/matheus-kauan/1746810/,-1
1577,Eu Tô Jogando Verde,musica1577,musica1577_trecho2,Tô esperando Porque tá gaguejando? Pode contar o que fez ontem à noite Quero saber de tudo E não me esconda nada Vamos acabar logo com essa palhaçada,Luan Santana,2009,28,https://www.letras.mus.br/luan-santana/1546174/,-1
1353,"Eu Vou Contar Procêis (part. Jorge e Mateus, Gusttavo Lima e Israel Novaes)",musica1353,musica1353_trecho1,"Eu vou contar pro cêis, eu vou contar pro cêis A história de um amor, de tudo que ela me fez Eu vou contar pro cêis, eu vou contar pro cêis A história de um amor, de tudo que ela me fez",Humberto e Ronaldo,2012,42,https://www.letras.mus.br/humberto-ronaldo/eu-vou-contar-pro-ceis/,-1
1353,"Eu Vou Contar Procêis (part. Jorge e Mateus, Gusttavo Lima e Israel Novaes)",musica1353,musica1353_trecho10,"Eu vou contar pro cêis, eu vou contar pro cêis A história de um amor, de tudo que ela me fez Eu vou contar pro cêis, eu vou contar pro cêis A história de um amor, de tudo que ela me fez A história de um amor, de tudo que ela me fez",Humberto e Ronaldo,2012,53,https://www.letras.mus.br/humberto-ronaldo/eu-vou-contar-pro-ceis/,-1
1182,Eu Vou Pegar Você e Tãe,musica1182,musica1182_trecho1,"Eu vou pegar você e tãe, tãe, tãe, tãe Eu vou morder você todinha Eu vou pegar você e tãe, tãe, tãe, tãe Vou dar tapinha na bundinha",Munhoz & Mariano,2011,28,https://www.letras.mus.br/munhoz-mariano/1990026/,-1
1182,Eu Vou Pegar Você e Tãe,musica1182,musica1182_trecho2,"Você passa por mim, finge que não me vê Eu fico aqui sonhando, apaixonado por você Que não olha pra mim, que nunca me dá bola Tô me acabando todo enquanto você rebola",Munhoz & Mariano,2011,33,https://www.letras.mus.br/munhoz-mariano/1990026/,-1
1552,Eu Vou Te Buscar (part. Hungria),musica1552,musica1552_trecho3,"Cha-la-la-la-la Você rouba a beleza de qualquer lugar Cha-la-la-la-la Você volta, ou eu vou aí te buscar Cha-la-la-la-la Já tentei, fiz de tudo, sem você não dá Cha-la-la-la-la Você volta, ou eu vou aí te buscar",Gusttavo Lima,2018,36,https://www.letras.mus.br/gusttavo-lima/eu-vou-te-buscar/,-1
1552,Eu Vou Te Buscar (part. Hungria),musica1552,musica1552_trecho4,"Olha eu louco de novo, dia de semana, seus lábios me chama E por falar em chama, tem cinza em cima da cama O calor que você deixou e queimou esse corpo Rio de Janeiro tá sem graça sem seu jeito louco Me lembrei daquela sexta só com a luz de vela Pensando alto, igual as pipa no céu da favela Seu GPS tá ligado no meu celular Vai voltar por contra própria, ou eu vou te buscar",Gusttavo Lima,2018,78,https://www.letras.mus.br/gusttavo-lima/eu-vou-te-buscar/,-1
1552,Eu Vou Te Buscar (part. Hungria),musica1552,musica1552_trecho6,"Cha-la-la-la-la Você rouba a beleza de qualquer lugar (de qualquer lugar) Cha-la-la-la-la Você volta, ou eu vou aí te buscar (olha que eu vou, olha que eu vou) Cha-la-la-la-la Já tentei, fiz de tudo, sem você não dá Cha-la-la-la-la Você volta, ou eu vou aí te buscar Eu vou te buscar",Gusttavo Lima,2018,51,https://www.letras.mus.br/gusttavo-lima/eu-vou-te-buscar/,-1
1552,Eu Vou Te Buscar (part. Hungria),musica1552,musica1552_trecho7,"Cha-la-la-la-la Já tentei, fiz de tudo, sem você não dá Cha-la-la-la-la Você volta, ou eu vou aí te buscar Eu vou te buscar",Gusttavo Lima,2018,23,https://www.letras.mus.br/gusttavo-lima/eu-vou-te-buscar/,-1
1552,Eu Vou Te Buscar (part. Hungria),musica1552,musica1552_trecho8,Já que é pra falar de amor Qual homem que nunca chorou? Tá difícil sem essa mina Hungria e Gusttavo Lima Eu vou te buscar,Gusttavo Lima,2018,25,https://www.letras.mus.br/gusttavo-lima/eu-vou-te-buscar/,-1
957,Eu Vou Te Levantar,musica957,musica957_trecho1,Porque estás assim? Cabisbaixo e comigo já não fala mais? Cada dia que se passa mais distante Eu não vejo mais você me procurar Eu não vejo mais você se ajoelhar Eu não vejo você comigo falar O que aconteceu?,Lucas Roque e Gabriel,2020,40,https://www.letras.mus.br/lucas-rock-e-gabriel/eu-vou-te-levantar/,-1
957,Eu Vou Te Levantar,musica957,musica957_trecho2,Faz tempo que a gente não conversa Faz tempo que você não se alegra Faz muito tempo que eu quero te dizer Como eu vou fazer!,Lucas Roque e Gabriel,2020,26,https://www.letras.mus.br/lucas-rock-e-gabriel/eu-vou-te-levantar/,-1
957,Eu Vou Te Levantar,musica957,musica957_trecho10,Por que estás assim?,Lucas Roque e Gabriel,2020,4,https://www.letras.mus.br/lucas-rock-e-gabriel/eu-vou-te-levantar/,-1
478,"Eu, Você, o Mar e Ela",musica478,musica478_trecho1,"Ser romântico às vezes ajuda Mas se fecho os olhos, te imagino nua Talvez pareça uma cena de Hollywood Se tá pensando isso, por favor não se ilude",Luan Santana,2016,28,https://www.letras.mus.br/luan-santana/eu-voce-o-mar-e-ela/,-1
478,"Eu, Você, o Mar e Ela",musica478,musica478_trecho2,"Eu só quero uma noite de amor Como as outras, só mais uma que passou",Luan Santana,2016,15,https://www.letras.mus.br/luan-santana/eu-voce-o-mar-e-ela/,-1
53,Evento Cancelado,musica53,musica53_trecho1,"Se eu quietasse a boca Evitava esse choro, esse cheiro de álcool na roupa E a fumaça na sala e um cinzeiro cheio de arrependimento",Henrique & Juliano,2022,25,https://www.letras.mus.br/henrique-e-juliano/evento-cancelado/,-1
53,Evento Cancelado,musica53,musica53_trecho2,"Eu perdi minha chance quando me entreguei pra outro alguém Se não for com você, não vai ser com ninguém",Henrique & Juliano,2022,20,https://www.letras.mus.br/henrique-e-juliano/evento-cancelado/,-1
53,Evento Cancelado,musica53,musica53_trecho3,Dói saber Que os nossos filhos nem vão nascer Dói saber Que não vai ter festa e nem briga pelo seu buquê,Henrique & Juliano,2022,22,https://www.letras.mus.br/henrique-e-juliano/evento-cancelado/,-1
53,Evento Cancelado,musica53,musica53_trecho5,"Evento cancelado, vestido diferente Curto e vermelho pra seguir em frente E eu, eu sigo solteiro pra sempre",Henrique & Juliano,2022,18,https://www.letras.mus.br/henrique-e-juliano/evento-cancelado/,-1
1570,Ex do Seu Atual,musica1570,musica1570_trecho5,"Prazer, eu sou a ex do seu atual Não me leve a mal Cê tá num beco sem saída Ele vai ferrar com a sua vida",Naiara Azevedo,2016,26,https://www.letras.mus.br/naiara-azevedo/ex-do-seu-atual/,-1
1489,Exclusividade,musica1489,musica1489_trecho1,"É, faz uma semana que eu quero te ver Coração tá sentindo falta de você Manda uma mensagem, um sinal Deixa um recado na caixa postal",Matheus & Kauan,2017,26,https://www.letras.mus.br/matheus-kauan/exclusividade/,-1
1489,Exclusividade,musica1489,musica1489_trecho2,"Que eu fiquei sabendo que cê não tá bem Que tá sentindo minha falta também Do meu calor, do meu carinho E dos beijos quentes que eu te dava",Matheus & Kauan,2017,29,https://www.letras.mus.br/matheus-kauan/exclusividade/,-1
1489,Exclusividade,musica1489,musica1489_trecho4,"Mas não dá certo, é melhor parar A gente se assume ou para por aqui Que a gente se ama, não dá pra negar Então, peço desculpas se eu te fiz chorar",Matheus & Kauan,2017,32,https://www.letras.mus.br/matheus-kauan/exclusividade/,-1
1489,Exclusividade,musica1489,musica1489_trecho5,"E longe de você Eu peço socorro Mas é só te ver O tempo para, a boca seca, o peito pega fogo",Matheus & Kauan,2017,22,https://www.letras.mus.br/matheus-kauan/exclusividade/,-1
1489,Exclusividade,musica1489,musica1489_trecho6,E só de pensar Que eu vou te perder Eu não quero aceitar Ficar sem você,Matheus & Kauan,2017,16,https://www.letras.mus.br/matheus-kauan/exclusividade/,-1
779,Fã Clube (part. Marília Mendonça),musica779,musica779_trecho1,"Ah, se meus olhos tirassem fotos Das poses que você faz Eu nem piscaria mais",Maiara & Maraisa,2021,15,https://www.letras.mus.br/maiara-maraisa/fa-clube/,-1
779,Fã Clube (part. Marília Mendonça),musica779,musica779_trecho3,Quando mais eu te provo Mais ainda te aprovo E pra mim é difícil dizer não Pra esse vício Espetáculo te conhecer Festival de amor e prazer,Maiara & Maraisa,2021,27,https://www.letras.mus.br/maiara-maraisa/fa-clube/,-1
779,Fã Clube (part. Marília Mendonça),musica779,musica779_trecho4,"Meu coração fez um fã clube só pra você Oh, meu amor, eu vim aqui só pra te ver Meu coração fez um fã clube só pra você Depois do show na cama que cê deu",Maiara & Maraisa,2021,36,https://www.letras.mus.br/maiara-maraisa/fa-clube/,-1
779,Fã Clube (part. Marília Mendonça),musica779,musica779_trecho6,"Sua fã número um sou eu, sou eu Sua fã número um sou eu, sou eu",Maiara & Maraisa,2021,16,https://www.letras.mus.br/maiara-maraisa/fa-clube/,-1
43,Facas (part. Bruno & Marrone),musica43,musica43_trecho1,Primeiramente guarde suas armas Já me machuca tanto as suas palavras Eu tô querendo uma conversa civilizada,Diego e Victor Hugo,2021,17,https://www.letras.mus.br/diego-victor-hugo/facas-part-bruno-e-marrone/,-1
43,Facas (part. Bruno & Marrone),musica43,musica43_trecho3,"Você com raiva, me atacando E eu só com um beijo dou o troco Cê sabe que a gente não tem moral Pra viver longe um do outro",Diego e Victor Hugo,2021,28,https://www.letras.mus.br/diego-victor-hugo/facas-part-bruno-e-marrone/,-1
43,Facas (part. Bruno & Marrone),musica43,musica43_trecho4,Como se duas facas se riscassem procurando o corte São dois corações disputando quem é o mais forte,Diego e Victor Hugo,2021,18,https://www.letras.mus.br/diego-victor-hugo/facas-part-bruno-e-marrone/,-1
43,Facas (part. Bruno & Marrone),musica43,musica43_trecho12,Como se duas facas se riscassem procurando o corte São dois corações disputando quem é o mais forte São dois corações disputando quem é o mais forte,Diego e Victor Hugo,2021,27,https://www.letras.mus.br/diego-victor-hugo/facas-part-bruno-e-marrone/,-1
978,Fala,musica978,musica978_trecho3,Fala! Eu vou entender Que bateu solidão Que só pensa em me ver Fala amor! Eu preciso ouvir de você Que ainda me quer Que foi um mal entendido Entre um homem E uma mulher...,Edson & Hudson,2007,35,https://www.letras.mus.br/edson-e-hudson/1102114/,-1
1072,Fala Comigo,musica1072,musica1072_trecho2,"É, eu descobri seu verdadeiro Instagram E vi sua foto com aquele outro galã Brigou comigo e me deve explicação Sim ou não?",Gusttavo Lima,2021,23,https://www.letras.mus.br/gusttavo-lima/fala-comigo/,-1
1072,Fala Comigo,musica1072,musica1072_trecho3,"Fala comigo, bebê Fala comigo Quer eu ou ele? Por favor, fala comigo",Gusttavo Lima,2021,13,https://www.letras.mus.br/gusttavo-lima/fala-comigo/,-1
1072,Fala Comigo,musica1072,musica1072_trecho4,"Fala comigo, bebê Fala comigo Paga de moça Mas adora o proibido",Gusttavo Lima,2021,12,https://www.letras.mus.br/gusttavo-lima/fala-comigo/,-1
597,Falando Sério,musica597,musica597_trecho8,"Ouô, eu tô falando sério Ouô, saiba, eu também te quero",João Bosco & Vinícius,2010,11,https://www.letras.mus.br/joao-bosco-viniciusacustico/1092847/,-1
1417,Falando sério,musica1417,musica1417_trecho7,"Ôuô, eu tô falando sério Ôuô, saiba também te quero",Luan Santana,2008,10,https://www.letras.mus.br/luan-santana/1060198/,-1
769,Falei Pra Deus,musica769,musica769_trecho1,"Falei pra Deus, sou pequeno demais Não me sinto capaz, por que me escolheu? Falei pra Deus, tem tanta gente melhor do Que eu Deus eu não sei nem falar, por que me escolheu?",Alisson Santos,2024,34,https://www.letras.mus.br/alisson-santos/falei-pra-deus/,-1
769,Falei Pra Deus,musica769,musica769_trecho2,"Mesmo conhecendo todos os meus erros Mesmo sabendo todos os meus defeitos Por que me escolheu? Mesmo sabendo que, eu fraco sou Mesmo sabendo que eu falho sou, porque me Escolheu?",Alisson Santos,2024,31,https://www.letras.mus.br/alisson-santos/falei-pra-deus/,-1
769,Falei Pra Deus,musica769,musica769_trecho3,"Te escolhi, porque não dependo de tua força Te escolhi, porque capacito, quem eu quero Usar Eu te escolhi, mesmo sendo pequeno te Escolhi Te escolhi, mesmo sendo tão frágil, te escolhi Eu te escolhi pra te capacitar Eu sou o oleiro, e vou te moldar Eu te escolhi meu filho para te usar",Alisson Santos,2024,54,https://www.letras.mus.br/alisson-santos/falei-pra-deus/,-1
769,Falei Pra Deus,musica769,musica769_trecho4,"Mesmo conhecendo todos os meus erros Mesmo sabendo todos os meus defeitos Por que me escolheu? Mesmo sabendo que, eu fraco sou Mesmo sabendo que, eu falho sou, porque me Escolheu?",Alisson Santos,2024,31,https://www.letras.mus.br/alisson-santos/falei-pra-deus/,-1
769,Falei Pra Deus,musica769,musica769_trecho7,"Te escolhi, levantei, renovei, capacitei Desde o dia que você nasceu",Alisson Santos,2024,11,https://www.letras.mus.br/alisson-santos/falei-pra-deus/,-1
1538,Fama de Pegador,musica1538,musica1538_trecho2,"Eu não sou duas caras, eu não tenho dinheiro Fim de noite acompanhado eu vo pra casa, eu to faceiro Eu não sou herdeiro, mais sou bom no converseiro E mesmo a pé tem muita mulher no meu pé A noite inteira",Pedro Paulo e Alex,2012,42,https://www.letras.mus.br/pedro-paulo-alex/fama-de-pegador/,-1
1538,Fama de Pegador,musica1538,musica1538_trecho3,"Não tenho dodge ram, nem camaro amarelo Eu pego as gatinhas do xaveco e no chinelo Sou conquistador, na balada um terror Pedro paulo e Alex tem fama de pegador Tem fama de pegador",Pedro Paulo e Alex,2012,34,https://www.letras.mus.br/pedro-paulo-alex/fama-de-pegador/,-1
1538,Fama de Pegador,musica1538,musica1538_trecho6,"Eu não sou duas caras, eu não tenho dinheiro Fim de noite acompanhado eu vo pra casa, eu to faceiro Eu não sou herdeiro, mais sou bom no converseiro E mesmo a pé tem muita mulher no meu pé A noite inteira Não tenho dodge ram, nem camaro amarelo Eu pego as gatinhas do xaveco e no chinelo Sou conquistador, na balada um terror Pedro paulo e Alex tem fama de pegador Tem fama de pegador",Pedro Paulo e Alex,2012,76,https://www.letras.mus.br/pedro-paulo-alex/fama-de-pegador/,-1
1327,Fantasma (part. Marília Mendonça),musica1327,musica1327_trecho1,"Quando anoitece lá fora, aqui dentro faz tédio Mesmo querendo fugir Quando tento escapar, chego ainda mais perto",Luan Santana,2016,18,https://www.letras.mus.br/luan-santana/fantasma/,-1
1327,Fantasma (part. Marília Mendonça),musica1327,musica1327_trecho2,Meu subconsciente Vai atrás do seu corpo Tô viajando há horas Quanto tempo demora pra eu poder ficar louco?,Luan Santana,2016,19,https://www.letras.mus.br/luan-santana/fantasma/,-1
381,Faz de Conta,musica381,musica381_trecho1,"Chega fazendo de conta que não me conhece não Sorri pra todo mundo, Me olha por um segundo Pra ver se tem minha atenção.",Luan Santana,2008,24,https://www.letras.mus.br/luan-santana/1129633/,-1
381,Faz de Conta,musica381,musica381_trecho4,Quer me amar Se entregar Não quer falar Que é meu o seu coração E que eu não sirvo só pra curtição,Luan Santana,2008,22,https://www.letras.mus.br/luan-santana/1129633/,-1
1499,Faz do Seu Jeito,musica1499,musica1499_trecho3,"Eu vou no seu tempo Que seja em segredo De sexta a domingo Pra mim tá perfeito Não precisa mudar o status Deixa do jeito que tá Se eu já tenho você do meu lado Tá lindo, pra que complicar?",Henrique & Juliano,2017,40,https://www.letras.mus.br/henrique-e-juliano/no-seu-tempo/,-1
619,Fazenda São Francisco (Maior Proeza) (part. Zé Camillo),musica619,musica619_trecho1,"Eu fiz a maior proeza pras bandas do rio da morte Com outro caminhoneiro traquejado no transporte Fui buscar uma vacada para o criador do norte Na chegada eu pressenti que era um dia de sorte Depois do embarque feito, só ficou um boi de corte",Daniel,2023,46,https://www.letras.mus.br/daniel/238694/,-1
619,Fazenda São Francisco (Maior Proeza) (part. Zé Camillo),musica619,musica619_trecho5,"Pra cumprir sua promessa a moça veio ligeiro Me disse: Você provou ser peão e boiadeiro Dos prêmios que vou lhe dar, o beijo é o primeiro Sua boca foi abrindo, seu olhar ficou morteiro Nesta hora eu acordei abraçando o travesseiro",Daniel,2023,42,https://www.letras.mus.br/daniel/238694/,-1
771,FAZENDEIRO,musica771,musica771_trecho1,Pra você não esquecer (É mais uma do LP),Luan Pereira,2025,9,https://www.letras.mus.br/luan-pereira/fazendeiro/,-1
1134,Férias Em Salvador,musica1134,musica1134_trecho3,Te envio nossas fotos Das férias em Salvador Te mando mil mensagens Pra falar do meu amor,Fernando e Sorocaba,2012,17,https://www.letras.mus.br/fernando-sorocaba/1945414/,-1
1134,Férias Em Salvador,musica1134,musica1134_trecho5,Procuro em outros olhos Encontrar o brilho seu No som do carro Ainda toca o CD que me deu,Fernando e Sorocaba,2012,19,https://www.letras.mus.br/fernando-sorocaba/1945414/,-1
1134,Férias Em Salvador,musica1134,musica1134_trecho13,"Filmagens, flashes, momentos Recordações tatuadas no peito A gente pode voltar Deve haver algum jeito",Fernando e Sorocaba,2012,15,https://www.letras.mus.br/fernando-sorocaba/1945414/,-1
1449,Ferida Curada,musica1449,musica1449_trecho2,"E agora tá aqui Mas fiquei sem você e me acostumei Pensei que quando te encontrasse Ia tremer, mas eu nem balancei",Zé Neto e Cristiano,2020,22,https://www.letras.mus.br/ze-neto-cristiano/ferida-curada/,-1
1071,Ficha Limpa,musica1071,musica1071_trecho1,"Quando você me toca não arrepia a pele Suas palavras não me cortam, mas me ferem",Gusttavo Lima,2021,16,https://www.letras.mus.br/gusttavo-lima/ficha-limpa/,-1
1071,Ficha Limpa,musica1071,musica1071_trecho2,"Eu não tô feliz, você também A gente tá enganando quem? Tá tudo fora do normal No momento, a gente pode ser tudo Tudo, tudo, menos um casal",Gusttavo Lima,2021,28,https://www.letras.mus.br/gusttavo-lima/ficha-limpa/,-1
1560,Fico Com Você,musica1560,musica1560_trecho2,"Mas, amor, vem cá Não faz isso comigo não Vou te deixar",Bruninho e Davi,2014,12,https://www.letras.mus.br/bruninho-davi/fico-com-voce/,-1
593,Fim de Namoro,musica593,musica593_trecho3,"Esse é o fim do nosso namoro Devolve a aliança de prata e toma aliança de ouro Esse é o fim do nosso namoro Vai lá no meu contato e apaga: Namorado, e escreve: Meu Noivo",Henrique & Juliano,2025,36,https://www.letras.mus.br/henrique-e-juliano/fim-de-namoro/,-1
1454,Final de Semana,musica1454,musica1454_trecho2,"Mas não adianta, não engana Vai fazer a sua fama E achar o que procurou",João Bosco & Vinícius,2012,15,https://www.letras.mus.br/joao-bosco-viniciusacustico/final-de-semana/,-1
1166,Fiorino,musica1166,musica1166_trecho5,"Se a coisa ficar quente, meu amor, não se esquece Que lá no fundo tem, tem uma colchonete Se a coisa ficar quente, meu amor, não se esquece Que lá no fundo tem, tem uma colchonete",Gabriel Gava,2012,36,https://www.letras.mus.br/gabriel-gava/fiorino/,-1
64,Flor,musica64,musica64_trecho2,"Flor, pra onde foi você, flor? Com seu perfume de amor O que é que eu fiz de ruim? Eu não achei outra flor com a beleza e a cor Que tem você pra mim",Jorge & Mateus,2012,35,https://www.letras.mus.br/jorge-mateus/flor/,-1
64,Flor,musica64,musica64_trecho6,"Flor, pra onde foi você, flor? Com seu perfume de amor O que é que eu fiz de ruim? Eu não achei outra flor Com a beleza e a cor Que tem você pra mim",Jorge & Mateus,2012,35,https://www.letras.mus.br/jorge-mateus/flor/,-1
736,Flor de Plástico (part. Jorge e Mateus),musica736,musica736_trecho1,Fui só um troféu para você Fingiu fazer por merecer Uma flor era você A mais bela do buquê Palavras artificiais Valores superficiais Demorei para perceber A verdade sobre você,Fred & Fabrício,2023,30,https://www.letras.mus.br/fred-e-fabricio/flor-de-plastico-part-jorge-e-mateus/,-1
736,Flor de Plástico (part. Jorge e Mateus),musica736,musica736_trecho2,E o amor desmanchou Espalhou no chão Pedaços quebrados Do meu coração Nem espinho sobrou Sua cor desbotou flor,Fred & Fabrício,2023,19,https://www.letras.mus.br/fred-e-fabricio/flor-de-plastico-part-jorge-e-mateus/,-1
50,Flor E O Beija-Flor (part. Marília Mendonça),musica50,musica50_trecho4,Saudade de um beija-flor Lembranças de um antigo amor O dia amanheceu tão lindo Eu durmo e acordo sorrindo,Henrique & Juliano,2015,19,https://www.letras.mus.br/henrique-e-juliano/a-flor-e-o-beija-flor/,-1
50,Flor E O Beija-Flor (part. Marília Mendonça),musica50,musica50_trecho9,O dia amanheceu tão lindo Eu durmo e acordo sorrindo,Henrique & Juliano,2015,10,https://www.letras.mus.br/henrique-e-juliano/a-flor-e-o-beija-flor/,-1
244,Flores Em Vida,musica244,musica244_trecho3,Quero flores em vida Seu sorriso a me iluminar As lágrimas de despedida Não estarei por perto pra enxugar,Zezé Di Camargo & Luciano,2014,19,https://www.letras.mus.br/zeze-di-camargo-e-luciano/flores-em-vida/,-1
160,Fogueira,musica160,musica160_trecho2,"Nas noites mais escuras Nos bares, nas ruas Tudo é solidão Não me deixe sozinho, falta de carinho Rima com nova paixão",Jorge & Mateus,2007,22,https://www.letras.mus.br/jorge-mateus/774531/,-1
160,Fogueira,musica160,musica160_trecho3,"Eu quero o seu amor Eu quero ser seu homem, se você quiser Se eu tiver seu amor Juro, não preciso amar outra mulher Não deixe apagar a fogueira do meu coração",Jorge & Mateus,2007,32,https://www.letras.mus.br/jorge-mateus/774531/,-1
160,Fogueira,musica160,musica160_trecho6,"Eu quero o seu amor Eu quero ser seu homem, se você quiser Se eu tiver seu amor Juro, não preciso amar outra mulher",Jorge & Mateus,2007,24,https://www.letras.mus.br/jorge-mateus/774531/,-1
160,Fogueira,musica160,musica160_trecho7,"Eu quero o seu amor Eu quero ser seu homem, se você quiser Se eu tiver seu amor Juro, não preciso amar outra mulher Não deixe apagar a fogueira do meu coração Não deixe apagar a fogueira do meu coração",Jorge & Mateus,2007,40,https://www.letras.mus.br/jorge-mateus/774531/,-1
250,Foi por Conveniência,musica250,musica250_trecho1,"Bonito não é, nem chega aos pés Do conto de fadas que a moça sonhou Não foi por querer, foi por convencer De tanto forçar, ele se acostumou, não soltou",Marília Mendonça,2021,30,https://www.letras.mus.br/marilia-mendonca/conveniencia/,-1
1310,Folgado,musica1310,musica1310_trecho1,"Não venha, não Eu vivo do jeito que eu quero, não pedi opinião Você chegou agora e tá querendo mandar em mim Da minha vida cuido eu Deitou na minha cama e quer dormir com o travesseiro",Marília Mendonça,2015,37,https://www.letras.mus.br/marilia-mendonca/folgado/,-1
1079,Fora do Comum,musica1079,musica1079_trecho1,"Nossa história é longa, mas vou resumir Perguntas sem respostas, te respondo sim Entrada sem saída do meu coração Depois de enfeitiçado nessa ilusão",Gusttavo Lima,2011,24,https://www.letras.mus.br/gusttavo-lima/1831161/,-1
1079,Fora do Comum,musica1079,musica1079_trecho4,"A nossa história é longa, mas vou resumir Perguntas sem respostas, te respondo sim Entrada sem saída do meu coração Depois de enfeitiçado nessa ilusão",Gusttavo Lima,2011,25,https://www.letras.mus.br/gusttavo-lima/1831161/,-1
762,Fotos,musica762,musica762_trecho1,Joguei fora fotos de nós dois Reviver você não me faz bem Nem vai me trazer o que já foi Você mudou muito e eu também,Victor & Leo,2007,26,https://www.letras.mus.br/victor-leo/1088823/,-1
762,Fotos,musica762,musica762_trecho2,Finjo que o tempo não passou Busco em outros olhos ver você Fotos do que foi o nosso amor Não revelam outra pessoa pra ser,Victor & Leo,2007,25,https://www.letras.mus.br/victor-leo/1088823/,-1
762,Fotos,musica762,musica762_trecho3,"Uma vida pra tirar você da minha Só seus flashs disparam meu coração Já rasguei as fotos, mas em pensamento Guardo cópias do seu beijo e solidão",Victor & Leo,2007,27,https://www.letras.mus.br/victor-leo/1088823/,-1
762,Fotos,musica762,musica762_trecho7,Uma vida pra tirar você da minha Só seus flashs disparam meu coração Já rasguei as fotos mas em pensamento Guardo cópias do seu beijo e solidão,Victor & Leo,2007,27,https://www.letras.mus.br/victor-leo/1088823/,-1
138,Fronteira (part. Gustavo Mioto),musica138,musica138_trecho1,"Não emociona eu, não Cê não brinca comigo Que meu coração tá quieto Tá longe de qualquer risco Sabe aquele placa de aviso? Cuidado, perigo, cê ultrapassou Então pensa bem nas consequências Desse eu te amo que você falou",Ana Castela,2024,39,https://www.letras.mus.br/ana-castela/fronteira-part-gustavo-mioto/,-1
138,Fronteira (part. Gustavo Mioto),musica138,musica138_trecho5,"Não emociona eu, não Cê não brinca comigo Que meu coração tá quieto Tá longe de qualquer risco Sabe aquela placa de aviso? Cuidado, perigo, cê ultrapassou Então pensa bem nas consequências Desse eu te amo que você falou",Ana Castela,2024,39,https://www.letras.mus.br/ana-castela/fronteira-part-gustavo-mioto/,-1
1087,Fugidinha,musica1087,musica1087_trecho3,"Tô bem na parada, ninguém consegue entender Chego na balada, todos param pra me ver Tudo dando certo, mas eu tô esperto Não posso botar tudo a perder",Michel Teló,2010,28,https://www.letras.mus.br/michel-telo/1679247/,-1
1087,Fugidinha,musica1087,musica1087_trecho5,Tô morrendo de vontade de te agarrar Não sei quanto tempo mais vou suportar Mas pra gente se encontrar ninguém pode saber Já pensei e sei o que devo fazer,Michel Teló,2010,30,https://www.letras.mus.br/michel-telo/1679247/,-1
1087,Fugidinha,musica1087,musica1087_trecho6,"O jeito é dar uma fugidinha com você O jeito é dar uma fugida com você Se você quer saber o que vai acontecer Primeiro a gente foge, depois a gente vê O jeito é dar uma fugidinha com você O jeito é dar uma fugida com você Se você quer saber o que vai acontecer Primeiro a gente foge, depois a gente vê",Michel Teló,2010,64,https://www.letras.mus.br/michel-telo/1679247/,-1
1087,Fugidinha,musica1087,musica1087_trecho10,Tô morrendo de vontade de te agarrar Não sei quanto tempo mais vou suportar Mas pra gente se encontrar ninguém pode saber Já pensei e sei o que devo fazer O jeito é dar uma fugidinha com você O jeito é dar uma fugida com você Se você quer saber o que vai acontecer Primeiro a gente foge (e o quê?),Michel Teló,2010,61,https://www.letras.mus.br/michel-telo/1679247/,-1
1087,Fugidinha,musica1087,musica1087_trecho11,"O jeito é dar uma fugidinha com você O jeito é dar uma fugida com você Se você quer saber o que vai acontecer Primeiro a gente foge, depois a gente vê O jeito é dar uma fugidinha com você O jeito é dar uma fugida com você Se você quer saber o que vai acontecer Primeiro a gente foge, depois a gente vê Vamo lá",Michel Teló,2010,66,https://www.letras.mus.br/michel-telo/1679247/,-1
629,Fui Fiel,musica629,musica629_trecho3,"Hoje eu acordei, me veio a falta de você Saudade de você, saudade de você Lembrei que me acordava de manhã só pra dizer Bom dia, meu bebê! Te amo, meu bebê!",Gusttavo Lima,2014,32,https://www.letras.mus.br/gusttavo-lima/fui-fiel/,-1
850,Fumo da Noite,musica850,musica850_trecho1,"Ô, delegado, arquiva esse caso Eu sei que quem bate na traseira sempre tá errado Mas escuta meu lado, se você ama ou já foi amado Com certeza eu vou ser inocentado",Danilo e Davi,2023,32,https://www.letras.mus.br/danilo-e-davi/fumo-da-noite/,-1
850,Fumo da Noite,musica850,musica850_trecho2,O amor da minha vida me largou E agora já tá desfilando com outro Jogou na cara que superou E eu procurando o motivo do rolo,Danilo e Davi,2023,26,https://www.letras.mus.br/danilo-e-davi/fumo-da-noite/,-1
850,Fumo da Noite,musica850,musica850_trecho4,"Desci do carro pra ver o estrago Puto, estressado, recém largado Mas o fumo da noite não foi a batida, só vai escutando Do nada, desce minha ex e o cara que ela tá pegando",Danilo e Davi,2023,35,https://www.letras.mus.br/danilo-e-davi/fumo-da-noite/,-1
850,Fumo da Noite,musica850,musica850_trecho5,"Desci do carro pra ver o estrago Puto, estressado, recém-largado Mas o fumo da noite não foi a batida, só vai escutando Do nada, desce minha ex e o cara que ela tá pegando Delegado, passa o pano",Danilo e Davi,2023,38,https://www.letras.mus.br/danilo-e-davi/fumo-da-noite/,-1
850,Fumo da Noite,musica850,musica850_trecho10,"Mas o fumo da noite não foi a batida, só vai escutando Do nada, desce minha ex e o cara que ela tá pegando Delegado, passa o pano",Danilo e Davi,2023,28,https://www.letras.mus.br/danilo-e-davi/fumo-da-noite/,-1
116,Garotas Não Merecem Chorar,musica116,musica116_trecho2,"Garotas querem mais amor de verdade, mais sinceridade Garotos são todos iguais: Têm necessidade, não passam vontade Mas tô aqui pra provar",Luan Santana,2013,22,https://www.letras.mus.br/luan-santana/garotas-nao-merecem-chorar/,-1
116,Garotas Não Merecem Chorar,musica116,musica116_trecho3,"Eu não te deixaria por uma aventura à toa (oh) E nem te trocaria por qualquer outra pessoa (oh) Só pra matar a vontade, o crime não compensa Garotas inocentes não merecem chorar (oh) Por garotos que não têm a verdade no olhar (oh) Escolhi ser diferente, amor Só pra te amar (Oh, oh)",Luan Santana,2013,54,https://www.letras.mus.br/luan-santana/garotas-nao-merecem-chorar/,-1
116,Garotas Não Merecem Chorar,musica116,musica116_trecho6,"Eu não te deixaria por uma aventura à toa (oh) E nem te trocaria por qualquer outra pessoa (oh) Só pra matar a vontade, o crime não compensa Garotas inocentes não merecem chorar (oh) Por garotos que não têm a verdade no olhar (oh) Escolhi ser diferente, amor",Luan Santana,2013,48,https://www.letras.mus.br/luan-santana/garotas-nao-merecem-chorar/,-1
116,Garotas Não Merecem Chorar,musica116,musica116_trecho7,"Eu não te deixaria por uma aventura à toa (oh) E nem te trocaria por qualquer outra pessoa (oh) O crime não compensa Garotas inocentes não merecem chorar (oh) Por garotos que não têm a verdade no olhar (oh) Escolhi ser diferente, amor Só pra te amar",Luan Santana,2013,47,https://www.letras.mus.br/luan-santana/garotas-nao-merecem-chorar/,-1
1130,Gaveta,musica1130,musica1130_trecho1,Quando a praia se esquecer do mar E o mar desistir das ondas As ondas vão se acalmar E aos poucos vão deixar a prancha Nesse dia eu vou te esquecer,Fernando e Sorocaba,2014,31,https://www.letras.mus.br/fernando-sorocaba/gaveta/,-1
1130,Gaveta,musica1130,musica1130_trecho2,Quando a prancha esquecer dos pés E os pés não deixarem pegadas Pegadas não serão vestígios De alguém que cruzou nossa estrada Nesse dia eu vou te esquecer,Fernando e Sorocaba,2014,28,https://www.letras.mus.br/fernando-sorocaba/gaveta/,-1
1130,Gaveta,musica1130,musica1130_trecho3,"Tá duvidando, é? Cuidado Que eu te esqueço e você cai do cavalo Tá se achando, é? Aproveita Que um dia eu te esqueço na gaveta Que um dia eu te esqueço na gaveta",Fernando e Sorocaba,2014,34,https://www.letras.mus.br/fernando-sorocaba/gaveta/,-1
1130,Gaveta,musica1130,musica1130_trecho5,Quando a rede se esquecer da bola A bola que o goleiro não alcança O grito esquecer do gol E o gol parar bem na garganta Nesse dia eu vou te esquecer,Fernando e Sorocaba,2014,32,https://www.letras.mus.br/fernando-sorocaba/gaveta/,-1
1130,Gaveta,musica1130,musica1130_trecho7,"Tá duvidando, é? Cuidado Que eu te esqueço e você cai do cavalo Tá se achando, é? Aproveita Que um dia eu te esqueço na gaveta Na gaveta",Fernando e Sorocaba,2014,28,https://www.letras.mus.br/fernando-sorocaba/gaveta/,-1
1130,Gaveta,musica1130,musica1130_trecho8,Quando a praia se esquecer do mar E o mar desistir das ondas,Fernando e Sorocaba,2014,13,https://www.letras.mus.br/fernando-sorocaba/gaveta/,-1
584,Gerente da Sicredi (part. CountryBeat),musica584,musica584_trecho3,"Comprei um Hilucão Enchi ela de som Se a vida tem dois lados, eu vou viver só o lado bão",Bruno e Barretto,2025,20,https://www.letras.mus.br/bruno-e-barretto/gerente-da-sicredi-part-countrybeat/,-1
1177,Girassol,musica1177,musica1177_trecho2,Não tô querendo me envolver Mas eu já me envolvi com você Eu tô querendo te falar E você vai me ouvir te dizer,João Bosco & Vinícius,2014,24,https://www.letras.mus.br/joao-bosco-viniciusacustico/girassol/,-1
1177,Girassol,musica1177,musica1177_trecho3,"Que meu sentimento é puro e sincero Que o seu amor é tudo que eu quero Cê fica fazendo charminho E eu tentando com jeitinho, querendo dizer",João Bosco & Vinícius,2014,27,https://www.letras.mus.br/joao-bosco-viniciusacustico/girassol/,-1
1373,Gordinho Saliente,musica1373,musica1373_trecho3,"Que ignorância da sua mãe que te fez tão gostosa assim Que covardia do seu pai deixar você sair Cê tem coragem de experimentar esse gordinho? Cê é boa demais, não deu pra resistir",Henrique & Juliano,2014,34,https://www.letras.mus.br/henrique-e-juliano/gordinho-saliente/,-1
1373,Gordinho Saliente,musica1373,musica1373_trecho4,"Ê, gordinho saliente, que moleque pra frente Desculpe, esse é meu jeito e ninguém vai me mudar Gordinho saliente, que moleque pra frente Eu sou a ferramenta de fazer mulher pirar",Henrique & Juliano,2014,31,https://www.letras.mus.br/henrique-e-juliano/gordinho-saliente/,-1
1373,Gordinho Saliente,musica1373,musica1373_trecho5,"Gordinho saliente, que moleque pra frente Desculpe, esse é meu jeito e ninguém vai me mudar Gordinho saliente, que moleque pra frente Eu sou a ferramenta de fazer mulher pirar",Henrique & Juliano,2014,30,https://www.letras.mus.br/henrique-e-juliano/gordinho-saliente/,-1
503,Gosta de Rua,musica503,musica503_trecho1,"E tá, então tá Era alguém parecido, seu sapato nem viu rua Tá, então tá Então explica essa foto sua",Felipe e Rodrigo,2024,20,https://www.letras.mus.br/felipe-e-rodrigo/gosta-de-rua/,-1
503,Gosta de Rua,musica503,musica503_trecho3,"Já vi de tudo nessa vida Gente que gosta de tapa, e alguns, de carinho Mas seu fetiche é trair",Felipe e Rodrigo,2024,20,https://www.letras.mus.br/felipe-e-rodrigo/gosta-de-rua/,-1
401,Graveto,musica401,musica401_trecho1,Vou ser sincero com você Acho que pra mim já deu Faz um tempinho que não sou seu Até a cama percebeu Que esfriou demais E o seu toque não traz,Marília Mendonça,2020,31,https://www.letras.mus.br/marilia-mendonca/graveto/,-1
481,Hackearam-Me (part. Tierry),musica481,musica481_trecho1,Joguei as nossas fotos na lixeira Pergunte se depois esvaziei Não tive coragem Tô vendo sempre que me bate saudade,Marília Mendonça,2020,20,https://www.letras.mus.br/marilia-mendonca/hackearam-me-part-tierry/,-1
481,Hackearam-Me (part. Tierry),musica481,musica481_trecho2,Tô evitando os lugares pra não te ver Tô rejeitando os convites pra beber Me dói falar em bebê Bebê era como eu chamava você,Marília Mendonça,2020,25,https://www.letras.mus.br/marilia-mendonca/hackearam-me-part-tierry/,-1
481,Hackearam-Me (part. Tierry),musica481,musica481_trecho4,"Se acaso, de madrugada Chegar algum: Volta pra mim Hackearam-me, hackearam-me",Marília Mendonça,2020,11,https://www.letras.mus.br/marilia-mendonca/hackearam-me-part-tierry/,-1
481,Hackearam-Me (part. Tierry),musica481,musica481_trecho5,"Dizendo: Ainda te amo É alguém que sabe que eu te perdi Hackearam-me, hackearam-me",Marília Mendonça,2020,14,https://www.letras.mus.br/marilia-mendonca/hackearam-me-part-tierry/,-1
481,Hackearam-Me (part. Tierry),musica481,musica481_trecho6,"Tô evitando os lugares pra não te ver Tô rejeitando os convites pra beber, me dói Me dói falar em bebê Bebê era como eu chamava você",Marília Mendonça,2020,27,https://www.letras.mus.br/marilia-mendonca/hackearam-me-part-tierry/,-1
481,Hackearam-Me (part. Tierry),musica481,musica481_trecho10,"Se acaso, de madrugada Chegar algum: Volta para mim Hackearam-me, hackearam-me",Marília Mendonça,2020,11,https://www.letras.mus.br/marilia-mendonca/hackearam-me-part-tierry/,-1
481,Hackearam-Me (part. Tierry),musica481,musica481_trecho11,"Dizendo: Ainda te amo, te amo, te amo É alguém que sabe que eu te perdi Hackearam-me, hackearam-me Joguei as nossas fotos na lixeira",Marília Mendonça,2020,24,https://www.letras.mus.br/marilia-mendonca/hackearam-me-part-tierry/,-1
121,Haverá Sinais (part. Lauana Prado),musica121,musica121_trecho2,"Tá quase, viu? (Tá quase, viu?) Hoje mesmo olhei sua foto e nem arrepiei Até assustei",Jorge & Mateus,2024,16,https://www.letras.mus.br/jorge-mateus/havera-sinais-part-lauana-prado/,-1
121,Haverá Sinais (part. Lauana Prado),musica121,musica121_trecho3,"Cada foto minha que chega pra você Só mostra o que cê pode ver Cê acha mesmo que eu só sei virar noite, virar copo? Mal cê sabe que quem tá virando nada pra mim é você",Jorge & Mateus,2024,37,https://www.letras.mus.br/jorge-mateus/havera-sinais-part-lauana-prado/,-1
121,Haverá Sinais (part. Lauana Prado),musica121,musica121_trecho7,"Tá quase, viu? Hoje mesmo eu olhei sua foto e nem arrepiei Até assustei",Jorge & Mateus,2024,14,https://www.letras.mus.br/jorge-mateus/havera-sinais-part-lauana-prado/,-1
1343,Hoje Eu Tô Terrível,musica1343,musica1343_trecho2,"Sei que sou gostoso, pode conferir, meu bem Eu já peguei sua amiga, mas quero você também Tem pra todo mundo, não precisa preocupar Minha casa tá sozinha e hoje não vai prestar",Cristiano Araújo,2014,33,https://www.letras.mus.br/cristiano-araujo/hoje-eu-to-terrivel/,-1
1343,Hoje Eu Tô Terrível,musica1343,musica1343_trecho3,"Pra romance é off, pra balada é disponível Hoje eu tô terrível, hoje eu tô terrível Pra romance é off, pra balada é disponível Hoje eu tô terrível, hoje eu tô terrível",Cristiano Araújo,2014,32,https://www.letras.mus.br/cristiano-araujo/hoje-eu-to-terrivel/,-1
1343,Hoje Eu Tô Terrível,musica1343,musica1343_trecho6,"Pra romance é off, pra balada é disponível Hoje eu tô terrível, hoje eu tô terrível Pra romance é off, pra balada é disponível Hoje eu tô terrível, hoje eu tô terrível Eu tô terrível",Cristiano Araújo,2014,35,https://www.letras.mus.br/cristiano-araujo/hoje-eu-to-terrivel/,-1
1482,Hoje Somos Só Metade,musica1482,musica1482_trecho1,"Não nos conhecemos mais Não vejo mais em você a pessoa que eu amei demais O que tava dando certo, agora deu errado Não é que eu queira reviver nosso passado",Marília Mendonça,2015,31,https://www.letras.mus.br/marilia-mendonca/hoje-somos-so-metade/,-1
1482,Hoje Somos Só Metade,musica1482,musica1482_trecho2,A gente falava de amor Que pena que a nossa voz já se calou E a cama que dormimos não tem mais calor Dois estranhos perdidos Tão perto e distantes do amor,Marília Mendonça,2015,32,https://www.letras.mus.br/marilia-mendonca/hoje-somos-so-metade/,-1
1482,Hoje Somos Só Metade,musica1482,musica1482_trecho3,Que pena que a nossa voz já se calou E a cama que dormimos não tem mais calor Dois estranhos perdidos,Marília Mendonça,2015,21,https://www.letras.mus.br/marilia-mendonca/hoje-somos-so-metade/,-1
1482,Hoje Somos Só Metade,musica1482,musica1482_trecho4,"Fomos dois, viramos um Hoje, somos só metade Chegamos em lugar nenhum Hoje, somos só metade",Marília Mendonça,2015,16,https://www.letras.mus.br/marilia-mendonca/hoje-somos-so-metade/,-1
1293,Hoje Sonhei Com Você,musica1293,musica1293_trecho1,"Hoje sonhei com você E era noite de lua cheia No sonho eu te beijei A lua, eu, você e as estrelas",Humberto e Ronaldo,2013,22,https://www.letras.mus.br/humberto-ronaldo/hoje-sonhei-com-voce/,-1
1293,Hoje Sonhei Com Você,musica1293,musica1293_trecho2,"Hoje sonhei com você Ninguém podia nos separar Só eu podia te ver Foi tão real, não quero acordar",Humberto e Ronaldo,2013,19,https://www.letras.mus.br/humberto-ronaldo/hoje-sonhei-com-voce/,-1
348,Homem de Família,musica348,musica348_trecho2,Até você aparecer do nada E arrancar minha cachaça com o seu beijo de batom Até você aparecer do nada E quem diria que do carro agora até tirei o meu som,Gusttavo Lima,2016,32,https://www.letras.mus.br/gusttavo-lima/homem-de-familia/,-1
1397,Homens e Anjos,musica1397,musica1397_trecho5,"Os nossos caminhos se encontravam Talvez foi destino, talvez o acaso O doce o amargo, a pureza e o pecado Homens e anjos",Fernando e Sorocaba,2013,23,https://www.letras.mus.br/fernando-sorocaba/homens-e-anjos/,-1
1118,Humilde Residência,musica1118,musica1118_trecho3,Já te passei meu celular e o endereço Naquele dia em que te vi sair de casa Eu tô ligado que você sempre me deu uma moral Até dizia que me amava,Michel Teló,2011,32,https://www.letras.mus.br/michel-telo/1993728/,-1
1409,Idas e Voltas,musica1409,musica1409_trecho2,"Odeio quando você vai, vai, vai, vai E demora pra voltar Eu nunca sei se a gente só tá revivendo Ou tentando recomeçar",Jorge & Mateus,2015,23,https://www.letras.mus.br/jorge-mateus/idas-e-voltas/,-1
1409,Idas e Voltas,musica1409,musica1409_trecho6,"E odeio quando você vai, vai, vai, vai, vai, vai E demora pra voltar Eu nunca sei se a gente só ta revivendo Ou tentando recomeçar",Jorge & Mateus,2015,26,https://www.letras.mus.br/jorge-mateus/idas-e-voltas/,-1
278,ILHA,musica278,musica278_trecho1,"Quero que prometa, que se comprometa A ir procurar outro amor em outro planeta Pra que eu não te veja sentada na mesa Rindo à toa enquanto outra boca te beija, ai, ai, ai",Luan Santana,2025,34,https://www.letras.mus.br/luan-santana/ilha/,-1
278,ILHA,musica278,musica278_trecho2,"Vou engolir meu coração pra me amar por dentro Que nós dois sabemos que tanto sofrimento É perda de tempo, é perda de tempo",Luan Santana,2025,24,https://www.letras.mus.br/luan-santana/ilha/,-1
278,ILHA,musica278,musica278_trecho3,"Vou transformar decepção em novo começo O passado é um erro, o presente é só acerto O amor eu te prometo",Luan Santana,2025,21,https://www.letras.mus.br/luan-santana/ilha/,-1
278,ILHA,musica278,musica278_trecho4,"Também vou procurar outro amor em outro planeta Guardo seu ciúme em qualquer gaveta Primeiro a gente peita, depois a gente aceita Que amores vem, amores vão Cê vai pro céu, volta pro chão",Luan Santana,2025,34,https://www.letras.mus.br/luan-santana/ilha/,-1
278,ILHA,musica278,musica278_trecho5,"E quando tá pra se afogar no mar da vida Vem alguém, vem alguém E se torna ilha",Luan Santana,2025,18,https://www.letras.mus.br/luan-santana/ilha/,-1
278,ILHA,musica278,musica278_trecho9,"E quando tá pra se afogar no mar da vida Vem alguém, vem alguém",Luan Santana,2025,14,https://www.letras.mus.br/luan-santana/ilha/,-1
211,Ilusão De Ótica (part. Ana Castela),musica211,musica211_trecho9,Não era só drama Eu não tenho as manha de ficar sem você,Matheus & Kauan,2025,13,https://www.letras.mus.br/matheus-kauan/ilusao-de-otica-part-ana-castela/,-1
211,Ilusão De Ótica (part. Ana Castela),musica211,musica211_trecho10,Eu não tenho as manha de ficar sem você,Matheus & Kauan,2025,9,https://www.letras.mus.br/matheus-kauan/ilusao-de-otica-part-ana-castela/,-1
870,Impasse (part. Henrique & Juliano),musica870,musica870_trecho1,"Eu só queria entender seus pensamentos E o que realmente tá rolando E o que te faz fugir de mim Te juro, estou tentando ler seus olhos Mas percebo que disfarça E não consegue me encarar",Marília Mendonça,2015,36,https://www.letras.mus.br/marilia-mendonca/impasse/,-1
870,Impasse (part. Henrique & Juliano),musica870,musica870_trecho2,"Senta aqui um pouco, sem ter pressa Conta tudo, a hora é essa Fala o que tem pra falar Não é que eu tô querendo do meu jeito Eu me ajeito no seu jeito Basta a gente conversar",Marília Mendonça,2015,38,https://www.letras.mus.br/marilia-mendonca/impasse/,-1
870,Impasse (part. Henrique & Juliano),musica870,musica870_trecho3,Você diz que não E eu acho que sim Você não se entrega Seu medo te cerca Te pega e te joga Pra longe de mim,Marília Mendonça,2015,26,https://www.letras.mus.br/marilia-mendonca/impasse/,-1
870,Impasse (part. Henrique & Juliano),musica870,musica870_trecho4,Eu acho que sim Você diz que não Resolve esse impasse E assuma pra gente Essa louca paixão,Marília Mendonça,2015,18,https://www.letras.mus.br/marilia-mendonca/impasse/,-1
870,Impasse (part. Henrique & Juliano),musica870,musica870_trecho6,"Senta aqui um pouco, sem ter pressa Conte tudo, a hora é essa Fala o que tem pra falar Não é que eu tô querendo do meu jeito Eu me ajeito no seu jeito Basta a gente conversar",Marília Mendonça,2015,38,https://www.letras.mus.br/marilia-mendonca/impasse/,-1
870,Impasse (part. Henrique & Juliano),musica870,musica870_trecho7,Você diz que não Eu acho que sim Você não se entrega Seu medo te cerca Te pega e te joga Pra longe de mim,Marília Mendonça,2015,25,https://www.letras.mus.br/marilia-mendonca/impasse/,-1
870,Impasse (part. Henrique & Juliano),musica870,musica870_trecho11,Eu acho que sim Mas você diz que não Resolve esse impasse E assuma pra gente Essa louca paixão,Marília Mendonça,2015,19,https://www.letras.mus.br/marilia-mendonca/impasse/,-1
438,Imperfeito,musica438,musica438_trecho1,Uma chuva de lembranças Invade a minha solidão Chega junto uma esperança Acende a luz do meu coração,Zezé Di Camargo,2021,18,https://www.letras.mus.br/zeze-di-camargo/imperfeito/,-1
438,Imperfeito,musica438,musica438_trecho3,"E nessa noite embriagante Até a Lua quer você aqui Paixão a gente não esconde Perdão, é que eu não sei fingir",Zezé Di Camargo,2021,22,https://www.letras.mus.br/zeze-di-camargo/imperfeito/,-1
438,Imperfeito,musica438,musica438_trecho5,Você me vê de outro jeito Já não me vejo em seu olhar Agora é inverno no meu peito Que vontade de chorar,Zezé Di Camargo,2021,23,https://www.letras.mus.br/zeze-di-camargo/imperfeito/,-1
438,Imperfeito,musica438,musica438_trecho6,O céu e a terra aqui se juntam Porque eu não posso mais te amar Vivo e morro entre perguntas Sem respostas pra me dar,Zezé Di Camargo,2021,25,https://www.letras.mus.br/zeze-di-camargo/imperfeito/,-1
303,Impressionando Os Anjos,musica303,musica303_trecho2,"A saudade de você é visita frequente Que nem a sua tia chata que irritava a gente Ah, saudade da gente",Gustavo Mioto,2017,21,https://www.letras.mus.br/gustavo-mioto/impressionando-os-anjos/,-1
303,Impressionando Os Anjos,musica303,musica303_trecho4,"Ah, falando nisso, terminei o livro que você pediu pra eu ler E só na página 70, entendi você Naquela parte onde diz que o amor é fogo que arde sem se ver",Gustavo Mioto,2017,33,https://www.letras.mus.br/gustavo-mioto/impressionando-os-anjos/,-1
303,Impressionando Os Anjos,musica303,musica303_trecho5,"Como é que tá aí? De você faz tempo que não ouço nada Fala um pouco, sua voz tá tão calada Sei que agora deve estar impressionando os anjos com sua risada",Gustavo Mioto,2017,32,https://www.letras.mus.br/gustavo-mioto/impressionando-os-anjos/,-1
303,Impressionando Os Anjos,musica303,musica303_trecho6,"Mas de você faz tempo que não ouço nada Fala um pouco, sua voz tá tão calada Aí de cima, fala alto que eu preciso ouvir Como é que tá aí?",Gustavo Mioto,2017,31,https://www.letras.mus.br/gustavo-mioto/impressionando-os-anjos/,-1
303,Impressionando Os Anjos,musica303,musica303_trecho8,"Falando nisso, terminei o livro que você pediu pra eu ler E só na página 70, entendi você Naquela parte onde diz que o amor é fogo que arde sem se ver",Gustavo Mioto,2017,32,https://www.letras.mus.br/gustavo-mioto/impressionando-os-anjos/,-1
303,Impressionando Os Anjos,musica303,musica303_trecho10,"Mas de você faz tempo que não ouço nada Fala um pouco, sua voz tá tão calada Aí de cima, fala alto que eu preciso ouvir Como é que tá ai?",Gustavo Mioto,2017,31,https://www.letras.mus.br/gustavo-mioto/impressionando-os-anjos/,-1
505,Incondicional,musica505,musica505_trecho7,"Em minhas digitais já tem um pouco de você Eu sigo os seus sinais, assim nunca vou te perder É incondicional, você tem a forma exata pra me prender Em você",Luan Santana,2012,31,https://www.letras.mus.br/luan-santana/incondicional/,-1
706,Inesperado,musica706,musica706_trecho3,"Por mais você na minha vida, todo tempo Por mais vida nesse amor, mais sentimento Teu olhar refletido na curva do teu sorriso Você é quem faz todo sentido Por mais você na minha vida, todo tempo Por mais vida nesse amor, mais sentimento Teu olhar refletido na curva do teu sorriso Você é quem faz todo sentido",Jorge & Mateus,2018,58,https://www.letras.mus.br/jorge-mateus/inesperado/,-1
706,Inesperado,musica706,musica706_trecho5,"Por mais você na minha vida, todo tempo Por mais vida nesse amor, mais sentimento Teu olhar refletido na curva do teu sorriso Você é quem faz todo sentido Por mais você na minha vida, todo tempo Por mais vida nesse amor, mais sentimento Teu olhar refletido na curva do teu sorriso Você é quem faz todo sentido Todo sentido",Jorge & Mateus,2018,60,https://www.letras.mus.br/jorge-mateus/inesperado/,-1
895,Infarto,musica895,musica895_trecho2,Eu tenho uma doença Que tem um metro e sessenta E acabou de entrar ali naquela porta Fecha a conta Tá aumentando os sintomas,Diego e Victor Hugo,2018,24,https://www.letras.mus.br/diego-victor-hugo/infarto/,-1
18,Infiel,musica18,musica18_trecho3,"Com certeza ele vai atrás, mas com outra intenção Tá sem casa, sem rumo e você é a única opção E agora, será que aguenta a barra sozinha? Se sabia de tudo, se vira, a culpa não é minha",Marília Mendonça,2015,39,https://www.letras.mus.br/marilia-mendonca/infiel/,-1
18,Infiel,musica18,musica18_trecho5,"Iê-ê-ê, infiel Eu quero ver você morar num motel Estou te expulsando do meu coração Assuma as consequências dessa traição",Marília Mendonça,2015,20,https://www.letras.mus.br/marilia-mendonca/infiel/,-1
527,Instinto Animal,musica527,musica527_trecho1,"Dizem que o homem tem instinto animal Só sei dizer que o homem que ama uma mulher Não cai, não trai o seu amor Fica frágil, bobo, e de caçador é caça É assim que eu sou",Zé Henrique & Gabriel,2005,37,https://www.letras.mus.br/ze-henrique-gabriel/172965/,-1
527,Instinto Animal,musica527,musica527_trecho2,Um homem pra ser homem Não precisa provar que é homem conquistando um harém Mas precisa várias vezes conquistar o amor da mulher que tem Sonhar teus sonhos,Zé Henrique & Gabriel,2005,28,https://www.letras.mus.br/ze-henrique-gabriel/172965/,-1
527,Instinto Animal,musica527,musica527_trecho6,Homem pra ser homem Não precisa provar que é homem conquistando um harém Mas precisa várias vezes conquistar o amor da mulher que tem Sonhar teus sonhos,Zé Henrique & Gabriel,2005,27,https://www.letras.mus.br/ze-henrique-gabriel/172965/,-1
556,Intenção (part. Gaab),musica556,musica556_trecho1,Desculpa o meu tom de voz É que não estamos a sós Tô falando baixinho pra ninguém sacar minha intenção,Marília Mendonça,2019,20,https://www.letras.mus.br/marilia-mendonca/intencao-part-gaab/,-1
556,Intenção (part. Gaab),musica556,musica556_trecho2,Vamos sair daqui Lugar melhor não vai faltar Onde eu possa até falar mais alto e você gritar,Marília Mendonça,2019,18,https://www.letras.mus.br/marilia-mendonca/intencao-part-gaab/,-1
556,Intenção (part. Gaab),musica556,musica556_trecho3,"Eu não tô de palhaçada, vamo lá pra casa Bora, que o cafofo hoje é brasa E nesse tanto de curva, eu me arrisco até na contramão Deixa eu te apresentar pro meu colchão",Marília Mendonça,2019,34,https://www.letras.mus.br/marilia-mendonca/intencao-part-gaab/,-1
556,Intenção (part. Gaab),musica556,musica556_trecho4,"Não tô falando de amor, tá doida? É que a gente combina melhor sem roupa Seu compromisso é só deixar Minha boca passear Nesse seu corpo massa a noite toda",Marília Mendonça,2019,30,https://www.letras.mus.br/marilia-mendonca/intencao-part-gaab/,-1
556,Intenção (part. Gaab),musica556,musica556_trecho6,"Fala baixinho, vamo pra minha suíte, vixe Altos fetiche, ah, imagina a gente no 220 Tomando um vinho Hoje você vai ser a minha taça Pode ficar em paz, amor, relaxa Que hoje você tá aqui em casa",Marília Mendonça,2019,38,https://www.letras.mus.br/marilia-mendonca/intencao-part-gaab/,-1
556,Intenção (part. Gaab),musica556,musica556_trecho7,"E não explana pra não estragar É que amanhã eu tô em outro lugar Mas se quiser de novo, é só chamar Só não exagera pra não enjoar",Marília Mendonça,2019,28,https://www.letras.mus.br/marilia-mendonca/intencao-part-gaab/,-1
556,Intenção (part. Gaab),musica556,musica556_trecho10,"Eu não tô falando de amor, tá doida? É que a gente combina melhor sem roupa Seu compromisso é só deixar Minha boca passear Nesse seu corpo massa a noite toda",Marília Mendonça,2019,31,https://www.letras.mus.br/marilia-mendonca/intencao-part-gaab/,-1
556,Intenção (part. Gaab),musica556,musica556_trecho11,"Fala baixinho, vamo pra minha suíte, vixe Altos fetiche, já imagina a gente ligado no 220 Tomando um vinho Hoje você, amor, vai ser a minha taça Pode ficar em paz e relaxa, meu amor Você está aqui em casa",Marília Mendonça,2019,40,https://www.letras.mus.br/marilia-mendonca/intencao-part-gaab/,-1
556,Intenção (part. Gaab),musica556,musica556_trecho12,"Só não explana pra não estragar É que amanhã eu tô em outro lugar Mas se quiser de novo, é só chamar Só não exagera pra não enjoar",Marília Mendonça,2019,28,https://www.letras.mus.br/marilia-mendonca/intencao-part-gaab/,-1
1251,Invasões,musica1251,musica1251_trecho4,"Uô, uô, uô, uô, uô, ô, ô, Agora estou pensando em nós dois Uô, uô, uô, uô, uô, ô, ô Que lembranças da gente vem depois Uô, uô, uô, uô, uô, ô, ô Agora estou pensando em nós dois Uô, uô, uô, uô, uô, ô, ô Agora estou pensando em nós dois",Jorge & Mateus,2012,52,https://www.letras.mus.br/jorge-mateus/invasoes/,-1
1251,Invasões,musica1251,musica1251_trecho8,Minha cabeça diz que já se foi,Jorge & Mateus,2012,7,https://www.letras.mus.br/jorge-mateus/invasoes/,-1
602,Inventor Dos Amores,musica602,musica602_trecho1,Eu já não sei mais o que faço com meu coração Eu não tenho mais o controle da situação Todo caminho que eu sigo me leva a você,Gusttavo Lima,2010,28,https://www.letras.mus.br/gusttavo-lima/1700642/,-1
602,Inventor Dos Amores,musica602,musica602_trecho2,"E quanto mais tento fugir eu me aproximo mais Não tem mais jeito, já se foi, razão ficou pra trás Eu já não sigo meus instintos, medo de sofrer",Gusttavo Lima,2010,29,https://www.letras.mus.br/gusttavo-lima/1700642/,-1
1250,Irracional,musica1250,musica1250_trecho3,"Com rosas Perfume, uma declaração Com beijos Canções de amor, um violão Quer saber por que, eu amo você Quero sempre te surpreender",Marcos & Belutti,2014,23,https://www.letras.mus.br/marcos-belutti/irracional/,-1
1250,Irracional,musica1250,musica1250_trecho4,"Com rosas Perfume, uma declaração Com beijos Canções de amor, um violão Quer saber por que, eu amo você Quero sempre te surpreender Ooooo Ooooo Ooooooou",Marcos & Belutti,2014,26,https://www.letras.mus.br/marcos-belutti/irracional/,-1
1250,Irracional,musica1250,musica1250_trecho7,"Com rosas Com beijos Canções de amor, um violão Quer saber por que, eu amo você Quero sempre te surpreender",Marcos & Belutti,2014,20,https://www.letras.mus.br/marcos-belutti/irracional/,-1
1110,Já Não Sei Mais Nada (Yo No Se Mañana),musica1110,musica1110_trecho2,Não sabemos onde vai parar Sei que até você vai duvidar Mas não vou jurar nem prometer Algo que não sei se vou fazer Eu não sei se é eterno Mas posso te dar todo meu tempo,Bruno & Marrone,2011,37,https://www.letras.mus.br/bruno-e-marrone/1958200/,-1
1110,Já Não Sei Mais Nada (Yo No Se Mañana),musica1110,musica1110_trecho5,Seu café derrama no sofá Distraída não sabe o que faz Não consegue ver que acabou Não quer desistir mais deste amor Mas tudo que vê é o que sou Não me peça mais do que eu te dou Não!,Bruno & Marrone,2011,40,https://www.letras.mus.br/bruno-e-marrone/1958200/,-1
164,Jejum de Amor,musica164,musica164_trecho3,Sua boca é minha Domina a minha E o que é que as duas estão fazendo tão sozinhas,Gusttavo Lima,2014,18,https://www.letras.mus.br/gusttavo-lima/jejum-de-amor/,-1
1000,Jet em Balneário (part. MC PH),musica1000,musica1000_trecho2,"Elas me falam que me querem Caí no meu papo, que os moleque já tão treinado Várias mulheres na Silverado, engata o jet, pra dar um jet em Balneário",Ana Castela,2024,29,https://www.letras.mus.br/ana-castela/jet-em-balneario-part-mc-ph/,-1
1000,Jet em Balneário (part. MC PH),musica1000,musica1000_trecho3,"Vento batendo Solzão na cara, no movimento Jet na água Toma que toma, que toma Na beira da praia Toma que toma, que toma Toma, vai não para",Ana Castela,2024,28,https://www.letras.mus.br/ana-castela/jet-em-balneario-part-mc-ph/,-1
1000,Jet em Balneário (part. MC PH),musica1000,musica1000_trecho6,"Elas me falam que me querem Caí no meu papo, que os moleque já tão treinado Vários moleque na Silverado, engata o jet, pra dar jet em Balneário",Ana Castela,2024,28,https://www.letras.mus.br/ana-castela/jet-em-balneario-part-mc-ph/,-1
397,Jogado Na Rua,musica397,musica397_trecho1,"Não tá fácil ficar sem teu amor aqui Que saudade que dá Chego a ter dó de mim Meu amor é assim Bruto e sincero demais Sentimento sem fim Amo você, ninguém mais",Guilherme & Santiago,2014,33,https://www.letras.mus.br/guilherme-e-santiago/jogado-na-rua/,-1
397,Jogado Na Rua,musica397,musica397_trecho2,"Me deixou assim Sombra na escuridão Arrancou de mim a paz O sorriso e a razão Uôu, uôu, uôu, uôu, ai",Guilherme & Santiago,2014,21,https://www.letras.mus.br/guilherme-e-santiago/jogado-na-rua/,-1
1192,Jogo do Amor,musica1192,musica1192_trecho2,"Mas o jogo do amor é mais difícil que pensei Você é tudo o que eu sempre sonhei Olha pra mim Linda, deusa, fada Nuvem de amor, pura magia Quero você meu sol Minha luz, a minha alegria Com você sinto de volta a minha paz Ninguém me faz tão feliz como você me faz",Luan Santana,2008,55,https://www.letras.mus.br/luan-santana/1155512/,-1
1192,Jogo do Amor,musica1192,musica1192_trecho3,"Mas o jogo do amor é mais difícil que pensei Você é tudo o que eu sempre sonhei Olha pra mim Linda, deusa, fada Nuvem de amor pura magia Quero você meu sol Minha luz, a minha alegria Com você sinto de volta a minha paz Ninguém me faz tão feliz como você me faz",Luan Santana,2008,55,https://www.letras.mus.br/luan-santana/1155512/,-1
560,José Ou Maria,musica560,musica560_trecho2,"Os sintomas já começaram aparecer Tontura, enjoo, estresse E, sem perceber A barriguinha, de longe, já dá pra ver Tá cada vez mais linda Junto com você",Zé Felipe,2020,27,https://www.letras.mus.br/ze-felipe/jose-ou-maria/,-1
906,Juras de Amor,musica906,musica906_trecho1,Eu pensei que fosse fácil esquecer Uma paixão Descobri como é difícil dominar O coração,Bruno & Marrone,2011,15,https://www.letras.mus.br/bruno-e-marrone/1955761/,-1
906,Juras de Amor,musica906,musica906_trecho2,São lembranças e momentos tão marcantes Tão difíceis de apagar Coisas simples e não menos importantes Como posso não lembrar,Bruno & Marrone,2011,20,https://www.letras.mus.br/bruno-e-marrone/1955761/,-1
906,Juras de Amor,musica906,musica906_trecho3,Do beijo na boca Do cheiro da pele Das juras de amor Que eram pra sempre,Bruno & Marrone,2011,16,https://www.letras.mus.br/bruno-e-marrone/1955761/,-1
906,Juras de Amor,musica906,musica906_trecho4,Não quero lembrar Que tudo acabou Só quero lembrar Dos momentos de amor,Bruno & Marrone,2011,13,https://www.letras.mus.br/bruno-e-marrone/1955761/,-1
1422,Lágrimas,musica1422,musica1422_trecho1,"Tantos planos, tantos sonhos Tantos erros, era cedo",Victor & Leo,2011,8,https://www.letras.mus.br/victor-leo/1979152/,-1
1422,Lágrimas,musica1422,musica1422_trecho2,"Foi tão simples, me pergunto Nesse jogo, quem saiu perdendo?",Victor & Leo,2011,10,https://www.letras.mus.br/victor-leo/1979152/,-1
1422,Lágrimas,musica1422,musica1422_trecho4,"Mil desejos, fantasias Segredos sentimentos Perdidos no tempo As lembranças, os momentos E lágrimas choradas jogadas ao vento",Victor & Leo,2011,18,https://www.letras.mus.br/victor-leo/1979152/,-1
1307,Larga de Bobeira,musica1307,musica1307_trecho2,Chega de me controlar aceite como eu sou Chega de falar que eu tenho outro amor Te quero só pra mim,Michel Teló,2010,21,https://www.letras.mus.br/michel-telo/1525685/,-1
1307,Larga de Bobeira,musica1307,musica1307_trecho5,Será que não percebe o quanto que eu te quero Cansei dessa ilusão faz tempo que eu te espero Eu já tentei mas não consigo te esquecer,Michel Teló,2010,27,https://www.letras.mus.br/michel-telo/1525685/,-1
179,Largado Às Traças,musica179,musica179_trecho5,"Ô ô ô, ô ô ô A falta de você, bebida não ameniza Ô ô ô, ô ô ô Tô tentando apagar fogo com gasolina",Zé Neto e Cristiano,2018,25,https://www.letras.mus.br/ze-neto-cristiano/largado-as-tracas/,-1
1082,Lê Lê Lê,musica1082,musica1082_trecho1,Em plena sexta feira Fui tentar me distrair Chegando na balada Toda linda eu te vi,João Neto e Frederico,2012,16,https://www.letras.mus.br/joao-neto-frederico/1972478/,-1
1082,Lê Lê Lê,musica1082,musica1082_trecho2,Você no camarote E eu rodado no pedaço Caçando um jeitinho De invadir o seu espaço,João Neto e Frederico,2012,16,https://www.letras.mus.br/joao-neto-frederico/1972478/,-1
1082,Lê Lê Lê,musica1082,musica1082_trecho3,Não tenho grana Não tenho fama Não tenho carro Tô de carona,João Neto e Frederico,2012,12,https://www.letras.mus.br/joao-neto-frederico/1972478/,-1
1082,Lê Lê Lê,musica1082,musica1082_trecho4,O meu cartão Foi bloqueado E o meu limite Tá estourado,João Neto e Frederico,2012,11,https://www.letras.mus.br/joao-neto-frederico/1972478/,-1
1082,Lê Lê Lê,musica1082,musica1082_trecho5,Sou simples Mas eu te garanto Eu sei fazer um Lê Lê Lê,João Neto e Frederico,2012,13,https://www.letras.mus.br/joao-neto-frederico/1972478/,-1
1082,Lê Lê Lê,musica1082,musica1082_trecho6,Lê Lê Lê Lê Lê Lê Se eu te pegar você vai ver Lê Lê Lê Lê Lê Lê Você jamais vai me esquecer,João Neto e Frederico,2012,24,https://www.letras.mus.br/joao-neto-frederico/1972478/,-1
34,Leão,musica34,musica34_trecho9,"Tão lindo, tão louco, meu grande amigo Depois de você, os outros são outros Cê tá fodido, vamo fazer amor Cantar um sertanejo antigo e beijar na boca, amor",Marília Mendonça,2023,29,https://www.letras.mus.br/marilia-mendonca/leao/,-1
34,Leão,musica34,musica34_trecho10,Pode ser até que você não me dê moral Até me ver no espaço pela banca de jornal,Marília Mendonça,2023,18,https://www.letras.mus.br/marilia-mendonca/leao/,-1
1128,Lei do Desapego,musica1128,musica1128_trecho3,E que Não sente nada Que eu não era nada Que você pensava,Thiago Brava,2012,13,https://www.letras.mus.br/thiago-brava/lei-do-desapego/,-1
1128,Lei do Desapego,musica1128,musica1128_trecho8,Que tô feliz Sem você do meu lado Hoje eu tô livre Leve e desapegado,Thiago Brava,2012,15,https://www.letras.mus.br/thiago-brava/lei-do-desapego/,-1
1128,Lei do Desapego,musica1128,musica1128_trecho15,Que tô feliz Sem você do meu lado Hoje eu tô livre Leve,Thiago Brava,2012,13,https://www.letras.mus.br/thiago-brava/lei-do-desapego/,-1
383,Lembrança Boa,musica383,musica383_trecho3,Vai que vira uma lembrança boa Vai que vira uma lembrança boa,Henrique & Juliano,2018,12,https://www.letras.mus.br/henrique-e-juliano/lembranca-boa/,-1
271,Lembranças de Amor,musica271,musica271_trecho1,"Veja só Sei que palavras não consertam nada, mas eu acho que é melhor A gente conversar",Victor & Leo,2007,17,https://www.letras.mus.br/victor-leo/797041/,-1
271,Lembranças de Amor,musica271,musica271_trecho2,Afinal O nosso caso não difere de outros casos que acabaram mal E só pra te lembrar,Victor & Leo,2007,17,https://www.letras.mus.br/victor-leo/797041/,-1
271,Lembranças de Amor,musica271,musica271_trecho4,"Preciso te dizer o que acontece com meu sentimento Chego em casa, não te vejo, o meu desejo é te ligar correndo E pouco a pouco, a solidão e o silêncio me abraçam Minha alegria passou, só as lembranças de amor, não passam",Victor & Leo,2007,43,https://www.letras.mus.br/victor-leo/797041/,-1
551,LENÇOL DE SEDA (part. Lauana Prado),musica551,musica551_trecho1,Quando que a gente vai fazer o que a gente tá combinando? Cê manda mensagem toda noite provocando Eu me pego imaginando a gente se pegando E a cama balançando,Luan Pereira,2025,30,https://www.letras.mus.br/luan-pereira/lencol-de-seda-part-lauana-prado/,-1
551,LENÇOL DE SEDA (part. Lauana Prado),musica551,musica551_trecho2,"Quando que você vai perceber que eu só tô te esperando? Só me manda a hora e o lugar que eu tô chegando Não tô no nordeste, mas o clima esquentou Já pensou? (E aí?)",Luan Pereira,2025,35,https://www.letras.mus.br/luan-pereira/lencol-de-seda-part-lauana-prado/,-1
551,LENÇOL DE SEDA (part. Lauana Prado),musica551,musica551_trecho5,"Quando que você vai perceber que eu só tô te esperando? Só me manda a hora e o lugar que eu tô chegando Não tô no nordeste, mas o clima esquentou Já pensou? (Já pensou?)",Luan Pereira,2025,35,https://www.letras.mus.br/luan-pereira/lencol-de-seda-part-lauana-prado/,-1
263,Liberdade Provisória,musica263,musica263_trecho6,Implorei pra voltar Não me manda embora Sou preso na sua vida Era só liberdade provisória,Henrique & Juliano,2020,16,https://www.letras.mus.br/henrique-e-juliano/liberdade-provisoria/,-1
263,Liberdade Provisória,musica263,musica263_trecho7,"Vai ter que me aceitar de volta Ah, ah, ah, ah, ah, ah",Henrique & Juliano,2020,13,https://www.letras.mus.br/henrique-e-juliano/liberdade-provisoria/,-1
263,Liberdade Provisória,musica263,musica263_trecho14,Eu implorei pra voltar Não me manda embora Sou preso na sua vida Era só liberdade provisória,Henrique & Juliano,2020,17,https://www.letras.mus.br/henrique-e-juliano/liberdade-provisoria/,-1
263,Liberdade Provisória,musica263,musica263_trecho15,"Vai ter que me aceitar de volta Ah, ah, ah, ah, ah, ah Vai ter que me aceitar de volta Ah, ah, ah, ah, ah, ah",Henrique & Juliano,2020,26,https://www.letras.mus.br/henrique-e-juliano/liberdade-provisoria/,-1
943,Liga Lá Em Casa,musica943,musica943_trecho5,"Liga lá em casa Conte uma história, fale uma mentira Fala que eu fiquei sem gasolina Que estou de fogo e meu carro quebrou",Leonardo,2014,24,https://www.letras.mus.br/leonardo/liga-la-em-casa/,-1
1533,Litrão,musica1533,musica1533_trecho2,"Eu tenho certeza, vai ser de primeira Se a gente ficar, é menos uma solteira nesse mundo E menos um vagabundo!",Matheus & Kauan,2020,21,https://www.letras.mus.br/matheus-kauan/litrao/,-1
1388,Livre,musica1388,musica1388_trecho4,Esse é meu jeito E ninguém consegue me mudar Acordo em um canto E vou dormir em outro lugar,Fernando e Sorocaba,2013,19,https://www.letras.mus.br/fernando-sorocaba/livre/,-1
1388,Livre,musica1388,musica1388_trecho6,"Livre, é o meu jeito de amar Eu quero ser a sua liberdade Seu segredo mais selvagem Quem te faz sonhar",Fernando e Sorocaba,2013,21,https://www.letras.mus.br/fernando-sorocaba/livre/,-1
1388,Livre,musica1388,musica1388_trecho7,"Vamos girar, girar Abra as asas pra voar Não existem limites Vem se entregar",Fernando e Sorocaba,2013,14,https://www.letras.mus.br/fernando-sorocaba/livre/,-1
51,Logo Logo,musica51,musica51_trecho2,"Se for verdade, eu acertei bonito Se for mentira, eu tô errando feio Porque eu já tô acelerando na suave e tá faltando quase nada Pra eu perder de vez meu freio",Henrique & Juliano,2025,32,https://www.letras.mus.br/henrique-e-juliano/logo-logo/,-1
977,Loka (part. Anitta),musica977,musica977_trecho2,"Cadê você, que ninguém viu? Desapareceu, do nada sumiu Tá por aí tentando esquecer O cara safado que te fez sofrer",Simone & Simaria,2017,21,https://www.letras.mus.br/simone-simaria-as-coleguinhas/loka/,-1
977,Loka (part. Anitta),musica977,musica977_trecho3,Cadê você? Onde se escondeu? Por que sofre se ele não te mereceu? Insiste em ficar em cima desse muro Espera a mudança em quem não tem futuro,Simone & Simaria,2017,28,https://www.letras.mus.br/simone-simaria-as-coleguinhas/loka/,-1
977,Loka (part. Anitta),musica977,musica977_trecho4,Deixa esse cara de lado Você apenas escolheu o cara errado Sofre no presente por causa do seu passado Do que adianta chorar pelo leite derramado?,Simone & Simaria,2017,26,https://www.letras.mus.br/simone-simaria-as-coleguinhas/loka/,-1
977,Loka (part. Anitta),musica977,musica977_trecho6,"E bota uma moda boa Vamos curtir a noite de patroa Azarar os boy, beijar na boca Aproveitar a noite, ficar louca",Simone & Simaria,2017,22,https://www.letras.mus.br/simone-simaria-as-coleguinhas/loka/,-1
977,Loka (part. Anitta),musica977,musica977_trecho8,"Esquece ele e fica louca, louca, louca Agora chora no colo da patroa, louca, louca Esquece ele e fica louca, louca, louca Agora chora no colo da patroa, louca, louca",Simone & Simaria,2017,30,https://www.letras.mus.br/simone-simaria-as-coleguinhas/loka/,-1
55,Louca de Saudade,musica55,musica55_trecho1,"Se uma canção me lembrar Troque o CD, não ouça mais Se um perfume me recordar Troque de marca, não use mais",Jorge & Mateus,2016,22,https://www.letras.mus.br/jorge-mateus/louca-de-saudade/,-1
55,Louca de Saudade,musica55,musica55_trecho4,"Se algum lugar me lembrar Troque de rota, não passe lá Se um filme me recordar Troque o canal, é só desligar",Jorge & Mateus,2016,22,https://www.letras.mus.br/jorge-mateus/louca-de-saudade/,-1
707,Mágica,musica707,musica707_trecho3,"Não teve grito, nem rolo, nem nada Apertei um pouco, cê entregou ligeiro Já sei o dia, a hora E se não bastasse, até o nome do companheiro Cê plantou isso e vai morrer de fome Faz uma mágica aí pra gente e some",Hugo & Guilherme,2023,44,https://www.letras.mus.br/hugo-guilherme/magica-part-gusttavo-lima/,-1
707,Mágica,musica707,musica707_trecho6,"Não teve grito, nem rolo, nem nada Apertei um pouco, cê entregou ligeiro Já sei o dia, a hora E se não bastasse, até o nome do companheiro Cê plantou isso e vai morrer de fome Faz uma mágica aí pra gente",Hugo & Guilherme,2023,42,https://www.letras.mus.br/hugo-guilherme/magica-part-gusttavo-lima/,-1
1544,Mágica (part. Gusttavo Lima),musica1544,musica1544_trecho2,"Se quer saber se me arrependo, eu não Se troco essa nossa vida, troco não E longe de você é tudo mais ou menos Se eu ganhar o mundo sem você, eu tô perdendo",Matheus & Kauan,2019,34,https://www.letras.mus.br/matheus-kauan/magica-part-gusttavo-lima/,-1
1266,Mais Amor e Menos Drama,musica1266,musica1266_trecho2,"Quando eu tento ir devagar, daí cê vem pra cima Basta uma mensagem e olha você virando a esquina Na minha intimidade, você foi entrando Meus pais já te aprovaram e a gente tá só ficando",Henrique & Juliano,2017,36,https://www.letras.mus.br/henrique-e-juliano/mais-amor-e-menos-drama/,-1
1266,Mais Amor e Menos Drama,musica1266,musica1266_trecho3,"Mas antes de te entregar meu coração Eu preciso saber da sua intenção Se é só fogo de palha, qualquer boca apaga Se for por aí, a gente para",Henrique & Juliano,2017,29,https://www.letras.mus.br/henrique-e-juliano/mais-amor-e-menos-drama/,-1
1266,Mais Amor e Menos Drama,musica1266,musica1266_trecho4,"Antes de te entregar meu coração Eu preciso saber da sua intenção Se é só fogo de palha, qualquer boca apaga Se for por aí, a gente para",Henrique & Juliano,2017,28,https://www.letras.mus.br/henrique-e-juliano/mais-amor-e-menos-drama/,-1
1266,Mais Amor e Menos Drama,musica1266,musica1266_trecho5,Para na minha cama até dizer que me ama Mais amor e menos drama Para na minha cama até dizer que me ama Mais amor e menos drama,Henrique & Juliano,2017,28,https://www.letras.mus.br/henrique-e-juliano/mais-amor-e-menos-drama/,-1
1266,Mais Amor e Menos Drama,musica1266,musica1266_trecho6,"E quando eu tento ir devagar, daí cê vem pra cima Basta uma mensagem e olha você virando a esquina Na minha intimidade, você foi entrando Meus pais já te aprovaram e a gente tá só ficando",Henrique & Juliano,2017,37,https://www.letras.mus.br/henrique-e-juliano/mais-amor-e-menos-drama/,-1
1266,Mais Amor e Menos Drama,musica1266,musica1266_trecho11,Para na minha cama até dizer que me ama Mais amor e menos drama Para na minha cama até dizer que me ama Mais amor e menos drama Mais amor e menos drama,Henrique & Juliano,2017,33,https://www.letras.mus.br/henrique-e-juliano/mais-amor-e-menos-drama/,-1
1241,Mais Que Pai e Filho,musica1241,musica1241_trecho5,Que bom que Deus fez de nós dois mais do que pai e filho Permitiu que a gente dividisse o brilho do Sol Que pra muitos jamais vai nascer,Rick & Renner,2008,29,https://www.letras.mus.br/rick-e-renner/1304408/,-1
1441,Mais Um Ano Juntos,musica1441,musica1441_trecho2,"Parabéns pra nós, amor Eu passei no jardim E te trouxe essa flor Na falta de champanhe Tem suco de laranja E esse bolinho de chocolate Que eu sei que você ama",Marcos & Belutti,2017,32,https://www.letras.mus.br/marcos-belutti/mais-um-ano-juntos/,-1
1441,Mais Um Ano Juntos,musica1441,musica1441_trecho8,"Tem mais uma coisinha, quase eu me esqueci Um cartãozinho lindo, nele eu escrevi Que o meu maior tesouro é seu amor querida Muito obrigado por você existir na minha vida",Marcos & Belutti,2017,31,https://www.letras.mus.br/marcos-belutti/mais-um-ano-juntos/,-1
166,Mala Amarela (part. José Camillo),musica166,musica166_trecho1,"Eram quatro e meia, passava um pouquinho O fosco clarinho rasgava o varjão Era o trem noturno que vinha apontando E logo parando na velha estação Meu corpo tremia, meus olhos molhados O meu pai do lado e a mala no chão Beijei o seu rosto e disse na hora O mundo lá fora me espera paizão",Daniel,2005,57,https://www.letras.mus.br/daniel/319866/,-1
166,Mala Amarela (part. José Camillo),musica166,musica166_trecho2,"Entrei no vagão, corri pra janela A mala amarela do velho catei O trem deu partida, soqueou bruscamente E ali novamente sua mão eu beijei Um pouco pra adiante vi minha casinha E a minha mãezinha de pé no portão Ela não me viu e do trem na corrida Ouvi as latidas do velho sultão",Daniel,2005,55,https://www.letras.mus.br/daniel/319866/,-1
783,Malú,musica783,musica783_trecho2,"Pedi a conta e saí, na avenida ouvi: Me espere, também vou No agito da noite urbana, sem trauma e sem drama, sua história contou Em silêncio no carro ficamos, quando suas mãos o meu corpo tocou Num abraço, mil beijos trocamos, me levando para o céu azul Com o Sol me aquecendo, acordei, onde mora não sei, o seu nome é Malu",Di Paullo e Paulino,2011,63,https://www.letras.mus.br/di-paulo-e-paulino/malu/,-1
305,Manda um Oi (part. Simone Mendes),musica305,musica305_trecho1,"Você já foi de A a Z nos meus contatos Já revirou todas conversas de cima pra baixo Não viu foto, não viu vídeo, não viu nada suspeito Mas o erro do errado é achar que faz tudo direito",Guilherme & Benuto,2024,39,https://www.letras.mus.br/guilherme-e-benuto/manda-um-oi-part-simone-mendes/,-1
305,Manda um Oi (part. Simone Mendes),musica305,musica305_trecho5,Aí não teve o que fazer Aí eu vou falar o quê?,Guilherme & Benuto,2024,12,https://www.letras.mus.br/guilherme-e-benuto/manda-um-oi-part-simone-mendes/,-1
305,Manda um Oi (part. Simone Mendes),musica305,musica305_trecho6,Mas um detalhe não escapou do seu olho Ele cismou com um contato diferente e disse Fala com ele agora na minha frente,Guilherme & Benuto,2024,23,https://www.letras.mus.br/guilherme-e-benuto/manda-um-oi-part-simone-mendes/,-1
305,Manda um Oi (part. Simone Mendes),musica305,musica305_trecho7,Manda um oi aí pra eu ver Ele falando com você Pra eu ver o grau de intimidade Se o nada a ver tem mesmo nada a ver,Guilherme & Benuto,2024,28,https://www.letras.mus.br/guilherme-e-benuto/manda-um-oi-part-simone-mendes/,-1
305,Manda um Oi (part. Simone Mendes),musica305,musica305_trecho10,Não teve o que fazer (não teve o que fazer) Aí eu vou falar o quê? (Eu vou falar o quê?),Guilherme & Benuto,2024,21,https://www.letras.mus.br/guilherme-e-benuto/manda-um-oi-part-simone-mendes/,-1
1372,Maneira Errada,musica1372,musica1372_trecho1,Eu te prometo não prometer nada Também prometo não te cobrar nada A minha vida ainda vai ser minha E as suas coisas continuam suas,Jorge & Mateus,2015,25,https://www.letras.mus.br/jorge-mateus/maneira-errada/,-1
1372,Maneira Errada,musica1372,musica1372_trecho2,E mesmo que ninguém entenda nada Falar de amor é fácil todo mundo fala Quem são eles pra dizer Que eu tô amando da maneira errada,Jorge & Mateus,2015,26,https://www.letras.mus.br/jorge-mateus/maneira-errada/,-1
576,Marca Evidente,musica576,musica576_trecho1,"Sentimento dividido no tempo perdido buscando te ter Sinto no ar que respiro seu cheiro e prefiro não lembrar você Ficou marca evidente que vive presente no meu coração Por caminho diferente, o amor entre a gente não teve razão",Israel & Rodolffo,2012,40,https://www.letras.mus.br/israel-rodolfo/1793990/,-1
576,Marca Evidente,musica576,musica576_trecho2,"Mas já chega, assim não dá Desculpe, amor, vou te deixar Sei que vai me entender Adeus, foi bom te conhecer",Israel & Rodolffo,2012,21,https://www.letras.mus.br/israel-rodolfo/1793990/,-1
576,Marca Evidente,musica576,musica576_trecho5,"Você, você Você, você",Israel & Rodolffo,2012,4,https://www.letras.mus.br/israel-rodolfo/1793990/,-1
576,Marca Evidente,musica576,musica576_trecho9,"Você, você Você, você Você, você Você, você",Israel & Rodolffo,2012,8,https://www.letras.mus.br/israel-rodolfo/1793990/,-1
230,Maus Bocados,musica230,musica230_trecho4,"Também passei E te liguei bêbado fora de hora Que nem cê tá fazendo agora Ligando a cobrar Chorando, querendo me amar",Cristiano Araújo,2013,22,https://www.letras.mus.br/cristiano-araujo/maus-bocados/,-1
395,Me Ama Ou Me Larga,musica395,musica395_trecho4,"Se você quer que eu fique Me pega, faça, aqui no chão da sala Me entrelaça Até eu pedir água (diga!) (Me ama ou me larga) Se você quer que eu fique Me pega, faça, aqui no chão da sala Me entrelaça Até eu pedir água Me ama ou me larga",Simone Mendes,2025,51,https://www.letras.mus.br/simone-mendes/me-ama-ou-me-larga/,-1
395,Me Ama Ou Me Larga,musica395,musica395_trecho7,"Se você quer que eu fique Me pega, faça, aqui no chão da sala Me entrelaça Até eu pedir água Me ama ou me larga Se você quer que eu fique Me pega, faça, aqui no chão da sala Me entrelaça Até eu pedir água Me ama ou me larga",Simone Mendes,2025,50,https://www.letras.mus.br/simone-mendes/me-ama-ou-me-larga/,-1
380,Me Apaixonei (A Primeira Vez Que Eu Te Vi),musica380,musica380_trecho1,"A primeira vez que eu te vi Pensei até que fosse uma miragem Ao me aproximar, tentei falar Faltou coragem",Eduardo Costa,2006,20,https://www.letras.mus.br/eduardo-costa/502244/,-1
380,Me Apaixonei (A Primeira Vez Que Eu Te Vi),musica380,musica380_trecho4,Pensei que nunca mais ia te ver Chorei sem querer E eu sem uma chance pra dizer O quanto estava apaixonado por você,Eduardo Costa,2006,23,https://www.letras.mus.br/eduardo-costa/502244/,-1
380,Me Apaixonei (A Primeira Vez Que Eu Te Vi),musica380,musica380_trecho5,A primeira vez que eu te vi No peito o coração bateu a mil e explodiu Ao me aproximar senti no corpo um arrepio,Eduardo Costa,2006,24,https://www.letras.mus.br/eduardo-costa/502244/,-1
380,Me Apaixonei (A Primeira Vez Que Eu Te Vi),musica380,musica380_trecho8,Pensei que nunca mais ia te ver Chorei sem querer E eu sem uma chance pra dizer O quanto estava apaixonado por você Chorei sem querer,Eduardo Costa,2006,26,https://www.letras.mus.br/eduardo-costa/502244/,-1
1101,Me Apego,musica1101,musica1101_trecho1,"A sua voz me segue junto ao som do vento Teu cheiro me persegue, afio pelo ar Em flashes te desenho em meu pensamento Até de olhos fechados vejo o seu olhar Ah, o teu olhar",Cristiano Araújo,2012,36,https://www.letras.mus.br/cristiano-araujo/2003141/,-1
1101,Me Apego,musica1101,musica1101_trecho3,"Quero de novo, todo dia, cada dia mais Eu me apaixono nas loucuras que a gente faz É nesse teu jeitinho que eu me apego bem facinho",Cristiano Araújo,2012,27,https://www.letras.mus.br/cristiano-araujo/2003141/,-1
636,Me Bloqueia,musica636,musica636_trecho1,"Seu corpo tá aí Mas a cabeça tá aqui Lutando contra o sentimento Rindo, mas chorando por dentro",Zé Neto e Cristiano,2023,18,https://www.letras.mus.br/ze-neto-cristiano/me-bloqueia/,-1
636,Me Bloqueia,musica636,musica636_trecho2,E quando toca a nossa música É a canção do desespero Vai pro banheiro da balada E chora em frente ao espelho,Zé Neto e Cristiano,2023,22,https://www.letras.mus.br/ze-neto-cristiano/me-bloqueia/,-1
842,Me Caiu Tão Bem (part. Gustavo Mioto),musica842,musica842_trecho1,Sou um cara normal Que usa um boné pra trás e não gosta de roupa social Posso contar piada Mas não sei nenhuma frase de amor decorada,Murilo Huff,2024,27,https://www.letras.mus.br/murilo-huff/me-caiu-tao-bem-part-gustavo-mioto/,-1
842,Me Caiu Tão Bem (part. Gustavo Mioto),musica842,musica842_trecho2,"Se até a bússola já virou GPS O DVD um dia foi VHS Pra combinar com seu vestido, eu abro uma exceção Já tô na loja escolhendo uma camisa de botão",Murilo Huff,2024,31,https://www.letras.mus.br/murilo-huff/me-caiu-tao-bem-part-gustavo-mioto/,-1
842,Me Caiu Tão Bem (part. Gustavo Mioto),musica842,musica842_trecho3,"Onde você tava esse tempo todo? Hoje eu sou outro, olha o que eu mudei Não é a camisa, nem o estilo novo É você que me caiu tão bem Onde você tava esse tempo todo? Hoje eu sou outro, olha o que eu mudei Não é a camisa, nem o estilo novo É você que me caiu tão bem Foi você que me caiu tão bem",Murilo Huff,2024,67,https://www.letras.mus.br/murilo-huff/me-caiu-tao-bem-part-gustavo-mioto/,-1
842,Me Caiu Tão Bem (part. Gustavo Mioto),musica842,musica842_trecho5,"Onde você tava esse tempo todo? Hoje eu sou outro, olha o que eu mudei Não é a camisa, nem o estilo novo É você que me caiu tão bem Onde você tava esse tempo todo? Hoje eu sou outro, olha o que eu mudei Não é a camisa, nem o estilo novo É você que me caiu tão bem É você que me caiu tão bem (tão bem)",Murilo Huff,2024,69,https://www.letras.mus.br/murilo-huff/me-caiu-tao-bem-part-gustavo-mioto/,-1
274,Me Leva Pra Casa,musica274,musica274_trecho1,"Cansei de ficar sozinho Na rua, não tem carinho Uou uou, me leva pra casa",Zezé Di Camargo,2022,15,https://www.letras.mus.br/zeze-di-camargo/me-leva-pra-casa-part-luciano/,-1
274,Me Leva Pra Casa,musica274,musica274_trecho2,"No amor, sempre fui bandido E agora que estou perdido Uou uou, me leva pra casa",Zezé Di Camargo,2022,16,https://www.letras.mus.br/zeze-di-camargo/me-leva-pra-casa-part-luciano/,-1
274,Me Leva Pra Casa,musica274,musica274_trecho5,"Hoje eu sei que achei Quem eu tanto procurava Meu amor, é você Uou uou, me leva pra casa",Zezé Di Camargo,2022,19,https://www.letras.mus.br/zeze-di-camargo/me-leva-pra-casa-part-luciano/,-1
274,Me Leva Pra Casa,musica274,musica274_trecho9,Me leva pra casa Me leva pra casa Me leva pra casa,Zezé Di Camargo,2022,12,https://www.letras.mus.br/zeze-di-camargo/me-leva-pra-casa-part-luciano/,-1
225,Me Leva Pra Casa / Escrito Nas Estrelas / Saudade,musica225,musica225_trecho1,"Cansei de ficar sozinho Na rua não tem carinho Uô-uô, me leva pra casa No amor sempre fui bandido E agora estou perdido Uô-uô, me leva pra casa",Lauana Prado,2023,28,https://www.letras.mus.br/lauana-prado/me-leva-pra-casa-escrito-nas-estrelas-saudade/,-1
225,Me Leva Pra Casa / Escrito Nas Estrelas / Saudade,musica225,musica225_trecho4,"Hoje eu sei que achei Quem eu tanto procurava Meu amor é você Uô-uô, me leva pra casa Me leva pra casa",Lauana Prado,2023,22,https://www.letras.mus.br/lauana-prado/me-leva-pra-casa-escrito-nas-estrelas-saudade/,-1
225,Me Leva Pra Casa / Escrito Nas Estrelas / Saudade,musica225,musica225_trecho6,"Agora eu sei muito bem Que eu nasci só pra ser Sua parceira, meu bem E só morrer de prazer",Lauana Prado,2023,20,https://www.letras.mus.br/lauana-prado/me-leva-pra-casa-escrito-nas-estrelas-saudade/,-1
225,Me Leva Pra Casa / Escrito Nas Estrelas / Saudade,musica225,musica225_trecho7,"Caso do acaso bem marcado em cartas de tarô Ô, ô Meu amor, esse amor de cartas claras sobre a mesa É assim Signo do destino, que surpresa ele nos preparou Ô, ô Meu amor, esse amor estava escrito nas estrelas Tava, sim",Lauana Prado,2023,43,https://www.letras.mus.br/lauana-prado/me-leva-pra-casa-escrito-nas-estrelas-saudade/,-1
225,Me Leva Pra Casa / Escrito Nas Estrelas / Saudade,musica225,musica225_trecho8,Você sempre fez dos meus sonhos Sempre soube dos meus segredos Isso já faz muito tempo Eu nem me lembro quanto tempo faz,Lauana Prado,2023,23,https://www.letras.mus.br/lauana-prado/me-leva-pra-casa-escrito-nas-estrelas-saudade/,-1
225,Me Leva Pra Casa / Escrito Nas Estrelas / Saudade,musica225,musica225_trecho10,Talvez eu seja no seu passado mais uma página Que foi do seu diário arrancada,Lauana Prado,2023,15,https://www.letras.mus.br/lauana-prado/me-leva-pra-casa-escrito-nas-estrelas-saudade/,-1
225,Me Leva Pra Casa / Escrito Nas Estrelas / Saudade,musica225,musica225_trecho11,"Sonho, choro e sinto Que resta alguma esperança Saudade, quero arrancar essa página Da minha vida Da minha vida Da minha vida",Lauana Prado,2023,22,https://www.letras.mus.br/lauana-prado/me-leva-pra-casa-escrito-nas-estrelas-saudade/,-1
476,Média Boa,musica476,musica476_trecho3,"Nem bonito demais pra te dar trabalho Nem feio demais pra te passar vergonha Eu tô na média, tô numa média boa Nem rico demais pra andar de iate Nem liso demais pra remar de canoa Eu tô na média, tô numa média boa",Felipe e Rodrigo,2023,44,https://www.letras.mus.br/felipe-e-rodrigo/media-boa/,-1
476,Média Boa,musica476,musica476_trecho4,"Nem bonito demais pra te dar trabalho Nem feio Eu tô na média, tô numa média boa Nem rico demais pra andar de iate Nem liso demais pra remar de canoa Eu tô na média, tô numa média boa",Felipe e Rodrigo,2023,39,https://www.letras.mus.br/felipe-e-rodrigo/media-boa/,-1
476,Média Boa,musica476,musica476_trecho5,"Não é me achando, mas nota 7 Passa tranquilo de ano",Felipe e Rodrigo,2023,11,https://www.letras.mus.br/felipe-e-rodrigo/media-boa/,-1
476,Média Boa,musica476,musica476_trecho9,"Não é me achando, mas nota 7 Passa tranquilo de ano Mas nota 7 passa tranquilo de ano",Felipe e Rodrigo,2023,18,https://www.letras.mus.br/felipe-e-rodrigo/media-boa/,-1
22,Medo Bobo,musica22,musica22_trecho1,"Ah, esse tom de voz eu reconheço Mistura de medo e desejo Tô aplaudindo a sua coragem de me ligar",Maiara & Maraisa,2016,20,https://www.letras.mus.br/maiara-maraisa/medo-bobo/,-1
22,Medo Bobo,musica22,musica22_trecho2,"Eu pensei que só tava alimentando Uma loucura da minha cabeça Mas quando ouvi sua voz, respirei aliviado",Maiara & Maraisa,2016,18,https://www.letras.mus.br/maiara-maraisa/medo-bobo/,-1
446,Meiga Senhorita,musica446,musica446_trecho2,"Aqui é pequeno mas dá pra nós dois E ser for preciso a gente aumenta depois Tenho um violão que é pras noites de Lua Tem uma varanda que é minha e que é sua Vem morar comigo meiga senhorita Vem morar comigo meiga senhorita, vem morar comigo",Zé Ricardo e Thiago,2018,48,https://www.letras.mus.br/ze-ricardo-thiago/meiga-senhorita/,-1
1458,Meio Caminho Andado,musica1458,musica1458_trecho1,Será que cê chegou voando? Mas eu não vi asas em você Me belisca que eu tô sonhando E agora o que é que eu vou fazer?,Enzo Rabelo,2020,27,https://www.letras.mus.br/enzo-rabelo/meio-caminho-andado/,-1
1458,Meio Caminho Andado,musica1458,musica1458_trecho3,"Quem mandou você me olhar? E quem mandou ser linda desse jeito? Quem mandou conhece meu gosto muito bem Chega, não precisa mandar mais ninguém",Enzo Rabelo,2020,25,https://www.letras.mus.br/enzo-rabelo/meio-caminho-andado/,-1
109,MEIO TERMO,musica109,musica109_trecho1,"Vida Teu cheiro ainda tá na minha camisa Toda vez que cê vai, uma parte fica Só pra me assombrar",Luan Santana,2023,20,https://www.letras.mus.br/luan-santana/meio-termo/,-1
109,MEIO TERMO,musica109,musica109_trecho2,"Que por mais que eu queira, você não é minha ainda Se eu der bobeira O que não falta é marmanjo na fila Torcendo pra gente não vingar",Luan Santana,2023,28,https://www.letras.mus.br/luan-santana/meio-termo/,-1
109,MEIO TERMO,musica109,musica109_trecho5,"Ô, vida Teu cheiro ainda tá na minha camisa Toda vez que cê vai, uma parte fica Só pra me assombrar",Luan Santana,2023,21,https://www.letras.mus.br/luan-santana/meio-termo/,-1
1046,Melhor Trair Agora,musica1046,musica1046_trecho1,"Foi com um cheiro E voltou com outro pra casa Me fala por que seu cabelo voltou molhado Se nem chovendo tava Cê tá pedindo calma, tô calma",Marília Tavares,2025,28,https://www.letras.mus.br/marilia-tavares/melhor-trair-agora/,-1
1046,Melhor Trair Agora,musica1046,musica1046_trecho2,Eu espero que tenha valido a pena O seu momento de prazer Porque tudo que cê ganhou lá Vai ter que compensar o que cê vai perder,Marília Tavares,2025,27,https://www.letras.mus.br/marilia-tavares/melhor-trair-agora/,-1
1046,Melhor Trair Agora,musica1046,musica1046_trecho3,Eu tô terminando em paz Com meu coração tranquilo Já pensou se fosse mais pra frente? Já pensou a gente casado e com filho?,Marília Tavares,2025,24,https://www.letras.mus.br/marilia-tavares/melhor-trair-agora/,-1
934,Mensagem Pra Ela,musica934,musica934_trecho3,Vou te ligar Vou deixar recado Vou mandar mensagem,César Menotti & Fabiano,2005,9,https://www.letras.mus.br/cesar-menotti-e-fabiano/566162/,-1
1593,Mentalmente (part. MC Kevinho),musica1593,musica1593_trecho1,"Quando você passa, tudo fica diferente Tava sem graça, mas agora ficou envolvente Vi sua boca gostosa na minha e senti o seu corpo tão quente Sua boca gostosa na minha e senti o seu corpo tão quente Olhei pro seu sorriso e viajei de repente",Naiara Azevedo,2017,46,https://www.letras.mus.br/naiara-azevedo/mentalmente/,-1
1593,Mentalmente (part. MC Kevinho),musica1593,musica1593_trecho2,Tô sarrando em você mentalmente Tô sarrando em você mentalmente Tô sarrando em você Olhei pro seu sorriso e viajei de repente,Naiara Azevedo,2017,22,https://www.letras.mus.br/naiara-azevedo/mentalmente/,-1
1593,Mentalmente (part. MC Kevinho),musica1593,musica1593_trecho3,Tô sarrando em você lentamente E tô sarrando em você lentamente Tô sarrando em você lentamente Tô sarrando em você lentamente,Naiara Azevedo,2017,21,https://www.letras.mus.br/naiara-azevedo/mentalmente/,-1
1593,Mentalmente (part. MC Kevinho),musica1593,musica1593_trecho6,Tô sarrando em você lentamente Tô sarrando em você lentamente Tô sarrando em você lentamente,Naiara Azevedo,2017,15,https://www.letras.mus.br/naiara-azevedo/mentalmente/,-1
1593,Mentalmente (part. MC Kevinho),musica1593,musica1593_trecho7,Tô sarrando em você lentamente Eu tô sarrando em você lentamente Tô sarrando em você lentamente Tô sarrando em você lentamente,Naiara Azevedo,2017,21,https://www.letras.mus.br/naiara-azevedo/mentalmente/,-1
272,Mente Pra Mim,musica272,musica272_trecho1,Olha dentro dos meus olhos E me conta umas mentiras só pra me agradar Fala que hoje eu tô bonito Que ainda pensa em mim quando vai se deitar,Cristiano Araújo,2012,29,https://www.letras.mus.br/cristiano-araujo/mente-pra-mim/,-1
272,Mente Pra Mim,musica272,musica272_trecho2,Diz que quando acorda todo dia Seu primeiro pensamento pode ser que seja eu Mente pra esse cara inocente Fala que ele ainda vai ser seu,Cristiano Araújo,2012,26,https://www.letras.mus.br/cristiano-araujo/mente-pra-mim/,-1
272,Mente Pra Mim,musica272,musica272_trecho3,"O amor da sua vida era eu Não era verdade Eu vou amar doendo, eu vou amar sofrendo Mesmo sabendo que tudo pode acabar (vai)",Cristiano Araújo,2012,25,https://www.letras.mus.br/cristiano-araujo/mente-pra-mim/,-1
70,Mentes Tão Bem,musica70,musica70_trecho1,"Me promete amor sincero, uma vida inteira Com você, o meu inverno vira primavera Vive me jurando estar apaixonada Prometeu o mundo e nunca me deu nada Você não cumpre nada",Zezé Di Camargo,2022,31,https://www.letras.mus.br/zeze-di-camargo/mentes-tao-bem/,-1
70,Mentes Tão Bem,musica70,musica70_trecho2,"Se eu seguir o seu caminho chegarei ao céu Eu vou provando o gosto amargo do seu doce mel Na mentira das palavras entro no seu jogo Procurando água, só encontro fogo E queimo nesse fogo",Zezé Di Camargo,2022,36,https://www.letras.mus.br/zeze-di-camargo/mentes-tao-bem/,-1
70,Mentes Tão Bem,musica70,musica70_trecho3,"Quando você fala, tão apaixonada Meu amor, eu sempre estarei contigo Olho nos seus olhos, me emociono e choro Sei que é mentira, mas me sinto vivo Mesmo sendo falso o ar, sinto que respiro",Zezé Di Camargo,2022,35,https://www.letras.mus.br/zeze-di-camargo/mentes-tao-bem/,-1
1029,Mesmice,musica1029,musica1029_trecho1,Cê lembra quando foi a última vez Que a gente fez (que a gente fez) Algo pela primeira vez? Eu parei de contar tem mais de mês,Simone Mendes,2025,27,https://www.letras.mus.br/simone-mendes/mesmice/,-1
1029,Mesmice,musica1029,musica1029_trecho3,"Eu já fingi de tudo pra gente não acabar Até fingi prazer com você na hora H Mas feliz não dá (não dá) Fingir que eu tô feliz Não dá, não dá Eu já fingi de tudo pra gente não acabar Até fingi prazer com você na hora H Mas feliz não dá Fingir que eu tô feliz Não dá, não dá",Simone Mendes,2025,62,https://www.letras.mus.br/simone-mendes/mesmice/,-1
872,Mesmo Sem Estar (part. Sandy),musica872,musica872_trecho3,"Tô naquela fome louca de manhã Na vontade de comer besteira no café Tô naquela blusa que eu sei que é azul Só pra me irritar, insiste em dizer que não é",Luan Santana,2016,32,https://www.letras.mus.br/luan-santana/mesmo-sem-estar/,-1
872,Mesmo Sem Estar (part. Sandy),musica872,musica872_trecho6,"Que tal apostar A gente não se fala mais por um mês Você vai ver que o tempo não muda nada, nada Nada, nada Eu tô aí Mesmo sem estar",Luan Santana,2016,30,https://www.letras.mus.br/luan-santana/mesmo-sem-estar/,-1
872,Mesmo Sem Estar (part. Sandy),musica872,musica872_trecho13,"Que tal apostar A gente não se fala mais por um mês Você vai ver que o tempo não muda nada (nada), nada Eu tô aí Mesmo sem estar",Luan Santana,2016,29,https://www.letras.mus.br/luan-santana/mesmo-sem-estar/,-1
668,Metade da Estrada,musica668,musica668_trecho1,Olha aqui pra mim Pra cá e pra lá no quarto Nesse breu danado Eu não levantei e nem vou levantar É desesperador Essa situação Cadê o bom senso do seu coração? Já dá pra parar,Henrique & Juliano,2018,36,https://www.letras.mus.br/henrique-e-juliano/metade-da-estrada/,-1
668,Metade da Estrada,musica668,musica668_trecho5,"Nunca pensou em mim, nunca Só me deixou o eco e mais nada Me prometeu vida toda E me deixou na metade da estrada",Henrique & Juliano,2018,24,https://www.letras.mus.br/henrique-e-juliano/metade-da-estrada/,-1
1114,Mete Sua Boca,musica1114,musica1114_trecho2,"Quero sorrir da saudade Zombar da tristeza e da solidão Agora é só felicidade, amor de verdade Desejo e paixão Não quero mais bebedeira",Guilherme & Santiago,2010,24,https://www.letras.mus.br/guilherme-e-santiago/1630466/,-1
498,Meteoro,musica498,musica498_trecho1,"Te dei o sol, te dei o mar Pra ganhar seu coração Você é raio de saudade Meteoro da paixão Explosão de sentimentos Que eu não pude acreditar Ah! Como é bom poder te amar!",Luan Santana,2009,35,https://www.letras.mus.br/luan-santana/1407542/,-1
498,Meteoro,musica498,musica498_trecho2,Depois que eu te conheci fui mais feliz Você é exatamente o que eu sempre quis Ela se encaixa perfeitamente em mim O nosso quebra-cabeça teve fim,Luan Santana,2009,27,https://www.letras.mus.br/luan-santana/1407542/,-1
498,Meteoro,musica498,musica498_trecho3,"Se for sonho, não me acorde Eu preciso flutuar Pois só quem sonha Consegue alcançar",Luan Santana,2009,15,https://www.letras.mus.br/luan-santana/1407542/,-1
498,Meteoro,musica498,musica498_trecho10,"Te dei o sol, te dei o mar Pra ganhar seu coração Você é raio de saudade Meteoro da paixão Explosão de sentimentos Que eu não pude acreditar Ah! Como é bom poder te amar! Ah! Como é bom poder te amar!",Luan Santana,2009,42,https://www.letras.mus.br/luan-santana/1407542/,-1
1312,Meu Amor,musica1312,musica1312_trecho3,Tive que quebrar a cara por aí Comprar buquê de flores Que murcharam no outro dia Sem ter valor Nenhum valor pro outro alguém,Henrique & Juliano,2017,24,https://www.letras.mus.br/henrique-e-juliano/meu-amor/,-1
1312,Meu Amor,musica1312,musica1312_trecho4,"E aí, meu amor Tô mais maduro e mais seguro do que eu quero Ganhei uns quilos e, na aparência, eu tô mais velho E ainda te gosto tanto, te amo o mesmo tanto",Henrique & Juliano,2017,34,https://www.letras.mus.br/henrique-e-juliano/meu-amor/,-1
1096,Meu Coração Pede Carona,musica1096,musica1096_trecho1,"Faz tempo, to na estrada Procurando por alguém que me deixou assim A cada curva, cada passo penso em você será que pensa em mim? É fato e ta na cara, que eu vivo sem respirar Eu perco o chão e por você também me falta o ar Já procurei por todo canto, mas não encontrei vestígio seu",João Neto e Frederico,2012,58,https://www.letras.mus.br/joao-neto-frederico/1832016/,-1
1096,Meu Coração Pede Carona,musica1096,musica1096_trecho2,"Se eu puder me controlar, ganhar seu coração Viajaria o mundo inteiro para te ter nas mãos Se for preciso perco medo, pago o preço para encontrar a direção Uô, uô, uô",João Neto e Frederico,2012,32,https://www.letras.mus.br/joao-neto-frederico/1832016/,-1
1096,Meu Coração Pede Carona,musica1096,musica1096_trecho5,"É fato e ta na cara que eu vivo sem respirar Eu perco o chão e por você também me falta o ar Já procurei por todo canto, mas não encontrei vestígio seu",João Neto e Frederico,2012,33,https://www.letras.mus.br/joao-neto-frederico/1832016/,-1
1096,Meu Coração Pede Carona,musica1096,musica1096_trecho6,"Se eu puder me controlar ganhar seu coração Viajaria o mundo inteiro para te ter nas mãos Se for preciso perco medo, pago o preço para encontrar a direção Uô, uô, uô",João Neto e Frederico,2012,32,https://www.letras.mus.br/joao-neto-frederico/1832016/,-1
155,Meu Destino,musica155,musica155_trecho2,"E, nesse momento, parece que o mar e as estrelas do céu Puderam me ver te amar Me entreguei e senti A magia do amor sobre mim",Luan Santana,2008,27,https://www.letras.mus.br/luan-santana/1264252/,-1
155,Meu Destino,musica155,musica155_trecho3,"E agora não tem quem arranque Você de dentro do meu coração Você é minha fantasia, meu sonho lindo, minha ilusão Eu esperei a hora que eu pudesse te dizer O meu destino é pra sempre amar você",Luan Santana,2008,38,https://www.letras.mus.br/luan-santana/1264252/,-1
543,Meu Grito de Amor,musica543,musica543_trecho1,Me dei demais Não fui capaz De tomar conta de mim E amei assim,Zé Felipe,2025,14,https://www.letras.mus.br/ze-felipe/meu-grito-de-amor/,-1
543,Meu Grito de Amor,musica543,musica543_trecho3,Mergulhei nas incertezas do amor Fui um louco sonhador I was just dreaming It was only me in love,Zé Felipe,2025,19,https://www.letras.mus.br/ze-felipe/meu-grito-de-amor/,-1
543,Meu Grito de Amor,musica543,musica543_trecho4,Dói demais o silêncio E o vazio frio dos lençóis Dói demais quando a noite Invade o nosso quarto e traz no vento O meu grito de amor,Zé Felipe,2025,28,https://www.letras.mus.br/ze-felipe/meu-grito-de-amor/,-1
1532,Meu Grito De Amor (part. Eduardo Costa),musica1532,musica1532_trecho3,Mergulhei nas incertezas do amor Fui um louco sonhador,Paula Fernandes,2014,9,https://www.letras.mus.br/paula-fernandes/1852896/,-1
1532,Meu Grito De Amor (part. Eduardo Costa),musica1532,musica1532_trecho5,Dói demais o silêncio E o vazio frio dos lençóis Dói demais quando a noite Invade o nosso quarto E traz no vento O meu grito de amor,Paula Fernandes,2014,28,https://www.letras.mus.br/paula-fernandes/1852896/,-1
1167,"Meu Menino, Minha Menina (part. Belinda)",musica1167,musica1167_trecho1,O que é que você viu em mim?,Luan Santana,2011,8,https://www.letras.mus.br/luan-santana/1791040/,-1
1167,"Meu Menino, Minha Menina (part. Belinda)",musica1167,musica1167_trecho7,"Seu jeito, seu sorriso Sua forma de menina de me agradar Seu charme, seu pedido Sua voz tão constrangida ao se desculpar Sua timidez me encanta, e eu vou te confessar Que a ânsia de esperar você ligar me assusta!",Luan Santana,2011,40,https://www.letras.mus.br/luan-santana/1791040/,-1
1077,Meu Número (part. Jorge & Mateus),musica1077,musica1077_trecho1,Tô sentindo o seu corpo se distanciando Seu beijo esfriando O amor diluindo em lágrimas E ninguém tem coragem de nada,Hugo & Guilherme,2022,21,https://www.letras.mus.br/hugo-guilherme/meu-numero-part-jorge-e-mateus/,-1
1077,Meu Número (part. Jorge & Mateus),musica1077,musica1077_trecho2,Quando passar do portão Não se esqueça do seu coração Que ele vai te avisar a hora certa de você voltar pra mim,Hugo & Guilherme,2022,23,https://www.letras.mus.br/hugo-guilherme/meu-numero-part-jorge-e-mateus/,-1
1077,Meu Número (part. Jorge & Mateus),musica1077,musica1077_trecho3,Hoje eu tô te deixando voar Mas por dentro eu quero te prender Se você resolver não voltar Eu só quero o melhor pra você,Hugo & Guilherme,2022,25,https://www.letras.mus.br/hugo-guilherme/meu-numero-part-jorge-e-mateus/,-1
1077,Meu Número (part. Jorge & Mateus),musica1077,musica1077_trecho4,Hoje eu tô te deixando voar Na certeza que tem outro amor Se acaso ele te machucar O meu número nunca mudou,Hugo & Guilherme,2022,22,https://www.letras.mus.br/hugo-guilherme/meu-numero-part-jorge-e-mateus/,-1
702,Meu Violão e o Nosso Cachorro,musica702,musica702_trecho1,"Pode ficar aqui, sou eu quem vou partir O que a gente construiu não é preciso dividir Fizemos tantos planos, compramos tantas coisas Mas o amor é longe disso Precisamos de um tempo em relação a nós dois Depois decidimos o final, espero que seja um final feliz",Simone & Simaria,2016,48,https://www.letras.mus.br/simone-simaria-as-coleguinhas/meu-violao-e-o-nosso-cachorro/,-1
702,Meu Violão e o Nosso Cachorro,musica702,musica702_trecho3,"Se amanhã a gente se acertar, tudo bem Mas se a gente não voltar, posso beber, posso chorar E até ficar no soro Mas dessa casa eu só vou levar Meu violão e o nosso cachorro",Simone & Simaria,2016,36,https://www.letras.mus.br/simone-simaria-as-coleguinhas/meu-violao-e-o-nosso-cachorro/,-1
702,Meu Violão e o Nosso Cachorro,musica702,musica702_trecho7,Meu violão e o nosso cachorro,Simone & Simaria,2016,6,https://www.letras.mus.br/simone-simaria-as-coleguinhas/meu-violao-e-o-nosso-cachorro/,-1
458,Mil Anos,musica458,musica458_trecho2,"Você briga, me ignora Pisa na bola Sente saudade e chora Diz que é de raiva Pra não assumir que me adora Eu sei que um grande amor Não é fácil de se encontrar Mais difícil ainda é deixar de gostar",Jorge & Mateus,2010,41,https://www.letras.mus.br/jorge-mateus/1713699/,-1
1221,Minha Boca Você Não Beija Mais,musica1221,musica1221_trecho3,Cheguei no meu limite Agora foi demais Você extrapolou Você passou da conta Então vou ser bem prático pra te falar Com quem mais te amou Você não mais apronta,Luan Santana,2009,30,https://www.letras.mus.br/luan-santana/1427742/,-1
1221,Minha Boca Você Não Beija Mais,musica1221,musica1221_trecho6,Nunca mais Oh não Nunca mais,Luan Santana,2009,6,https://www.letras.mus.br/luan-santana/1427742/,-1
84,Minha Herança,musica84,musica84_trecho5,Tempo que não volta O vô e a vó conversando e nós correndo em volta Ficar até tarde acordado escutando história Daria todo o meu dinheiro pra ter isso agora Tempo que não volta O vô e a vó conversando e nós correndo em volta Ficar até tarde acordado escutando história Daria todo o meu dinheiro pra ter isso agora,Ana Castela,2024,60,https://www.letras.mus.br/ana-castela/minha-heranca/,-1
84,Minha Herança,musica84,musica84_trecho6,Coisas que vivem pra sempre na minha lembrança Essa é minha herança,Ana Castela,2024,12,https://www.letras.mus.br/ana-castela/minha-heranca/,-1
918,Mistérios,musica918,musica918_trecho3,"Seu olhar foi de encontro ao meu O meu destino está junto ao seu Meu vício, mania Eu desvendei os mistérios do seu coração",Jorge & Mateus,2009,24,https://www.letras.mus.br/jorge-mateus/1396849/,-1
918,Mistérios,musica918,musica918_trecho8,"Seu olhar foi de encontro ao meu O meu destino está junto ao seu Meu vício, mania Eu desvendei os mistérios do seu coração Eu desvendei os mistérios do seu coração Eu desvendei os mistérios do seu coração",Jorge & Mateus,2009,38,https://www.letras.mus.br/jorge-mateus/1396849/,-1
1105,Mistura Louca (part. Os Hawaianos),musica1105,musica1105_trecho4,"Os Havaianos estão chegando e o bicho vai pegar Deixa comigo que agora eu vou selecionar Você pode ir, você pode também Essa dali não pode, nem idade ela tem",Henrique & Juliano,2013,30,https://www.letras.mus.br/henrique-e-juliano/mistura-louca/,-1
1105,Mistura Louca (part. Os Hawaianos),musica1105,musica1105_trecho5,"Solteiras podem ir, casadas vêm também O marido não pode, porque homem aqui já tem Ai que mistura louca, já deu água na boca Só de pensar na gente lá em casa tirando a roupa",Henrique & Juliano,2013,35,https://www.letras.mus.br/henrique-e-juliano/mistura-louca/,-1
1270,Mô Deuso,musica1270,musica1270_trecho5,Ó mo deuso Mande logo aí de riba Um caminhão de ripa Na cacunda dela Tomara que ela pegue dengue Fique bem perrengue E que quebre a espinhela,Gino e Geno,2012,28,https://www.letras.mus.br/gino-e-geno/mo-deuso/,-1
451,Morena,musica451,musica451_trecho2,"O que eu dei pra você? Tudo, tudo que eu tinha pra dar E do quê que adiantou? Nada, você só queria brincar",Luan Santana,2021,23,https://www.letras.mus.br/luan-santana/morena/,-1
451,Morena,musica451,musica451_trecho5,"Parei no segundo exato Que seus lábios falsos tocaram os meus Sempre que alguém me perguntava, dizia Sinto nada o amor evaporou, morreu",Luan Santana,2021,23,https://www.letras.mus.br/luan-santana/morena/,-1
451,Morena,musica451,musica451_trecho6,Mesmo sabendo que as minhas chances são praticamente nulas O meu coração ainda te procura Lá vou eu deitar na minha cama Me virar pro outro lado e esquecer Não esqueci,Luan Santana,2021,31,https://www.letras.mus.br/luan-santana/morena/,-1
451,Morena,musica451,musica451_trecho8,"O que eu dei pra você? Tudo, tudo que eu tinha pra dar E do que que adiantou? Nada, você só queria brincar",Luan Santana,2021,23,https://www.letras.mus.br/luan-santana/morena/,-1
599,Morena Proibida,musica599,musica599_trecho1,Por causa de um par de olhos Negros de amedrontar Acho que a felicidade Violeiro foi buscar Que até sua viola não Parou mais de tocar No peito desse caboclo Felicidade é pouco Dá pra ver no seu cantar,Jorge & Mateus,2007,39,https://www.letras.mus.br/jorge-mateus/985048/,-1
599,Morena Proibida,musica599,musica599_trecho2,Por uma linda morena Violeiro apaixonou E aquela flor de açucena Coração enfeitiçou Não sabia violeiro Da família que ela vinha De pai rico endinheirado Cem mil cabeças de gado Era pouco pra que o tinha,Jorge & Mateus,2007,36,https://www.letras.mus.br/jorge-mateus/985048/,-1
1196,Morro de Saudade,musica1196,musica1196_trecho1,Morro de saudade longe do seu beijo Coração não para de acelerar Quase a 200 por hora batendo no peito Cria asas querendo voar,Hugo Pena e Gabriel,2008,24,https://www.letras.mus.br/hugo-pena-e-gabriel/692004/,-1
901,Motel Afrodite (part. Maiara & Maraisa),musica901,musica901_trecho1,"Quanto tempo faz da última vez? O Motel Afrodite perdeu um casal freguês Suíte vinte e dois, se eu não me engano, vinte e três Pernoite, depois do café, amor mais uma vez",Marília Mendonça,2021,33,https://www.letras.mus.br/marilia-mendonca/motel-afrodite-part-maiara-e-maraisa/,-1
901,Motel Afrodite (part. Maiara & Maraisa),musica901,musica901_trecho3,"E volta e meia, eu volto lá sozinho Eu tiro a roupa, eu choro e abro um vinho E a roupa de cama pode até mudar Mas juro que seu cheiro ainda tá lá",Marília Mendonça,2021,34,https://www.letras.mus.br/marilia-mendonca/motel-afrodite-part-maiara-e-maraisa/,-1
901,Motel Afrodite (part. Maiara & Maraisa),musica901,musica901_trecho4,"E volta e meia, eu volto lá sozinho Eu tiro a roupa, eu choro e abro um vinho Mas hoje a moça da cabine que adorava a gente Com dó de mim falou: Segue a sua vida, ele saiu no carro da frente",Marília Mendonça,2021,43,https://www.letras.mus.br/marilia-mendonca/motel-afrodite-part-maiara-e-maraisa/,-1
901,Motel Afrodite (part. Maiara & Maraisa),musica901,musica901_trecho8,"Mas hoje a moça da cabine que adorava a gente Com dó de mim falou: Segue a sua vida, ele saiu no carro da frente",Marília Mendonça,2021,25,https://www.letras.mus.br/marilia-mendonca/motel-afrodite-part-maiara-e-maraisa/,-1
878,Moto (part. Ana Castela),musica878,musica878_trecho1,"Eu tive uns namorado doido, ciumento e mentiroso Fiquei arisca, rapaz Tá que cê abre a porta do carro, se tá frio, dá o casaco Isso eles fazia demais",Júlia & Rafaela,2024,29,https://www.letras.mus.br/julia-e-rafaela/moto-part-ana-castela/,-1
878,Moto (part. Ana Castela),musica878,musica878_trecho2,"E já faz uns três fim de semana, e o mais fraco uma hora emociona O perigo é sempre sorrateiro, bonito e charmoso Entra e faz gostoso, depois disso é lona",Júlia & Rafaela,2024,31,https://www.letras.mus.br/julia-e-rafaela/moto-part-ana-castela/,-1
878,Moto (part. Ana Castela),musica878,musica878_trecho3,"Cê deve ser casado, ter três filhos no interior de sei lá onde Ou vai sumir no mundão depois de tirar uma moto no meu nome Cê deve ser casado, ter três filhos no interior de sei lá onde Ou vai sumir no mundão depois de tirar uma moto no meu nome",Júlia & Rafaela,2024,52,https://www.letras.mus.br/julia-e-rafaela/moto-part-ana-castela/,-1
878,Moto (part. Ana Castela),musica878,musica878_trecho4,"E já faz uns três fim de semana, e o mais fraco uma hora emociona O perigo é sempre sorrateiro, bonito e charmoso Entra e faz gostoso, depois disso é lona (ai!)",Júlia & Rafaela,2024,32,https://www.letras.mus.br/julia-e-rafaela/moto-part-ana-castela/,-1
1088,Mozão,musica1088,musica1088_trecho1,"Oh mozão, cheguei à conclusão Já faz tempo que a gente fica Quase um namoro, sei lá, a gente enrola Eu sinto falta de você quando não está aqui",Lucas Lucco,2014,29,https://www.letras.mus.br/lucas-lucco/mozao/,-1
1088,Mozão,musica1088,musica1088_trecho3,"Eu sei, tô viajando Tô novo, mas o que custa sonhar? Se o tempo não para de passar E nunca vai parar",Lucas Lucco,2014,22,https://www.letras.mus.br/lucas-lucco/mozao/,-1
1088,Mozão,musica1088,musica1088_trecho6,"Momôzim, vamos fazer assim Eu cuido de você, você cuida de mim Não desisto de você e nem você de mim Vamos até o fim, dá a mão pra mim",Lucas Lucco,2014,30,https://www.letras.mus.br/lucas-lucco/mozao/,-1
1365,Muda Minha Vida,musica1365,musica1365_trecho1,Estou aqui na tua casa Preciso ouvir tua voz Aos seus pés me lanço agora Eu sei que tu podes curar,Alex e Alex,2010,21,https://www.letras.mus.br/alex-alex/1725501/,-1
1365,Muda Minha Vida,musica1365,musica1365_trecho2,"Eu trago a cicatriz de alguém que tanto errou Mas tentou acertar Eu tentei acertar Sei que hoje é meu dia, então decidi Que eu não vou mais chorar ah",Alex e Alex,2010,30,https://www.letras.mus.br/alex-alex/1725501/,-1
375,Mudando de Assunto,musica375,musica375_trecho1,"Quer saber qual seria o meu pesadelo? Sem nenhuma dúvida seria o medo Seria acordar, não estar com você",Henrique & Juliano,2014,19,https://www.letras.mus.br/henrique-e-juliano/mudando-de-assunto/,-1
375,Mudando de Assunto,musica375,musica375_trecho3,"Mudando de assunto, cê tá tão bonita Que cheiro gostoso que vem de você E se eu te contar, você nem acredita Se eu tava brigando eu nem lembro o porquê",Henrique & Juliano,2014,31,https://www.letras.mus.br/henrique-e-juliano/mudando-de-assunto/,-1
1456,Mudou a Estação (part. Henrique & Juliano),musica1456,musica1456_trecho2,"Eu, que era livre para voar Cortei as minhas próprias asas Fiz de você a minha casa Fiquei aqui com você",Marília Mendonça,2017,21,https://www.letras.mus.br/marilia-mendonca/mudou-a-estacao/,-1
1456,Mudou a Estação (part. Henrique & Juliano),musica1456,musica1456_trecho3,Eu fui sentindo o frio chegando E o seu perfume acabando Eu me refiz pra não ter que ver você me deixando,Marília Mendonça,2017,22,https://www.letras.mus.br/marilia-mendonca/mudou-a-estacao/,-1
1456,Mudou a Estação (part. Henrique & Juliano),musica1456,musica1456_trecho5,Vou em busca de outro amor Não tem mais doce a nossa flor Eu preciso de carinho Nem que seja um pouquinho,Marília Mendonça,2017,22,https://www.letras.mus.br/marilia-mendonca/mudou-a-estacao/,-1
1456,Mudou a Estação (part. Henrique & Juliano),musica1456,musica1456_trecho6,Com você Eu fui sentindo o frio chegando E o seu perfume acabando Eu me refiz pra não ter que ver você me deixando,Marília Mendonça,2017,24,https://www.letras.mus.br/marilia-mendonca/mudou-a-estacao/,-1
1069,Mulher da Blusa Amarela,musica1069,musica1069_trecho12,E ter passado o que eu passei E ter passado o que eu passei,Amado Edílson,2009,14,https://www.letras.mus.br/amado-edilson/1216757/,-1
1069,Mulher da Blusa Amarela,musica1069,musica1069_trecho14,E sai daquele lugar E sai daquele lugar,Amado Edílson,2009,8,https://www.letras.mus.br/amado-edilson/1216757/,-1
1069,Mulher da Blusa Amarela,musica1069,musica1069_trecho17,"Doente em cima da cama, chorando meu nome chama Mas a vida continua Deixou de ser mulher casada, para ser mulher amada Dos malandrecos das ruas",Amado Edílson,2009,26,https://www.letras.mus.br/amado-edilson/1216757/,-1
1494,Mundo de Ilusões,musica1494,musica1494_trecho3,"Não vai ser dessa vez Que vai fazer com ele o que você me fez Por favor, me escute logo de uma vez Seu amor é um mundo de ilusões Brincando com dois corações",Gusttavo Lima,2017,34,https://www.letras.mus.br/gusttavo-lima/mundo-de-ilusoes/,-1
1494,Mundo de Ilusões,musica1494,musica1494_trecho4,"Será que dentro do seu peito não tem coração E a sua cabeça só pensa em traição? Sai pra lá com esse seu amor bandido E me traiu com ele, quer trair ele comigo",Gusttavo Lima,2017,34,https://www.letras.mus.br/gusttavo-lima/mundo-de-ilusoes/,-1
1494,Mundo de Ilusões,musica1494,musica1494_trecho5,"Uô uô, você não sabe dar valor Uô uô, agora perdeu o meu amor Uô uô, e vai perder ele também Não deu certo comigo, não dá certo com ninguém",Gusttavo Lima,2017,30,https://www.letras.mus.br/gusttavo-lima/mundo-de-ilusoes/,-1
1494,Mundo de Ilusões,musica1494,musica1494_trecho6,"Uô uô, uô uô, uô uô Uô uô, agora perdeu meu amor Uô uô, e vai perder ele também Não deu certo comigo, não dá certo com ninguém",Gusttavo Lima,2017,28,https://www.letras.mus.br/gusttavo-lima/mundo-de-ilusoes/,-1
1328,Mundo Paralelo,musica1328,musica1328_trecho1,Hoje eu vi em seus olhos o medo que tem de me encontrar Percebi o desejo que você tem de me provar E o que te impede de estar feliz? Ainda é cedo pra dizer adeus,Matheus & Kauan,2013,36,https://www.letras.mus.br/matheus-kauan/mundo-paralelo/,-1
1328,Mundo Paralelo,musica1328,musica1328_trecho2,Vejo você distante em um mundo paralelo ao meu E nem sei se os meus planos ainda São os mesmos que os seus E o que te impede de estar aqui Pra não passar da hora de dizer que sim,Matheus & Kauan,2013,40,https://www.letras.mus.br/matheus-kauan/mundo-paralelo/,-1
846,Na Conta da Loucura,musica846,musica846_trecho1,Gosto Das suas mãos atrevidas Desse seu olhar maldoso Suas frases provocantes Desse jogo corpo a corpo,Bruno & Marrone,2017,17,https://www.letras.mus.br/bruno-e-marrone/na-conta-da-loucura/,-1
846,Na Conta da Loucura,musica846,musica846_trecho2,Você é o defeito que eu gosto de ter Se for pra errar tem que ser com você,Bruno & Marrone,2017,18,https://www.letras.mus.br/bruno-e-marrone/na-conta-da-loucura/,-1
846,Na Conta da Loucura,musica846,musica846_trecho4,"Conte mais uma mentira Que sou diferente Que gosta da gente, eu vou acreditar Relaxa Não precisa estar nem aqui quando eu acordar",Bruno & Marrone,2017,23,https://www.letras.mus.br/bruno-e-marrone/na-conta-da-loucura/,-1
373,Na Hora da Raiva,musica373,musica373_trecho2,Em minhas mãos agora Tá cada parte dessa nossa história E eu não sei se eu rasgo ou jogo fora E o que é que eu faço agora,Henrique & Juliano,2015,28,https://www.letras.mus.br/henrique-e-juliano/foi-na-hora-da-raiva/,-1
373,Na Hora da Raiva,musica373,musica373_trecho3,Cometi a loucura de nossas fotos rasgar E uma por uma eu vou ter que colar Mas foi na hora da raiva Na hora na hora da raiva,Henrique & Juliano,2015,28,https://www.letras.mus.br/henrique-e-juliano/foi-na-hora-da-raiva/,-1
373,Na Hora da Raiva,musica373,musica373_trecho4,Naquele segundo eu pensei que até te odiava Mas respirei fundo e vi que eu te amava Mas foi na hora da raiva Na hora na hora da raiva,Henrique & Juliano,2015,29,https://www.letras.mus.br/henrique-e-juliano/foi-na-hora-da-raiva/,-1
373,Na Hora da Raiva,musica373,musica373_trecho8,Mas foi na hora da raiva Na hora na hora da raiva Naquele segundo eu pensei que até te odiava Mas respirei fundo e vi que eu te amava,Henrique & Juliano,2015,29,https://www.letras.mus.br/henrique-e-juliano/foi-na-hora-da-raiva/,-1
235,Na Hora de Amar,musica235,musica235_trecho1,"Teu olhar sempre está muito longe Em um lugar que se chama solidão Chego a pensar, que você se esconde da minha paixão",Gusttavo Lima,2017,23,https://www.letras.mus.br/gusttavo-lima/na-hora-de-amar/,-1
235,Na Hora de Amar,musica235,musica235_trecho2,"Sempre a voar, pensamento distante E eu me pergunto: O que foi que fiz? Mas são palavras que ninguém responde, te vejo infeliz",Gusttavo Lima,2017,23,https://www.letras.mus.br/gusttavo-lima/na-hora-de-amar/,-1
1506,Na Hora Que Você Chamar,musica1506,musica1506_trecho1,"Se não sou eu, quem vai ser?",Jorge & Mateus,2024,7,https://www.letras.mus.br/jorge-mateus/na-hora-que-voce-chamar/,-1
1506,Na Hora Que Você Chamar,musica1506,musica1506_trecho4,"Se não sou eu, quem vai ser? Se não sou eu, quem vai ser?",Jorge & Mateus,2024,14,https://www.letras.mus.br/jorge-mateus/na-hora-que-voce-chamar/,-1
1506,Na Hora Que Você Chamar,musica1506,musica1506_trecho9,"Na hora em que você me chamar eu vou Na hora em que você me chamar eu vou, eu vou Na hora em que você me Na hora em que você eu vou, eu vou Na hora em que você me chamar Na hora em que você me chamar Me chamar",Jorge & Mateus,2024,51,https://www.letras.mus.br/jorge-mateus/na-hora-que-voce-chamar/,-1
33,Na Linha do Tempo,musica33,musica33_trecho2,Há quanto tempo eu esperava encontrar alguém assim Que se encaixasse bem nos planos que um dia fiz pra mim Você e eu,Victor & Leo,2015,23,https://www.letras.mus.br/victor-leo/na-linha-do-tempo/,-1
33,Na Linha do Tempo,musica33,musica33_trecho3,Vou dizer Que nessas frases tem um pouco de nós dois Que não deixamos o agora pra depois Quando te vejo eu me sinto tão completo por onde eu vou,Victor & Leo,2015,30,https://www.letras.mus.br/victor-leo/na-linha-do-tempo/,-1
33,Na Linha do Tempo,musica33,musica33_trecho9,Que nessas frases tem um pouco de nós dois Que não deixamos o agora pra depois Quando te vejo eu me sinto tão completo por onde eu vou,Victor & Leo,2015,28,https://www.letras.mus.br/victor-leo/na-linha-do-tempo/,-1
871,Nada Nada,musica871,musica871_trecho1,Você me pisou igual se pisa em bituca de cigarro Você me usou como se o meu amor fosse descartável Agora eu tô no bar do Araújo bebendo de tudo Olhando as fotos dela no meu telefone,Henrique & Juliano,2015,37,https://www.letras.mus.br/henrique-e-juliano/nada-nada/,-1
871,Nada Nada,musica871,musica871_trecho8,Você me pisou igual se pisa em bituca de cigarro (porque cê fez isso) Você me usou como se o meu amor fosse descartável Agora eu tô no bar do Araújo bebendo de tudo Olhando as fotos dela no meu telefone,Henrique & Juliano,2015,41,https://www.letras.mus.br/henrique-e-juliano/nada-nada/,-1
717,Nada Normal,musica717,musica717_trecho2,"Dos nossos lábios todas as palavras nada dizem Aos nossos olhos, tudo que já vimos foi vertigem E é tudo tão real, mas nada normal",Victor & Leo,2008,25,https://www.letras.mus.br/victor-leo/1360046/,-1
986,Não Casa Não,musica986,musica986_trecho1,Sei que você tá procurando uma casa Comprou a geladeira e na TV já deu entrada Com outra vai casar Será que tá feliz?,Marília Mendonça,2017,24,https://www.letras.mus.br/marilia-mendonca/nao-casa-nao/,-1
986,Não Casa Não,musica986,musica986_trecho2,"Tô aqui Lembrando que a gente namorou há três anos atrás Fui feliz demais Quando a gente ama de verdade, o coração não muda Vou te ligar Só pra tirar a dúvida",Marília Mendonça,2017,32,https://www.letras.mus.br/marilia-mendonca/nao-casa-nao/,-1
986,Não Casa Não,musica986,musica986_trecho3,"Fui logo dizendo: Oi, amor Se tem um pouco de mim no seu coração Então não casa, não Por favor, não casa, não",Marília Mendonça,2017,23,https://www.letras.mus.br/marilia-mendonca/nao-casa-nao/,-1
986,Não Casa Não,musica986,musica986_trecho4,"Fui logo dizendo: Oi, amor Se tem um pouco de mim no seu coração Então não casa, não Por favor, não casa não",Marília Mendonça,2017,23,https://www.letras.mus.br/marilia-mendonca/nao-casa-nao/,-1
986,Não Casa Não,musica986,musica986_trecho5,"Por favor, não casa não",Marília Mendonça,2017,5,https://www.letras.mus.br/marilia-mendonca/nao-casa-nao/,-1
986,Não Casa Não,musica986,musica986_trecho6,"Tô aqui Lembrando quando a gente namorou há três anos atrás Fui feliz demais Quando a gente ama de verdade, o coração não muda Vou te ligar Só pra tirar a dúvida",Marília Mendonça,2017,32,https://www.letras.mus.br/marilia-mendonca/nao-casa-nao/,-1
986,Não Casa Não,musica986,musica986_trecho10,"Casa não Então não casa, não Por favor, não casa não Por favor, não casa não",Marília Mendonça,2017,16,https://www.letras.mus.br/marilia-mendonca/nao-casa-nao/,-1
1573,Não Dá Pra Continuar,musica1573,musica1573_trecho1,Se não dá pra continuar Melhor ir cada um para um lado e pararmos por aqui Preciso de mais amor E você não anda tendo tempo pra mim,João Bosco & Vinícius,2007,28,https://www.letras.mus.br/joao-bosco-viniciusacustico/979833/,-1
1076,Não Demora Perceber,musica1076,musica1076_trecho1,Vez em quando vem aqui Leva uma parte de mim Me conduz Revira meus planos E vive em meus sonhos,Jorge & Mateus,2012,20,https://www.letras.mus.br/jorge-mateus/nao-demore-a-perceber/,-1
1076,Não Demora Perceber,musica1076,musica1076_trecho3,Será que vai ter o dia De eu ter sua companhia E nunca mais ver você ir embora,Jorge & Mateus,2012,18,https://www.letras.mus.br/jorge-mateus/nao-demore-a-perceber/,-1
1076,Não Demora Perceber,musica1076,musica1076_trecho4,"Eu não me vejo sem você Só não demore a perceber O tempo voa, o dia passa e esse amor acaba Se não há nada a perder Então vai ter que escolher Desembaça, vê se não me atrasa",Jorge & Mateus,2012,38,https://www.letras.mus.br/jorge-mateus/nao-demore-a-perceber/,-1
890,Não Era Eu,musica890,musica890_trecho1,"Não era eu, não era eu Confundiram o meu carro Minha roupa, meu sapato Te juro, não era eu",César Menotti & Fabiano,2012,19,https://www.letras.mus.br/cesar-menotti-e-fabiano/nao-era-eu/,-1
890,Não Era Eu,musica890,musica890_trecho2,"Você me liga, diz que o papo é sério Que a sua amiga tava no boteco À meia noite ela jura que me viu passar Essa história é cheia de mistério A fofoqueira fala em adultério Estava em casa à meia noite Não saí pra passear",César Menotti & Fabiano,2012,46,https://www.letras.mus.br/cesar-menotti-e-fabiano/nao-era-eu/,-1
890,Não Era Eu,musica890,musica890_trecho5,"Não era eu, não era eu Tava em casa apaixonado Querendo os seus abraços Só pensando em você E eu vou negando até morrer",César Menotti & Fabiano,2012,24,https://www.letras.mus.br/cesar-menotti-e-fabiano/nao-era-eu/,-1
1044,Não Era Pra Ser,musica1044,musica1044_trecho1,Fiquei a dois dedos da sua boca e não beijei Perdi o time pra me declarar e me calei Milhões de desencontros culminaram nessa decisão,Luan Santana,2011,25,https://www.letras.mus.br/luan-santana/1779417/,-1
1044,Não Era Pra Ser,musica1044,musica1044_trecho3,"Não era pra ser, não, não, não Não ia rolar Já tivemos tantas chances Mas ninguém quis se entregar",Luan Santana,2011,19,https://www.letras.mus.br/luan-santana/1779417/,-1
1044,Não Era Pra Ser,musica1044,musica1044_trecho4,"Não era pra ser, não, não, não Não ia dar certo A distância vai dizer Se é melhor eu ficar longe ou perto",Luan Santana,2011,23,https://www.letras.mus.br/luan-santana/1779417/,-1
1232,Não Fui Eu,musica1232,musica1232_trecho1,"Ei, escuta, para de agir feito criança Escuta, sinto em te dizer, mas foi você quem procurou Quem partiu um coração, não fui eu",Paula Fernandes,2013,24,https://www.letras.mus.br/paula-fernandes/nao-fui-eu/,-1
1232,Não Fui Eu,musica1232,musica1232_trecho2,"Ei, escuta, tudo nessa vida tem seu preço Escuta, se chegou a hora de colher o que plantou Você mesmo quem regou, não fui eu Não fui eu",Paula Fernandes,2013,28,https://www.letras.mus.br/paula-fernandes/nao-fui-eu/,-1
1232,Não Fui Eu,musica1232,musica1232_trecho7,Não fui eu quem desistiu dos nossos sonhos Não fui eu quem destruiu nossa esperança Não fui eu quem fez meus olhos mergulhados por mentiras Vai dizer que era isso que eu queria,Paula Fernandes,2013,33,https://www.letras.mus.br/paula-fernandes/nao-fui-eu/,-1
795,Não Importa Os KM (part. Léo Foguete),musica795,musica795_trecho1,Estradas levam pra longe Mas também trazem pra perto Quando eu saí dessa cidadezinha Você me olhou e prometeu Te espero,Fernando e Sorocaba,2025,21,https://www.letras.mus.br/fernando-sorocaba/nao-importa-os-km-part-leo-foguete/,-1
795,Não Importa Os KM (part. Léo Foguete),musica795,musica795_trecho2,"Uma foto sua no painel eu colei Só meu volante sabe o quanto eu chorei Acelerando noite e dia Madrugada, todo lugar que eu passei, te encontrei",Fernando e Sorocaba,2025,27,https://www.letras.mus.br/fernando-sorocaba/nao-importa-os-km-part-leo-foguete/,-1
795,Não Importa Os KM (part. Léo Foguete),musica795,musica795_trecho4,Em SP eu vi seu brilho por toda a cidade Vi seu cabelo loiro no pôr do Sol no Nordeste E na serra gaúcha tomei vinho com a saudade Pois não importa os KM quem ama não esquece,Fernando e Sorocaba,2025,38,https://www.letras.mus.br/fernando-sorocaba/nao-importa-os-km-part-leo-foguete/,-1
796,Não Me Perdoei,musica796,musica796_trecho2,"Eu só sei sonhar contigo Aceitando o meu regresso Tenho medo de perdê-la Te amo, confesso",Victor & Leo,2012,16,https://www.letras.mus.br/victor-leo/nao-me-perdoei/,-1
334,Não Precisa (part. Victor & Leo),musica334,musica334_trecho1,Você diz que não precisa viver sonhando tanto Que vivo a fazer demais por você Diz que não precisa a cada vez que canto Uma canção a mais pra você,Paula Fernandes,2010,30,https://www.letras.mus.br/paula-fernandes/1756907/,-1
334,Não Precisa (part. Victor & Leo),musica334,musica334_trecho2,"Mas tem que ser assim pra ser de coração Não diga: Não precisa, ah-ah-ah Tem que ser assim, é seu meu coração Não diga: Não precisa, ah-ah-ah",Paula Fernandes,2010,27,https://www.letras.mus.br/paula-fernandes/1756907/,-1
334,Não Precisa (part. Victor & Leo),musica334,musica334_trecho3,"Eu já sonhei com a vida, agora vivo um sonho Mas viver ou sonhar, com você, tanto faz Não diga: Não precisa, eu digo que é preciso A gente se amar demais, nada mais",Paula Fernandes,2010,34,https://www.letras.mus.br/paula-fernandes/1756907/,-1
1444,Não Sai da Minha Vida,musica1444,musica1444_trecho1,Sempre vou me lembrar de nós dois Quando a música tocar no rádio E a saudade dentro do meu carro Relembrar de quando começou,Jorge & Mateus,2009,24,https://www.letras.mus.br/jorge-mateus/1446998/,-1
1444,Não Sai da Minha Vida,musica1444,musica1444_trecho2,Sempre vou me lembrar de nós dois Dos sorrisos na fotografia Dos abraços numa tarde fria E os amassos no elevador,Jorge & Mateus,2009,21,https://www.letras.mus.br/jorge-mateus/1446998/,-1
1444,Não Sai da Minha Vida,musica1444,musica1444_trecho4,Vou te provar que vai ser diferente Me dá uma chance vai ser bom pra gente Nunca diga nunca pra esse nosso amor,Jorge & Mateus,2009,23,https://www.letras.mus.br/jorge-mateus/1446998/,-1
635,Não Sirvo (part. Luísa Sonza),musica635,musica635_trecho1,"Nove horas da noite Hora do engajamento Legenda pronta, foto editada Isso é uma ameaça que eu tô fazendo, então",Matheus & Kauan,2024,20,https://www.letras.mus.br/matheus-kauan/nao-sirvo-part-luisa-sonza/,-1
635,Não Sirvo (part. Luísa Sonza),musica635,musica635_trecho2,"Calma nada, calma é o caramba Assume essas promessas Que cê faz em cima da minha cama, é sério Eu não curto essas parada Combinou, tá combinado Eu não tô gostando Cê tirando meu coração pra otário",Matheus & Kauan,2024,37,https://www.letras.mus.br/matheus-kauan/nao-sirvo-part-luisa-sonza/,-1
635,Não Sirvo (part. Luísa Sonza),musica635,musica635_trecho6,"Calma nada, calma é o caramba Assume essas promessas Que cê faz em cima da minha cama Eu não curto essas parada Combinou, tá combinado Eu não tô gostando Cê tirando meu coração pra otário",Matheus & Kauan,2024,35,https://www.letras.mus.br/matheus-kauan/nao-sirvo-part-luisa-sonza/,-1
546,Não Tente Me Impedir,musica546,musica546_trecho7,Se recusa a entender Não aceita e não crê Mas de fato não dá mais Nem pra mim e pra você,Bruno & Marrone,2009,21,https://www.letras.mus.br/bruno-e-marrone/1444912/,-1
546,Não Tente Me Impedir,musica546,musica546_trecho8,"Nem que o mundo acabe eu vou partir Pro seu próprio bem, não tente me impedir Chega de amor unilateral Só vivi um sonho, nunca foi real",Bruno & Marrone,2009,27,https://www.letras.mus.br/bruno-e-marrone/1444912/,-1
546,Não Tente Me Impedir,musica546,musica546_trecho9,"Nem que o mundo acabe eu vou partir Pro seu próprio bem, não tente me impedir Você só me deu desilusão Agora te dou a solidão",Bruno & Marrone,2009,26,https://www.letras.mus.br/bruno-e-marrone/1444912/,-1
1200,Não Tô Valendo Nada (part. João Neto & Frederico),musica1200,musica1200_trecho5,"Ai, tô valendo nada Vish, a minha carne é fraca Nossa, assim você acaba me matando Cê nem faz ideia do que eu tô imaginando",Henrique & Juliano,2013,25,https://www.letras.mus.br/henrique-e-juliano/nao-to-valendo-nada/,-1
1200,Não Tô Valendo Nada (part. João Neto & Frederico),musica1200,musica1200_trecho6,"Ai, meu Deus do céu, não tô valendo nada Vish, como a minha carne anda fraca Nossa, assim você acaba me matando Você nem faz ideia do que eu tô imaginando",Henrique & Juliano,2013,31,https://www.letras.mus.br/henrique-e-juliano/nao-to-valendo-nada/,-1
669,Não Vitalício (Nunca Mais) (part. Mari Fernandez),musica669,musica669_trecho1,"Eu tenho raiva de você Porque cê beija bem demais Na cama, cê tem o poder De tirar minha paz",Matheus & Kauan,2023,20,https://www.letras.mus.br/matheus-kauan/nao-vitalicio-nunca-mais-part-mari-fernandez/,-1
669,Não Vitalício (Nunca Mais) (part. Mari Fernandez),musica669,musica669_trecho3,Juro que eu não volto nunca mais Olha eu beijando na boca do nunca mais Olha eu tirando a roupa do nunca mais Eu juro que eu nao corro mais atrás Olha eu correndo pra casa do nunca mais Olha eu me acabando na cama do nunca mais,Matheus & Kauan,2023,48,https://www.letras.mus.br/matheus-kauan/nao-vitalicio-nunca-mais-part-mari-fernandez/,-1
669,Não Vitalício (Nunca Mais) (part. Mari Fernandez),musica669,musica669_trecho6,Juro que eu não volto nunca mais Olha eu beijando na boca do nunca mais Olha eu tirando a roupa do nunca mais Juro que eu nao corro mais atrás Olha eu correndo pra casa do nunca mais Olha eu me acabando na cama do nunca mais,Matheus & Kauan,2023,47,https://www.letras.mus.br/matheus-kauan/nao-vitalicio-nunca-mais-part-mari-fernandez/,-1
669,Não Vitalício (Nunca Mais) (part. Mari Fernandez),musica669,musica669_trecho7,Eu juro que eu não volto nunca mais Olha eu beijando na boca do nunca mais Olha eu tirando a roupa do nunca mais Juro que eu nao corro mais atrás Olha eu correndo pra casa do nunca mais Olha eu me acabando na cama do nunca mais (do nunca mais) Nunca mais,Matheus & Kauan,2023,53,https://www.letras.mus.br/matheus-kauan/nao-vitalicio-nunca-mais-part-mari-fernandez/,-1
1097,Não Vou Mais Chorar,musica1097,musica1097_trecho4,E agora escute bem vou lhe dizer Já não te quero mais Esse papo de agora amar Comigo não rola mais,João Neto e Frederico,2008,21,https://www.letras.mus.br/joao-neto-frederico/1543590/,-1
1097,Não Vou Mais Chorar,musica1097,musica1097_trecho5,Não vou mais chorar Por quem me magoou Agora você dançou Vou procurar um novo amor Que saiba me amar Saiba me dar valor Agora você dançou Vou procurar um novo amor,João Neto e Frederico,2008,32,https://www.letras.mus.br/joao-neto-frederico/1543590/,-1
1097,Não Vou Mais Chorar,musica1097,musica1097_trecho11,"Não vou mais chorar Por quem me magoou Agora você dançou, Vou procurar um novo amor Que saiba me amar Saiba me dar valor Agora você dançou Vou procurar um novo amor",João Neto e Frederico,2008,32,https://www.letras.mus.br/joao-neto-frederico/1543590/,-1
58,Narcisista,musica58,musica58_trecho1,"Senta aqui Que eu quero conversar com todas suas personalidades Primeiro a que me trai Então quer dizer que você era infeliz no nosso relacionamento? Segundo a que cê é quando me deixa e sai Então cê administrava três, quatro ao mesmo tempo?",Maiara & Maraisa,2023,43,https://www.letras.mus.br/maiara-maraisa/narcisista/,-1
58,Narcisista,musica58,musica58_trecho3,É sério Não sei se eu termino ou se eu te interno Seu louco,Maiara & Maraisa,2023,14,https://www.letras.mus.br/maiara-maraisa/narcisista/,-1
1269,Navegar Em Mim,musica1269,musica1269_trecho1,Assinando o fim Eu lamento tanto Palavras perdidas Sensações vividas,Paula Fernandes,2010,10,https://www.letras.mus.br/paula-fernandes/1750833/,-1
1269,Navegar Em Mim,musica1269,musica1269_trecho2,Eu anulo em mim A promessa feita Eu desfaço o sonho De amor por toda a vida,Paula Fernandes,2010,17,https://www.letras.mus.br/paula-fernandes/1750833/,-1
1269,Navegar Em Mim,musica1269,musica1269_trecho4,"Alguém pra me amar Precisa me aceitar Assim como eu sou Imperfeita, amor Quem quiser me amar Precisa ter o dom Bem mais que seduzir Navegar em mim Navegar em mim Navegar em mim",Paula Fernandes,2010,34,https://www.letras.mus.br/paula-fernandes/1750833/,-1
1269,Navegar Em Mim,musica1269,musica1269_trecho8,"Alguém pra me amar Precisa me aceitar Assim como eu sou Imperfeita, amor Quem quiser me amar Precisa ter o dom Bem mais que seduzir Navegar em mim Navegar em mim Oh, ah, ah Navegar em mim",Paula Fernandes,2010,37,https://www.letras.mus.br/paula-fernandes/1750833/,-1
1269,Navegar Em Mim,musica1269,musica1269_trecho10,"Alguém pra me amar Iê Iê Iê Iê, na na Quem quiser me amar Precisa ter o dom Bem mais que seduzir Navegar em mim Navegar em mim Navegar em mim",Paula Fernandes,2010,31,https://www.letras.mus.br/paula-fernandes/1750833/,-1
1080,Nega,musica1080,musica1080_trecho1,"Eu sei, você sofreu demais E sabe que eu não fui capaz Mas, mas, mas Aquele sonho que era meu Descobri não era seu É, não deu",Luan Santana,2012,27,https://www.letras.mus.br/luan-santana/1979110/,-1
1080,Nega,musica1080,musica1080_trecho4,"Nega, a saudade não quer sossegar Só tá aumentando e o seu nego Tá indo aí pra te buscar Nega Eu tô pronto pra te amar",Luan Santana,2012,26,https://www.letras.mus.br/luan-santana/1979110/,-1
1356,Nem Tchum,musica1356,musica1356_trecho5,"Volta a ser como era antes Que eu deixo, que eu deixo Volta a ser como era antes Que eu deixo, que eu deixo",Maiara & Maraisa,2019,24,https://www.letras.mus.br/maiara-maraisa/nem-tchum/,-1
1258,Nem Te Conto,musica1258,musica1258_trecho1,"Xi... Tem um sogro bravo na parada Ele descobriu que sua filha amada já não é mais moça E o culpado disso tudo sou eu, sou eu, sou eu",Lucas Lucco,2013,29,https://www.letras.mus.br/lucas-lucco/nem-te-conto/,-1
1258,Nem Te Conto,musica1258,musica1258_trecho2,Já marcaram até a reunião Tão querendo saber qual minha intenção E que o papai só anda armado E que daquela casa eu só saio casado,Lucas Lucco,2013,26,https://www.letras.mus.br/lucas-lucco/nem-te-conto/,-1
1258,Nem Te Conto,musica1258,musica1258_trecho4,"Ah, se ele soubesse o que a filha dele faz Entre 4 paredes, ela é doida, ela é demais! Que me enlouquece, quase me deixa tonto E se me perguntar o que eu já fiz com ela",Lucas Lucco,2013,37,https://www.letras.mus.br/lucas-lucco/nem-te-conto/,-1
1258,Nem Te Conto,musica1258,musica1258_trecho5,"Sogrão, eu nem te conto Nem te conto, nem te conto Sogrão, eu nem te conto Nem te conto, nem te conto Sogrão, eu nem te conto Nem te conto , nem te conto Sogrão, eu nem te conto",Lucas Lucco,2013,39,https://www.letras.mus.br/lucas-lucco/nem-te-conto/,-1
63,Nessas Horas,musica63,musica63_trecho1,Você de lá e eu de cá Olhando o mesmo céu Que distância cruel Assisto o tempo passar Tento me dispersar Olhando o celular,Matheus & Kauan,2017,24,https://www.letras.mus.br/matheus-kauan/nessas-horas/,-1
63,Nessas Horas,musica63,musica63_trecho3,E nessas horas Meu sorriso é passageiro E é aí que eu percebo A falta que me faz você E nessas horas Eu nem ligo pra dinheiro Pra eu me sentir inteiro Só preciso de você De você,Matheus & Kauan,2017,38,https://www.letras.mus.br/matheus-kauan/nessas-horas/,-1
63,Nessas Horas,musica63,musica63_trecho6,E nessas horas Meu sorriso é passageiro E é aí que eu percebo A falta que me faz você E nessas horas Eu nem ligo pra dinheiro Pra eu me sentir inteiro Só preciso de você,Matheus & Kauan,2017,36,https://www.letras.mus.br/matheus-kauan/nessas-horas/,-1
1448,Ninguém Tem Nada Com Isso,musica1448,musica1448_trecho3,Meu time saiu Na primeira rodada Tá melhorando,Hugo e Tiago,2011,8,https://www.letras.mus.br/hugo-e-tiago/1873656/,-1
1448,Ninguém Tem Nada Com Isso,musica1448,musica1448_trecho4,O dinheiro acabando E a vida apertada Vou me virando,Hugo e Tiago,2011,10,https://www.letras.mus.br/hugo-e-tiago/1873656/,-1
735,No Dia Do Seu Casamento,musica735,musica735_trecho2,"Que venha amargo, quente e me tire do pesadelo Eu desacreditei, me belisquei o dia inteiro Mas não acordo! Não acordo",Maiara & Maraisa,2014,21,https://www.letras.mus.br/maiara-maraisa/no-dia-do-seu-casamento/,-1
735,No Dia Do Seu Casamento,musica735,musica735_trecho3,"No dia do seu casamento Na igreja eu vou entrar correndo Que se exploda os convidados Essas flores, esses vasos Essa sua mentira Dane-se esse teatro",Maiara & Maraisa,2014,26,https://www.letras.mus.br/maiara-maraisa/no-dia-do-seu-casamento/,-1
735,No Dia Do Seu Casamento,musica735,musica735_trecho4,"Olha pro seu dedo agora E jogue essa aliança fora Eu sei bem quem você ama É a mim que você chama Na saúde, na tristeza Na alegria e na cama",Maiara & Maraisa,2014,31,https://www.letras.mus.br/maiara-maraisa/no-dia-do-seu-casamento/,-1
735,No Dia Do Seu Casamento,musica735,musica735_trecho11,"Na saúde, na tristeza Na alegria e na cama",Maiara & Maraisa,2014,9,https://www.letras.mus.br/maiara-maraisa/no-dia-do-seu-casamento/,-1
514,Nocaute,musica514,musica514_trecho3,"Ainda sou o mesmo bobo apaixonado Se eu estou errado, não quero nem saber Eu só sei que a vida é mais colorida com você, com você Iê, iê",Jorge & Mateus,2015,29,https://www.letras.mus.br/jorge-mateus/nocaute/,-1
514,Nocaute,musica514,musica514_trecho6,"Ainda sou o mesmo bobo apaixonado Se eu estou errado, não quero nem saber Eu só sei que a vida é mais colorida com você, com você",Jorge & Mateus,2015,27,https://www.letras.mus.br/jorge-mateus/nocaute/,-1
514,Nocaute,musica514,musica514_trecho7,"Ainda sou o mesmo bobo apaixonado Se eu estou errado, não quero nem saber Eu só sei que a vida é mais colorida com você, com você Com você Com você Iê, iê Com você Com você, com você Com você",Jorge & Mateus,2015,41,https://www.letras.mus.br/jorge-mateus/nocaute/,-1
1357,Nosso Casamento,musica1357,musica1357_trecho3,"Eu tô na igreja! Te esperando em cima do altar Não demore muito pra chegar Depressa, tá passando o tempo",Léo Magalhães,2012,20,https://www.letras.mus.br/leo-magalhaes/1984185/,-1
1357,Nosso Casamento,musica1357,musica1357_trecho4,"Eu tô na igreja! Convidei, amor, toda cidade Seja feita nossa vontade Hoje é o nosso casamento",Léo Magalhães,2012,17,https://www.letras.mus.br/leo-magalhaes/1984185/,-1
1357,Nosso Casamento,musica1357,musica1357_trecho9,"Eu tô na igreja! Convidei, amor, toda cidade Seja feita nossa vontade Hoje é o nosso casamento Hoje é o nosso casamento",Léo Magalhães,2012,22,https://www.letras.mus.br/leo-magalhaes/1984185/,-1
120,Nosso Quadro,musica120,musica120_trecho2,"É saudade que toma, que toma Que toma conta de mim E não me dá remorso, nem raiva Nem ódio, dá pena do fim",Ana Castela,2024,24,https://www.letras.mus.br/ana-castela/nosso-quadro/,-1
120,Nosso Quadro,musica120,musica120_trecho4,Tem coisas que nem querendo a gente esquece Final do ano de 2017 Eu começando odonto e você na vet A sua camisa jeans na minha caminhonete,Ana Castela,2024,27,https://www.letras.mus.br/ana-castela/nosso-quadro/,-1
93,Notificação Preferida,musica93,musica93_trecho1,Já doeu Mas hoje não dói mais Tanto fiz Que agora tanto faz,Zé Neto e Cristiano,2018,13,https://www.letras.mus.br/ze-neto-cristiano/notificacao-preferida/,-1
93,Notificação Preferida,musica93,musica93_trecho3,Não tem mais eu e você Tá fácil de entender Você me deu aula de como aprender te esquecer,Zé Neto e Cristiano,2018,19,https://www.letras.mus.br/ze-neto-cristiano/notificacao-preferida/,-1
93,Notificação Preferida,musica93,musica93_trecho4,"Foi, mas não é mais a minha notificação preferida Já foi, mas não é mais a número um da minha vida Sinto em te dizer Mas eu já superei você",Zé Neto e Cristiano,2018,30,https://www.letras.mus.br/ze-neto-cristiano/notificacao-preferida/,-1
93,Notificação Preferida,musica93,musica93_trecho9,Já doeu Mas hoje não dói mais,Zé Neto e Cristiano,2018,7,https://www.letras.mus.br/ze-neto-cristiano/notificacao-preferida/,-1
1156,Nova Namorada,musica1156,musica1156_trecho1,"Não vou negar, sofri demais Quando você me deu um fora Mas o tempo passa, o mundo gira O mundo é uma bola",Marcos & Belutti,2011,23,https://www.letras.mus.br/marcos-belutti/1892018/,-1
1156,Nova Namorada,musica1156,musica1156_trecho2,"Mudei os meus conceitos, me valorizei Saí pra balada, eu me libertei Dei a volta por cima e hoje eu te mostrei Minha nova namorada",Marcos & Belutti,2011,25,https://www.letras.mus.br/marcos-belutti/1892018/,-1
608,Nova York,musica608,musica608_trecho1,"Essa é a história de um novo herói Cabelos compridos a rolar no vento Pela estrada, no seu caminhão Gravado no peito a sombra de um dragão",Victor & Leo,2007,27,https://www.letras.mus.br/victor-leo/1094584/,-1
608,Nova York,musica608,musica608_trecho2,"Tinha um sonho: Ir pra Nova York E levar a namorada Fazer seu caminhão voar nas nuvens Mas enquanto isso, na estrada",Victor & Leo,2007,22,https://www.letras.mus.br/victor-leo/1094584/,-1
113,Novo Eu,musica113,musica113_trecho2,"Eu sei da dificuldade que é cruzar a cidade, parar na minha frente E não chorar Eu sei que a sua vontade é me falar umas verdade, me xingar e me bater E depois me beijar Porque cê não me odeia Você odeia o fato de me amar",Henrique & Juliano,2025,48,https://www.letras.mus.br/henrique-e-juliano/novo-eu/,-1
582,O Bilau,musica582,musica582_trecho2,Por onde passa o meu boi chama atenção Rodeio e exposição é atração especial A mulherada que gosta de emoção Faz a maior agitação pra montar no meu Bilau,Teodoro e Sampaio,2011,29,https://www.letras.mus.br/teodoro-e-sampaio/1961233/,-1
582,O Bilau,musica582,musica582_trecho3,"É Bilau pra lá, é Bilau pra cá Pobre do meu boi não vai aguentar Essa mulherada ta ficando louca É o dia inteiro com o Bilau na boca",Teodoro e Sampaio,2011,29,https://www.letras.mus.br/teodoro-e-sampaio/1961233/,-1
770,O Cavaco Vuou,musica770,musica770_trecho3,"Botei a saudade no brete, fiz tudo do jeito que faz peão duro Quando veio abrindo a porteira, já comi poeira no primeiro pulo Coloquei o arreio na paixão, com a rédea na mão, eu cheguei a chibata Mas no amor não existe peão, no pulo da paixão, quase que ela me mata",Gino e Geno,2017,53,https://www.letras.mus.br/gino-e-geno/o-cavaco-vuou/,-1
770,O Cavaco Vuou,musica770,musica770_trecho9,"Eu vendi um canário que canta e um que não canta eu vendi muito bem O que canta eu vendi por cinquenta e o que não canta eu vendi por cem Perguntaram qual a diferença, por que o que não canta teve mais valor? O que canta pega a moda pronta, mas o que não canta é o compositor",Gino e Geno,2017,59,https://www.letras.mus.br/gino-e-geno/o-cavaco-vuou/,-1
479,O Céu Explica Tudo,musica479,musica479_trecho1,"Eu amarrotei tantos lençóis Era só eu, nunca era nós Me dava bem no singular",Henrique & Juliano,2017,15,https://www.letras.mus.br/henrique-e-juliano/o-ceu-explica-tudo/,-1
479,O Céu Explica Tudo,musica479,musica479_trecho2,"Bastou uma noite, um beijo na boca Um: Fica comigo pra vida toda? Nós dois sem roupa olhando pro céu Imaginando a gente de terno e véu",Henrique & Juliano,2017,27,https://www.letras.mus.br/henrique-e-juliano/o-ceu-explica-tudo/,-1
269,O Defensor,musica269,musica269_trecho1,"Mais uma vez, ele te feriu É a última vez Que ele vai por a mão em você Te machucar, fazer sangrar Te humilhar, fazer chorar seu coração",Zezé Di Camargo & Luciano,2015,28,https://www.letras.mus.br/zeze-di-camargo-e-luciano/o-defensor/,-1
269,O Defensor,musica269,musica269_trecho2,"Não tenha medo, denuncie Deixa ele e vem morar comigo Deixa ele e vem morar comigo",Zezé Di Camargo & Luciano,2015,16,https://www.letras.mus.br/zeze-di-camargo-e-luciano/o-defensor/,-1
915,O Gavião,musica915,musica915_trecho1,Ele disse que é gavião Que é gostosão e se acha bonito Ele disse que é gavião Que é gostosão e se acha bonito Gavião só dorme no pau Gavião só vive com o pinto no bico Gavião só dorme no pau Gavião só vive com o pinto no bico,Gino e Geno,2005,50,https://www.letras.mus.br/gino-e-geno/254442/,-1
915,O Gavião,musica915,musica915_trecho2,O gavião que voa baixo Tá querendo matar a fome O gavião que voa baixo Tá querendo matar a fome Na verdade todo gavião Quando pousa no chão é um pinto que some Na verdade todo gavião Quando pousa no chão é um pinto que some,Gino e Geno,2005,46,https://www.letras.mus.br/gino-e-geno/254442/,-1
915,O Gavião,musica915,musica915_trecho4,Gavião rei vai atrás da caça Carcará só fica na sola Gavião rei vai atraz da caça Carcará só fica na sola Quando você ve pena voando É gavião brigando por causa de cobra Quando você ve pena voando É gavião brigando por causa de cobra,Gino e Geno,2005,46,https://www.letras.mus.br/gino-e-geno/254442/,-1
915,O Gavião,musica915,musica915_trecho6,Gavião gosta de cobra grande Mais também pega pinto pequeno Gavião gosta de cobra grande Mais também pega pinto pequeno Pra matar gavião tem instinto É de cobra e de pinto que ele tá vivendo Pra matar gavião tem instinto É de cobra e de pinto que ele tá vivendo,Gino e Geno,2005,50,https://www.letras.mus.br/gino-e-geno/254442/,-1
1054,Ô Linda,musica1054,musica1054_trecho2,"Ô moça, o que é que cê tem? Que faz coração dar uns treco De perto parece que tô querendo De longe parece que eu tô de perto",Diego e Victor Hugo,2025,28,https://www.letras.mus.br/diego-victor-hugo/o-linda/,-1
672,O Menino da Porteira,musica672,musica672_trecho1,"Toda vez que eu viajava pela estrada de Ouro Fino De longe eu avistava a figura de um menino Que corria, abria a porteira e depois vinha me pedindo Toque o berrante seu moço Que é pra eu ficar ouvindo",Daniel,2009,40,https://www.letras.mus.br/daniel/1451336/,-1
672,O Menino da Porteira,musica672,musica672_trecho2,"Quando a boiada passava e a poeira ia baixando Eu jogava uma moeda e ele saía pulando Obrigado boiadeiro Que Deus vá lhe acompanhando Pra aquele sertão à fora, meu berrante ia tocando",Daniel,2009,33,https://www.letras.mus.br/daniel/1451336/,-1
672,O Menino da Porteira,musica672,musica672_trecho6,"A cruzinha do estradão do pensamento não sai Eu já fiz um juramento que não esqueço jamais Nem que o meu gado estoure, que eu precise ir atrás Neste pedaço de chão, berrante eu não toco mais",Daniel,2009,37,https://www.letras.mus.br/daniel/1451336/,-1
245,O Meu Coração Em Suas Mãos (Colgando en tus manos) (part. Maiara e Maraisa),musica245,musica245_trecho2,Não foi coincidência encontrar contigo Talvez seja o nosso destino Eu quero dormir outra vez em teu peito E depois acordar com seus beijos,Hugo & Guilherme,2024,24,https://www.letras.mus.br/hugo-guilherme/o-meu-coracao-em-suas-maos-part-maiara-e-maraisa/,-1
245,O Meu Coração Em Suas Mãos (Colgando en tus manos) (part. Maiara e Maraisa),musica245,musica245_trecho3,Teu sexto sentido ainda sonha comigo Sei que logo estaremos unidos Teu sorriso travesso ainda vive comigo Nós estamos no mesmo caminho,Hugo & Guilherme,2024,22,https://www.letras.mus.br/hugo-guilherme/o-meu-coracao-em-suas-maos-part-maiara-e-maraisa/,-1
245,O Meu Coração Em Suas Mãos (Colgando en tus manos) (part. Maiara e Maraisa),musica245,musica245_trecho4,Meu coração está em suas mãos Não me deixes cair Você sabe que estou Presa em suas mãos,Hugo & Guilherme,2024,18,https://www.letras.mus.br/hugo-guilherme/o-meu-coracao-em-suas-maos-part-maiara-e-maraisa/,-1
245,O Meu Coração Em Suas Mãos (Colgando en tus manos) (part. Maiara e Maraisa),musica245,musica245_trecho5,"Te envio poemas de meu punho e letra Te envio canções pra que você entenda Te envio minhas fotos pra que você me veja Não estamos juntos, mas tenho certeza Assim, eu espero que nunca se esqueça Que o meu coração está em suas mãos",Hugo & Guilherme,2024,45,https://www.letras.mus.br/hugo-guilherme/o-meu-coracao-em-suas-maos-part-maiara-e-maraisa/,-1
245,O Meu Coração Em Suas Mãos (Colgando en tus manos) (part. Maiara e Maraisa),musica245,musica245_trecho6,"Cuidado, cuidado, muito cuidado (cuidado) Que o meu coração está em suas mãos",Hugo & Guilherme,2024,13,https://www.letras.mus.br/hugo-guilherme/o-meu-coracao-em-suas-maos-part-maiara-e-maraisa/,-1
245,O Meu Coração Em Suas Mãos (Colgando en tus manos) (part. Maiara e Maraisa),musica245,musica245_trecho9,Meu coração está em suas mãos (uh) Não me deixes cair Você sabe que estou Presa em suas mãos,Hugo & Guilherme,2024,19,https://www.letras.mus.br/hugo-guilherme/o-meu-coracao-em-suas-maos-part-maiara-e-maraisa/,-1
245,O Meu Coração Em Suas Mãos (Colgando en tus manos) (part. Maiara e Maraisa),musica245,musica245_trecho12,"Cuidado, cuidado, muito cuidado (oh) Que o meu coração está em suas mãos Está em suas mãos Que o meu coração está em suas mãos",Hugo & Guilherme,2024,25,https://www.letras.mus.br/hugo-guilherme/o-meu-coracao-em-suas-maos-part-maiara-e-maraisa/,-1
723,O Mundo É Tão Pequeno,musica723,musica723_trecho2,"Então fica assim A gente se encontra outra ocasião Na festa junina, festa de peão No bar da esquina O mundo é tão pequeno, afinal",Jorge & Mateus,2009,25,https://www.letras.mus.br/jorge-mateus/1446997/,-1
468,O Nosso Santo Bateu,musica468,musica468_trecho1,"Às vezes acho que devia te dizer mais vezes Que te amo e que te quero mais que qualquer coisa Por essa noite vem morar aqui, aqui, vem",Matheus & Kauan,2016,28,https://www.letras.mus.br/matheus-kauan/nosso-santo-bateu/,-1
656,O Que Cê Vai Fazer,musica656,musica656_trecho5,O que cê vai fazer quando ele não ouvir mais o seu coração? E se ele não sentir mais nem vontade de segurar sua mão? E quando a rotina começar a te enlouquecer Vai lembrar que sou o único que poderia te surpreender,Fernando e Sorocaba,2013,43,https://www.letras.mus.br/fernando-sorocaba/o-que-ce-vai-fazer/,-1
772,O Que Combina Comigo é Você,musica772,musica772_trecho1,O que combina com frio é cobertor O que combina com a noite é o luar Praia e mar só combinam com calor O que combina com festa é namorar,Zé Henrique & Gabriel,2010,30,https://www.letras.mus.br/ze-henrique-gabriel/1520525/,-1
874,O Que É Amor Pra Você,musica874,musica874_trecho5,"Então me diz, o que é amor pra você? Até agora não consigo entender Se eu fui o que muitos procuram",Marília Mendonça,2015,21,https://www.letras.mus.br/marilia-mendonca/o-que-e-amor-pra-voce/,-1
329,O Que É Que Tem?,musica329,musica329_trecho1,E pra deixar acontecer A pena tem que valer Tem que ser com você,Jorge & Mateus,2012,14,https://www.letras.mus.br/jorge-mateus/o-que-e-que-tem/,-1
329,O Que É Que Tem?,musica329,musica329_trecho3,E quando o Sol chegar A gente ama de novo A gente liga pro povo Fala que tá namorando E casa semana que vem,Jorge & Mateus,2012,24,https://www.letras.mus.br/jorge-mateus/o-que-e-que-tem/,-1
329,O Que É Que Tem?,musica329,musica329_trecho9,E pra deixar acontecer A gente liga pro povo Fala que tá namorando E casa semana que vem,Jorge & Mateus,2012,18,https://www.letras.mus.br/jorge-mateus/o-que-e-que-tem/,-1
1355,O Que É Que Você Viu em Mim? (part. Hugo Del Vecchio),musica1355,musica1355_trecho2,Mas surpresa de verdade foi o que eu senti Se o mais dedicado sempre foi você De repente eu vi tudo se inverter Lembrei do quanto eu te magoei Deu um nó na garganta e a lágrima caiu,Marília Mendonça,2016,38,https://www.letras.mus.br/marilia-mendonca/o-que-e-que-voce-viu-em-mim/,-1
1355,O Que É Que Você Viu em Mim? (part. Hugo Del Vecchio),musica1355,musica1355_trecho3,"Vejo você perdoando as minhas mentiras Logo você, que teve o pior de mim Eu sei que errar é humano Mas me aceitar depois de tudo, é amor",Marília Mendonça,2016,28,https://www.letras.mus.br/marilia-mendonca/o-que-e-que-voce-viu-em-mim/,-1
1355,O Que É Que Você Viu em Mim? (part. Hugo Del Vecchio),musica1355,musica1355_trecho4,O que é que você viu em mim? Por que ainda me olha assim? Tem tanta gente interessante Porque que eu sou tão importante?,Marília Mendonça,2016,24,https://www.letras.mus.br/marilia-mendonca/o-que-e-que-voce-viu-em-mim/,-1
1326,O Que Essa Moça Fez Aqui,musica1326,musica1326_trecho4,"Remoendo saudade, ruminando dor Vivo sofrendo, esperando esse amor Fez um estrago no meu coração Bagunçou, bagunçou a vida desse peão Remoendo saudade, ruminando dor Vivo sofrendo, esperando esse amor Fez um estrago no meu coração E o que essa moça fez aqui? Bagunçou, bagunçou a vida desse peão",João Carreiro & Capataz,2010,49,https://www.letras.mus.br/joao-carreiro-capataz/1979189/,-1
213,O Que Falta Em Você Sou Eu,musica213,musica213_trecho1,Falando em saudade De novo eu acordei pensando em você Já faz um mês que não te vejo Trinta dias que eu acordo pensando em você,Marília Mendonça,2015,26,https://www.letras.mus.br/marilia-mendonca/o-que-falta-em-voce-sou-eu/,-1
213,O Que Falta Em Você Sou Eu,musica213,musica213_trecho2,Não sei se você está bem Se está gostando de outro alguém O corte do cabelo tá do mesmo jeito Aparentemente tudo igual,Marília Mendonça,2015,23,https://www.letras.mus.br/marilia-mendonca/o-que-falta-em-voce-sou-eu/,-1
213,O Que Falta Em Você Sou Eu,musica213,musica213_trecho3,Vi uma foto sua com aquela roupa Mas parecia que faltava alguma coisa Nos traços do sorriso deu pra perceber O que será que tá faltando em você?,Marília Mendonça,2015,28,https://www.letras.mus.br/marilia-mendonca/o-que-falta-em-voce-sou-eu/,-1
213,O Que Falta Em Você Sou Eu,musica213,musica213_trecho4,O que falta em você sou eu Seu sorriso precisa do meu Sei que tá morrendo de saudade Vem buscar logo a sua metade,Marília Mendonça,2015,24,https://www.letras.mus.br/marilia-mendonca/o-que-falta-em-voce-sou-eu/,-1
213,O Que Falta Em Você Sou Eu,musica213,musica213_trecho5,"O que falta em você sou eu Seu sorriso precisa do meu Sei que tá morrendo de saudade Vem buscar logo, vem, vem, vem",Marília Mendonça,2015,24,https://www.letras.mus.br/marilia-mendonca/o-que-falta-em-voce-sou-eu/,-1
213,O Que Falta Em Você Sou Eu,musica213,musica213_trecho7,Falando em saudade Vem buscar logo a sua metade,Marília Mendonça,2015,9,https://www.letras.mus.br/marilia-mendonca/o-que-falta-em-voce-sou-eu/,-1
213,O Que Falta Em Você Sou Eu,musica213,musica213_trecho9,Falando em saudade Tá aqui comigo,Marília Mendonça,2015,6,https://www.letras.mus.br/marilia-mendonca/o-que-falta-em-voce-sou-eu/,-1
1304,O Que Os Olhos Não Veem,musica1304,musica1304_trecho1,"Talvez eu seja um pouco imaturo Talvez seja inseguro, resolvi me afastar Eu não sei me fazer indiferente E nem sou como essa gente que consegue disfarçar",Jorge & Mateus,2009,27,https://www.letras.mus.br/jorge-mateus/1447009/,-1
1304,O Que Os Olhos Não Veem,musica1304,musica1304_trecho2,Não vou sorrir pra esconder a dor Quando se perde um amor se perde a direção Não vou fingir nem me fazer de forte Não fui eu quem tive a sorte de encontrar outra paixão,Jorge & Mateus,2009,35,https://www.letras.mus.br/jorge-mateus/1447009/,-1
1304,O Que Os Olhos Não Veem,musica1304,musica1304_trecho3,"E o que os olhos não veem, o coração não sente Não posso te encarar assim tão de repente Eu começo a lembrar, vou me descontrolar Chorar na sua frente",Jorge & Mateus,2009,30,https://www.letras.mus.br/jorge-mateus/1447009/,-1
1503,Obrigado Deus,musica1503,musica1503_trecho1,"Já parou para pensar As coisas que vem planejando aonde Ele se encaixa E se agradece todo dia que sua vida passa Pois, pode ter certeza que Ele olha por você Já parou pra perceber",Henrique & Juliano,2015,35,https://www.letras.mus.br/henrique-e-juliano/obrigado-deus/,-1
1371,Obrigado por Estragar Tudo,musica1371,musica1371_trecho5,Você foi a melhor coisa que eu nunca tive Por pouco eu não me iludo Obrigada por estragar tudo,Marília Mendonça,2019,19,https://www.letras.mus.br/marilia-mendonca/obrigada-por-estragar-tudo/,-1
1324,"Oh, Delícia",musica1324,musica1324_trecho1,"Oh, delícia! oh, delícia! Vamos sair daqui pra conhecer o meu apê Oh, delícia! oh, delícia! A gente vai voltar antes do dia amanhecer",Henrique & Diego,2013,24,https://www.letras.mus.br/henrique-diego/oh-delicia/,-1
1274,"Oh, Mamãe",musica1274,musica1274_trecho3,"Eu vou, eu vou Tá indo eu, o Jhonny, o Black, o Red, o Zé Aquele mexicano que tá sempre com mulher Que deixa o povo louco sem saber aonde tá, ah ah",Thiago Brava,2013,33,https://www.letras.mus.br/thiago-brava/oh-mamae/,-1
837,Oi,musica837,musica837_trecho1,Entre ser só seu amigo e não ser nada Prefiro ser nada Onde é que eu vou guardar esse amor que tenho aqui? Me fala,Léo Magalhães,2017,25,https://www.letras.mus.br/leo-magalhaes/oi/,-1
86,Oi Balde,musica86,musica86_trecho1,Sabe quando a gente termina um relacionamento E sente um alívio? Já passei por isso Sabe quando a gente mete o louco na cidade e sai moendo? Também já fiz isso e ainda tô fazendo,Zé Neto e Cristiano,2023,35,https://www.letras.mus.br/ze-neto-cristiano/oi-balde/,-1
86,Oi Balde,musica86,musica86_trecho3,"Oi, balde Desculpa a cara de pau, mas deu saudade Eu te chutei quando a raiva tava no auge Eu fui um trouxa, a gente sabe Que nunca foi falta de amor, foi só falta de maturidade",Zé Neto e Cristiano,2023,37,https://www.letras.mus.br/ze-neto-cristiano/oi-balde/,-1
86,Oi Balde,musica86,musica86_trecho4,"Oi, balde Desculpa a cara de pau, mas deu saudade Eu te chutei quando a raiva tava no auge Eu fui um trouxa, a gente sabe Que nunca foi falta de amor, foi só falta de maturidade Fala que pra te buscar ainda não é tarde",Zé Neto e Cristiano,2023,46,https://www.letras.mus.br/ze-neto-cristiano/oi-balde/,-1
733,Oi Deus,musica733,musica733_trecho2,Hoje acordei de ressaca Vi tudo arrumado Me lembrei que a gente tinha combinado Ontem era o nosso quinto aniversário,Hugo & Guilherme,2022,20,https://www.letras.mus.br/hugo-guilherme/oi-deus/,-1
1467,Oitava Dose,musica1467,musica1467_trecho3,"Esperando a saudade sair do meu peito Ou alguém vir puxar a cadeira pra me consolar Mas tá demorando Eu já tô na sétima dose, pedindo a oitava sem gelo Pra ver se arranco um terço de você de mim",Matheus & Kauan,2017,40,https://www.letras.mus.br/matheus-kauan/oitava-dose/,-1
107,Olha Onde Eu Tô,musica107,musica107_trecho3,"Ele falou que se eu botasse o meu chapéu, acabou Ele queria fazer eu mudar lá do interior Ele falou pra eu escolher entre o rodeio e o amor Olha onde eu tô, olha onde eu tô Ele falou que se eu botasse o meu chapéu, acabou Ele queria fazer eu mudar lá do interior Ele falou pra eu escolher entre o rodeio e o amor Olha onde eu tô, olha onde eu tô",Ana Castela,2025,74,https://www.letras.mus.br/ana-castela/olha-onde-eu-to/,-1
107,Olha Onde Eu Tô,musica107,musica107_trecho4,"Olha onde eu tô, olha onde eu tô",Ana Castela,2025,8,https://www.letras.mus.br/ana-castela/olha-onde-eu-to/,-1
1514,Olhares Sinceros,musica1514,musica1514_trecho1,"E deixa a tristeza de lado Dê um abraço apertado na primeira pessoa Celebre o amor com quem tá do seu lado Faça o bem sem olhar a quem Simplesmente faça o bem, faça o bem, faça o bem",Jorge & Mateus,2018,39,https://www.letras.mus.br/jorge-mateus/amores-sinceros/,-1
195,Onde Anda Meu Amor,musica195,musica195_trecho1,"Onde anda, meu amor? Diga, por favor O que está fazendo agora Será que nunca me amou Também se enganou Está sozinha, agora chora",Léo Magalhães,2012,24,https://www.letras.mus.br/leo-magalhaes/onde-anda-meu-amor/,-1
195,Onde Anda Meu Amor,musica195,musica195_trecho2,A saudade e a solidão Me aperta o coração As horas quase não passam Vou vivendo por viver Tão longe de você As lembranças me maltratam,Léo Magalhães,2012,26,https://www.letras.mus.br/leo-magalhaes/onde-anda-meu-amor/,-1
969,Onde Haja Sol,musica969,musica969_trecho1,Há quem diga que quem anda só É melhor do que ao lado de quem não te quer bem O meu coração está cansado De ser torturado e precisa de alguém,Jorge & Mateus,2009,31,https://www.letras.mus.br/jorge-mateus/1423226/,-1
969,Onde Haja Sol,musica969,musica969_trecho2,Vou tomar o caminho mais reto Vou seguir direto até onde eu quiser Vou levar esse amor solitário Tranquilo e na boa até onde eu puder,Jorge & Mateus,2009,26,https://www.letras.mus.br/jorge-mateus/1423226/,-1
969,Onde Haja Sol,musica969,musica969_trecho3,Veja só Eu podia estar ao seu lado Mas não deu Eu não vou ficar aqui parado,Jorge & Mateus,2009,17,https://www.letras.mus.br/jorge-mateus/1423226/,-1
969,Onde Haja Sol,musica969,musica969_trecho4,"Tô indo pra onde haja sol Pois o meu coração é meu lar Se você quiser ir Pode vir, já guardei seu lugar",Jorge & Mateus,2009,23,https://www.letras.mus.br/jorge-mateus/1423226/,-1
969,Onde Haja Sol,musica969,musica969_trecho8,Tô indo pra onde haja sol Pois o meu coração é meu lar Se você quiser ir Pode vir já guardei seu lugar,Jorge & Mateus,2009,23,https://www.letras.mus.br/jorge-mateus/1423226/,-1
899,Onde Nasce o Sol,musica899,musica899_trecho1,Hoje a saudade conversou comigo Veio falar de você sem razão Te encontrei por toda parte Tropecei no meu desastre Eu e a lua e a solidão,Bruninho e Davi,2014,27,https://www.letras.mus.br/bruninho-davi/onde-nasce-o-sol/,-1
899,Onde Nasce o Sol,musica899,musica899_trecho2,Amanhã bem cedo Depois que o sol sorrir pro mundo Eu vou chorar do outro lado Sem ninguém Sem você,Bruninho e Davi,2014,20,https://www.letras.mus.br/bruninho-davi/onde-nasce-o-sol/,-1
899,Onde Nasce o Sol,musica899,musica899_trecho3,Já estou indo Embarco no próximo voo da meia noite Perfeito pra recomeçar Sem você Vou ver que esse amor Não era pra gente viver,Bruninho e Davi,2014,25,https://www.letras.mus.br/bruninho-davi/onde-nasce-o-sol/,-1
899,Onde Nasce o Sol,musica899,musica899_trecho4,E dá pra ver Que hoje estamos divididos Tenho medo de não ter você comigo Mas ainda não sei o que é pior,Bruninho e Davi,2014,23,https://www.letras.mus.br/bruninho-davi/onde-nasce-o-sol/,-1
899,Onde Nasce o Sol,musica899,musica899_trecho5,Estou sentindo Que eu estou te perdendo Mas aos poucos vou me refazendo Oouuoooo Vou lá pra onde nasce o sol Pra ver se aprendo a ficar só,Bruninho e Davi,2014,28,https://www.letras.mus.br/bruninho-davi/onde-nasce-o-sol/,-1
822,Online,musica822,musica822_trecho2,"Se depender do que eu sinto agora Se depender do que tô sofrendo Se eu for seguir as regras do jogo O seu online nunca vai ver meu escrevendo Oh, uh, oh-oh",Henrique & Juliano,2020,32,https://www.letras.mus.br/henrique-e-juliano/online/,-1
822,Online,musica822,musica822_trecho4,"Aí, se me manda um sorriso Já era todo meu juízo E a conversa termina Na minha cama ou na sua",Henrique & Juliano,2020,21,https://www.letras.mus.br/henrique-e-juliano/online/,-1
1155,Os 10 Mandamentos do Amor,musica1155,musica1155_trecho1,"Os dez mandamentos do amor Para conquistar uma mulher Tem que ter carinho, tem que ter jeitinho Tem que dar aquilo que ela quer",Eduardo Costa,2013,24,https://www.letras.mus.br/eduardo-costa/os-10-mandamentos-do-amor/,-1
1155,Os 10 Mandamentos do Amor,musica1155,musica1155_trecho5,"Sétimo toque é lhe falar de paixão Falar somente das coisas do coração Oitavo mandamento, diz para jurar Lhe ser fiel até a morte lhe levar No nono você diz que vai voltar Diz que amanhã vai telefonar E o décimo Deixa ela esperar",Eduardo Costa,2013,44,https://www.letras.mus.br/eduardo-costa/os-10-mandamentos-do-amor/,-1
97,Os Anjos Cantam,musica97,musica97_trecho2,É que nos meus sonhos você é linda Pessoalmente é mais linda ainda Nosso amor veio de outras vidas Eu vou te amar nas outras vidas que virão,Jorge & Mateus,2015,28,https://www.letras.mus.br/jorge-mateus/os-anjos-cantam-nosso-amor/,-1
97,Os Anjos Cantam,musica97,musica97_trecho6,É que nos meus sonhos você era linda Pessoalmente é mais linda ainda Nosso amor veio de outras vidas Eu vou te amar nas outras vidas que virão,Jorge & Mateus,2015,28,https://www.letras.mus.br/jorge-mateus/os-anjos-cantam-nosso-amor/,-1
1433,Os Dias Vão,musica1433,musica1433_trecho2,Os dias vão E é só saudade de você no coração O telefone que não sai da minha mão Eu conto as horas pra você voltar pra mim Vou te amar Não importa o quanto eu tenha que esperar Deixei a porta aberta para você entrar de novo aqui No meu coração,Maria Cecília e Rodolfo,2010,52,https://www.letras.mus.br/maria-cecilia-rodolfo/1640522/,-1
1297,Ou Some Ou Soma,musica1297,musica1297_trecho1,"Me diz o que você quer de mim Fala que tá sentindo saudade Que me ama, mas não é verdade",Jorge & Mateus,2016,20,https://www.letras.mus.br/jorge-mateus/ou-soma-ou-some/,-1
1297,Ou Some Ou Soma,musica1297,musica1297_trecho4,"Ou some ou soma, deixe de drama Eu já tô cansado de arriscar E quando eu começo a gostar",Jorge & Mateus,2016,19,https://www.letras.mus.br/jorge-mateus/ou-soma-ou-some/,-1
1297,Ou Some Ou Soma,musica1297,musica1297_trecho5,"Aí você some, nem lembra o meu nome Depois volta querendo somar Desculpe, desse jeito assim não dá Pra amar, pra amar, pra amar",Jorge & Mateus,2016,24,https://www.letras.mus.br/jorge-mateus/ou-soma-ou-some/,-1
1344,Pac Man,musica1344,musica1344_trecho2,"A notícia se espalhou Sou bomberman, o estorado Lucas Lucco agora é o delícia da mulherada!",Lucas Lucco,2013,16,https://www.letras.mus.br/lucas-lucco/pac-man/,-1
1344,Pac Man,musica1344,musica1344_trecho3,Eu tô que nem o Bomberman Que nem o Bomberman Bum bum bum Eu tô que nem o Bomberman Que nem o Bomberman Bum bum bum Estourado com a mulherada!,Lucas Lucco,2013,30,https://www.letras.mus.br/lucas-lucco/pac-man/,-1
1344,Pac Man,musica1344,musica1344_trecho4,"Antes de ficar comigo Nunca me deu moral Agora conhecido, eu tô lindo, pegando geral Todos já sabem, tô estilo Pac Man Correndo atrás das lindas e Nhec nhec nhec",Lucas Lucco,2013,30,https://www.letras.mus.br/lucas-lucco/pac-man/,-1
1344,Pac Man,musica1344,musica1344_trecho5,Eu tô que nem o Pac Man Que nem o Pac Man Nhec nhec nhec Eu tô que nem o Pac Man Que nem o Pac Man Nhec nhec nhec,Lucas Lucco,2013,30,https://www.letras.mus.br/lucas-lucco/pac-man/,-1
1344,Pac Man,musica1344,musica1344_trecho6,Eu tô que nem o Bomberman Que nem o Bomberman Bum bum bummmm Eu tô que nem o Bomberman Que nem o Bomberman Bum bum bummmm,Lucas Lucco,2013,26,https://www.letras.mus.br/lucas-lucco/pac-man/,-1
1344,Pac Man,musica1344,musica1344_trecho7,Eu tô que nem o Pac Man Que nem o Pac Man Nhec nhec Eu tô que nem o Pac Man Que nem o Pac Man Nhec nhec nhec,Lucas Lucco,2013,29,https://www.letras.mus.br/lucas-lucco/pac-man/,-1
1344,Pac Man,musica1344,musica1344_trecho8,Eu tô que nem o Bomberman Que nem o Bomberman Bum bum bummmm Eu tô que nem o Bomberman Que nem o Bomberman Bum bum bummm Bummm.,Lucas Lucco,2013,27,https://www.letras.mus.br/lucas-lucco/pac-man/,-1
866,Palácios e Castelos,musica866,musica866_trecho1,Te pedi que me levasse a sério Construí palácios e castelos Esperei por muito tempo antes de te ver,Luan Santana,2011,19,https://www.letras.mus.br/luan-santana/1779426/,-1
866,Palácios e Castelos,musica866,musica866_trecho2,"Li, reli seu manual inteiro Descobri todos os seus segredos Desenhei o mapa que me leva a você",Luan Santana,2011,18,https://www.letras.mus.br/luan-santana/1779426/,-1
866,Palácios e Castelos,musica866,musica866_trecho3,"A gente se conheceu na escola Eu pegando onda e jogando bola Você era modelo e adorava dançar Praia, cinema, festinhas no ar!",Luan Santana,2011,23,https://www.letras.mus.br/luan-santana/1779426/,-1
511,Palavras de Perdão,musica511,musica511_trecho4,"Oi, cheguei a ver seu sofrimento na mensagem Não é qualquer um que tem essa maturidade Que bom que você enxergou que tava errada Se dependesse de mim, tava perdoada Eu sei que é foda carregar todo esse peso Saudade acumulada muda a gente mesmo É uma pena eu não ser quem você ama Eu virei dono desse chip essa semana",Marília Tavares,2024,61,https://www.letras.mus.br/marilia-tavares/palavras-de-perdao/,-1
511,Palavras de Perdão,musica511,musica511_trecho9,"Que bom que você enxergou que tava errada Se dependesse de mim, tava perdoada Eu sei que é foda carregar todo esse peso Saudade acumulada muda a gente mesmo É uma pena eu não ser quem você ama Eu virei dono desse chip essa semana",Marília Tavares,2024,45,https://www.letras.mus.br/marilia-tavares/palavras-de-perdao/,-1
511,Palavras de Perdão,musica511,musica511_trecho11,É uma pena eu não ser quem você ama Eu virei dono desse chip essa semana,Marília Tavares,2024,16,https://www.letras.mus.br/marilia-tavares/palavras-de-perdao/,-1
998,Palhaça (part. Ana Castela),musica998,musica998_trecho1,Todo grupin de amiga tem que ter A cachaceira que em todo rolê Não pode ver um grau que já quer pegar Já sabe que vai ter alguém pra carregar,Naiara Azevedo,2023,30,https://www.letras.mus.br/naiara-azevedo/palhaca-part-ana-castela/,-1
998,Palhaça (part. Ana Castela),musica998,musica998_trecho4,"E tem eu, a emocionada Que planeja a vida na primeira cantada Que sente saudade de uma ficada Iludida não Palhaça",Naiara Azevedo,2023,21,https://www.letras.mus.br/naiara-azevedo/palhaca-part-ana-castela/,-1
998,Palhaça (part. Ana Castela),musica998,musica998_trecho5,"Eu, a emocionada Que planeja a vida na primeira cantada Que sente saudade de uma ficada Iludida não Palhaça",Naiara Azevedo,2023,19,https://www.letras.mus.br/naiara-azevedo/palhaca-part-ana-castela/,-1
1218,Pantera Cor-de-rosa,musica1218,musica1218_trecho2,Sabe se vestir do jeito que o homem gosta Vestido apertadinho da pantera cor-de-rosa Pra que?,Munhoz & Mariano,2014,16,https://www.letras.mus.br/munhoz-mariano/pantera-cor-de-rosa/,-1
1218,Pantera Cor-de-rosa,musica1218,musica1218_trecho5,"Não importa se é preto Branco, verde ou cor-de-rosa Se for apertadinho pode pôr, que o pai gosta",Munhoz & Mariano,2014,18,https://www.letras.mus.br/munhoz-mariano/pantera-cor-de-rosa/,-1
988,Par De Olhos,musica988,musica988_trecho1,Quantas histórias esse bar já ouviu E quantas lágrimas nesse balcão caíram? Lugar onde os sofredores tentam esquecer os amores Mas só se embriagam,Lauana Prado,2025,24,https://www.letras.mus.br/lauana-prado/par-de-olhos/,-1
988,Par De Olhos,musica988,musica988_trecho3,"E foi por causa de um par de olhos castanhos Que eu vim parar nesse ambiente aqui Era pra amenizar, mas só tá aumentando E é por isso que eu choro assim",Lauana Prado,2025,32,https://www.letras.mus.br/lauana-prado/par-de-olhos/,-1
988,Par De Olhos,musica988,musica988_trecho4,"Foi por causa de um par de olhos castanhos Que eu vim parar nesse ambiente aqui Era pra amenizar, mas só tá aumentando E é por isso que eu choro assim",Lauana Prado,2025,31,https://www.letras.mus.br/lauana-prado/par-de-olhos/,-1
988,Par De Olhos,musica988,musica988_trecho8,"Era pra amenizar, mas só tá aumentando E é por isso que eu choro assim",Lauana Prado,2025,15,https://www.letras.mus.br/lauana-prado/par-de-olhos/,-1
671,PARECE,musica671,musica671_trecho3,"Cê parece o amor da minha vida, mas não é De longe, copo de Coca também parece café O álcool parece água, o açúcar parece sal O que parece que faz bem pode fazer mal Cê parece o amor da minha vida, mas não é De longe, copo de Coca também parece café O álcool parece água, o açúcar parece sal A gente parece de tudo, só não parece um casal Só não parece um casal",Luan Santana,2024,76,https://www.letras.mus.br/luan-santana/parece/,-1
1242,Parece Namoro,musica1242,musica1242_trecho1,"Você sempre vem, você sempre volta É um vai e vem que não sai de órbita Me acostumei, nem tranco a porta Eita vida torta, não sai de moda",Marília Mendonça,2018,29,https://www.letras.mus.br/marilia-mendonca/parece-namoro/,-1
1242,Parece Namoro,musica1242,musica1242_trecho2,Eu tenho tanto de você em mim Você também Tem tanto de mim em você E sabe bem,Marília Mendonça,2018,18,https://www.letras.mus.br/marilia-mendonca/parece-namoro/,-1
1279,Parece Piada,musica1279,musica1279_trecho1,"Então tá, fica combinado Só mais essa noite vai acontecer Depois é cada um pra um lado Você me esquece e eu esqueço você",Henrique & Juliano,2015,24,https://www.letras.mus.br/henrique-e-juliano/parece-piada/,-1
1279,Parece Piada,musica1279,musica1279_trecho3,"Longe um do outro o coração pede socorro E a boca pede o gosto da noite passada A gente não se assume, não Mas também não se larga, não Num dia dá pause, no outro dá play E parece piada",Henrique & Juliano,2015,40,https://www.letras.mus.br/henrique-e-juliano/parece-piada/,-1
1279,Parece Piada,musica1279,musica1279_trecho4,"Longe um do outro, coração pede socorro E a boca pede o gosto da noite passada A gente não se assume, não Mas também não se larga, não Num dia dá pause, no outro dá play E parece piada Só dando risada de nós dois",Henrique & Juliano,2015,45,https://www.letras.mus.br/henrique-e-juliano/parece-piada/,-1
876,Paredes,musica876,musica876_trecho1,"Despertador tocou, cadê o meu amor Pra me dar o primeiro beijo do dia? Na hora do café, cadê minha mulher Que os meu desejos de cor sabia?",Jorge & Mateus,2016,28,https://www.letras.mus.br/jorge-mateus/paredes/,-1
875,Passa Mal,musica875,musica875_trecho1,"Quando me deixou, eu nem sonhava em terminar Da turma do cinema, eu passei pra turma do bar Daqueles que bebe só pra lembrar Depois chorar, chorar",Marília Mendonça,2019,27,https://www.letras.mus.br/marilia-mendonca/passa-mal/,-1
875,Passa Mal,musica875,musica875_trecho2,"O tempo passou, passou Tudo mudou, mudou Da sua boca, eu já nem lembro do sabor Mundo girou, girou Girou, rodou, rodou Desaprendi a te chamar de meu amor",Marília Mendonça,2019,29,https://www.letras.mus.br/marilia-mendonca/passa-mal/,-1
875,Passa Mal,musica875,musica875_trecho3,"Na minha vida, o seu coração serviu de degrau Te ver sofrendo não é bom, é sensacional Agora passa mal, agora passa mal, agora passa mal",Marília Mendonça,2019,26,https://www.letras.mus.br/marilia-mendonca/passa-mal/,-1
756,Pássaro Noturno,musica756,musica756_trecho1,"Procurei e encontrei Meu amor, minha cara metade Me entreguei, te mostrei (Quem eu sou) quem eu sou, a minha verdade",Simone & Simaria,2014,21,https://www.letras.mus.br/simone-simaria-as-coleguinhas/passaro-noturno/,-1
756,Pássaro Noturno,musica756,musica756_trecho2,"Sou pássaro noturno, quer ser meu par? Procuro entender por que, iê Eu, sem você, já não durmo, nem sei voar Sonhar, viver, ê",Simone & Simaria,2014,24,https://www.letras.mus.br/simone-simaria-as-coleguinhas/passaro-noturno/,-1
756,Pássaro Noturno,musica756,musica756_trecho3,"Todo dia eu quero, todo dia espero Todo dia eu chamo, todo dia eu amo Só você, iê, iê E vai valer a pena mudar essa cena Viver meu roteiro, amo o tempo inteiro Só você",Simone & Simaria,2014,36,https://www.letras.mus.br/simone-simaria-as-coleguinhas/passaro-noturno/,-1
756,Pássaro Noturno,musica756,musica756_trecho6,"Que eu, eu Sou pássaro noturno, quer ser meu par? Procuro entender por que, iê Eu, sem você, já não durmo, nem sei voar (Sonhar) sonhar, viver, ê",Simone & Simaria,2014,28,https://www.letras.mus.br/simone-simaria-as-coleguinhas/passaro-noturno/,-1
756,Pássaro Noturno,musica756,musica756_trecho7,"Todo dia eu quero, todo dia espero Todo dia eu chamo, todo dia eu amo (eu amo) Só você, iê, iê E vai valer a pena mudar essa cena Viver o meu roteiro, amo o tempo inteiro Só você",Simone & Simaria,2014,39,https://www.letras.mus.br/simone-simaria-as-coleguinhas/passaro-noturno/,-1
745,Pátio do Posto,musica745,musica745_trecho10,Enquanto eu pago a conta do quarto Cê vai secando seu cabelo molhado,Zé Neto e Cristiano,2023,13,https://www.letras.mus.br/ze-neto-cristiano/patio-do-posto/,-1
965,Pecado de Amor,musica965,musica965_trecho3,Não vou brincar de amar Eu vou deixar para lá Vou esquecer de tudo É bem melhor que eu vá do que te ver chorar Pra mim é um absurdo Pra que se machucar pedindo pra juntar Esse amor em pedaços Se Deus não escreveu assim?,Fátima Leão,2012,46,https://www.letras.mus.br/fatima-leao/1726286/,-1
477,Pedras,musica477,musica477_trecho2,"E lá fora a chuva Vai molhar seu rosto Desmanchar os seus cabelos Madrugada, vento frio Vai ser outro pesadelo Quando você se olhar E se encontrar sem mim",Zezé Di Camargo,2022,29,https://www.letras.mus.br/zeze-di-camargo/pedras/,-1
477,Pedras,musica477,musica477_trecho3,Se a gente fica longe um do outro Vai pintar tanta saudade Feito quanto apaga a luz E o escuro da cidade Faz a gente tropeçar Nas pedras que estão pelas ruas,Zezé Di Camargo,2022,32,https://www.letras.mus.br/zeze-di-camargo/pedras/,-1
477,Pedras,musica477,musica477_trecho4,"Por isso, para e pense Dá um tempo, se ajeite aqui comigo Não caminhe contra o vento Para não correr perigo Se essa dor doer em mim A metade é sua",Zezé Di Camargo,2022,31,https://www.letras.mus.br/zeze-di-camargo/pedras/,-1
477,Pedras,musica477,musica477_trecho5,Eu e você por aí outra vez Eu e você nosso amor Não vou deixar você sair de mim Não vou deixar você sair assim Da minha vida,Zezé Di Camargo,2022,28,https://www.letras.mus.br/zeze-di-camargo/pedras/,-1
521,Pega Esse Carro,musica521,musica521_trecho3,"Pega esse carro acelera fundo Vem na direção que dá direto pro meu mundo A cada pensada a gente perde um segundo Vem sem tomar banho, a gente toma banho junto Pega esse carro acelera fundo Vem na direção que dá direto pro meu mundo A cada pensada a gente perde um segundo Vem sem tomar banho, a gente toma banho junto",Marcos & Belutti,2025,62,https://www.letras.mus.br/marcos-belutti/pega-esse-carro/,-1
521,Pega Esse Carro,musica521,musica521_trecho8,"Pega esse carro acelera fundo Vem na direção que dá direto pro meu mundo A cada pensada a gente perde um segundo Vem sem tomar banho, a gente toma banho junto Vem sem tomar banho, a gente toma banho junto",Marcos & Belutti,2025,40,https://www.letras.mus.br/marcos-belutti/pega-esse-carro/,-1
1225,Pega Eu,musica1225,musica1225_trecho1,"Cê ta querendo eu, eu também tô te querendo Pega eu, leva eu, chama eu que eu vou correndo",Fernando e Sorocaba,2012,19,https://www.letras.mus.br/fernando-sorocaba/1917423/,-1
1225,Pega Eu,musica1225,musica1225_trecho3,Eu vo-ou Vo-ou Vo-ou Eu vou correndo,Fernando e Sorocaba,2012,7,https://www.letras.mus.br/fernando-sorocaba/1917423/,-1
1225,Pega Eu,musica1225,musica1225_trecho6,"E o pior é que eu não to valendo nada Se me chama a qualquer hora, eu vou correndo pra sua casa",Fernando e Sorocaba,2012,22,https://www.letras.mus.br/fernando-sorocaba/1917423/,-1
1225,Pega Eu,musica1225,musica1225_trecho9,Eu acho que saquei Porque me trata assim Me vejo em você E você se vê em mim,Fernando e Sorocaba,2012,18,https://www.letras.mus.br/fernando-sorocaba/1917423/,-1
1225,Pega Eu,musica1225,musica1225_trecho10,Fica me evitando No começo da balada Mas lá pelas quatro e meia Me chama desesperada,Fernando e Sorocaba,2012,16,https://www.letras.mus.br/fernando-sorocaba/1917423/,-1
1225,Pega Eu,musica1225,musica1225_trecho20,Fica me evitando No começo da balada Mas lá pelas quatro e meia Me liga desesperada,Fernando e Sorocaba,2012,16,https://www.letras.mus.br/fernando-sorocaba/1917423/,-1
1225,Pega Eu,musica1225,musica1225_trecho28,Porque também te quero Eu assumo pra você Toda vez que você chama Eu vou correndo pra te ver,Fernando e Sorocaba,2012,19,https://www.letras.mus.br/fernando-sorocaba/1917423/,-1
958,Pelo Bem da Minha Saudade,musica958,musica958_trecho6,"Se eu pudesse tirava da sua mente essa vontade De sair pra rua, de ser novidade De me esquecer Pelo bem da minha saudade",Gusttavo Lima,2025,24,https://www.letras.mus.br/gusttavo-lima/pelo-bem-da-minha-saudade/,-1
1186,Pense Em Mim (part. Lucas e Luan),musica1186,musica1186_trecho1,"Inspiração dos meus sonhos, não quero acordar Quero ficar só contigo, não vou poder voar Pra que parar pra refletir se meu reflexo é você? Aprendendo uma só vida, compartilhando prazer",Jorge & Mateus,2012,31,https://www.letras.mus.br/jorge-mateus/1602117/,-1
1186,Pense Em Mim (part. Lucas e Luan),musica1186,musica1186_trecho2,"Porque parece que na hora eu não vou aguentar Se eu sempre tive força e nunca parei de lutar? Como num filme, no final tudo vai dar certo Quem foi que disse que pra tá junto precisa tá perto?",Jorge & Mateus,2012,39,https://www.letras.mus.br/jorge-mateus/1602117/,-1
1186,Pense Em Mim (part. Lucas e Luan),musica1186,musica1186_trecho3,"Pensa em mim, que eu tô pensando em você E me diz o que eu quero te dizer Vem pra cá, pra ver que juntos estamos E te falar mais uma vez que te amo",Jorge & Mateus,2012,35,https://www.letras.mus.br/jorge-mateus/1602117/,-1
1362,Perdeu,musica1362,musica1362_trecho1,"Perdeu perdeu, sua chance passou e o amor acabou E eu não sou mais teu, perdeu Pára de chorar e ocupe o lugar que você escolheu Perdeu, perdeu, perdeu, perdeu",Thaeme e Thiago,2011,30,https://www.letras.mus.br/thaeme-thiago/1847734/,-1
1362,Perdeu,musica1362,musica1362_trecho2,"Quem tanto te amava e estava sempre ao seu dispor Te valorizava, mas você nunca me deu valor Perdeu, perdeu, perdeu, perdeu Não tem apelação, reclamação Seu caso foi julgado E o seu coração está condenado a viver sem o meu Perdeu, perdeu, perdeu, perdeu",Thaeme e Thiago,2011,45,https://www.letras.mus.br/thaeme-thiago/1847734/,-1
1362,Perdeu,musica1362,musica1362_trecho4,"Sua chance passou e o amor acabou E eu não sou mais teu, perdeu Pára de chorar e ocupe o lugar que você escolheu Perdeu Quem tanto te amava e estava sempre ao seu dispor Te valorizava, mas você nunca me deu valor Perdeu, perdeu, perdeu, perdeu Não tem apelação, reclamação Seu caso foi julgado E o seu coração está condenado a viver sem o meu Perdeu, perdeu, perdeu, perdeu",Thaeme e Thiago,2011,70,https://www.letras.mus.br/thaeme-thiago/1847734/,-1
1546,Perdeu o Cara Errado,musica1546,musica1546_trecho1,Nesses dias chuvosos de frio É aí que o vazio da tua ausência aumenta mais E o silêncio desse telefone tá me deixando doente Será que você também sente? Não há ser humano que aguente,Cristiano Araújo,2014,35,https://www.letras.mus.br/cristiano-araujo/perdeu-o-cara-errado/,-1
1546,Perdeu o Cara Errado,musica1546,musica1546_trecho2,"Tanta solidão vai acabar com a minha raça Não há nada que eu faça pra evitar o pranto Já vi que só tá começando Se hoje já bebi, já sofri mais uma vez Imagina daqui um mês, daqui um mês",Cristiano Araújo,2014,40,https://www.letras.mus.br/cristiano-araujo/perdeu-o-cara-errado/,-1
1546,Perdeu o Cara Errado,musica1546,musica1546_trecho4,"Tanta solidão vai acabar com a minha raça Não há nada que eu faça pra evitar o pranto Já vi que só tá começando Se hoje eu já bebi, já sofri mais uma vez Imagina daqui um mês, daqui um mês",Cristiano Araújo,2014,41,https://www.letras.mus.br/cristiano-araujo/perdeu-o-cara-errado/,-1
1582,Perdoa Amor,musica1582,musica1582_trecho2,Perdoa amor! Perdoa amor! Perdoa e volta pra mim Perdoa amor! Perdoa amor! Não dá mais pra viver assim Perdoa amor! Perdoa amor! Perdoa e volta pra mim Perdoa amor! Perdoa amor! Não dá mais pra viver assim,Marcos & Belutti,2009,38,https://www.letras.mus.br/marcos-belutti/1504018/,-1
1582,Perdoa Amor,musica1582,musica1582_trecho5,Perdoa amor! Perdoa amor! Perdoa e volta pra mim Perdoa amor! Perdoa amor! Não dá mais pra viver assim,Marcos & Belutti,2009,19,https://www.letras.mus.br/marcos-belutti/1504018/,-1
308,Pergunta Boba,musica308,musica308_trecho2,"Você com esse cabelo preto, sorriso sem jeito Foi chegando perto, chegou perto demais Em três ou quatro dias, tava tudo tão perfeito Dos meus problemas, eu já nem me lembrava mais Só queria você, só pensava em você Mas ainda tem coisas pra me arrepender E eu vou dizer",Jorge & Mateus,2016,50,https://www.letras.mus.br/jorge-mateus/pergunta-boba/,-1
308,Pergunta Boba,musica308,musica308_trecho3,Me arrependi de não ter te abraçado outra vez Não ter te beijado uma última vez Não ter te olhado outra vez Ficar acordado até depois das seis Só pra ver o Sol nascer Sonhar os sonhos mais loucos com você E eu vou dizer,Jorge & Mateus,2016,45,https://www.letras.mus.br/jorge-mateus/pergunta-boba/,-1
1301,Perto de Mim,musica1301,musica1301_trecho2,"Eu tô com medo de sair e você voltar Eu não posso me permitir Não vou me perdoar Afinal, afinal te esperei tantos anos",Thaeme e Thiago,2013,24,https://www.letras.mus.br/thaeme-thiago/perto-de-mim/,-1
1301,Perto de Mim,musica1301,musica1301_trecho3,Meu corpo tá arrepiado Há meia hora eu tô chorando Eu vejo o vulto dos seus passos Acho que tô delirando Tô sentindo que você tá perto de mim,Thaeme e Thiago,2013,29,https://www.letras.mus.br/thaeme-thiago/perto-de-mim/,-1
219,Perto de Você,musica219,musica219_trecho1,E eu que já me acostumei tão bem É normal acordar todos os dias Pra cuidar de você Mas você não percebe E vive falando mal E mesmo sem saber,Marília Mendonça,2017,30,https://www.letras.mus.br/marilia-mendonca/perto-de-voce/,-1
219,Perto de Você,musica219,musica219_trecho3,E é melhor aguentar seus gritos Do que me afastar e nunca mais voltar O que eu acho impossível Mas e se a porta fechar e não se abrir mais?,Marília Mendonça,2017,30,https://www.letras.mus.br/marilia-mendonca/perto-de-voce/,-1
219,Perto de Você,musica219,musica219_trecho4,É melhor aguentar seus gritos Do que me afastar e nunca mais voltar O que eu acho impossível Mas e se a porta fechar e não se abrir mais?,Marília Mendonça,2017,29,https://www.letras.mus.br/marilia-mendonca/perto-de-voce/,-1
219,Perto de Você,musica219,musica219_trecho8,E nunca mais voltar O que eu acho impossível Mas e se a porta fechar e não se abrir mais?,Marília Mendonça,2017,20,https://www.letras.mus.br/marilia-mendonca/perto-de-voce/,-1
347,Pior Parte,musica347,musica347_trecho1,Não tá me fazendo bem Não tô certo em fazer isso Tô colocando o futuro de alguém que não é meu Em risco,Simone Mendes,2023,23,https://www.letras.mus.br/simone-mendes/pior-parte/,-1
347,Pior Parte,musica347,musica347_trecho3,O erro não tá em você Eu que ainda sou de outra pessoa A falha desse relacionamento Foi eu ser de outra,Simone Mendes,2023,22,https://www.letras.mus.br/simone-mendes/pior-parte/,-1
719,Pipoco (part. Melody e Dj Chris No Beat),musica719,musica719_trecho3,"As boiadeira não dá pra encarar As boiadeira não dá pra encarar Bota, fivela e chapéu Karandá Batom vermelho pros playba chorar",Ana Castela,2024,22,https://www.letras.mus.br/ana-castela/pipoco-part-melody-e-dj-chris-no-beat/,-1
719,Pipoco (part. Melody e Dj Chris No Beat),musica719,musica719_trecho5,"Nós é embaçada na galopada Nem oito segundo, peão não aguenta com essa sentada Nós é embaçada na galopada Nem oito segundo, peão não aguenta com essa sentada",Ana Castela,2024,28,https://www.letras.mus.br/ana-castela/pipoco-part-melody-e-dj-chris-no-beat/,-1
719,Pipoco (part. Melody e Dj Chris No Beat),musica719,musica719_trecho13,"Nós é embaçada na galopada Cês fica maluco com a nossa jogada, a gente não para Nós é embaçada na galopada Cês fica maluco com a nossa jogada, a gente não para",Ana Castela,2024,32,https://www.letras.mus.br/ana-castela/pipoco-part-melody-e-dj-chris-no-beat/,-1
1280,Pirraça,musica1280,musica1280_trecho1,Vou pagar promessa de joelhos Só pra esquecer você Vou passar uns dias lá na Lua Eu não quero mais te ver,Jorge & Mateus,2012,22,https://www.letras.mus.br/jorge-mateus/1198518/,-1
1280,Pirraça,musica1280,musica1280_trecho2,"Vou falar pro meu coração bater o pé Pra não morrer de paixão, não quero Mais esse amor que me faz tão mal Chega de sofrer, adeus, ponto final",Jorge & Mateus,2012,29,https://www.letras.mus.br/jorge-mateus/1198518/,-1
1296,Plano B,musica1296,musica1296_trecho2,Eu já tentei o plano A E o plano de amar você falhou Agora eu vou tentar o plano B Eu já tentei o plano A E o plano de amar você falhou Agora eu vou tentar o plano B,Lucas Lucco,2013,40,https://www.letras.mus.br/lucas-lucco/plano-b/,-1
902,Planos Impossíveis,musica902,musica902_trecho1,"Uma semana sem te ver Eu já sabia que isso ia acontecer O tempo passa, eu fico mal É ilusão achar que tudo está igual Você apareceu pra mim Não posso evitar me sentir assim",Jads e Jadson,2013,35,https://www.letras.mus.br/jads-e-jadson/planos-impossiveis/,-1
902,Planos Impossíveis,musica902,musica902_trecho4,"Você me diz que não tá bem Que não para de pensar em mim também Agora antes de dormir Por um segundo, eu consigo até sorrir Por que essa complicação? Distância é o fim pra quem tem coração!",Jads e Jadson,2013,38,https://www.letras.mus.br/jads-e-jadson/planos-impossiveis/,-1
902,Planos Impossíveis,musica902,musica902_trecho7,E eu nem sei se algum dia eu já me senti assim Eu nem me lembro de querer alguém Como eu quero você pra mim E é por isso que eu vou te dizer,Jads e Jadson,2013,34,https://www.letras.mus.br/jads-e-jadson/planos-impossiveis/,-1
879,Pode Chorar,musica879,musica879_trecho2,"Você não sabe o que é amar Você não sabe o que é amor Acha que é somente ficar, ficar, ficar E se rolar, rolou Não se maltrata o coração De quem não merece sofrer Não vou ficar na solidão de mão em mão Assim como você",Jorge & Mateus,2007,47,https://www.letras.mus.br/jorge-mateus/1050892/,-1
879,Pode Chorar,musica879,musica879_trecho6,"Você não sabe o que é amar Você não sabe o que é amor Acha que é só mesmo ficar, ficar, ficar E se rolar, rolou Não se maltrata o coração De quem não merece sofrer Não vou ficar na solidão de mão em mão Assim como você",Jorge & Mateus,2007,48,https://www.letras.mus.br/jorge-mateus/1050892/,-1
1411,Pode Ir Embora,musica1411,musica1411_trecho4,"Vai, fecha a porta Faz como se tudo não passasse de ilusão Me ignora Destrói o sentimento e vai atrás de outra paixão Esquece tudo Prometo não chorar e nem tentar te convencer Que um dia amei você",Bruno & Marrone,2009,38,https://www.letras.mus.br/bruno-e-marrone/1460073/,-1
596,Ponto Final,musica596,musica596_trecho1,"Olha, quero te dizer, que precisamos conversar, antes que",Di Paullo e Paulino,2011,9,https://www.letras.mus.br/di-paulo-e-paulino/ponto-final/,-1
596,Ponto Final,musica596,musica596_trecho2,"Antes que alguém lhe conte a verdade, eu mesmo abro o jogo Faz muito tempo que eu não quero nada do que você quer O que eu sentia por você na fase que nós começamos Agora eu sinto dez vezes mais forte por outra mulher",Di Paullo e Paulino,2011,45,https://www.letras.mus.br/di-paulo-e-paulino/ponto-final/,-1
596,Ponto Final,musica596,musica596_trecho3,"Eu não consigo fazê-la feliz, infeliz assim Você me toca, mas o que lhe toca já não toca em mim Eu conto às vezes que fui contar tudo e desisti na hora Tomei coragem de perder o medo e provar que não minto Estou sentindo que as pessoas sentem que eu não sinto nada Eu sinto muito, mas infelizmente amor, eu não sinto Vivo cansado de inventar desculpas que estou cansado Eu estou certo que nada dá certo começando errado",Di Paullo e Paulino,2011,80,https://www.letras.mus.br/di-paulo-e-paulino/ponto-final/,-1
226,Ponto G,musica226,musica226_trecho1,Meu ex amor se não for pedir muito Dê-me outra chance pela última vez Ouça os apelos de quem canta e chora Porque seu ex agora não quer ser mais ex,Edy Britto & Samuel,2014,31,https://www.letras.mus.br/edy-brito-e-samuel/ponto-g/,-1
226,Ponto G,musica226,musica226_trecho5,Depois da volta na troca de afeto No seu alfabeto eu vou do A ao Z E ainda tem surpresa que eu só conto Quando marcar ponto no seu ponto G,Edy Britto & Samuel,2014,31,https://www.letras.mus.br/edy-brito-e-samuel/ponto-g/,-1
226,Ponto G,musica226,musica226_trecho6,E ainda tem surpresa que eu só conto Quando eu marcar ponto no seu ponto G,Edy Britto & Samuel,2014,16,https://www.letras.mus.br/edy-brito-e-samuel/ponto-g/,-1
226,Ponto G,musica226,musica226_trecho7,"Sinta meu gosto, se aqueça em meu corpo Receba o título de minha mulher Tornar possível o quase impossível Só será possível se você quiser",Edy Britto & Samuel,2014,25,https://www.letras.mus.br/edy-brito-e-samuel/ponto-g/,-1
226,Ponto G,musica226,musica226_trecho8,Juro por Deus que se eu ouvir um sim Você será por mim eternamente amada Eu sei de muito e se eu fizer com calma Até sua alma fica apaixonada,Edy Britto & Samuel,2014,30,https://www.letras.mus.br/edy-brito-e-samuel/ponto-g/,-1
805,Por Nossos Filhos,musica805,musica805_trecho2,"Duas almas, um sentimento Dois sobrenomes, um juramento Não se juntariam em um nome só E te esquecer seria o melhor",Zé Neto e Cristiano,2017,21,https://www.letras.mus.br/ze-neto-cristiano/por-nossos-filhos/,-1
805,Por Nossos Filhos,musica805,musica805_trecho4,E olha a gente aqui agora A sua filha é minha nora Não adianta ir contra o destino De novo a vida está nos unindo,Zé Neto e Cristiano,2017,25,https://www.letras.mus.br/ze-neto-cristiano/por-nossos-filhos/,-1
805,Por Nossos Filhos,musica805,musica805_trecho9,Ooh ooh ooh Ooh ooh ooh Por nossos filhos Por nossos filhos,Zé Neto e Cristiano,2017,12,https://www.letras.mus.br/ze-neto-cristiano/por-nossos-filhos/,-1
1164,Por Quê?,musica1164,musica1164_trecho1,"Eu acho que eu estou gostando de você Mas você não percebe, por quê?",Jorge & Mateus,2012,14,https://www.letras.mus.br/jorge-mateus/porque/,-1
1164,Por Quê?,musica1164,musica1164_trecho2,"Eu vejo o tempo passando E cada vez me apaixonando mais Mas você não percebe, por quê? Invente uma história",Jorge & Mateus,2012,20,https://www.letras.mus.br/jorge-mateus/porque/,-1
1164,Por Quê?,musica1164,musica1164_trecho5,"Queria poder dizer Te quero, te amo Mas onde está você? Quando eu te chamo",Jorge & Mateus,2012,15,https://www.letras.mus.br/jorge-mateus/porque/,-1
1164,Por Quê?,musica1164,musica1164_trecho7,"Eu acho que eu estou gostando de você Mas você não percebe, por quê? Vejo o tempo passando E cada vez me apaixonando mais",Jorge & Mateus,2012,24,https://www.letras.mus.br/jorge-mateus/porque/,-1
1164,Por Quê?,musica1164,musica1164_trecho8,"Mas você não percebe, por quê? Invente uma história Me diz qualquer coisa Mas fala comigo",Jorge & Mateus,2012,16,https://www.letras.mus.br/jorge-mateus/porque/,-1
1164,Por Quê?,musica1164,musica1164_trecho10,"Mas como sempre o amor nos deixa mudos Queria poder dizer Te quero, te amo Mas onde está você?",Jorge & Mateus,2012,19,https://www.letras.mus.br/jorge-mateus/porque/,-1
1164,Por Quê?,musica1164,musica1164_trecho11,"Quando eu te chamo Queria poder dizer Te quero, te amo Mas onde está você? Quando eu te chamo",Jorge & Mateus,2012,19,https://www.letras.mus.br/jorge-mateus/porque/,-1
1164,Por Quê?,musica1164,musica1164_trecho12,"Te amo, mas onde está você Quando eu te chamo Queria poder dizer Te quero, te amo Mas onde está você? Quando eu te chamo",Jorge & Mateus,2012,25,https://www.letras.mus.br/jorge-mateus/porque/,-1
742,Por Um Gole a Mais,musica742,musica742_trecho3,"Foi nessa hora Que eu me vi ali sentado feito um bobo e sem reação E você na minha frente, docemente me estendeu a mão E com os olhos cheios d'água disse que foi covardia O que eu fazia",Bruno & Marrone,2005,39,https://www.letras.mus.br/bruno-e-marrone/193833/,-1
792,Pra Não Lembrar De Mim (part. Zezé Di Camargo & Luciano),musica792,musica792_trecho1,Pra não lembrar de mim Você precisa ter coragem de apagar A metade da sua vida,Guilherme & Santiago,2025,16,https://www.letras.mus.br/guilherme-e-santiago/pra-nao-lembrar-de-mim-part-zeze-di-camargo-e-luciano/,-1
792,Pra Não Lembrar De Mim (part. Zezé Di Camargo & Luciano),musica792,musica792_trecho4,Busca nas suas lembranças Os seus melhores momentos Se me achar apaga tudo Que esse é o único jeito,Guilherme & Santiago,2025,19,https://www.letras.mus.br/guilherme-e-santiago/pra-nao-lembrar-de-mim-part-zeze-di-camargo-e-luciano/,-1
792,Pra Não Lembrar De Mim (part. Zezé Di Camargo & Luciano),musica792,musica792_trecho5,Mas eu já te adianto Tô tentando faz um tempo Pra te arrancar da minha vida É só arrancando o peito,Guilherme & Santiago,2025,21,https://www.letras.mus.br/guilherme-e-santiago/pra-nao-lembrar-de-mim-part-zeze-di-camargo-e-luciano/,-1
792,Pra Não Lembrar De Mim (part. Zezé Di Camargo & Luciano),musica792,musica792_trecho6,Então boa sorte aí Porque eu não consegui Te esquecer sem esquecer de mim,Guilherme & Santiago,2025,14,https://www.letras.mus.br/guilherme-e-santiago/pra-nao-lembrar-de-mim-part-zeze-di-camargo-e-luciano/,-1
1282,Pra Nunca Dizer Adeus,musica1282,musica1282_trecho4,"Mesmo que você não queira mais saber de mim Vou tentando convencê-la do quanto te amo Mesmo que você recuse ouvir a minha voz, eu não desisto E vou gritar: Te amo demais",Jorge & Mateus,2009,33,https://www.letras.mus.br/jorge-mateus/1486857/,-1
1443,Pra Que Conversar?,musica1443,musica1443_trecho4,"Se foi você quem me abandonou? Me liga aqui, tenta me consolar E na verdade sei que será melhor A gente não se falar",Paula Fernandes,2010,24,https://www.letras.mus.br/paula-fernandes/1824359/,-1
1367,Pra Que Juízo,musica1367,musica1367_trecho1,Tomar juízo pra que Se eu quero é você Pra que juízo?,Henrique & Juliano,2014,12,https://www.letras.mus.br/henrique-e-juliano/pra-que-juizo/,-1
1367,Pra Que Juízo,musica1367,musica1367_trecho6,Foi tentando evitar seu olhar Foi tentando fugir de você Foi querendo a vontade ocultar Foi tentando querer me conter Foi pensando no medo de errar Foi lutando pra não me perder Enlouqueci,Henrique & Juliano,2014,33,https://www.letras.mus.br/henrique-e-juliano/pra-que-juizo/,-1
666,Pra Ser Feliz,musica666,musica666_trecho1,Às vezes é mais fácil reclamar da sorte Do que na adversidade ser mais forte Querer subir sem batalhar Pedir carinho sem se dar Sem olhar do lado,Daniel,2011,28,https://www.letras.mus.br/daniel/1964931/,-1
666,Pra Ser Feliz,musica666,musica666_trecho2,Já imaginou de onde vem A luz de um cego Já cogitou descer De cima do seu ego Tem tanta gente por aí Na exclusão e ainda sorri Tenho me perguntado,Daniel,2011,31,https://www.letras.mus.br/daniel/1964931/,-1
666,Pra Ser Feliz,musica666,musica666_trecho5,Talvez a chave seja a simplicidade Talvez prestar mais atenção na realidade Porque não ver como lição O exemplo de superação De tantas pessoas,Daniel,2011,24,https://www.letras.mus.br/daniel/1964931/,-1
1061,Pra Te Fazer Lembrar,musica1061,musica1061_trecho2,"Eu tenho uma má notícia pra te dar Isso não vai passar tão cedo, não adianta esperar Às vezes ficamos bem, mas depois vem o desespero Eu tento esconder, mas vi que pensei em você o dia inteiro",Lucas Lucco,2013,38,https://www.letras.mus.br/lucas-lucco/so-pra-te-fazer-lembrar/,-1
1061,Pra Te Fazer Lembrar,musica1061,musica1061_trecho3,"Mas sempre haverá uma data, palavra, um olhar Um filme, uma música, pra te fazer lembrar Um perfume, um abraço, um sorriso só pra atrapalhar Só pra te fazer lembrar de mim",Lucas Lucco,2013,32,https://www.letras.mus.br/lucas-lucco/so-pra-te-fazer-lembrar/,-1
1061,Pra Te Fazer Lembrar,musica1061,musica1061_trecho6,"Mas sempre haverá uma data, palavra, um olhar Um filme, uma música, pra te fazer lembrar Um perfume, um abraço, um sorriso só pra atrapalhar Só pra te fazer Mas sempre haverá uma data, palavra, um olhar Um filme, uma música, pra te fazer lembrar Um perfume, um abraço, um sorriso só pra atrapalhar Só pra te fazer lembrar de mim Só pra te fazer lembrar de mim",Lucas Lucco,2013,68,https://www.letras.mus.br/lucas-lucco/so-pra-te-fazer-lembrar/,-1
1061,Pra Te Fazer Lembrar,musica1061,musica1061_trecho7,"Mas sempre haverá uma data, palavra, um olhar Um filme, uma música, pra te fazer lembrar Um perfume, um abraço, um sorriso só pra atrapalhar Só pra te fazer lembrar de mim Só pra te fazer lembrar de mim Só pra te fazer lembrar de mim",Lucas Lucco,2013,46,https://www.letras.mus.br/lucas-lucco/so-pra-te-fazer-lembrar/,-1
180,Pra Ter o Seu Amor,musica180,musica180_trecho1,"Agora já não tem mais jeito Amo até seus defeitos, não dá pra fugir Se eu tenho um milhão de motivos Pra te conquistar, eu não vou desistir",Jorge & Mateus,2010,28,https://www.letras.mus.br/jorge-mateus/1734491/,-1
180,Pra Ter o Seu Amor,musica180,musica180_trecho2,"Você é frio, é calor É febre de amor Saudade de paixão Eu sigo sempre rumo ao seu coração",Jorge & Mateus,2010,19,https://www.letras.mus.br/jorge-mateus/1734491/,-1
180,Pra Ter o Seu Amor,musica180,musica180_trecho3,Pra ter o seu amor Eu viajei pelo seu mundo Me vi com seus olhos Descobri quem sou Ai ai ai,Jorge & Mateus,2010,21,https://www.letras.mus.br/jorge-mateus/1734491/,-1
1163,Pra Você Lembrar de Mim,musica1163,musica1163_trecho1,Não fique aí sofrendo Com o coração doendo Você se esqueceu Que o seu amor sou eu,Luan Santana,2009,17,https://www.letras.mus.br/luan-santana/1528309/,-1
1163,Pra Você Lembrar de Mim,musica1163,musica1163_trecho3,Nunca esqueça que estou aqui Sempre a te esperar Pra te amar Me enlouqueça com seus carinhos Pra gente sonhar,Luan Santana,2009,20,https://www.letras.mus.br/luan-santana/1528309/,-1
643,Presepada (part. Marília Mendonça),musica643,musica643_trecho2,"Pra você é só mais um rolê, só mais uma ressaca Pra ela, outra mágoa, outro gatilho, outro trauma Enquanto finaliza a saideira Destrói o sonho de uma vida inteira",Maiara & Maraisa,2021,30,https://www.letras.mus.br/maiara-maraisa/presepada/,-1
1436,Preto e Branco,musica1436,musica1436_trecho2,"Mas você chegou e trouxe a paz Pro coração eu sei Transformou meu mundo E me mostrou o amor que eu deixei Sorte a minha, que a vida muda Muita coisa o tempo cura E me fez viver",Bruninho e Davi,2014,38,https://www.letras.mus.br/bruninho-davi/preto-e-branco/,-1
1436,Preto e Branco,musica1436,musica1436_trecho3,"Vem amor, e traz a cor pro que era preto e branco Eu vou te desenhando Vem amor e traz calor pro frio que vem chegando Eu tô te esperando",Bruninho e Davi,2014,30,https://www.letras.mus.br/bruninho-davi/preto-e-branco/,-1
1436,Preto e Branco,musica1436,musica1436_trecho5,"Mas você chegou e trouxe a paz Pro coração, eu sei Transformou meu mundo E me mostrou o amor que eu deixei Sorte a minha que a vida muda Muita coisa o tempo cura E me fez viver",Bruninho e Davi,2014,38,https://www.letras.mus.br/bruninho-davi/preto-e-branco/,-1
1436,Preto e Branco,musica1436,musica1436_trecho6,Vem amor e traz a cor pro que era preto e branco Eu vou te desenhando Vem amor e traz calor pro frio que vem chegando Eu tô te esperando Vem amor e traz a cor pro que era preto e branco Eu vou te desenhando Vem amor e traz calor pro frio que vem chegando Eu tô te esperando Vem amor e traz calor pro frio que vem chegando Eu tô te esperando,Bruninho e Davi,2014,74,https://www.letras.mus.br/bruninho-davi/preto-e-branco/,-1
693,Primeiro de Abril,musica693,musica693_trecho3,Segue a sua estrada Que eu já te esqueci Quando o amor se acaba O coração sabe o caminho pra seguir,Léo Magalhães,2008,21,https://www.letras.mus.br/leo-magalhaes/1405071/,-1
693,Primeiro de Abril,musica693,musica693_trecho4,Deve ser outra pessoa Ou um caso parecido Deve ser alguém querendo Só brincar contigo,Léo Magalhães,2008,15,https://www.letras.mus.br/leo-magalhaes/1405071/,-1
1512,Primeiro Passo,musica1512,musica1512_trecho2,"Você não deve me fazer sofrer Só pra provar que eu não sou de nada Mas se quiser eu deixo, porque mereço Pagar por tudo que eu fiz de errado",Maria Cecília e Rodolfo,2008,30,https://www.letras.mus.br/maria-cecilia-rodolfo/1277326/,-1
1512,Primeiro Passo,musica1512,musica1512_trecho5,"Sei que fiz tudo errado, mas foi tudo sem querer Nunca passou pela cabeça magoar você Às vezes a gente não percebe e erra sem saber O que é que custa pelo menos tentar entender?",Maria Cecília e Rodolfo,2008,35,https://www.letras.mus.br/maria-cecilia-rodolfo/1277326/,-1
1143,Princesinha (part. Mr. Catra),musica1143,musica1143_trecho1,"Tá louca é? Tá doida é? Tá chapada, tá doidona, doidona",Lucas Lucco,2013,11,https://www.letras.mus.br/lucas-lucco/princesinha/,-1
1143,Princesinha (part. Mr. Catra),musica1143,musica1143_trecho16,"Tá louca, hein? Tá doida demais Tá chapada, tá doidona, doidona",Lucas Lucco,2013,11,https://www.letras.mus.br/lucas-lucco/princesinha/,-1
1416,Príncipe,musica1416,musica1416_trecho2,Infelizmente sou Só um cara normal Sem nenhum castelo Nem cavalo branco,Lucas Lucco,2014,12,https://www.letras.mus.br/lucas-lucco/principe/,-1
1416,Príncipe,musica1416,musica1416_trecho4,"Quero escrever a nossa história Você, princesa, vamo agora Será que rola? Sem final, o que me diz? Só ser feliz",Lucas Lucco,2014,21,https://www.letras.mus.br/lucas-lucco/principe/,-1
1416,Príncipe,musica1416,musica1416_trecho6,"Eu quero ser seu príncipe perfeito Se não for, eu dou um jeito Você sabe, eu sempre dou um jeito",Lucas Lucco,2014,20,https://www.letras.mus.br/lucas-lucco/principe/,-1
1416,Príncipe,musica1416,musica1416_trecho9,Eu quero ser Eu quero ser Eu quero ser Só seu,Lucas Lucco,2014,11,https://www.letras.mus.br/lucas-lucco/principe/,-1
268,Prisão Sem Grade,musica268,musica268_trecho1,"Ultimamente, já não tenho mais mandado em mim Foi só você que fez com que eu ficasse assim Não há nada que eu possa fazer a não ser me envolver",Jorge & Mateus,2012,30,https://www.letras.mus.br/jorge-mateus/prisao-sem-grades/,-1
268,Prisão Sem Grade,musica268,musica268_trecho3,"Você me seduziu, me hipnotizou Eu me apaixonei, a cabeça virou Eu sigo a minha vida numa prisão sem grade Eu sigo te amando e todo mundo sabe Todo mundo sabe Todo mundo sabe Todo mundo sabe",Jorge & Mateus,2012,37,https://www.letras.mus.br/jorge-mateus/prisao-sem-grades/,-1
268,Prisão Sem Grade,musica268,musica268_trecho5,"Você me seduziu, me hipnotizou Eu me apaixonei, a cabeça virou Eu sigo minha vida numa prisão sem grade E todo mundo sabe Todo mundo sabe Todo mundo sabe",Jorge & Mateus,2012,29,https://www.letras.mus.br/jorge-mateus/prisao-sem-grades/,-1
268,Prisão Sem Grade,musica268,musica268_trecho6,"Você me seduziu, me hipnotizou, a cabeça virou Eu sigo minha vida numa prisão sem grade E todo mundo sabe Todo mundo sabe Todo mundo sabe Todo mundo sabe",Jorge & Mateus,2012,29,https://www.letras.mus.br/jorge-mateus/prisao-sem-grades/,-1
648,Pro Nosso Bem,musica648,musica648_trecho1,Tira uma dúvida aqui O tempo que passou longe de mim Fez bem ou não te fez tão bem assim? O que eu sei é que tá bad por aqui,Gustavo Mioto,2019,30,https://www.letras.mus.br/gustavo-mioto/pro-nosso-bem/,-1
1595,Problema,musica1595,musica1595_trecho3,Mas o problema é que eu te quero E o tempo que preciso for espero Pra mim felicidade é ter você,Jorge & Mateus,2016,21,https://www.letras.mus.br/jorge-mateus/problema/,-1
60,Proibido Terminar,musica60,musica60_trecho1,"Vai ter dias que eu vou acordar querendo menos Neste dia, cê acorda me querendo mais Vai ter dia que você só vai tá dez por cento Te completo com os noventa, fica tudo em paz",Gusttavo Lima,2025,36,https://www.letras.mus.br/gusttavo-lima/so-ta-proibido-terminar/,-1
1351,Promete,musica1351,musica1351_trecho2,Eu te amarei por 1001 motivos Vou perguntar baixinho ao pé do ouvido Promete que vai ser só minha Que vai me entender num olhar? Promete que vai visitar os meus sonhos de noite À luz do luar?,Luan Santana,2012,38,https://www.letras.mus.br/luan-santana/promete/,-1
1351,Promete,musica1351,musica1351_trecho3,Promete ler meus pensamentos? Decifrar o meu coração? Porque só assim vai saber Que minha vida inteira está em suas mãos,Luan Santana,2012,21,https://www.letras.mus.br/luan-santana/promete/,-1
509,Propaganda,musica509,musica509_trecho4,"Tá doido que eu vou Fazer propaganda de você Isso não é medo de te perder, amor É pavor, é pavor",Jorge & Mateus,2018,21,https://www.letras.mus.br/jorge-mateus/propaganda/,-1
509,Propaganda,musica509,musica509_trecho5,"Tá doido que eu vou Fazer propaganda de você Isso não é medo de te perder, amor É pavor É minha, cuido mesmo, pronto e acabou",Jorge & Mateus,2018,26,https://www.letras.mus.br/jorge-mateus/propaganda/,-1
345,Pulei Na Piscina,musica345,musica345_trecho1,Presta atenção nessa história,Guilherme & Benuto,2021,4,https://www.letras.mus.br/guilherme-e-benuto/pulei-na-piscina/,-1
345,Pulei Na Piscina,musica345,musica345_trecho5,"Pulei na piscina, chorei disfarçado Só pra ninguém ver os meus olhos molhados Pulei na piscina tão desesperado Que quando eu caí, foi mágoa pra todo lado",Guilherme & Benuto,2021,27,https://www.letras.mus.br/guilherme-e-benuto/pulei-na-piscina/,-1
345,Pulei Na Piscina,musica345,musica345_trecho6,"Pulei na piscina, chorei disfarçado Só pra ninguém ver os meus olhos molhados Pulei na piscina tão desesperado Que quando eu caí, foi mágoa pra todo lado Pra ver se esse amor morre afogado",Guilherme & Benuto,2021,34,https://www.letras.mus.br/guilherme-e-benuto/pulei-na-piscina/,-1
345,Pulei Na Piscina,musica345,musica345_trecho10,"Pulei, chorei disfarçado Só pra ninguém ver os meus olhos molhados Pulei na piscina tão desesperado Que quando eu caí, foi mágoa",Guilherme & Benuto,2021,22,https://www.letras.mus.br/guilherme-e-benuto/pulei-na-piscina/,-1
345,Pulei Na Piscina,musica345,musica345_trecho11,"Pulei na piscina, chorei disfarçado Só pra ninguém ver os meus olhos molhados Pulei na piscina tão desesperado Quando eu caí, foi mágoa pra todo lado Pra ver se esse amor morre afogado",Guilherme & Benuto,2021,33,https://www.letras.mus.br/guilherme-e-benuto/pulei-na-piscina/,-1
1338,quando a bad bater,musica1338,musica1338_trecho3,Não vai saber o que fazer Quando a bad bater e o silêncio trazer minha voz Não vai saber o que beber Se esse vinho não mata essa sede Sede que é de nós,Luan Santana,2019,34,https://www.letras.mus.br/luan-santana/quando-a-bad-bater/,-1
1338,quando a bad bater,musica1338,musica1338_trecho9,Vai ver quando a bad bater Quando essa bad bater E o silêncio trazer minha voz,Luan Santana,2019,16,https://www.letras.mus.br/luan-santana/quando-a-bad-bater/,-1
1338,quando a bad bater,musica1338,musica1338_trecho10,Vai ver quando a bad bater Quando essa bad bater Vai ver que a sua sede é de nós,Luan Santana,2019,19,https://www.letras.mus.br/luan-santana/quando-a-bad-bater/,-1
1376,Quando A Chuva Passar (part. Marcus Vianna),musica1376,musica1376_trecho2,Mas não vou chorar Se você quiser partir Às vezes a distância ajuda E essa tempestade Um dia vai acabar,Paula Fernandes,2009,20,https://www.letras.mus.br/paula-fernandes/1667434/,-1
1376,Quando A Chuva Passar (part. Marcus Vianna),musica1376,musica1376_trecho3,Só quero te lembrar De quando a gente Andava nas estrelas Nas horas lindas Que passamos juntos,Paula Fernandes,2009,17,https://www.letras.mus.br/paula-fernandes/1667434/,-1
1550,Quando Amanhecer,musica1550,musica1550_trecho2,Que tudo isso não passasse de um momento Mal do coração Que fosse embora a tempestade e o mal tempo Ficaria só paixão Só paixão,George Henrique e Rodrigo,2011,25,https://www.letras.mus.br/george-henrique-rodrigo/1970087/,-1
1346,Quando O Mel É Bom,musica1346,musica1346_trecho5,Mas esperei a tua reação A verdade é que a noite passada Ficou tatuada em meu coração,Simone & Simaria,2016,17,https://www.letras.mus.br/simone-simaria-as-coleguinhas/quando-o-mel-e-bom/,-1
457,Quando Você Some (part. Zezé Di Camargo & Luciano),musica457,musica457_trecho2,"Queria que não fosse como é Nem sei se tudo isso é de verdade Só nos falamos quando você quer Enquanto isso, morro de saudade",Victor & Leo,2012,25,https://www.letras.mus.br/victor-leo/quando-voce-some/,-1
457,Quando Você Some (part. Zezé Di Camargo & Luciano),musica457,musica457_trecho4,Preciso dizer que preciso Sentir verdade no que você diz e faz Ou me leve a sério Ou vá embora E não volte mais,Victor & Leo,2012,24,https://www.letras.mus.br/victor-leo/quando-voce-some/,-1
755,Quanto Custa?,musica755,musica755_trecho3,E o que é riqueza pra você? Me fala Pra mim são os pingos de gente bagunçando a sala Um abraço apertado toda vez que chega em casa Isso o dinheiro não paga,Murilo Huff,2024,33,https://www.letras.mus.br/murilo-huff/quanto-custa/,-1
133,Quarta Cadeira (part. Jorge & Mateus),musica133,musica133_trecho1,"Tá viciando outra boca, como fez com a minha Esse frio na barriga já me pertenceu Ele só tá te amando desse jeito Porque ainda não te conheceu direito Mas o fim dessa história é sempre o mesmo",Matheus & Kauan,2019,38,https://www.letras.mus.br/matheus-kauan/quarta-cadeira-part-jorge-e-mateus/,-1
812,Quarto 67 (part. Luan Santana),musica812,musica812_trecho1,"Chegou querendo causar Fingiu que não me conhecia Me deu prazer de noite Oi, muito prazer, de dia Cê pode até enganar todo mundo no rolê Dizer que a gente não tem nada a ver Já faz um tempo",Guilherme & Benuto,2025,39,https://www.letras.mus.br/guilherme-e-benuto/quarto-67-part-luan-santana/,-1
812,Quarto 67 (part. Luan Santana),musica812,musica812_trecho2,Cê pode até fugir da minha boca Mas eu quero ver cê escapar do pensamento Cê pode até fugir da minha boca Mas eu quero ver cê escapar do pensamento,Guilherme & Benuto,2025,30,https://www.letras.mus.br/guilherme-e-benuto/quarto-67-part-luan-santana/,-1
539,Quase Algo,musica539,musica539_trecho4,Por esse quase Eu quase morri de saudade Eu quase bebi a cidade inteira Eu quase perdi a cabeça,Henrique & Juliano,2023,19,https://www.letras.mus.br/henrique-e-juliano/quase-algo/,-1
539,Quase Algo,musica539,musica539_trecho5,Inventando possíveis defeitos Que eu nem cheguei a conhecer Pra ver se dói só um pouco menos Perder quem eu nem cheguei a ter,Henrique & Juliano,2023,24,https://www.letras.mus.br/henrique-e-juliano/quase-algo/,-1
539,Quase Algo,musica539,musica539_trecho6,Mas eu quase morri de saudade Eu quase bebi a cidade inteira Eu quase perdi a cabeça,Henrique & Juliano,2023,17,https://www.letras.mus.br/henrique-e-juliano/quase-algo/,-1
539,Quase Algo,musica539,musica539_trecho8,Esquecer o ex já é puxado Tenta esquecer um quase algo,Henrique & Juliano,2023,11,https://www.letras.mus.br/henrique-e-juliano/quase-algo/,-1
539,Quase Algo,musica539,musica539_trecho12,Esquecer o ex já é puxado Tenta esquecer um quase algo Já é puxado Tenta esquecer um quase algo,Henrique & Juliano,2023,19,https://www.letras.mus.br/henrique-e-juliano/quase-algo/,-1
1064,Que Bicho Que É?,musica1064,musica1064_trecho18,"Ninguém acertou, agora eu vou dizer O bicho que eu falo é a Peraí que agora eu vou dizer O bicho que eu falo é a Peraí que agora eu vou dizer O bicho que eu falo é a Peraí que agora eu vou dizer O bicho que eu falo é a Peraí que agora eu vou dizer O bicho que eu falo é a",Gino e Geno,2005,65,https://www.letras.mus.br/gino-e-geno/224206/,-1
1451,Que Pena Que Acabou,musica1451,musica1451_trecho4,"Será que você ainda pensa em mim? Será que o nosso caso teve fim? Quero ouvir de você, eu preciso saber",Gusttavo Lima,2016,21,https://www.letras.mus.br/gusttavo-lima/que-pena-que-acabou/,-1
1451,Que Pena Que Acabou,musica1451,musica1451_trecho5,Independente da sua decisão Quero falar do fundo do meu coração Que valeu a pena tudo que a gente viveu,Gusttavo Lima,2016,20,https://www.letras.mus.br/gusttavo-lima/que-pena-que-acabou/,-1
942,Que Pescar Que Nada,musica942,musica942_trecho5,Que pescar que nada Vou beijar na boca Ver a mulherada na madrugada Ficando louca,Bruno & Marrone,2005,15,https://www.letras.mus.br/bruno-e-marrone/195710/,-1
942,Que Pescar Que Nada,musica942,musica942_trecho6,Que pescar que nada Vou matar a fome Lá ninguém se mete Lá vai ter sete pra cada homem,Bruno & Marrone,2005,19,https://www.letras.mus.br/bruno-e-marrone/195710/,-1
942,Que Pescar Que Nada,musica942,musica942_trecho17,Lá ninguém se mete Lá vai ter sete pra cada homem Lá ninguém se mete Lá vai ter sete pra cada homem,Bruno & Marrone,2005,22,https://www.letras.mus.br/bruno-e-marrone/195710/,-1
1119,Que se Dane o Mundo,musica1119,musica1119_trecho1,"E que se dane o mundo, e que se dane tudo Eu largo tudo, tudo, pra poder te ver E se eu não te vejo, morro em desejos Meu dia fica cinza longe de você, longe de você",Adair Cardoso,2010,38,https://www.letras.mus.br/adair-cardoso/1717260/,-1
1119,Que se Dane o Mundo,musica1119,musica1119_trecho3,"E que se dane o mundo, e que se dane tudo Eu largo tudo, tudo, pra poder te ver E se eu não te vejo, morro em desejos Meu dia fica cinza longe de você",Adair Cardoso,2010,35,https://www.letras.mus.br/adair-cardoso/1717260/,-1
151,Que Sorte A Nossa,musica151,musica151_trecho1,Diz que pensa tanto em mim Que tá querendo me ver Diz que tá me lembrando bastante Acredito em você,Matheus & Kauan,2015,20,https://www.letras.mus.br/matheus-kauan/que-sorte-a-nossa/,-1
151,Que Sorte A Nossa,musica151,musica151_trecho2,Tô sabendo de tudo Tô lendo seus recados Minhas fotos que você curtiu Tô seguindo você,Matheus & Kauan,2015,16,https://www.letras.mus.br/matheus-kauan/que-sorte-a-nossa/,-1
151,Que Sorte A Nossa,musica151,musica151_trecho9,"Ai, ai, ai, ai Que sorte a nossa Ai, ai, ai, ai Que sorte a nossa",Matheus & Kauan,2015,16,https://www.letras.mus.br/matheus-kauan/que-sorte-a-nossa/,-1
759,Quem Ama Sempre Entende,musica759,musica759_trecho4,E se eu fosse esse alguém quase perfeito Será que a vida estaria do mesmo jeito? Ou mudaria totalmente seus conceitos e me amaria,Henrique & Juliano,2014,24,https://www.letras.mus.br/henrique-e-juliano/quem-ama-sempre-entende/,-1
1129,"Quem Ama, Cuida",musica1129,musica1129_trecho1,"Não ligue se eu lhe perguntar Nem vá se estressar se eu quiser saber Com quem, aonde você tá Que hora vai voltar e o que vai fazer",Maria Cecília e Rodolfo,2009,28,https://www.letras.mus.br/maria-cecilia-rodolfo/1458701/,-1
1129,"Quem Ama, Cuida",musica1129,musica1129_trecho2,"Não tô pegando no seu pé É que quando a gente quer, a gente vai à luta Mas não desligue o celular, eu vou te rastrear Porque quem ama, cuida",Maria Cecília e Rodolfo,2009,30,https://www.letras.mus.br/maria-cecilia-rodolfo/1458701/,-1
1129,"Quem Ama, Cuida",musica1129,musica1129_trecho4,"Se me chamar, eu vou, e se for pra fazer amor Eu largo tudo, tudo e vou à luta Mas não desligue o celular, eu vou te rastrear Porque quem ama, cuida",Maria Cecília e Rodolfo,2009,32,https://www.letras.mus.br/maria-cecilia-rodolfo/1458701/,-1
1129,"Quem Ama, Cuida",musica1129,musica1129_trecho13,"La, laia, laia, laia Só pra saber se tá pensando em mim",Maria Cecília e Rodolfo,2009,12,https://www.letras.mus.br/maria-cecilia-rodolfo/1458701/,-1
1359,Quem É?,musica1359,musica1359_trecho3,Quem é que faz mil loucuras pra te ter por perto? Quem é que quando esta contigo fica inquieto? Quem é que em pensamento adivinha seus sonhos? E quando te vê fica todo risonho?,Eduardo Costa,2011,34,https://www.letras.mus.br/eduardo-costa/1759218/,-1
248,Quem Sente Saudade Sou Eu,musica248,musica248_trecho1,"Você não tá na minha pele pra sentir Você não sabe de um terço pra julgar Na verdade, eu nem queria tá aqui Só tô porque tem alguém lá",Maiara & Maraisa,2025,29,https://www.letras.mus.br/maiara-maraisa/quem-sente-saudade-sou-eu/,-1
1590,Quem Tem Sorte É Sortero,musica1590,musica1590_trecho2,"É hoje o bicho pega e ninguém é de ninguém É hoje eu vou beijar, eu vou curtir Se não aguenta, bebe leite dá o fora Chicote vai estalar",Gusttavo Lima,2011,29,https://www.letras.mus.br/gusttavo-lima/1819467/,-1
1590,Quem Tem Sorte É Sortero,musica1590,musica1590_trecho3,"Quem tem sorte é sortero Tem rabo preso com ninguém É só beijar a noite inteira e não dá pilha de bobeira E só ficar, ficar",Gusttavo Lima,2011,26,https://www.letras.mus.br/gusttavo-lima/1819467/,-1
1590,Quem Tem Sorte É Sortero,musica1590,musica1590_trecho6,"Quem tem sorte é sortero Tem rabo preso com ninguém É só beijar a noite inteira e não dá pilha de bobeira E só ficar, ficar, ficar",Gusttavo Lima,2011,27,https://www.letras.mus.br/gusttavo-lima/1819467/,-1
1478,Quer Casar Comigo?,musica1478,musica1478_trecho1,"Quer, quer, quer Quer casar comigo? Ser mais que bons amigos Que nem o céu e o mar Quer, quer, quer Quer ser pra sempre minha Sereia ou rainha Pra mim tanto faz",Bruno & Marrone,2005,33,https://www.letras.mus.br/bruno-e-marrone/88353/,-1
1478,Quer Casar Comigo?,musica1478,musica1478_trecho3,"Chegou chutando o balde Fazendo, fazendo Baderna no meu coração Mostrou que veio pra ficar E agora tô carente Tô xonado, tem jeito não",Bruno & Marrone,2005,24,https://www.letras.mus.br/bruno-e-marrone/88353/,-1
1478,Quer Casar Comigo?,musica1478,musica1478_trecho4,"Que vou fazer da vida Sem o seu carinho Seu jetinho, seu dengo Seu cheiro, chamego Ai, ai! Menina, lá vou eu de novo Aqui te perguntar",Bruno & Marrone,2005,27,https://www.letras.mus.br/bruno-e-marrone/88353/,-1
1478,Quer Casar Comigo?,musica1478,musica1478_trecho8,"Que vou fazer da vida Sem o teu carinho Seu jetinho, seu dengo Seu cheiro, chamego Ai, ai! Menina, lá vou eu de novo Aqui te perguntar",Bruno & Marrone,2005,27,https://www.letras.mus.br/bruno-e-marrone/88353/,-1
126,Querendo Te Amar,musica126,musica126_trecho1,E vê se larga de besteira Tô aqui dando bobeira Querendo te amar E já faz tempo que eu te quero Há tanto tempo que eu te espero Vê se para pra pensar,Jorge & Mateus,2007,33,https://www.letras.mus.br/jorge-mateus/437717/,-1
126,Querendo Te Amar,musica126,musica126_trecho3,Quando você chegar Vai se perder no meu olhar,Jorge & Mateus,2007,9,https://www.letras.mus.br/jorge-mateus/437717/,-1
126,Querendo Te Amar,musica126,musica126_trecho4,"Eu sei de tudo que se passa nessa sua vida Eu sei que, assim como eu, você não está feliz Eu sei que às vezes pensa em mim quando está sozinha Isso prova que esse amor tá criando raiz Em todo caso, perde o medo e curte essa paixão E entra pela porta da frente do meu coração",Jorge & Mateus,2007,58,https://www.letras.mus.br/jorge-mateus/437717/,-1
126,Querendo Te Amar,musica126,musica126_trecho9,"Eu sei de tudo que se passa nessa sua vida Eu sei que, assim como eu, você não está feliz Eu sei que às vezes pensa em mim quando está sozinha Isso prova que esse amor tá criando raiz Em todo caso, perde o medo e curte essa paixão E entra pela porta da frente do meu coração E entra pela porta da frente do meu coração",Jorge & Mateus,2007,67,https://www.letras.mus.br/jorge-mateus/437717/,-1
260,Quero Camboriú,musica260,musica260_trecho2,"Eu conheci um boiadeiro Lá na arena de Barretos Ele disse que, por mim Viajaria o mundo inteiro",Ana Castela,2025,18,https://www.letras.mus.br/ana-castela/quero-camboriu/,-1
260,Quero Camboriú,musica260,musica260_trecho4,"Fui pra vaquejada, ele foi atrás Fui pra revoada, ele foi atrás Todo lugar que eu vou O boiadeiro vai",Ana Castela,2025,20,https://www.letras.mus.br/ana-castela/quero-camboriu/,-1
309,Quero Ser o Seu Amor,musica309,musica309_trecho1,Faz tempo que eu olho pra você Mas você sempre fica me esnobando Pára de pirraça e vem ficar comigo,Simone & Simaria,2016,20,https://www.letras.mus.br/simone-simaria-as-coleguinhas/ce-sabe-que-eu-sou-seu-amor/,-1
309,Quero Ser o Seu Amor,musica309,musica309_trecho2,Garoto vem provar do meu veneno Sobe no meu corpo eu to fervendo Deixa eu te falar besteiras no ouvido,Simone & Simaria,2016,20,https://www.letras.mus.br/simone-simaria-as-coleguinhas/ce-sabe-que-eu-sou-seu-amor/,-1
309,Quero Ser o Seu Amor,musica309,musica309_trecho4,Mas sempre tive fama de ser pegador Agora me ferrei o amor me pegou Eu quero é te amar,Simone & Simaria,2016,19,https://www.letras.mus.br/simone-simaria-as-coleguinhas/ce-sabe-que-eu-sou-seu-amor/,-1
309,Quero Ser o Seu Amor,musica309,musica309_trecho5,"Cê sabe que eu sou seu amor Eu quero te agarrar meu bem Ôh chega mais pra perto, vem vem Vem papai, vem",Simone & Simaria,2016,23,https://www.letras.mus.br/simone-simaria-as-coleguinhas/ce-sabe-que-eu-sou-seu-amor/,-1
309,Quero Ser o Seu Amor,musica309,musica309_trecho6,"Eu quero ser o seu amor Eu quero te agarrar meu bem E chega mais pra perto, vem vem Vem papai, vem",Simone & Simaria,2016,22,https://www.letras.mus.br/simone-simaria-as-coleguinhas/ce-sabe-que-eu-sou-seu-amor/,-1
309,Quero Ser o Seu Amor,musica309,musica309_trecho7,"Eu quero ser feliz e você também Se enrosca no meu corpo e vem fazer amor, neném",Simone & Simaria,2016,17,https://www.letras.mus.br/simone-simaria-as-coleguinhas/ce-sabe-que-eu-sou-seu-amor/,-1
309,Quero Ser o Seu Amor,musica309,musica309_trecho8,"Eu quero ser o seu amor Eu quero te agarrar meu bem Ôh chega mais pra perto, vem vem Vem papai, vem",Simone & Simaria,2016,22,https://www.letras.mus.br/simone-simaria-as-coleguinhas/ce-sabe-que-eu-sou-seu-amor/,-1
1113,Quero Sim,musica1113,musica1113_trecho2,Eu tô com saudade Da nossa amizade Do tempo em que a gente Amava se ver,Paula Fernandes,2009,16,https://www.letras.mus.br/paula-fernandes/1337898/,-1
1113,Quero Sim,musica1113,musica1113_trecho3,Eu não sou palavra Eu não sou poema Sou humana pequena A se arrepender,Paula Fernandes,2009,14,https://www.letras.mus.br/paula-fernandes/1337898/,-1
1113,Quero Sim,musica1113,musica1113_trecho6,"Se o teu amor for frágil e não resistir E essa mágoa, então, ficar eternamente aqui Tô de volta a imensidão de um mar que é feito de silêncio",Paula Fernandes,2009,29,https://www.letras.mus.br/paula-fernandes/1337898/,-1
1113,Quero Sim,musica1113,musica1113_trecho8,"Diga sim, ouça o som Prove o sabor que tem o meu amor Cola em mim a tua cor Eu te quero sim, sem dor",Paula Fernandes,2009,25,https://www.letras.mus.br/paula-fernandes/1337898/,-1
1113,Quero Sim,musica1113,musica1113_trecho12,Se o teu amor for frágil e não resistir E essa mágoa então ficar eternamente aqui Tô de volta a imensidão de um mar que é feito de silêncio,Paula Fernandes,2009,29,https://www.letras.mus.br/paula-fernandes/1337898/,-1
572,Quero Você do Jeito Que Quiser (part. Maiara & Maraisa),musica572,musica572_trecho1,"Mesmo que me perguntassem, eu não afirmaria Eu fingiria, eu negaria até a morte, eu negaria até o fim Quando você chega perto eu me desconcerto Sem fazer esforço, tira minha roupa com os olhos Me deixa tonta com seus olhos",Marília Mendonça,2020,41,https://www.letras.mus.br/marilia-mendonca/quero-voce-do-jeito-que-quiser-part-maiara-e-maraisa/,-1
572,Quero Você do Jeito Que Quiser (part. Maiara & Maraisa),musica572,musica572_trecho2,"Eu sem querer me apaixonei Não lutei, não evitei Esse amor natural nasceu em mim Quero você do jeito que quiser Mesmo em segredo eu sou sua mulher Só você sabe como a gente faz Essa vontade é o que me tira a paz",Marília Mendonça,2020,44,https://www.letras.mus.br/marilia-mendonca/quero-voce-do-jeito-que-quiser-part-maiara-e-maraisa/,-1
572,Quero Você do Jeito Que Quiser (part. Maiara & Maraisa),musica572,musica572_trecho7,"Mesmo que me perguntassem, eu não afirmaria Eu negaria",Marília Mendonça,2020,9,https://www.letras.mus.br/marilia-mendonca/quero-voce-do-jeito-que-quiser-part-maiara-e-maraisa/,-1
1597,"Quero, Quero",musica1597,musica1597_trecho1,"Sem essa de cabô, cabô Se agora que começou Vem que eu tô que tô Tô querendo é seu amor!",Simone & Simaria,2012,20,https://www.letras.mus.br/simone-simaria-as-coleguinhas/quero-quero/,-1
1597,"Quero, Quero",musica1597,musica1597_trecho5,"Quero, quero, quero, amor eu quero Você tá querendo, eu também tô Demorou, rolou, mas fala sério!",Simone & Simaria,2012,17,https://www.letras.mus.br/simone-simaria-as-coleguinhas/quero-quero/,-1
1126,Química,musica1126,musica1126_trecho1,Desde o primeiro dia que a gente se viu Impressionante a química que nos uniu E o tempo foi tornando tão intenso o nosso amor,João Bosco & Vinícius,2012,25,https://www.letras.mus.br/joao-bosco-viniciusacustico/quimica/,-1
1126,Química,musica1126,musica1126_trecho2,Faróis iluminavam o meu coração Feito faísca que virou uma explosão E o tempo foi tornando tão intensa a nossa paixão,João Bosco & Vinícius,2012,21,https://www.letras.mus.br/joao-bosco-viniciusacustico/quimica/,-1
718,Química do Amor (part. Ivete Sangalo),musica718,musica718_trecho1,Queria ser um peixe e mergulhar no seu aquário Queria ser a data pra marcar seu calendário Eu e você espera pra ver,Luan Santana,2011,23,https://www.letras.mus.br/luan-santana/1791039/,-1
718,Química do Amor (part. Ivete Sangalo),musica718,musica718_trecho4,Fala no meu ouvido bem baixinho que me ama E me leva de uma vez pra sua cama Me dá uma noite de prazer Eu topo tudo com você.,Luan Santana,2011,29,https://www.letras.mus.br/luan-santana/1791039/,-1
718,Química do Amor (part. Ivete Sangalo),musica718,musica718_trecho7,Fala no meu ouvido bem baixinho que me ama E me leva de uma vez pra sua cama Me dá uma noite de prazer Eu topo tudo com você,Luan Santana,2011,29,https://www.letras.mus.br/luan-santana/1791039/,-1
729,Rancorosa,musica729,musica729_trecho2,Eu nem sei Quantas vezes o meu dedo foi no enviar e eu desviei,Henrique & Juliano,2023,14,https://www.letras.mus.br/henrique-e-juliano/rancorosa/,-1
148,Recaídas,musica148,musica148_trecho2,Me preocupo e apesar dos pesares Eu sempre quero te ver bem E ainda vou além Em uma relação Sei que não vai ser fácil amar outro alguém,Henrique & Juliano,2012,28,https://www.letras.mus.br/henrique-e-juliano/recaidas/,-1
148,Recaídas,musica148,musica148_trecho4,Às vezes eu queria ter o poder De poder te apagar da memória E nessa fraqueza ter força Pra fazer com que essa nossa história Não passe de passado e fique da porta pra fora,Henrique & Juliano,2012,35,https://www.letras.mus.br/henrique-e-juliano/recaidas/,-1
563,Receita de Amar,musica563,musica563_trecho2,"É só juntar as coisas, tá tudo no ar Ingredientes dessa receita de amar",George Henrique e Rodrigo,2011,14,https://www.letras.mus.br/george-henrique-rodrigo/1967442/,-1
713,Refém,musica713,musica713_trecho3,Só você não sabe o quanto eu te quero bem Vou te fazer a minha vítima Minha refém Você está sempre presente na memória Quero eternizar você na minha história,Gusttavo Lima,2010,30,https://www.letras.mus.br/gusttavo-lima/1710867/,-1
483,Regime Fechado,musica483,musica483_trecho2,Roubar um coração é caso sério Sua sentença é viver na mesma cela que eu Já que nós dois estamos sendo acusados de adultério,Simone & Simaria,2016,24,https://www.letras.mus.br/simone-simaria-as-coleguinhas/regime-fechado/,-1
483,Regime Fechado,musica483,musica483_trecho4,Condenados a viver compartilhando prazer Na cela da nossa paixão,Simone & Simaria,2016,10,https://www.letras.mus.br/simone-simaria-as-coleguinhas/regime-fechado/,-1
483,Regime Fechado,musica483,musica483_trecho5,"Ô, ô, ô, ô, ô Não quero advogado Quero regime fechado com você, amor Ô, ô, ô, ô, ô Nós somos bagunçados e reféns desse pecado",Simone & Simaria,2016,26,https://www.letras.mus.br/simone-simaria-as-coleguinhas/regime-fechado/,-1
1223,Ressentimento,musica1223,musica1223_trecho1,"Agora tô judiando, tô Agora tô maltratando, tô Quero te ver sofrer o que me viu sofrendo Quero te ver beber o que me viu bebendo",Jads e Jadson,2014,26,https://www.letras.mus.br/jads-e-jadson/ressentimento/,-1
1223,Ressentimento,musica1223,musica1223_trecho5,"Ressentimento, você brincando e eu pensando em casamento Agora tô com outra e você tá sabendo Tá louca, desorientada, querendo tomar veneno",Jads e Jadson,2014,22,https://www.letras.mus.br/jads-e-jadson/ressentimento/,-1
460,Resumindo,musica460,musica460_trecho1,"Fez as malas, bateu a porta Bateu no peito, falou: Não tem volta E aí voltou, abriu a porta Com a voz de choro, implorando volta",Zé Neto e Cristiano,2025,26,https://www.letras.mus.br/ze-neto-cristiano/resumindo/,-1
460,Resumindo,musica460,musica460_trecho2,"Mas, nesse meio-tempo, eu saí Investi no meu esquecimento E agora tá custando caro pra eu atender seu arrependimento Se ainda não entendeu, eu desenho",Zé Neto e Cristiano,2025,25,https://www.letras.mus.br/ze-neto-cristiano/resumindo/,-1
460,Resumindo,musica460,musica460_trecho7,"Resumindo, é por isso que a gente não volta um pro outro",Zé Neto e Cristiano,2025,12,https://www.letras.mus.br/ze-neto-cristiano/resumindo/,-1
28,Retrovisor,musica28,musica28_trecho4,Olha pro retrovisor Tudo que cê já passou Lembra quando cê ajoelhou pra pedir Pelas coisas que hoje você reclamou? Olha pro retrovisor E começa dar valor Tem tanta gente com menos que tá agradecendo só porque acordou Olha pro retrovisor,Gusttavo Lima,2025,41,https://www.letras.mus.br/gusttavo-lima/retrovisor/,-1
1239,Revanche,musica1239,musica1239_trecho2,Querendo me propor uma nova chance Querendo reviver nosso romance Mas só eu sei o que eu passei em vão Chegou a hora da revanche então,Santorine,2009,26,https://www.letras.mus.br/santorine/1550277/,-1
1239,Revanche,musica1239,musica1239_trecho3,Esqueça vá procurar seu caminho Que hoje eu to bem melhor sozinho Cansei de me iludir e ser usado Só lembre do que foi bom do passado E quando a saudade lhe doer Recorde o quanto que me fez sofrer Aí quem sabe um dia possa dar valor A quem um dia realmente lhe amou,Santorine,2009,55,https://www.letras.mus.br/santorine/1550277/,-1
1239,Revanche,musica1239,musica1239_trecho6,Esqueça vá procurar seu caminho Que hoje eu to bem melhor sozinho Cansei de me iludir e ser usado Só lembre do que foi bom do passado E quando a saudade lhe doer Recorde o quanto que me fez sofrer Aí quem sabe um dia possa dar valor A quem um dia realmente te amou,Santorine,2009,55,https://www.letras.mus.br/santorine/1550277/,-1
1239,Revanche,musica1239,musica1239_trecho7,E quantas vezes que apertou o coração Vendo suas fotos jogadas no chão Mas aprendi que o verdadeiro amor É o amor sem sofrimento,Santorine,2009,24,https://www.letras.mus.br/santorine/1550277/,-1
1239,Revanche,musica1239,musica1239_trecho8,Esqueça vá procurar seu caminho Que hoje eu to bem melhor sozinho Cansei de me iludir e ser usado Só lembre do que foi bom do passado E quando a saudade lhe doer Recorde o quanto que me fez sofrer Aí quem sabe um dia possa dar valor A quem um dia realmente te amou Te amou,Santorine,2009,57,https://www.letras.mus.br/santorine/1550277/,-1
1426,Robin Hood da Paixão,musica1426,musica1426_trecho1,Elas dizem que sou galinha Que ando fora da linha Que a minha praia é a gandaia Que eu tenho cara de safado Mulherengo assanhado Viciado num rabo de saia,Hugo Pena e Gabriel,2008,30,https://www.letras.mus.br/hugo-pena-e-gabriel/1318932/,-1
1426,Robin Hood da Paixão,musica1426,musica1426_trecho2,"Depois me procuram Me chamam de amor Me pedem carinho E é claro que eu dou Meninas, tenham calma Que eu não sou de ninguém Tem lugar pra todas no meu harém",Hugo Pena e Gabriel,2008,32,https://www.letras.mus.br/hugo-pena-e-gabriel/1318932/,-1
700,Romance (part. Jorge e Mateus),musica700,musica700_trecho1,"Chega mais perto Vai, quero te encontrar Quero saber onde você está Chega mais perto Vai, quero te ouvir falar Falar de amor, pra quem não sabe amar Não quero mais saber de nada Nem mesmo te deixar e fugir na hora errada Entenda a melhor saída É te ter de vez na minha vida",Humberto e Ronaldo,2012,55,https://www.letras.mus.br/humberto-ronaldo/1846733/,-1
700,Romance (part. Jorge e Mateus),musica700,musica700_trecho2,"Tá afim de um romance, compra um livro Se quer felicidade vem me ver de novo Mas se quer amor Mas se quer amor",Humberto e Ronaldo,2012,24,https://www.letras.mus.br/humberto-ronaldo/1846733/,-1
700,Romance (part. Jorge e Mateus),musica700,musica700_trecho4,"Chega mais perto Vai, quero te encontrar Quero saber onde você está Chega mais perto Vai, quero te ouvir falar Falar de amor pra quem não sabe amar Não quero mais saber de nada Nem mesmo te deixar e fugir na hora errada Entenda a melhor saída É te ter de vez na minha vida",Humberto e Ronaldo,2012,55,https://www.letras.mus.br/humberto-ronaldo/1846733/,-1
337,Romântico,musica337,musica337_trecho1,"Sou um bobo romântico Que puxa a cadeira, abre a porta do carro, um bobo romântico Que desagrada algumas mulheres por ser um romântico Mulheres que acham mais graça em cara sem graça, malandros",Henrique & Juliano,2025,34,https://www.letras.mus.br/henrique-e-juliano/romantico/,-1
337,Romântico,musica337,musica337_trecho2,"Sou um louco romântico Que usa o embaçado do espelho pra escrever: Te amo, um romântico Que deixa de assistir um filme de ação pra assistir um romântico Que no fim, se tiver que escolher um romântico, escolhe um malandro",Henrique & Juliano,2025,40,https://www.letras.mus.br/henrique-e-juliano/romantico/,-1
337,Romântico,musica337,musica337_trecho8,Sou um louco romântico,Henrique & Juliano,2025,4,https://www.letras.mus.br/henrique-e-juliano/romantico/,-1
824,Romântico Anônimo (part. Fernando Zor),musica824,musica824_trecho2,Aquele cara que te deu um guarda-chuva Quando a tempestade te pegou na rua Aquelas flores que deixavam no portão Que sempre vinha assinado no cartão,Marcos & Belutti,2015,26,https://www.letras.mus.br/marcos-belutti/romantico-anonimo/,-1
824,Romântico Anônimo (part. Fernando Zor),musica824,musica824_trecho3,Romântico anônimo! Romântico anônimo!,Marcos & Belutti,2015,4,https://www.letras.mus.br/marcos-belutti/romantico-anonimo/,-1
824,Romântico Anônimo (part. Fernando Zor),musica824,musica824_trecho9,"(Romântico anônimo) Quanto tempo esperei a frase certa Pra te mostrar que eu era Eu era, eu era, eu era Romântico anônimo!",Marcos & Belutti,2015,22,https://www.letras.mus.br/marcos-belutti/romantico-anonimo/,-1
130,"Rosas, Versos e Vinhos",musica130,musica130_trecho1,"É, às vezes acho que eu estou enlouquecendo Por você, fujo, viajo no tempo, me submetendo E pra você meu mundo gira em preto e branco e colorido E sem você, saio do presente pro passado E no futuro eu tô perdido",Gusttavo Lima,2008,42,https://www.letras.mus.br/gusttavo-lima/1573480/,-1
130,"Rosas, Versos e Vinhos",musica130,musica130_trecho3,"Largo essa cidade pra morar no campo Faço penitência, troco até de santo Por você, cancelo a reunião O meu compromisso é com seu coração",Gusttavo Lima,2008,25,https://www.letras.mus.br/gusttavo-lima/1573480/,-1
130,"Rosas, Versos e Vinhos",musica130,musica130_trecho4,"Mas me espera que eu tô chegando Tô levando rosas e versos e vinhos Me espera que tô chegando, tô voltando Seja no tempo que for, eu só quero esse amor",Gusttavo Lima,2008,31,https://www.letras.mus.br/gusttavo-lima/1573480/,-1
130,"Rosas, Versos e Vinhos",musica130,musica130_trecho8,"Mas me espera que eu tô chegando Tô levando rosas e versos e vinhos Me espera que tô chegando, tô levando Seja no tempo que for, eu só quero esse amor",Gusttavo Lima,2008,31,https://www.letras.mus.br/gusttavo-lima/1573480/,-1
130,"Rosas, Versos e Vinhos",musica130,musica130_trecho12,"É, eu acho que estou enlouquecendo por você",Gusttavo Lima,2008,8,https://www.letras.mus.br/gusttavo-lima/1573480/,-1
359,S de Saudade (part. Zé Neto e Cristiano),musica359,musica359_trecho2,Sextou com S de saudade Cheio de balada na cidade Mas nenhuma delas têm o show que cê dava na cama Nenhum DJ toca sua voz falando que me ama,Luiza & Maurílio,2019,30,https://www.letras.mus.br/luiza-e-maurilio/s-de-saudade-part-ze-neto-e-cristiano/,-1
359,S de Saudade (part. Zé Neto e Cristiano),musica359,musica359_trecho3,Sextou com S de saudade Cheio de balada na cidade Mas nenhuma delas têm o show que cê dava na cama Nenhum DJ toca sua voz falando que me ama Sextou com S de saudade,Luiza & Maurílio,2019,35,https://www.letras.mus.br/luiza-e-maurilio/s-de-saudade-part-ze-neto-e-cristiano/,-1
412,Saudade,musica412,musica412_trecho1,Você sempre fez os meus sonhos Sempre soube dos meus segredos Já faz muito tempo Eu nem me lembro quanto tempo faz,Eduardo Costa,2007,22,https://www.letras.mus.br/eduardo-costa/934408/,-1
412,Saudade,musica412,musica412_trecho7,Da minha vida Da minha vida Da minha vida,Eduardo Costa,2007,9,https://www.letras.mus.br/eduardo-costa/934408/,-1
1418,Saudade,musica1418,musica1418_trecho2,Eu fiz de tudo pra você ficar comigo Quem sente amor não sabe ser amigo E sem você o que eu faço agora,Jorge & Mateus,2009,23,https://www.letras.mus.br/jorge-mateus/1449248/,-1
1418,Saudade,musica1418,musica1418_trecho4,A minha vida sem você está tão fria A nossa casa sempre tão vazia Volte pra esquentar de vez meu coração,Jorge & Mateus,2009,21,https://www.letras.mus.br/jorge-mateus/1449248/,-1
1418,Saudade,musica1418,musica1418_trecho6,"Ah, saudade Não dá pra segurar comigo tanto sofrimento Me leva pra ficar com ela apenas um momento Se não essa paixão ainda vai me deixar louco",Jorge & Mateus,2009,27,https://www.letras.mus.br/jorge-mateus/1449248/,-1
1418,Saudade,musica1418,musica1418_trecho11,"Ah, ah Não dá pra segurar comigo tanto sofrimento Me leva pra ficar com ela apenas um momento Se não essa paixão ainda vai me deixar louco",Jorge & Mateus,2009,27,https://www.letras.mus.br/jorge-mateus/1449248/,-1
102,Saudade Burra (part. Simone Mendes),musica102,musica102_trecho3,Mas choro seca e aquieta minha saudade burra A gente perde o encanto e vê que Boca melhor que a sua tem um montão na rua,Lauana Prado,2025,26,https://www.letras.mus.br/lauana-prado/saudade-burra-part-simone-mendes/,-1
813,Saudade De Quem Eu Sou,musica813,musica813_trecho1,"Eu tô tentando afogar essa saudade no copo Eu tô tentando abafar essa saudade no som alto Mas ultimamente, eu ando tão fraco Eu tô tentando ser mais forte que a carência, eu Tô tentando, nessas ruas, dar o primeiro passo Mas eu tô parado, parado, parado",Henrique & Juliano,2025,47,https://www.letras.mus.br/henrique-e-juliano/saudade-de-quem-eu-sou/,-1
813,Saudade De Quem Eu Sou,musica813,musica813_trecho3,"Um festeiro, um rueiro, um loucão de tudo, menos de amor Um solteiro sem sentimento que fazia promessa só de cobertor Tô com saudade de você, mas tô com mais saudade de quem eu sou Um festeiro, um rueiro, um loucão de tudo, menos de amor Um solteiro sem sentimento que fazia promessa só de cobertor Tô com saudade de você, mas tô com mais saudade de quem eu sou",Henrique & Juliano,2025,70,https://www.letras.mus.br/henrique-e-juliano/saudade-de-quem-eu-sou/,-1
813,Saudade De Quem Eu Sou,musica813,musica813_trecho6,"(Ó) um festeiro, um rueiro, um loucão de tudo, menos de amor Um solteiro sem sentimento que fazia promessa só de cobertor Tô com saudade de você, mas tô com mais saudade de quem eu sou",Henrique & Juliano,2025,36,https://www.letras.mus.br/henrique-e-juliano/saudade-de-quem-eu-sou/,-1
1589,Saudade de Você,musica1589,musica1589_trecho1,"Só um olhar profundo traz de volta a minha paz O teu sorriso, meu mundo ficar sem, não sou capaz",Zé Felipe,2014,20,https://www.letras.mus.br/ze-felipe/saudade-de-voce/,-1
1589,Saudade de Você,musica1589,musica1589_trecho2,"Sou louco por você, tente entender Que se eu respiro é por te amar Você me faz tão bem Me faz ir além Você me faz crescer, me faz sonhar",Zé Felipe,2014,30,https://www.letras.mus.br/ze-felipe/saudade-de-voce/,-1
1589,Saudade de Você,musica1589,musica1589_trecho3,"Ai, saudade de você Vontade de te ver Eu necessito você aqui comigo Mas não queira duvidar O amor está no ar Ah, eu preciso, de novo teu sorriso",Zé Felipe,2014,29,https://www.letras.mus.br/ze-felipe/saudade-de-voce/,-1
1589,Saudade de Você,musica1589,musica1589_trecho4,"Ai, saudade de você Vontade de te ver Eu necessito você aqui comigo Mas não queira duvidar O amor está no ar Ah, eu preciso, de novo teu sorriso, ai",Zé Felipe,2014,30,https://www.letras.mus.br/ze-felipe/saudade-de-voce/,-1
1410,Saudade do Meu Ex,musica1410,musica1410_trecho1,"Ai, o que é que eu fiz? Me enrolei Que saudade do meu ex Onde eu tava com a cabeça Quando eu fui me envolver Com essa pessoa tão sem graça Esse menino nada a ver É faculdade, academia, hora certa pra dormir Eu bebia todo dia, hoje eu mal posso sair Ele regra tudo o que vou fazer",Marília Mendonça,2017,59,https://www.letras.mus.br/marilia-mendonca/saudade-do-meu-ex/,-1
1410,Saudade do Meu Ex,musica1410,musica1410_trecho2,"Terminei com o parceiro que virava o copo Bebia comigo do jeito que eu gosto Ele que era homem de verdade Ai, que saudade do meu ex",Marília Mendonça,2017,27,https://www.letras.mus.br/marilia-mendonca/saudade-do-meu-ex/,-1
1410,Saudade do Meu Ex,musica1410,musica1410_trecho5,"Ai, que saudade do meu ex Ai, que saudade do meu ex Ai, que saudade do meu ex Ele que era homem de verdade",Marília Mendonça,2017,24,https://www.letras.mus.br/marilia-mendonca/saudade-do-meu-ex/,-1
1410,Saudade do Meu Ex,musica1410,musica1410_trecho12,"Ai, o que é que eu fiz? Me enrolei Que saudade do meu ex",Marília Mendonça,2017,14,https://www.letras.mus.br/marilia-mendonca/saudade-do-meu-ex/,-1
1452,Saudade Idiota,musica1452,musica1452_trecho2,"Pois é Talvez eu seja uma pessoa qualquer Que durou mais que o combinado Nesse seu jogo tão fechado Fiquei mal Mas de qualquer forma isso foi o sinal E você me fala que tudo é normal Me pede desculpa, não foi sua culpa Tá tudo legal",Lucas Lucco,2014,47,https://www.letras.mus.br/lucas-lucco/saudade-idiota/,-1
1452,Saudade Idiota,musica1452,musica1452_trecho5,Ah! Tem coisas que não dá Pra passar batido E ser esquecido assim Pois é Talvez eu seja uma pessoa qualquer Que durou mais que o combinado Nesse seu jogo tão fechado,Lucas Lucco,2014,32,https://www.letras.mus.br/lucas-lucco/saudade-idiota/,-1
1452,Saudade Idiota,musica1452,musica1452_trecho6,Fiquei mal Mas de qualquer forma isso foi o sinal E você me fala que tudo é normal Me pede desculpa não foi sua culpa Tá tudo legal,Lucas Lucco,2014,28,https://www.letras.mus.br/lucas-lucco/saudade-idiota/,-1
20,Saudade Proibida,musica20,musica20_trecho1,Você não vai me esquecer Pode apelar pro plano B,Simone Mendes,2025,10,https://www.letras.mus.br/simone-mendes/saudade-proibida/,-1
20,Saudade Proibida,musica20,musica20_trecho3,Eu sou o dedo na ferida Sua saudade proibida O calafrio que seu corpo ama O erro inesquecível da sua cama Eu sou dedo na ferida Sua saudade proibida O calafrio que seu corpo ama O erro inesquecível da sua cama,Simone Mendes,2025,41,https://www.letras.mus.br/simone-mendes/saudade-proibida/,-1
1581,Se Ame Mais,musica1581,musica1581_trecho4,Superar não é tão fácil Mas se torna necessário E por questão de honra Se eu fosse você deixava isso enterrado Você tem que seguir em frente,Marília Mendonça,2017,27,https://www.letras.mus.br/marilia-mendonca/se-ame-mais/,-1
1581,Se Ame Mais,musica1581,musica1581_trecho5,"Não tô jogando na sua cara, não Não quero confusão Hoje eu tô tão na paz Por que não faz o mesmo que a gente faz? Gente feliz não atrapalha os outros casais",Marília Mendonça,2017,33,https://www.letras.mus.br/marilia-mendonca/se-ame-mais/,-1
1581,Se Ame Mais,musica1581,musica1581_trecho7,Então se ame mais Não é culpa minha Se ele não quer mais,Marília Mendonça,2017,13,https://www.letras.mus.br/marilia-mendonca/se-ame-mais/,-1
685,Se É Pra Chorar Eu Choro (part. Jads e Jadson),musica685,musica685_trecho1,"Eu tô perdido num olhar que cega Nessa paixão eu já perdi as rédeas E vai doer, eu sei que vai, vai machucar Vai doer menos se eu aceitar",Lucas Reis & Thácio,2016,29,https://www.letras.mus.br/lucas-reis-thacio-candido/se-e-pra-chorar-eu-choro/,-1
885,Se Eu Fosse Você,musica885,musica885_trecho3,Se eu fosse você Eu descia do salto e olhava pro alvo que tá na sua frente Jogava água fria nesse coração de cabeça quente Mas eu não sou você Por isso eu passei essa noite chorando e pensando,Henrique & Juliano,2020,39,https://www.letras.mus.br/henrique-e-juliano/se-eu-fosse-voce/,-1
885,Se Eu Fosse Você,musica885,musica885_trecho4,Se eu fosse você Eu descia do salto e olhava pro alvo que tá na sua frente Jogava água fria nesse coração de cabeça quente Mas eu não sou você Por isso eu passei essa noite chorando e pensando Se eu fosse você,Henrique & Juliano,2020,43,https://www.letras.mus.br/henrique-e-juliano/se-eu-fosse-voce/,-1
835,Se Eu Me Entregar,musica835,musica835_trecho2,"To viajando a horas em sua fotografia A noite tá passando, amanhecendo o dia Por isso estou dizendo isso não vai rolar",Kleo Dibah & Rafael,2011,22,https://www.letras.mus.br/kleo-dibah-rafael/1848165/,-1
835,Se Eu Me Entregar,musica835,musica835_trecho3,To te lembrando tanto você nem imagina Já comecei a te escrever em meus versos e rimas Por isso eu to caindo fora antes de apaixonar,Kleo Dibah & Rafael,2011,26,https://www.letras.mus.br/kleo-dibah-rafael/1848165/,-1
835,Se Eu Me Entregar,musica835,musica835_trecho4,Se eu me entregar eu vou chorar depois Há muito tempo eu não me apego a um novo amor O envolvimento vem com o tempo E o tempo pode machucar,Kleo Dibah & Rafael,2011,30,https://www.letras.mus.br/kleo-dibah-rafael/1848165/,-1
835,Se Eu Me Entregar,musica835,musica835_trecho5,Se eu me entregar eu vou morrer de amor Eu me imagino te perdendo amanhã ou depois Sei muito bem o quanto dói um amor forte acabar É melhor pra nós dois,Kleo Dibah & Rafael,2011,32,https://www.letras.mus.br/kleo-dibah-rafael/1848165/,-1
1131,Se Eu Pedir Cê Volta,musica1131,musica1131_trecho3,"Se eu pedir cê volta pro meu coração? Pelo amor de Deus, não me diga não Vem que tá na hora, tá aberta a porta pra você entrar",Jorge & Mateus,2009,28,https://www.letras.mus.br/jorge-mateus/1444406/,-1
1131,Se Eu Pedir Cê Volta,musica1131,musica1131_trecho4,"Se eu pedir cê volta pro meu coração? Pelo amor de Deus, não me diga não Vem que tá na hora a hora é agora,pra você voltar",Jorge & Mateus,2009,27,https://www.letras.mus.br/jorge-mateus/1444406/,-1
1131,Se Eu Pedir Cê Volta,musica1131,musica1131_trecho8,"Se eu pedir cê volta pro meu coração? Pelo amor de Deus, não me diga não Vem que tá na hora a hora é agora, pra você voltar",Jorge & Mateus,2009,28,https://www.letras.mus.br/jorge-mateus/1444406/,-1
1205,Se Fosse Eu,musica1205,musica1205_trecho2,"Se fosse eu, faria questão de andar de mãos dadas Pra fazer inveja na rapaziada Me orgulhava tanto de te merecer",César Menotti & Fabiano,2012,21,https://www.letras.mus.br/cesar-menotti-e-fabiano/se-fosse-eu/,-1
1205,Se Fosse Eu,musica1205,musica1205_trecho4,"Se fosse eu, contava os segundos pro fim de semana Te levava numa balada bacana Pra ficar juntinhos, pra se divertir, se fosse eu",César Menotti & Fabiano,2012,24,https://www.letras.mus.br/cesar-menotti-e-fabiano/se-fosse-eu/,-1
1399,Se Intrometeu,musica1399,musica1399_trecho3,"E além de tudo, com todo mundo Você já saiu sem escolher",Michel Teló,2011,12,https://www.letras.mus.br/michel-telo/1792150/,-1
1399,Se Intrometeu,musica1399,musica1399_trecho6,"Se intrometeu, se intrometeu O povo se meteu na nossa vida Se intrometeu, se intrometeu E agora só te encontro às escondidas",Michel Teló,2011,22,https://www.letras.mus.br/michel-telo/1792150/,-1
1370,Se Namorar Fosse Bom,musica1370,musica1370_trecho1,Se namorar fosse bom Isso aqui tava vazio A mulherada tava em casa Se namorar fosse bom Eu vivia no cinema E não tava na balada,Bruninho e Davi,2013,26,https://www.letras.mus.br/bruninho-davi/se-namorar-fosse-bom/,-1
1370,Se Namorar Fosse Bom,musica1370,musica1370_trecho2,E já dizia meus amigos Ser solteiro é mais gostoso Tem festa toda hora O que vier pra mim é pouco,Bruninho e Davi,2013,21,https://www.letras.mus.br/bruninho-davi/se-namorar-fosse-bom/,-1
1370,Se Namorar Fosse Bom,musica1370,musica1370_trecho3,"Eu tô largado, tô mal acostumado Me botaram anel no dedo Ainda me chamam de casado",Bruninho e Davi,2013,16,https://www.letras.mus.br/bruninho-davi/se-namorar-fosse-bom/,-1
1370,Se Namorar Fosse Bom,musica1370,musica1370_trecho4,Mas minha mulher me deu azia Eu não entro nessa fria Ser solteiro é o esquema Eu tô montado no dinheiro Eu pego o bonde dos solteiros Namorar só dá problema,Bruninho e Davi,2013,31,https://www.letras.mus.br/bruninho-davi/se-namorar-fosse-bom/,-1
1370,Se Namorar Fosse Bom,musica1370,musica1370_trecho5,Se namorar fosse bom Isso aqui tava vazio E a mulherada tava em casa Se namorar fosse bom Eu vivia no cinema E não tava na balada,Bruninho e Davi,2013,27,https://www.letras.mus.br/bruninho-davi/se-namorar-fosse-bom/,-1
968,Se Olha No Espelho (part. Cristiano Araújo),musica968,musica968_trecho2,Pra ficar no quarto deitada na cama Se escondendo do mundo e de quem te ama E fez da internet sua melhor amiga Fugindo da realidade da vida,Maiara & Maraisa,2016,28,https://www.letras.mus.br/maiara-maraisa/se-olha-no-espelho/,-1
1295,Se Tem Paixão,musica1295,musica1295_trecho3,"Hoje eu não saí de casa, não vejo nada A porta está fechada eu só queria ver você voltar Pra ver se tem um pouco de paixão Pra ver se brotou no seu coração o amor que eu plantei",Matheus & Kauan,2013,39,https://www.letras.mus.br/matheus-kauan/se-tem-paixao/,-1
1193,Se Tudo Fosse Fácil (part. Paula Fernandes),musica1193,musica1193_trecho2,Se tudo fosse fácil Mandaria a saudade embora Estaria te odiando agora Como se fosse fácil apagar você de mim,Michel Teló,2013,20,https://www.letras.mus.br/michel-telo/se-tudo-fosse-facil/,-1
1193,Se Tudo Fosse Fácil (part. Paula Fernandes),musica1193,musica1193_trecho3,Saudade eu tenho toda hora Que você me vem na memória Eu penso 24 horas em você Estou sem tempo pra te esquecer,Michel Teló,2013,23,https://www.letras.mus.br/michel-telo/se-tudo-fosse-facil/,-1
973,Seguindo Seus Passos,musica973,musica973_trecho5,Cada passo que você mudasse Estaria mais junto de mim Bem pertinho do seu coração Na ternura da minha paixão Com a voz do vento lhe dizendo assim,Felipe e Falcão,2008,28,https://www.letras.mus.br/felipe-e-falcao/1302660/,-1
1389,Segunda Opção,musica1389,musica1389_trecho2,"Se você quiser voltar pra ser minha diversão Minha fugida, meu lance, minha segunda opção Se você quiser voltar pra ser minha diversão Minha fugida, meu lance, minha segunda opção",Matheus & Kauan,2018,30,https://www.letras.mus.br/matheus-kauan/segunda-opcao/,-1
1389,Segunda Opção,musica1389,musica1389_trecho3,"Eu te dei amor, foi só teu o meu coração E você voou, deixou minha vida sem chão Eu te dei amor, foi só teu o meu coração E você voou, deixou minha vida sem chão",Matheus & Kauan,2018,36,https://www.letras.mus.br/matheus-kauan/segunda-opcao/,-1
1389,Segunda Opção,musica1389,musica1389_trecho4,"Voou, voou, abandonou o nosso ninho, foi se aventurar Voou, voou, pousando de galho em galho Agora quer voltar",Matheus & Kauan,2018,19,https://www.letras.mus.br/matheus-kauan/segunda-opcao/,-1
580,Segundo Amor da Sua Vida,musica580,musica580_trecho1,"Não se diminua pra caber num coração Que só tem espaço Debaixo do tapete Você não tem culpa se ela não enxerga Um palmo à frente do nariz Mas, qualquer coisa, eu tô aqui",Marília Mendonça,2025,34,https://www.letras.mus.br/marilia-mendonca/segundo-amor-da-sua-vida/,-1
170,Seja Ex,musica170,musica170_trecho1,"(Cê foi embora pra ser o quê? Pra ser ex, não foi?) (Então seja) (então seja ex)",Henrique & Juliano,2025,17,https://www.letras.mus.br/henrique-e-juliano/seja-ex/,-1
170,Seja Ex,musica170,musica170_trecho3,"Porque se continuar nessa levada Cê vai ser o meu talvez pra sempre Porque aqui a gente briga, cê vai embora Mas lá fora cê respeita, não beija e não beira gente",Henrique & Juliano,2025,32,https://www.letras.mus.br/henrique-e-juliano/seja-ex/,-1
170,Seja Ex,musica170,musica170_trecho4,Cê tá freando a minha vida porque você não sabe o que sente,Henrique & Juliano,2025,13,https://www.letras.mus.br/henrique-e-juliano/seja-ex/,-1
170,Seja Ex,musica170,musica170_trecho6,"Cê foi embora pra ser ex, seja ex Cê foi embora, então desaparece Porque a gente já passou dos trinta, cê não é mais uma menina E eu não sou moleque",Henrique & Juliano,2025,31,https://www.letras.mus.br/henrique-e-juliano/seja-ex/,-1
170,Seja Ex,musica170,musica170_trecho8,"Cê foi embora pra ser ex, seja ex Cê foi embora, então desaparece Porque a gente já passou dos trinta, cê não é mais uma menina E eu não sou moleque Cresce",Henrique & Juliano,2025,32,https://www.letras.mus.br/henrique-e-juliano/seja-ex/,-1
170,Seja Ex,musica170,musica170_trecho11,Cê tá freando a minha vida porque você não sabe o que sente (Cês sabem já? Sabem?),Henrique & Juliano,2025,17,https://www.letras.mus.br/henrique-e-juliano/seja-ex/,-1
1446,Sem Avisar,musica1446,musica1446_trecho1,Eu quero ser Aquela blusa que te aquece Aquele vinho que você bebe Aquele dia que você não esquece,Henrique & Juliano,2014,19,https://www.letras.mus.br/henrique-e-juliano/sem-avisar/,-1
1446,Sem Avisar,musica1446,musica1446_trecho2,Eu quero ser O rosto que fica na sua mente O sentimento que você sente O calafrio que chega de repente,Henrique & Juliano,2014,21,https://www.letras.mus.br/henrique-e-juliano/sem-avisar/,-1
1446,Sem Avisar,musica1446,musica1446_trecho3,"Seu, apenas ser um bom momento seu Ser aquela pessoa que escolheu Ter o seu sorriso em cada amanhecer Na cor dos seus olhos eu quero me ver",Henrique & Juliano,2014,28,https://www.letras.mus.br/henrique-e-juliano/sem-avisar/,-1
1102,Sem Esse Coração,musica1102,musica1102_trecho1,Eu queria amar um pouco menos você O meu coração só apanha e vai parar de bater Se eu pudesse tirava esse meu coração Pra deletar a saudade e o toque das suas mãos,João Bosco & Vinícius,2010,34,https://www.letras.mus.br/joao-bosco-viniciusacustico/1601451/,-1
1102,Sem Esse Coração,musica1102,musica1102_trecho2,E parava de sofrer! E parava de sofrer!,João Bosco & Vinícius,2010,8,https://www.letras.mus.br/joao-bosco-viniciusacustico/1601451/,-1
1120,Sem Me Controlar,musica1120,musica1120_trecho1,"A carne é fraca, não sou de lata O corpo pede, eu vou obedecer É meu instinto, tudo o que sinto Eu vou em busca do que dá prazer",Marcos & Belutti,2010,29,https://www.letras.mus.br/marcos-belutti/1664361/,-1
1120,Sem Me Controlar,musica1120,musica1120_trecho2,"Me deixei levar Ah, foi de momento, não foi sem querer Percebi no ar Aquele cheiro que vem pra me enlouquecer",Marcos & Belutti,2010,21,https://www.letras.mus.br/marcos-belutti/1664361/,-1
508,Sem Sal,musica508,musica508_trecho1,"Não aceitou o nosso fim Tá desesperado, falando de mim Tá me queimando por aí Meu nome na sua boca anda bem docin'",Marília Mendonça,2019,23,https://www.letras.mus.br/marilia-mendonca/sem-sal/,-1
508,Sem Sal,musica508,musica508_trecho2,"E quem ouve palavra não ouve pensamento Tá se mordendo por dentro, tá se mordendo por dentro Cara amarrada não apaga sentimento Tá se mordendo por dentro, tá se mordendo por dentro",Marília Mendonça,2019,32,https://www.letras.mus.br/marilia-mendonca/sem-sal/,-1
508,Sem Sal,musica508,musica508_trecho3,"Tá espalhando por aí que eu esfriei, que eu tô mal Que eu tô sem sal, realmente eu tô Sem saudade de você Eu já fiz foi te esquecer",Marília Mendonça,2019,29,https://www.letras.mus.br/marilia-mendonca/sem-sal/,-1
508,Sem Sal,musica508,musica508_trecho8,"Tá espalhando por aí que eu esfriei, que eu tô mal Que eu tô sem sal, realmente eu tô Sem saudade de você Eu já fiz foi te esquecer Sem saudade de você Eu já fiz foi te esquecer",Marília Mendonça,2019,39,https://www.letras.mus.br/marilia-mendonca/sem-sal/,-1
1368,Sem Você,musica1368,musica1368_trecho1,Nas incertezas de um caminho Que é tão doído sem você Eu já me encontrava tão sozinho Antes de adeus você dizer,Victor & Leo,2007,22,https://www.letras.mus.br/victor-leo/1167457/,-1
1368,Sem Você,musica1368,musica1368_trecho2,"Na mágoa de um sonho que acabou Dia a dia sentia você partir Sem rumo, perdido vou ficando aqui",Victor & Leo,2007,19,https://www.letras.mus.br/victor-leo/1167457/,-1
1368,Sem Você,musica1368,musica1368_trecho4,"Sem você, sem você O silêncio dessas horas frias São palavras que não sei dizer Ainda amo você",Victor & Leo,2007,18,https://www.letras.mus.br/victor-leo/1167457/,-1
1368,Sem Você,musica1368,musica1368_trecho8,"Sem você, vocês (Sem você) O silêncio dessas horas frias São palavras que não sei dizer Ainda amo você",Victor & Leo,2007,19,https://www.letras.mus.br/victor-leo/1167457/,-1
1074,Sempre Com Você,musica1074,musica1074_trecho8,(Sempre com você) Pra sempre com você (Sempre com você) Pra sempre com você,Luan Santana,2008,14,https://www.letras.mus.br/luan-santana/1128065/,-1
946,Sensações,musica946,musica946_trecho1,"Eu me perdi, perdi você Perdi a voz, o seu querer Agora sou somente um Longe de nós, um ser comum",Paula Fernandes,2010,21,https://www.letras.mus.br/paula-fernandes/1846587/,-1
804,Sensível Demais,musica804,musica804_trecho1,"Hoje eu tive medo de acordar de um sonho lindo Garantir, reter, guardar essa esperança Ando em paraísos, descaminhos, precipícios Ao teu lado, vejo que ainda sou uma criança",Marília Mendonça,2025,29,https://www.letras.mus.br/marilia-mendonca/sensivel-demais/,-1
689,Sentimento Louco,musica689,musica689_trecho1,"Só queria mais um pouco desse sentimento louco De acordar de madrugada pra fazer de novo E se isso for pecado, quem vai nos julgar? Quem nunca amou nunca vai entender Essa loucura que eu sinto por você Só sei que é bom demais, é bom demais",Marília Mendonça,2015,47,https://www.letras.mus.br/marilia-mendonca/sentimento-louco/,-1
689,Sentimento Louco,musica689,musica689_trecho2,"Mas quando te vejo com ela A minha mão gela Minha boca vai secando, eu vou ficando muda Ô meu Deus, me ajuda, o que é que eu vou fazer? Eu sei que tá com ela pra manter as aparências Mas nas suas horas de carência, você vem me ver",Marília Mendonça,2015,50,https://www.letras.mus.br/marilia-mendonca/sentimento-louco/,-1
1103,"Separa, Namora",musica1103,musica1103_trecho4,"Se precisar a gente briga, chora Volta mais uma vez Separa, namora e casa outra vez Se precisar a gente briga, chora Volta mais uma vez Separa, namora",Henrique & Juliano,2013,28,https://www.letras.mus.br/henrique-e-juliano/separa-namora/,-1
1103,"Separa, Namora",musica1103,musica1103_trecho5,"Se precisar a gente briga, chora Volta mais uma vez Separa, namora e casa outra vez Se precisar a gente briga, chora Volta mais uma vez Separa, namora e casa outra vez",Henrique & Juliano,2013,32,https://www.letras.mus.br/henrique-e-juliano/separa-namora/,-1
462,Separação (part. Leonardo),musica462,musica462_trecho1,"Qual terá sido o motivo da nossa separação? Se é que se cansou de mim, não pude perceber Intimidade ferida é o que restou de nós A minha felicidade se foi com você",Eduardo Costa,2007,33,https://www.letras.mus.br/eduardo-costa/992977/,-1
462,Separação (part. Leonardo),musica462,musica462_trecho2,Outro melhor do que eu você não encontrará Também não encontrarei alguém assim como você (assim como você),Eduardo Costa,2007,18,https://www.letras.mus.br/eduardo-costa/992977/,-1
462,Separação (part. Leonardo),musica462,musica462_trecho8,Qual terá sido o motivo da nossa separação?,Eduardo Costa,2007,8,https://www.letras.mus.br/eduardo-costa/992977/,-1
1217,Ser Humano Ou Anjo (part. Orquestra Vila-Lobos),musica1217,musica1217_trecho7,Parece não ser desse mundo Porque você sabe de tudo,Matheus & Kauan,2015,10,https://www.letras.mus.br/matheus-kauan/ser-humano-ou-anjo/,-1
1211,Será Que Vai Rolar?,musica1211,musica1211_trecho2,Meus amigos até torcem pra algo rolar E perguntam todo dia se até rolou Tem até gente casando a gente sem saber,Marcos & Belutti,2010,22,https://www.letras.mus.br/marcos-belutti/1651424/,-1
1211,Será Que Vai Rolar?,musica1211,musica1211_trecho3,"Só que essas brincadeiras me fizeram um dia entender Que de tanto ficar junto, eu não consigo te esquecer",Marcos & Belutti,2010,19,https://www.letras.mus.br/marcos-belutti/1651424/,-1
432,Serenata,musica432,musica432_trecho2,"Ele chegou na voadora E o coração, tadin, num golpe foi pra lona Rancou de mim minhas bebida e a farra Só consigo pensar em serenata",Marília Mendonça,2019,26,https://www.letras.mus.br/marilia-mendonca/serenata/,-1
1314,Sete Mares,musica1314,musica1314_trecho1,"Já naveguei os sete mares atrás de você Eu viajei o mundo inteiro e não te encontrei Me dê algum sinal, onde você está? Eu passo dia, passo noites a te procurar",Matheus & Kauan,2012,32,https://www.letras.mus.br/matheus-kauan/1951769/,-1
1314,Sete Mares,musica1314,musica1314_trecho2,"Eu resolvi ir pra algum lugar bem distante Me afastar da multidão que tá me sufocando E se nesse caminho eu não te encontrar Eu entro em desespero, cadê o seu olhar?",Matheus & Kauan,2012,32,https://www.letras.mus.br/matheus-kauan/1951769/,-1
1314,Sete Mares,musica1314,musica1314_trecho3,"E todo dia quando eu acordo Olho pro lado e o silêncio vem e me traz você Reviro as fotos e me bate o medo E a incerteza, será que um dia eu vou te ver?",Matheus & Kauan,2012,36,https://www.letras.mus.br/matheus-kauan/1951769/,-1
1314,Sete Mares,musica1314,musica1314_trecho4,E toda noite antes de dormir Peço pra uma estrela me guiar até você E juro que nunca vou desistir O amor que eu sinto é o que me faz sobreviver,Matheus & Kauan,2012,31,https://www.letras.mus.br/matheus-kauan/1951769/,-1
1314,Sete Mares,musica1314,musica1314_trecho11,Já naveguei os sete mares atrás de você,Matheus & Kauan,2012,8,https://www.letras.mus.br/matheus-kauan/1951769/,-1
306,Seu Astral,musica306,musica306_trecho1,"Fico sozinho pensando em você Vejo imagens, retratos de nós Olho pro espelho, sinto o meu coração Ouço baixinho o som da sua voz",Jorge & Mateus,2010,24,https://www.letras.mus.br/jorge-mateus/1709492/,-1
408,Seu Brilho Sumiu (part. Mari Fernandez),musica408,musica408_trecho1,"Terminou, espalhou pra todo mundo Encheu a boca pra dizer que tá feliz em me perder E que seu beijo vai virar assunto",Israel & Rodolffo,2022,23,https://www.letras.mus.br/israel-rodolfo/seu-brilho-sumiu-part-mari-fernandez/,-1
408,Seu Brilho Sumiu (part. Mari Fernandez),musica408,musica408_trecho3,Até parou de conversar Fechou a cara e não parava de me olhar Eu vi de longe sua volta por cima Indo água abaixo assistindo a minha,Israel & Rodolffo,2022,27,https://www.letras.mus.br/israel-rodolfo/seu-brilho-sumiu-part-mari-fernandez/,-1
585,Seu Perfil,musica585,musica585_trecho2,"Tô aqui inteiro pra você E você comigo, só metade Tem hora pra ir embora Mas só volta só Deus sabe",Henrique & Juliano,2022,21,https://www.letras.mus.br/henrique-e-juliano/seu-perfil/,-1
585,Seu Perfil,musica585,musica585_trecho4,"É que o seu perfil De querer uma noite e mais nada Não combina com a minha vida calma Você fica comigo um dia E o resto é balada, balada, balada",Henrique & Juliano,2022,31,https://www.letras.mus.br/henrique-e-juliano/seu-perfil/,-1
585,Seu Perfil,musica585,musica585_trecho6,"De querer uma noite e mais nada Não combina com a minha vida calma Você fica comigo um dia E o resto é balada, balada, balada",Henrique & Juliano,2022,26,https://www.letras.mus.br/henrique-e-juliano/seu-perfil/,-1
37,Seu Polícia,musica37,musica37_trecho1,"Seu polícia, é que eu separei recentemente De paixão eu tô doente Será que o senhor me entende? Os vizinhos tão reclamando do volume do meu som Mas enquanto ela não voltar Eu vou continuar",Zé Neto e Cristiano,2015,35,https://www.letras.mus.br/ze-neto-cristiano/seu-policia/,-1
1246,Sexto Sentido,musica1246,musica1246_trecho2,"E toda noite eu vejo você em minha frente Eu sei que é alucinação, coisa da minha mente De tanto te querer, de tanto te amar Até o meu sexto sentido eu posso despertar",Munhoz & Mariano,2011,34,https://www.letras.mus.br/munhoz-mariano/1955086/,-1
1308,Sexto Sentido,musica1308,musica1308_trecho1,Não foi coincidência encontrar contigo Talvez seja o nosso destino Eu quero dormir outra vez em teu peito E depois acordar com seus beijos Teu sexto sentido ainda sonha comigo Sei que logo estaremos unidos Teu sorriso travesso ainda vive comigo Nós estamos no mesmo caminho,Marco e Mario,2010,46,https://www.letras.mus.br/marco-mario/1734686/,-1
1308,Sexto Sentido,musica1308,musica1308_trecho2,"Meu coração, está em suas mãos uuu... E Não me deixes cair Você sabe que estou, Preso em suas mãos",Marco e Mario,2010,20,https://www.letras.mus.br/marco-mario/1734686/,-1
1308,Sexto Sentido,musica1308,musica1308_trecho3,"Te envio poemas de meu punho em letra Te envio canções pra que você entenda Te envio minhas fotos pra que você me veja Não estamos juntos, mas tenho certeza.",Marco e Mario,2010,30,https://www.letras.mus.br/marco-mario/1734686/,-1
1308,Sexto Sentido,musica1308,musica1308_trecho4,Assim eu espero que nunca se esqueça Que o meu coração está em suas mãos,Marco e Mario,2010,15,https://www.letras.mus.br/marco-mario/1734686/,-1
1308,Sexto Sentido,musica1308,musica1308_trecho5,"Cuidado, Muito cuidado, Cuidado, Que meu coração está em suas mãos",Marco e Mario,2010,11,https://www.letras.mus.br/marco-mario/1734686/,-1
1308,Sexto Sentido,musica1308,musica1308_trecho7,Meu coração está em suas mãos uuu... E Não me deixes cair Você sabe que estou Preso em suas mãos,Marco e Mario,2010,20,https://www.letras.mus.br/marco-mario/1734686/,-1
1308,Sexto Sentido,musica1308,musica1308_trecho9,Assim eu espero que nunca se esqueça Que meu coração está em suas mãos,Marco e Mario,2010,14,https://www.letras.mus.br/marco-mario/1734686/,-1
1308,Sexto Sentido,musica1308,musica1308_trecho10,"Cuidado, Cuidado, Muito cuidado, Cuidado, Vem ficar comigo estou em suas mãos Não importa o que diga o destino, te quero aqui comigo Eu quero ter seus lábios, teu carinho e seu sorriso.",Marco e Mario,2010,33,https://www.letras.mus.br/marco-mario/1734686/,-1
1308,Sexto Sentido,musica1308,musica1308_trecho13,"Cuidado, Cuidado, Que o meu coração está em suas mãos Que meu coração está em suas mãos Que meu coração está em suas mãos",Marco e Mario,2010,24,https://www.letras.mus.br/marco-mario/1734686/,-1
128,Silêncio,musica128,musica128_trecho2,Nossas promessas não me interessam Foi a última coisa que ouvi você falar Pediu pra não te procurar Pra sumir da sua vida,Marília Mendonça,2015,23,https://www.letras.mus.br/marilia-mendonca/silencio/,-1
128,Silêncio,musica128,musica128_trecho3,Tô sabendo Que não para de chorar Que pediu pro vento soprar Meu perfume da sua cama,Marília Mendonça,2015,17,https://www.letras.mus.br/marilia-mendonca/silencio/,-1
128,Silêncio,musica128,musica128_trecho4,Tô sabendo Que anda ouvindo a minha voz Que sentiu meu cheiro nos lençóis Abraçado no seu travesseiro A saudade apertando no peito,Marília Mendonça,2015,23,https://www.letras.mus.br/marilia-mendonca/silencio/,-1
128,Silêncio,musica128,musica128_trecho10,Por que não me pede pra voltar?,Marília Mendonça,2015,7,https://www.letras.mus.br/marilia-mendonca/silencio/,-1
210,Sinais,musica210,musica210_trecho1,Vi seu sorriso em meu sonho Segui seu rastro na areia do deserto Eu escutei sua voz ao vento Senti seu cheiro cada vez de mim mais perto,Luan Santana,2009,28,https://www.letras.mus.br/luan-santana/1540847/,-1
210,Sinais,musica210,musica210_trecho4,Sinais me ajudaram a perceber Que o meu caminho é você E ninguém no mundo vai fazer Eu me sentir de novo assim,Luan Santana,2009,23,https://www.letras.mus.br/luan-santana/1540847/,-1
1369,Sinal Disfarçado (part. Zé Ricardo e Thiago),musica1369,musica1369_trecho1,Peguei no seu cabelo você diz que ficou louca Falei no ouvidinho vou beijar na sua boca Você piscou pra mim dizendo estou acompanhada E o cara do seu lado olhando sem entender nada,Israel Novaes,2014,34,https://www.letras.mus.br/israel-novaes/sinal-disfarcado/,-1
1369,Sinal Disfarçado (part. Zé Ricardo e Thiago),musica1369,musica1369_trecho2,Era ele vira e você me olhava pra gente combinar Um sinal disfarçado com o jeito safado Gostoso de me olhar,Israel Novaes,2014,21,https://www.letras.mus.br/israel-novaes/sinal-disfarcado/,-1
1271,Sinônimo de Amor,musica1271,musica1271_trecho1,Estou aqui Olhos nos olhos com você Tô querendo te dizer O que eu sinto de verdade,Bruno & Marrone,2009,17,https://www.letras.mus.br/bruno-e-marrone/1660732/,-1
1303,Sinto Falta de Você,musica1303,musica1303_trecho1,Parecia muito fácil A gente ficar junto Mas foi tudo pro espaço Nesse engano absurdo,Victor & Leo,2007,15,https://www.letras.mus.br/victor-leo/797048/,-1
1303,Sinto Falta de Você,musica1303,musica1303_trecho2,Você ficou tão diferente E aquele sonho da gente Mesmo não sendo mais seu Não morreu,Victor & Leo,2007,16,https://www.letras.mus.br/victor-leo/797048/,-1
1303,Sinto Falta de Você,musica1303,musica1303_trecho4,Cada coisa que eu consigo Quero dividir contigo Não vai ser fácil esquecer,Victor & Leo,2007,13,https://www.letras.mus.br/victor-leo/797048/,-1
1303,Sinto Falta de Você,musica1303,musica1303_trecho12,Esquecer você Esquecer você,Victor & Leo,2007,4,https://www.letras.mus.br/victor-leo/797048/,-1
1146,Sinto Saudade,musica1146,musica1146_trecho1,"Sinto saudade, já sentia até mesmo antes de te conhecer Sinto saudade do domingo lá em casa sem ter nada pra fazer Sinto saudade de deixar você prestando o quinto vestibular Eu fiquei nervosa, torcendo, rezando, pra você passar",Thaeme e Thiago,2013,39,https://www.letras.mus.br/thaeme-thiago/sinto-saudade/,-1
1536,Smirnofy,musica1536,musica1536_trecho1,"Parece até maluquice, loucura, doideira Esse cara que vive a se balançar Todo empinado, boné para o lado Com a lupa no rosto, achando que vai abalar",Bruninho e Davi,2013,27,https://www.letras.mus.br/bruninho-davi/smirnofy/,-1
1536,Smirnofy,musica1536,musica1536_trecho2,"Mas tem uma língua que ninguém consegue entender Se é do Japão, Coreia ou do Paraguai Mas todo mundo tá no clima e não quer nem saber E nesse balanço que todo mundo vai",Bruninho e Davi,2013,34,https://www.letras.mus.br/bruninho-davi/smirnofy/,-1
1401,Só de Pensar (part. Jorge e Mateus),musica1401,musica1401_trecho1,Seus cabelos envolvem o meu corpo Então fecho os olhos Estremece o coração Quando sinto seu cheiro Se espalhar em mim,Maria Cecília e Rodolfo,2013,21,https://www.letras.mus.br/maria-cecilia-rodolfo/so-de-pensar/,-1
1401,Só de Pensar (part. Jorge e Mateus),musica1401,musica1401_trecho2,"Nem sei explicar como Teu corpo me afeta Te vejo dançando Meu sangue acelera, acelera",Maria Cecília e Rodolfo,2013,15,https://www.letras.mus.br/maria-cecilia-rodolfo/so-de-pensar/,-1
1401,Só de Pensar (part. Jorge e Mateus),musica1401,musica1401_trecho3,"E quando seu olhar me paralisa Assim perco as palavras E assisto você me invadir Você me invadir, iêiê",Maria Cecília e Rodolfo,2013,19,https://www.letras.mus.br/maria-cecilia-rodolfo/so-de-pensar/,-1
1401,Só de Pensar (part. Jorge e Mateus),musica1401,musica1401_trecho4,Eu suspiro e todo o meu corpo se abala Os olhos não piscam eu perco a fala Toca a sua boca em mim e me perco,Maria Cecília e Rodolfo,2013,26,https://www.letras.mus.br/maria-cecilia-rodolfo/so-de-pensar/,-1
859,Só de Você,musica859,musica859_trecho1,Outra noite nós dois E o desejo no ar Cada beijo que rola faz o mundo parar E eu só penso em você Com a força do coração Cada segundo que passa aumenta minha paixão,João Neto e Frederico,2007,35,https://www.letras.mus.br/joao-neto-frederico/754199/,-1
859,Só de Você,musica859,musica859_trecho2,Você me faz sonhar e acordar flutuando no céu E eu só sei te amar O nosso amor é uma lua de mel,João Neto e Frederico,2007,23,https://www.letras.mus.br/joao-neto-frederico/754199/,-1
1540,Só Eu Sei,musica1540,musica1540_trecho1,Só eu sei O quanto te amo e te quero bem Só eu sei O quanto é triste amar e ficar sem ninguém,Jorge & Mateus,2009,23,https://www.letras.mus.br/jorge-mateus/1444408/,-1
1540,Só Eu Sei,musica1540,musica1540_trecho2,"Mudei meu destino, mudei minha direção Tô pagando caro pra chamar sua atenção Na selva do desejo fiz uma estrada Pra cruzar com você em altas madrugadas",Jorge & Mateus,2009,27,https://www.letras.mus.br/jorge-mateus/1444408/,-1
1540,Só Eu Sei,musica1540,musica1540_trecho3,Já fiz canções de amor Chorei de saudade e dor e você nem aí Quando me vê finge que não me conhece Quando sai esquece que estou aqui,Jorge & Mateus,2009,28,https://www.letras.mus.br/jorge-mateus/1444408/,-1
1240,Só Falta Você,musica1240,musica1240_trecho3,"Meu amor, não vejo a hora de você voltar E me tirar dessa agonia de te esperar",Jorge & Mateus,2009,17,https://www.letras.mus.br/jorge-mateus/1449301/,-1
1240,Só Falta Você,musica1240,musica1240_trecho4,Tô de olho na estrada esperando você Coração tá preparado pra te receber Tô usando o perfume que você adora E a canção que você gosta tá tocando agora,Jorge & Mateus,2009,29,https://www.letras.mus.br/jorge-mateus/1449301/,-1
1606,Só Nós Dois,musica1606,musica1606_trecho5,Quero sua cabeça no meu peito Só nós dois curtindo esse momento E você dizendo do seu jeito Que nunca viveu momento tão perfeito,Lucas Lucco,2014,24,https://www.letras.mus.br/lucas-lucco/so-nos-dois/,-1
1543,Só Penso Em Nós,musica1543,musica1543_trecho2,"Vou abrir os olhos, perder o medo Deixo o sonho me levar Vou dizer pro mundo inteiro agora Que cansei de me enganar Assumindo que sou toda tua Que aprendi a te amar E se a vida acabar agora Contigo eu quero estar",Paula Fernandes,2005,43,https://www.letras.mus.br/paula-fernandes/1332480/,-1
421,Só Tem Eu,musica421,musica421_trecho2,"Na foto que cê não apagou Na legenda que falava de amor Escuta teu coração, por favor",Zé Felipe,2020,17,https://www.letras.mus.br/ze-felipe/so-tem-eu/,-1
421,Só Tem Eu,musica421,musica421_trecho3,"Se não sou eu, vai ser quem O amor teu? Só você não percebeu Que só tem eu Se não sou eu, vai ser quem O amor teu? Só você não percebeu Que só tem eu Volta, pelo amor de Deus",Zé Felipe,2020,41,https://www.letras.mus.br/ze-felipe/so-tem-eu/,-1
421,Só Tem Eu,musica421,musica421_trecho4,"Na foto que cê não apagou Na legenda que falava dе amor Escuta seu coração, por favor",Zé Felipe,2020,17,https://www.letras.mus.br/ze-felipe/so-tem-eu/,-1
421,Só Tem Eu,musica421,musica421_trecho5,"Se não sou eu, vai sеr quem O amor teu? Só você não percebeu Que só tem eu Se não sou eu, vai ser quem O amor teu? Só você não percebeu Que só tem eu Volta, pelo amor de Deus",Zé Felipe,2020,41,https://www.letras.mus.br/ze-felipe/so-tem-eu/,-1
421,Só Tem Eu,musica421,musica421_trecho6,"Você sabe que eu te amo Ninguém te ama mais que eu Pode tentar me esquecer Mas o teu coração é meu Nem o brilho das estrelas Nem a Lua, nem o mar Nada disso se compara Ao amor que sei te dar",Zé Felipe,2020,43,https://www.letras.mus.br/ze-felipe/so-tem-eu/,-1
302,Sogrão Caprichou,musica302,musica302_trecho2,"Faz carinha de santa, despede do pai Volto cedo, juro, sogrão, eu cuido Ele nem imagina o que a filha é capaz Tem que ser censurado o que que ela faz",Luan Santana,2013,31,https://www.letras.mus.br/luan-santana/sograo-caprichou/,-1
246,Solteiro Forçado,musica246,musica246_trecho3,"Saio, mas eu não fico legal Minha bateria social acaba na primeira hora Tudo que eu faço pra esquecer No final, lembra você E agora?",Ana Castela,2024,25,https://www.letras.mus.br/ana-castela/solteiro-forcado/,-1
1442,Solteiro Não Trai,musica1442,musica1442_trecho4,"Para de dizer que eu te traí Meu coração não te pertence mais Solteiro não trai, solteiro não trai",Gustavo Mioto,2022,19,https://www.letras.mus.br/gustavo-mioto/solteiro-nao-trai/,-1
1442,Solteiro Não Trai,musica1442,musica1442_trecho11,Para de dizer que eu te traí (Meu coração não te pertence mais) (Solteiro não trai) solteiro não trai,Gustavo Mioto,2022,19,https://www.letras.mus.br/gustavo-mioto/solteiro-nao-trai/,-1
786,Sonha Comigo,musica786,musica786_trecho1,"Independente do que eu te disser agora Independente de tentar mudar a história Mas eu vou arriscar Posso te perder, mas não vou deixar de falar",Zé Neto e Cristiano,2017,26,https://www.letras.mus.br/ze-neto-cristiano/sonha-comigo/,-1
786,Sonha Comigo,musica786,musica786_trecho3,E sonha comigo Sonha comigo Sonha comigo Tô esperando você acordar,Zé Neto e Cristiano,2017,11,https://www.letras.mus.br/ze-neto-cristiano/sonha-comigo/,-1
786,Sonha Comigo,musica786,musica786_trecho4,E sonha comigo Sonha comigo E quando acordar Cê vai me perdoar,Zé Neto e Cristiano,2017,12,https://www.letras.mus.br/ze-neto-cristiano/sonha-comigo/,-1
786,Sonha Comigo,musica786,musica786_trecho9,E sonha comigo Sonha comigo,Zé Neto e Cristiano,2017,5,https://www.letras.mus.br/ze-neto-cristiano/sonha-comigo/,-1
1277,Sonhando,musica1277,musica1277_trecho1,"Se passo o dia, paro e escuto o vento E ainda não posso entender Como o improvável insiste em acontecer",Bruno & Marrone,2010,20,https://www.letras.mus.br/bruno-e-marrone/1743238/,-1
1277,Sonhando,musica1277,musica1277_trecho2,"Se ando sempre no mesmo caminho E ainda me encontro com alguém E vejo que não estou sozinho, eu sei",Bruno & Marrone,2010,20,https://www.letras.mus.br/bruno-e-marrone/1743238/,-1
1277,Sonhando,musica1277,musica1277_trecho3,"Se passa o dia, o tempo e conto as horas E eu sem perceber Que estou parado vendo o seu retrato E não vou mais te ver E vou tentando aceitar",Bruno & Marrone,2010,31,https://www.letras.mus.br/bruno-e-marrone/1743238/,-1
1277,Sonhando,musica1277,musica1277_trecho4,"As vezes fujo, corro de mim mesmo Canso e me esqueço de lutar Sabendo que não posso ser tão tolo assim Quando me vejo já estou cantando Solto minha voz e desabafo enfim",Bruno & Marrone,2010,33,https://www.letras.mus.br/bruno-e-marrone/1743238/,-1
1483,Sonho,musica1483,musica1483_trecho2,"Tava morrendo de saudade E logo a gente volta pra realidade, de não estarmos juntos Sabe o que eu gosto em sonhos? É que podemos ser o que quiser Não tem ninguém aqui, além de nós.. Estamos sós Estamos só..",Cleber e Cauan,2016,40,https://www.letras.mus.br/cleber-cauan/sonho/,-1
1483,Sonho,musica1483,musica1483_trecho5,"Não posso te perder de novo, nem em sonho..",Cleber e Cauan,2016,9,https://www.letras.mus.br/cleber-cauan/sonho/,-1
1213,Sonho Bom,musica1213,musica1213_trecho1,Um beija-flor em meu jardim Cheirando rosas e jasmins Um céu repleto de fantasia Com sonho bom em noite fria,Munhoz & Mariano,2011,20,https://www.letras.mus.br/munhoz-mariano/1742852/,-1
1213,Sonho Bom,musica1213,musica1213_trecho2,"Se estou certo ou errado, não sei dizer O amor conspira ao meu lado A quem possa não saber, finge não ver O que o amor pode esconder entre eu e você",Munhoz & Mariano,2011,32,https://www.letras.mus.br/munhoz-mariano/1742852/,-1
1213,Sonho Bom,musica1213,musica1213_trecho3,Para o mundo que eu quero descer Tava na lua com saudades de você Ainda bem que acordei pra te amar Nesse sonho tinha alguém querendo nos separar,Munhoz & Mariano,2011,28,https://www.letras.mus.br/munhoz-mariano/1742852/,-1
72,Sonho de Amor,musica72,musica72_trecho3,"E as batidas do nosso coração Se acalmando depois da explosão Quando o Sol se prepara pra nascer Oh, sonho de amor",Zezé Di Camargo & Luciano,2012,22,https://www.letras.mus.br/zeze-di-camargo-e-luciano/1972912/,-1
507,Sonho de Todo Casal,musica507,musica507_trecho1,"Quando eu bati o olho Eu já percebi que era você Yeah, yeah Exatamente como um sonho E não precisa fechar o olho pra ver Yeah, yeah",Marcos & Belutti,2025,27,https://www.letras.mus.br/marcos-belutti/sonho-de-todo-casal/,-1
507,Sonho de Todo Casal,musica507,musica507_trecho2,"Sorte a minha, sorte a nossa É pra vida, é agora",Marcos & Belutti,2025,11,https://www.letras.mus.br/marcos-belutti/sonho-de-todo-casal/,-1
507,Sonho de Todo Casal,musica507,musica507_trecho9,Quando eu bati o olho Eu já percebi que era você,Marcos & Belutti,2025,11,https://www.letras.mus.br/marcos-belutti/sonho-de-todo-casal/,-1
1059,Sorria (part. MC Don Juan),musica1059,musica1059_trecho2,"Eu não tô te segurando Quer ir? Vai Você me ama e eu te amo Mas se quer sair da minha vida, sai",Luan Santana,2021,23,https://www.letras.mus.br/luan-santana/sorria-part-mc-don-juan/,-1
954,Sorte,musica954,musica954_trecho4,"Você coloriu Minha vida cinza, amor E a cada sorriso seu Eu ganho um lápis de cor Você é meu tudo, tudo, tudo Eu juntei meu mundo, mundo, mundo com o seu Você é a sorte e o sortudo sou eu",Diego e Victor Hugo,2021,41,https://www.letras.mus.br/diego-victor-hugo/sorte/,-1
954,Sorte,musica954,musica954_trecho5,"Você coloriu Minha vida cinza, amor E a cada sorriso seu Eu ganho um lápis de cor Você é meu tudo, tudo, tudo Eu juntei meu mundo, mundo, mundo com o seu Você é a sorte e o sortudo sou eu O sortudo sou eu",Diego e Victor Hugo,2021,45,https://www.letras.mus.br/diego-victor-hugo/sorte/,-1
954,Sorte,musica954,musica954_trecho9,"Você coloriu Minha vida cinza, amor E a cada sorriso seu Eu ganho um lápis de cor Você é meu tudo, tudo, tudo Eu juntei meu mundo, mundo, mundo com o seu Você é a sorte e o sortudo sou eu E o sortudo sou eu E o sortudo sou eu",Diego e Victor Hugo,2021,51,https://www.letras.mus.br/diego-victor-hugo/sorte/,-1
985,Sorte,musica985,musica985_trecho5,Sorte de beijar a tua boca Sorte de tirar a tua roupa Sorte de acordar ao lado teu,Simone & Simaria,2012,18,https://www.letras.mus.br/simone-simaria-as-coleguinhas/1630671/,-1
985,Sorte,musica985,musica985_trecho6,Eu não quero te perder Dou minha vida por você Agradeço por te ter Eu sempre vou mimar você,Simone & Simaria,2012,19,https://www.letras.mus.br/simone-simaria-as-coleguinhas/1630671/,-1
1484,Sorte É Ter Você,musica1484,musica1484_trecho1,Eu venho de sonhos vividos Amores fracassados de ilusões perdidas Passos caminhados de um deserto Que eu tento me esconder,João Bosco & Vinícius,2014,20,https://www.letras.mus.br/joao-bosco-viniciusacustico/sorte-e-ter-voce/,-1
1484,Sorte É Ter Você,musica1484,musica1484_trecho3,"E o meu coração, partido em ruínas Se reconstruiu no seu olhar, menina Eu quero te querer",João Bosco & Vinícius,2014,17,https://www.letras.mus.br/joao-bosco-viniciusacustico/sorte-e-ter-voce/,-1
1484,Sorte É Ter Você,musica1484,musica1484_trecho4,"De tantas Renatas, Flávias e Karinas Conheci mil Anas, muitas Carolinas Mas sorte é ter você",João Bosco & Vinícius,2014,16,https://www.letras.mus.br/joao-bosco-viniciusacustico/sorte-e-ter-voce/,-1
1195,Sorte Que a Gente Tem a Vida Inteira,musica1195,musica1195_trecho1,"É, não escolhi assim, nem você E quem diria, um dia, agora o que vou dizer? Não sei se imagina, mas sente, eu sei Percebi você me olhando diferente Como eu te olhei",Munhoz & Mariano,2011,33,https://www.letras.mus.br/munhoz-mariano/sorte-que-a-gente-tem-a-vida-inteira/,-1
654,Sorte Que Cê Beija Bem,musica654,musica654_trecho2,Eu tentei não tocar mais no seu nome Mas de cada três palavras Uma me interessa,Maiara & Maraisa,2017,16,https://www.letras.mus.br/maiara-maraisa/sorte-que-beija-bem/,-1
712,Sosseguei,musica712,musica712_trecho2,"Eu sosseguei Ontem foi a despedida da balada Dessa vida de solteiro Eu sosseguei Mudei a rota e meus planos O que eu tava procurando Eu achei, em você",Jorge & Mateus,2016,29,https://www.letras.mus.br/jorge-mateus/eu-sosseguei/,-1
712,Sosseguei,musica712,musica712_trecho3,Se quer cinema eu sou o par perfeito Quer curtir balada já tem seu parceiro Ou ficar em casa amando o dia inteiro Ou dividir comigo o seu brigadeiro,Jorge & Mateus,2016,29,https://www.letras.mus.br/jorge-mateus/eu-sosseguei/,-1
712,Sosseguei,musica712,musica712_trecho4,"E nessa vida agora somos dois, três, quatro Quantos você quiser A partir de hoje, eu sou um homem de uma só mulher",Jorge & Mateus,2016,23,https://www.letras.mus.br/jorge-mateus/eu-sosseguei/,-1
463,Sou Eu,musica463,musica463_trecho1,"Ele te provoca pra mostrar que é melhor que eu Joga todo charme que puder pra ver se me venceu Olha pra você com aquele jeito de quem vai te amar Mais do que eu, mais do que eu",Bruno & Marrone,2009,39,https://www.letras.mus.br/bruno-e-marrone/1460074/,-1
463,Sou Eu,musica463,musica463_trecho2,Ele sempre chega nos lugares que você está Quer aparecer de qualquer jeito pra você notar Pra quem sabe ler um pingo é letra eu posso decifrar Seu jogo de amor também sei jogar,Bruno & Marrone,2009,34,https://www.letras.mus.br/bruno-e-marrone/1460074/,-1
360,Sou Seu Fã Nº 1,musica360,musica360_trecho2,"Sou fã do seu jeito Sou fã da sua roupa Sou fã desse sorriso estampado em sua boca Sou fã dos seus olhos Sou fã sem medida Sou seu fã número um E com você, sou fã da vida",Eduardo Costa,2009,39,https://www.letras.mus.br/eduardo-costa/1556876/,-1
360,Sou Seu Fã Nº 1,musica360,musica360_trecho8,Sou seu fã número um,Eduardo Costa,2009,5,https://www.letras.mus.br/eduardo-costa/1556876/,-1
21,Sua Boca Mente (You're Still The One) (part. Ana Castela),musica21,musica21_trecho4,(A solidão) quem só me fez chorar? Tu Quem só me fez beber? Tu O seu amor me fez tão mal (A solidão) mas eu só sei amar tu Mas eu só sei querer tu O seu amor é surreal,Zé Felipe,2025,40,https://www.letras.mus.br/ze-felipe/sua-boca-mente-youre-still-the-one-part-ana-castela/,-1
793,Sua Vez de Terminar,musica793,musica793_trecho1,Ah Será que todo meu cair de roupas Eu vou te lembrar Será que toda encostada de boca Você vai me assombrar E eu de cabeça quente não vi os sinais Que dessa vez era sua vez de terminar,Diego e Victor Hugo,2024,39,https://www.letras.mus.br/diego-victor-hugo/sua-vez-de-terminar/,-1
220,Sublime Renúncia,musica220,musica220_trecho2,"Esse foi o meu último beijo Satisfiz o meu desejo O pior foi te perder Resignemos, Oh! Querida Não lamentemos a vida Nosso destino é sofrer",João Neto e Frederico,2010,26,https://www.letras.mus.br/joao-neto-frederico/1044664/,-1
220,Sublime Renúncia,musica220,musica220_trecho5,"Esse foi o meu último beijo Satisfiz o meu desejo O pior foi te perder Resignemos, Oh! Querida Não lamentemos a vida Nosso destino é sofrer.",João Neto e Frederico,2010,26,https://www.letras.mus.br/joao-neto-frederico/1044664/,-1
1586,Sufoco,musica1586,musica1586_trecho2,Como que eu faço pra tirar da cabeça Sendo que você não sai do meu coração? Sempre que me pede pra que eu te esqueça Fico no sufoco com essa paixão,Luan Santana,2008,31,https://www.letras.mus.br/luan-santana/1238312/,-1
662,Suíte 14 (part. MC Guimê),musica662,musica662_trecho1,"E vai ver que o frio é maior Quando eu não for mais seu cobertor Nem ouvir minha voz dizendo Já é hora, acorda, amor",Henrique & Diego,2015,25,https://www.letras.mus.br/henrique-diego/suite-14/,-1
662,Suíte 14 (part. MC Guimê),musica662,musica662_trecho4,"Suíte 14, banheira de espuma Nós dois se amando e a Lua por testemunha Jantar à luz de vela, champanhe com cereja E a vida inteira o nosso amor de sobremesa",Henrique & Diego,2015,31,https://www.letras.mus.br/henrique-diego/suite-14/,-1
662,Suíte 14 (part. MC Guimê),musica662,musica662_trecho9,A vida inteira o nosso amor de sobremesa,Henrique & Diego,2015,8,https://www.letras.mus.br/henrique-diego/suite-14/,-1
816,Sujeito,musica816,musica816_trecho2,"Você vai acordar, se olhar no espelho E aí vai lembrar que existe um sujeito Que você tenta e não consegue esquecer Que não consegue esquecer",Gusttavo Lima,2018,26,https://www.letras.mus.br/gusttavo-lima/sujeito/,-1
816,Sujeito,musica816,musica816_trecho3,"E quando se tocar que não tem volta Cê vai querer voltar, faço uma aposta Vai sentir, por dentro, tão vazia Vai ver que era feliz e não sabia Vai sobrar espaço na sua cama Mas vai faltar alguém pra dizer que te ama Mas mesmo ele tendo mil defeitos Ninguém te completava como aquele sujeito",Gusttavo Lima,2018,56,https://www.letras.mus.br/gusttavo-lima/sujeito/,-1
1473,Super Amor,musica1473,musica1473_trecho1,Eu já desafiei a lei da gravidade Já voei sem asas pra te procurar Tenho um radar no peito batendo de saudade É o meu coração querendo te encontrar,Luan Santana,2011,29,https://www.letras.mus.br/luan-santana/1779460/,-1
1473,Super Amor,musica1473,musica1473_trecho2,E só fechar os olhos e imaginar você Que eu sinto a energia como um super poder,Luan Santana,2011,17,https://www.letras.mus.br/luan-santana/1779460/,-1
108,Supera,musica108,musica108_trecho1,"Tá de novo com essa pessoa Não tô acreditando, vai fazer papel de trouxa outra vez Cê não aprende mesmo, hein",Marília Mendonça,2019,21,https://www.letras.mus.br/marilia-mendonca/supera/,-1
108,Supera,musica108,musica108_trecho3,"Para de insistir, chega de se iludir O que cê tá passando, eu já passei e eu sobrevivi Se ele não te quer, supera Se ele não te quer, supera",Marília Mendonça,2019,30,https://www.letras.mus.br/marilia-mendonca/supera/,-1
677,Surdo e Mudo,musica677,musica677_trecho2,Alguém não suportava e começava a pular Outro não aguentava e começava a marchar Outro era mais doidinho e começava a correr E a que era criança surda começou a observar (O que que é isso) E em libras pra mamãe perguntou Minha mãe o porque que esse povo pulou E do outro lado a sua mãe lhe respondeu Filho meu isso aqui é poder de Deus,Alisson Santos,2020,67,https://www.letras.mus.br/alisson-santos/surdo-e-mudo/,-1
677,Surdo e Mudo,musica677,musica677_trecho3,"E o menino curioso começou falar Eu não falo, eu não escuto mas quero pular Eu não falo, eu não escuto mas quero marchar Da um jeito minha mãezinha eu quero adorar",Alisson Santos,2020,32,https://www.letras.mus.br/alisson-santos/surdo-e-mudo/,-1
677,Surdo e Mudo,musica677,musica677_trecho4,E quando em casa a mamãe chegou Um caderno no armário ela pegou Em alguns minutos no papel ela anotou E depois em pedacinhos o papel rasgou Dentro de uma sacolinha colocou E nas mãos do seu filhinho entregou E olhando nos seus olhos começou falar Amanhã na igreja quando alguém pular,Alisson Santos,2020,52,https://www.letras.mus.br/alisson-santos/surdo-e-mudo/,-1
677,Surdo e Mudo,musica677,musica677_trecho5,Tu enche a mão de papelzinho e joga pro ar Amanhã na igreja quando alguém marchar Tu enche a mão de papelzinho e joga pro ar É com papel oh filho meu que tu vai adorar,Alisson Santos,2020,36,https://www.letras.mus.br/alisson-santos/surdo-e-mudo/,-1
677,Surdo e Mudo,musica677,musica677_trecho6,No dia seguinte na igreja o menino chegou E nos primeiros bancos ele se assentou Estava observando pra vê quem vai pular Estava ansioso pra jogar papel pro ar,Alisson Santos,2020,29,https://www.letras.mus.br/alisson-santos/surdo-e-mudo/,-1
677,Surdo e Mudo,musica677,musica677_trecho8,De repente um obreiro se aproximou E a mãe percebeu que o obreiro com o menino brigou A mãe se levantou e com o obreiro foi conversar Moço o porque com o meu filho você foi brigar,Alisson Santos,2020,37,https://www.letras.mus.br/alisson-santos/surdo-e-mudo/,-1
677,Surdo e Mudo,musica677,musica677_trecho9,E o obreiro furioso começou falar Será que para esse teu filho tu não deu educação Aqui não é lugar de jogar papel no chão E a lágrima no rosto da mamãe rolou,Alisson Santos,2020,33,https://www.letras.mus.br/alisson-santos/surdo-e-mudo/,-1
677,Surdo e Mudo,musica677,musica677_trecho10,O obreiro se assustou E por curiosidade ele se agachou Pegou papel no chão e começou a ler Quando ele leu a lágrima no rosto então rolou,Alisson Santos,2020,27,https://www.letras.mus.br/alisson-santos/surdo-e-mudo/,-1
677,Surdo e Mudo,musica677,musica677_trecho13,Tu tem mão e não levanta Tem perna e não pula Tem tudo e não adora o nome do senhor Tem saúde e só reclama Tem casa e só reclama Tem tudo e não adora o nome do senhor,Alisson Santos,2020,39,https://www.letras.mus.br/alisson-santos/surdo-e-mudo/,-1
1081,Tá Combinado,musica1081,musica1081_trecho1,"Tá pra nascer alguém que me prenda e me faça mudar Vai se acostumando, é meu jeito de amar É que sou viciado num rabo de saia",João Neto e Frederico,2012,27,https://www.letras.mus.br/joao-neto-frederico/1856881/,-1
1081,Tá Combinado,musica1081,musica1081_trecho3,"Se você acha que eu não vou pra balada E que o meu dilema é ficar dentro de casa Pirou, você não sabe nada, sem moral",João Neto e Frederico,2012,26,https://www.letras.mus.br/joao-neto-frederico/1856881/,-1
1081,Tá Combinado,musica1081,musica1081_trecho4,"Tá combinado, o bicho vai pegar Tá combinado, já vou sair com meus amigos Vai rolar o movimento, isso é problema meu Se der saudade, o problema é seu",João Neto e Frederico,2012,29,https://www.letras.mus.br/joao-neto-frederico/1856881/,-1
494,Tá Faltando Eu (part. Jorge e Mateus),musica494,musica494_trecho1,"Tá faltando eu em mim Pergunto, mas não sei quem sou Não sei se é bom ou se é ruim Quero ficar, não sei se vou",Gusttavo Lima,2015,26,https://www.letras.mus.br/gusttavo-lima/ta-faltando-eu/,-1
494,Tá Faltando Eu (part. Jorge e Mateus),musica494,musica494_trecho2,Sou doce e amargo ao mesmo tempo Me policio sem razão Razão é o tipo que invento Pra não cair na palma da mão,Gusttavo Lima,2015,24,https://www.letras.mus.br/gusttavo-lima/ta-faltando-eu/,-1
494,Tá Faltando Eu (part. Jorge e Mateus),musica494,musica494_trecho3,"Tá faltando mais ação Pra encarar e não fugir A lava, que já foi vulcão É um iceberg dentro de mim",Gusttavo Lima,2015,21,https://www.letras.mus.br/gusttavo-lima/ta-faltando-eu/,-1
494,Tá Faltando Eu (part. Jorge e Mateus),musica494,musica494_trecho4,Pegadas que se tornam areia Castelo de areia sempre cai Se olham pra mim de cara feia Meu coração desaba num ai,Gusttavo Lima,2015,22,https://www.letras.mus.br/gusttavo-lima/ta-faltando-eu/,-1
494,Tá Faltando Eu (part. Jorge e Mateus),musica494,musica494_trecho6,"O medo aguça a atração A solidão na pele arde Espero que, quando eu me ver E acordar, não seja tarde",Gusttavo Lima,2015,21,https://www.letras.mus.br/gusttavo-lima/ta-faltando-eu/,-1
1423,Tá Mais Pra Capetinha (part. Cristiano Araújo),musica1423,musica1423_trecho2,"Fica fazendo charme só Pra me provocar, sabe que comigo Ajoelhou tem que rezar.",Zé Ricardo e Thiago,2012,14,https://www.letras.mus.br/ze-ricardo-thiago/2003791/,-1
1106,Tá Se Achando,musica1106,musica1106_trecho2,"Tá se achando bacana, gostosa, um mulherão Rasga dinheiro, tem gelo dentro do coração Tá se achando bacana, gostosa, um mulherão Pintou saudade, tô sabendo, vai correr pro meu portão",Guilherme & Santiago,2010,30,https://www.letras.mus.br/guilherme-e-santiago/1630465/,-1
1272,Tá Soltinha,musica1272,musica1272_trecho1,"Uh tá querendo, uh tá querendo, uh tá querendo Cê tá querendo, vai",Thiago Brava,2013,13,https://www.letras.mus.br/thiago-brava/ta-soltinha/,-1
1272,Tá Soltinha,musica1272,musica1272_trecho6,"Uh tá querendo, uh tá querendo Uh tá querendo, uh tá querendo",Thiago Brava,2013,12,https://www.letras.mus.br/thiago-brava/ta-soltinha/,-1
642,Tailândia,musica642,musica642_trecho2,"Te olho além dos meus olhos, minha mente fotografa você Te sinto além do seu toque, falo seu nome e chego tremer Eu sou doida, eu sou louca, maluca, pirada em você",Luiza Martins,2025,32,https://www.letras.mus.br/luiza-martins/tailandia/,-1
642,Tailândia,musica642,musica642_trecho4,"Se quiser se mudar pra Tailândia agora Eu dou tchau pro Brasil Com você, vou até, vou até, vou até Se quiser se mudar pra Tailândia agora Eu dou tchau pro Brasil Com você, vou até (cê sabe, né?)",Luiza Martins,2025,39,https://www.letras.mus.br/luiza-martins/tailandia/,-1
642,Tailândia,musica642,musica642_trecho8,"Se quiser se mudar pra Tailândia agora Eu dou tchau pro Brasil Com você, vou até, vou até, vou até Se quiser se mudar pra Tailândia agora (agora) Eu dou tchau pro Brasil Com você, vou até Com você, vou até",Luiza Martins,2025,41,https://www.letras.mus.br/luiza-martins/tailandia/,-1
88,Tanto Faz,musica88,musica88_trecho1,"O quarto meio escuro, a janela aberta A porta encostada, a Lua está tão bela E eu tô aqui sentindo falta de você Já vi todos os filmes, li todos os livros E tô esperando a próxima novela Tudo porque eu tô tentando te esquecer",Luan Santana,2013,45,https://www.letras.mus.br/luan-santana/tanto-faz/,-1
88,Tanto Faz,musica88,musica88_trecho3,O meu pensamento te segue Minha saudade te persegue O meu amor não envelhece Cê não sai da minha mente,Luan Santana,2013,20,https://www.letras.mus.br/luan-santana/tanto-faz/,-1
88,Tanto Faz,musica88,musica88_trecho4,"É que você me causa febre De uns 40 graus ou um pouco mais Eu quero é você, eu amo só você E o resto tanto faz, tanto faz",Luan Santana,2013,29,https://www.letras.mus.br/luan-santana/tanto-faz/,-1
88,Tanto Faz,musica88,musica88_trecho7,"É que você me causa febre De uns 40 graus ou um pouco mais Eu quero é você, eu amo só você E o resto, oh",Luan Santana,2013,26,https://www.letras.mus.br/luan-santana/tanto-faz/,-1
88,Tanto Faz,musica88,musica88_trecho9,"É que você me causa febre De uns 40 graus ou um pouco mais Eu quero é você, eu amo só você E o resto tanto faz, tanto faz E o resto tanto faz",Luan Santana,2013,34,https://www.letras.mus.br/luan-santana/tanto-faz/,-1
1464,Tão Feliz,musica1464,musica1464_trecho1,"Você tem vontades, sonhos e manias Tão diferentes das minhas E o normal é mesmo duvidar",Marcos & Belutti,2015,16,https://www.letras.mus.br/marcos-belutti/tao-feliz/,-1
1464,Tão Feliz,musica1464,musica1464_trecho2,"Você curte a luz do Sol e eu da Lua Quando tá dormindo, eu tô na rua E quem vê diz que não vai durar",Marcos & Belutti,2015,25,https://www.letras.mus.br/marcos-belutti/tao-feliz/,-1
1464,Tão Feliz,musica1464,musica1464_trecho4,"E mesmo sendo o teu oposto Não faz mal, eu tô disposto a amar E se você topar Os nossos defeitos vão se completar",Marcos & Belutti,2015,24,https://www.letras.mus.br/marcos-belutti/tao-feliz/,-1
1099,Tarde Demais,musica1099,musica1099_trecho1,Pois quando está sozinha liga toda hora Tá faltando carinho e de saudade chora Aceita de uma vez essa vontade louca De me amar,João Bosco & Vinícius,2011,24,https://www.letras.mus.br/joao-bosco-viniciusacustico/1873993/,-1
1157,Tarde Demais,musica1157,musica1157_trecho2,Há muito tempo que eu venho pensando Analisando nós dois Perdi meu tempo com você só brigando Não vou deixar pra depois,César Menotti & Fabiano,2008,22,https://www.letras.mus.br/cesar-menotti-e-fabiano/699295/,-1
1157,Tarde Demais,musica1157,musica1157_trecho6,"Houve um tempo em que eu não podia nem te ver Agora posso estar de frente a você Que meu coração não sente mais nada Me desculpa te falar, mas tenho que dizer Que hoje, mesmo acreditando em você Você se apaixonou por mim na hora errada",César Menotti & Fabiano,2008,47,https://www.letras.mus.br/cesar-menotti-e-fabiano/699295/,-1
1493,"Tchau, Tchau",musica1493,musica1493_trecho2,"Tchau, tchau, me cansei de você Tchau, tchau, eu quero te ver sofrer Tchau, tchau, não vou te dar mais moral Bye, bye, sai fora, tchau, tchau",Maria Cecília e Rodolfo,2010,27,https://www.letras.mus.br/maria-cecilia-rodolfo/1730855/,-1
747,Te Amo,musica747,musica747_trecho2,"Onde você pensa que vai Senta aqui, ainda não acabou Sei que nunca fui o mais perfeito Nunca dei o que você sonhou Mas agora eu posso ver",Zé Neto e Cristiano,2015,28,https://www.letras.mus.br/ze-neto-cristiano/te-amo/,-1
747,Te Amo,musica747,musica747_trecho3,Que eu não saberia acordar todo dia Olhar do meu lado e não te sentir Não me aceitaria olhando no espelho Sabendo que um dia te deixei partir,Zé Neto e Cristiano,2015,28,https://www.letras.mus.br/ze-neto-cristiano/te-amo/,-1
747,Te Amo,musica747,musica747_trecho4,Eu não imagino como seja o mundo Sem você por perto eu não posso seguir Me desculpa por tudo que fiz Se te fiz infeliz e nunca admiti,Zé Neto e Cristiano,2015,28,https://www.letras.mus.br/ze-neto-cristiano/te-amo/,-1
747,Te Amo,musica747,musica747_trecho6,"Onde você pensa que vai Senta aqui, ainda não acabou Sei que nunca fui o mais perfeito Nunca dei o que você sonhou É, mas agora eu posso ver",Zé Neto e Cristiano,2015,29,https://www.letras.mus.br/ze-neto-cristiano/te-amo/,-1
747,Te Amo,musica747,musica747_trecho9,Eu não saberia acordar todo dia Olhar do meu lado e não te sentir Não me aceitaria olhando no espelho Sabendo que um dia te deixei partir,Zé Neto e Cristiano,2015,27,https://www.letras.mus.br/ze-neto-cristiano/te-amo/,-1
1486,Te Amo,musica1486,musica1486_trecho2,Falávamos de tudo um pouco Por qualquer coisa a gente ria Como dois bobos,Gian e Giovani,2006,14,https://www.letras.mus.br/gian-e-giovanni/546101/,-1
1486,Te Amo,musica1486,musica1486_trecho3,E eu que já não via a hora De te ter em meus braços E poder te dizer,Gian e Giovani,2006,18,https://www.letras.mus.br/gian-e-giovanni/546101/,-1
1486,Te Amo,musica1486,musica1486_trecho5,Te amo E nem quero tentar entender O desejo que eu sinto É mais do que palavras,Gian e Giovani,2006,17,https://www.letras.mus.br/gian-e-giovanni/546101/,-1
1486,Te Amo,musica1486,musica1486_trecho6,Te amo De repente um beijo e o silêncio E nos amamos loucamente corpo a corpo E a noite foi só magia,Gian e Giovani,2006,22,https://www.letras.mus.br/gian-e-giovanni/546101/,-1
1486,Te Amo,musica1486,musica1486_trecho7,Será que você vai me esquecer? Será que também vai sentir A mesma vontade? Eu morro se não volto a te ver,Gian e Giovani,2006,22,https://www.letras.mus.br/gian-e-giovanni/546101/,-1
1486,Te Amo,musica1486,musica1486_trecho8,De novo em meus braços Pra poder te dizer,Gian e Giovani,2006,9,https://www.letras.mus.br/gian-e-giovanni/546101/,-1
1486,Te Amo,musica1486,musica1486_trecho10,Te amo E nem quero tentar entender O desejo que eu sinto É mais do que palavras Te amo,Gian e Giovani,2006,19,https://www.letras.mus.br/gian-e-giovanni/546101/,-1
1474,Te Amo à Beça,musica1474,musica1474_trecho1,Os meus olhos me entregam Quando você vem virando a esquina Estacionando seu carro na rua E aí é que eu começo acreditar,Matheus & Kauan,2015,23,https://www.letras.mus.br/matheus-kauan/te-amo-a-beca/,-1
1474,Te Amo à Beça,musica1474,musica1474_trecho4,Ainda não sei dizer o que me completa Ainda não sei por que eu te amo à beça Mas de uma coisa eu sei O que me faz falta é o seu amor,Matheus & Kauan,2015,33,https://www.letras.mus.br/matheus-kauan/te-amo-a-beca/,-1
1379,Te Amo Com Voz Rouca,musica1379,musica1379_trecho2,A gente forma Um casalzinho assim meio sem juízo Você mimada e atrevida E eu to nem aí pra vida,Jorge & Mateus,2016,20,https://www.letras.mus.br/jorge-mateus/te-amo-com-voz-rouca/,-1
1379,Te Amo Com Voz Rouca,musica1379,musica1379_trecho4,"Tem gente que vira lembrança Outros que viram passado E eu to sempre me virando, pra tá do seu lado",Jorge & Mateus,2016,20,https://www.letras.mus.br/jorge-mateus/te-amo-com-voz-rouca/,-1
1379,Te Amo Com Voz Rouca,musica1379,musica1379_trecho5,Só quero estar do seu lado,Jorge & Mateus,2016,6,https://www.letras.mus.br/jorge-mateus/te-amo-com-voz-rouca/,-1
270,Te Amo Demais,musica270,musica270_trecho1,"Eu sou assim Nunca soube recitar poesia Não sei palavras de amor Não sou sedutor, não sei fingir, nem poderia",Marília Mendonça,2023,20,https://www.letras.mus.br/marilia-mendonca/te-amo-demais/,-1
270,Te Amo Demais,musica270,musica270_trecho2,"Eu não tenho ouro nem prata Mas o meu maior tesouro eu te dei Só quero o seu amor e mais nada Você precisa entender, é que eu não sei dizer",Marília Mendonça,2023,31,https://www.letras.mus.br/marilia-mendonca/te-amo-demais/,-1
1083,Te Amo e Nada Mais,musica1083,musica1083_trecho1,"Teus olhos, o teu jeito A sua voz fala baixinho em meu ouvido São teus dedos, o teu toque O teu suspiro que não sai do pensamento Eu sei que não resisto",João Neto e Frederico,2012,32,https://www.letras.mus.br/joao-neto-frederico/1861081/,-1
1083,Te Amo e Nada Mais,musica1083,musica1083_trecho2,Eu já conheço suas manhas e manias Já não vale o seu disfarce A gente fica em sintonia Eu já cansei de inventar você pro coração Pro meu coração,João Neto e Frederico,2012,29,https://www.letras.mus.br/joao-neto-frederico/1861081/,-1
1083,Te Amo e Nada Mais,musica1083,musica1083_trecho3,Eu não te amo como ontem Amo mil vezes mais Me conte os teus segredos Mostre os teus sinais Se me perguntar qual é o seu defeito Ainda não sei Te amo e nada mais,João Neto e Frederico,2012,35,https://www.letras.mus.br/joao-neto-frederico/1861081/,-1
1083,Te Amo e Nada Mais,musica1083,musica1083_trecho6,Eu não te amo como ontem Amo mil vezes mais Me conte os teus segredos Mostre os teus sinais E se me perguntar qual é o seu defeito Ainda não sei,João Neto e Frederico,2012,31,https://www.letras.mus.br/joao-neto-frederico/1861081/,-1
1083,Te Amo e Nada Mais,musica1083,musica1083_trecho7,Eu não te amo como ontem Amo mil vezes mais Me conte os teus segredos Mostre os teus sinais E se me perguntar qual é o seu defeito Ainda não sei Te amo e nada mais,João Neto e Frederico,2012,36,https://www.letras.mus.br/joao-neto-frederico/1861081/,-1
1083,Te Amo e Nada Mais,musica1083,musica1083_trecho9,Eu não te amo como ontem Eu amo mil vezes mais Me conte os teus segredos Mostre os teus sinais E se me perguntar qual é o seu defeito Ainda não sei Te amo e nada mais Te amo e nada mais,João Neto e Frederico,2012,42,https://www.letras.mus.br/joao-neto-frederico/1861081/,-1
524,Te Amo Tanto Que Nem Sei,musica524,musica524_trecho1,No dia em que nos conhecemos Alguma coisa em mim mudou Senti estar amanhecendo A noite da desilusão,Jorge & Mateus,2007,18,https://www.letras.mus.br/jorge-mateus/1139599/,-1
524,Te Amo Tanto Que Nem Sei,musica524,musica524_trecho2,O dia se encheu de flores E o céu escuro se abriu E o sol que me embalou nos braços Achei calor em seu abraço Meu pobre coração sorriu,Jorge & Mateus,2007,29,https://www.letras.mus.br/jorge-mateus/1139599/,-1
524,Te Amo Tanto Que Nem Sei,musica524,musica524_trecho3,"A luz que reluziu nos olhos meus Brilhou e refletiu nos olhos seus Foi muito mais do que eu imaginei Amor, te amo tanto que nem sei",Jorge & Mateus,2007,27,https://www.letras.mus.br/jorge-mateus/1139599/,-1
524,Te Amo Tanto Que Nem Sei,musica524,musica524_trecho4,Te amo tanto que nem sei Fica difícil de explicar Faltam palavras pra dizer Só não dá pra esconder A paixão em meu olhar,Jorge & Mateus,2007,24,https://www.letras.mus.br/jorge-mateus/1139599/,-1
1259,"Te Amo, Pai",musica1259,musica1259_trecho6,"Voz protetora que me disse tão forte Existe azar, mas existe sorte Existe o mal, mas existe o bem",Rick & Renner,2007,19,https://www.letras.mus.br/rick-e-renner/1040134/,-1
1259,"Te Amo, Pai",musica1259,musica1259_trecho7,"Pai, eu lutei com a vida Eu briguei com o mundo Atrás do sucesso eu desci no fundo Onde só quem busca um sonho vai",Rick & Renner,2007,25,https://www.letras.mus.br/rick-e-renner/1040134/,-1
342,Te Assumi Pro Brasil,musica342,musica342_trecho3,"Por que te amo, eu não sei Mas quero te amar cada vez mais O que na vida ninguém fez Você fez em menos de um mês",Matheus & Kauan,2017,27,https://www.letras.mus.br/matheus-kauan/te-assumi-pro-brasil/,-1
342,Te Assumi Pro Brasil,musica342,musica342_trecho4,Por que te amo eu não sei Mas quero te amar cada vez mais O que na vida ninguém fez Você fez em menos de um mês,Matheus & Kauan,2017,27,https://www.letras.mus.br/matheus-kauan/te-assumi-pro-brasil/,-1
62,Te Esperando,musica62,musica62_trecho1,"Mesmo que você não caia na minha cantada Mesmo que você conheça outro cara Na fila de um banco, um tal de Fernando Um lance, assim, sem graça",Luan Santana,2013,28,https://www.letras.mus.br/luan-santana/te-esperando/,-1
62,Te Esperando,musica62,musica62_trecho4,Um dia vai sentar numa cadeira de balanço Vai lembrar do tempo que tinha vinte anos Vai lembrar de mim e se perguntar Por onde esse cara deve estar?,Luan Santana,2013,29,https://www.letras.mus.br/luan-santana/te-esperando/,-1
62,Te Esperando,musica62,musica62_trecho5,"E eu vou estar Te esperando, nem que já esteja velhinha gagá Com noventa, viúva, sozinha, não vou me importar Vou ligar, te chamar pra sair, namorar no sofá Nem que seja além dessa vida, eu vou estar Te esperando",Luan Santana,2013,40,https://www.letras.mus.br/luan-santana/te-esperando/,-1
62,Te Esperando,musica62,musica62_trecho10,"E eu vou estar Te esperando, nem que já esteja velhinha gagá Com noventa, viúva, sozinha, não vou me importar Vou ligar, te chamar pra sair, namorar no sofá Nem que seja além dessa vida",Luan Santana,2013,35,https://www.letras.mus.br/luan-santana/te-esperando/,-1
62,Te Esperando,musica62,musica62_trecho11,"Eu vou estar Te esperando, nem que já esteja velhinha gagá Com noventa, viúva, sozinha, não vou me importar Vou ligar, te chamar pra sair, namorar no sofá Nem que seja além dessa vida, eu vou estar Te esperando Te esperando",Luan Santana,2013,41,https://www.letras.mus.br/luan-santana/te-esperando/,-1
56,Te Vivo,musica56,musica56_trecho1,Quando me sinto só Te faço mais presente Eu fecho os meus olhos E enxergo a gente,Luan Santana,2012,17,https://www.letras.mus.br/luan-santana/te-vivo/,-1
1462,Telefone Mudo/ 60  Dias Apaixonado/ Fazenda São Francisco/ Pagode Em Brasília (pot-pourri),musica1462,musica1462_trecho4,"Viajando pra mato grosso, aparecida do taboado Conheci uma morena, que me deixou amarrado Deixei a linda pequena, por Deus confesso, desconsolado Mudei o jeito de ser, bebendo pra esquecer 60 dias apaixonado",Victor & Leo,2007,33,https://www.letras.mus.br/victor-leo/916380/,-1
1462,Telefone Mudo/ 60  Dias Apaixonado/ Fazenda São Francisco/ Pagode Em Brasília (pot-pourri),musica1462,musica1462_trecho5,"Se alguém fala em mato grosso eu sinto o peito despedaçado O pranto rola depressa no meu rosto já cansado Jamais eu esquecerei aparecida do taboado Deixei a minha querida, deixei minha própria vida, 60 dias apaixonado Deixei a minha querida, deixei minha própria vida, 60 dias apaixonado",Victor & Leo,2007,48,https://www.letras.mus.br/victor-leo/916380/,-1
1462,Telefone Mudo/ 60  Dias Apaixonado/ Fazenda São Francisco/ Pagode Em Brasília (pot-pourri),musica1462,musica1462_trecho6,"Eu fiz a maior proeza, pras bandas do rio da morte Com outro caminhoneiro, traquejado no transporte Fui buscar uma vacada para um criador do norte Na chegada eu pressenti que era um dia de sorte Depois do embarque feito só ficou um boi de corte",Victor & Leo,2007,46,https://www.letras.mus.br/victor-leo/916380/,-1
1462,Telefone Mudo/ 60  Dias Apaixonado/ Fazenda São Francisco/ Pagode Em Brasília (pot-pourri),musica1462,musica1462_trecho12,Quem tem mulher que namora quem tem burro empacador Quem tem a roça no mato me chama Que jeito eu dou,Victor & Leo,2007,21,https://www.letras.mus.br/victor-leo/916380/,-1
1462,Telefone Mudo/ 60  Dias Apaixonado/ Fazenda São Francisco/ Pagode Em Brasília (pot-pourri),musica1462,musica1462_trecho14,Tem prisioneiro inocente no fundo de uma prisão Tem muita sogra encrenqueira e tem violeiro embrulhão Pros prisioneiro inocente eu arranjo advogado E a sogra encrenqueira eu dou de laço dobrado E os violeiros embrulhão com meus versos estão quebrados,Victor & Leo,2007,40,https://www.letras.mus.br/victor-leo/916380/,-1
398,Tem Que Ser Você,musica398,musica398_trecho1,Um dia seus pés vão me levar Onde as minhas mãos não podem chegar Me leva onde você for Estarei muito só sem o seu amor,Victor & Leo,2007,26,https://www.letras.mus.br/victor-leo/995776/,-1
398,Tem Que Ser Você,musica398,musica398_trecho4,"Tem que ser você Sem porquê, sem pra que Tem que ser você Sem ser necessário entender",Victor & Leo,2007,17,https://www.letras.mus.br/victor-leo/995776/,-1
398,Tem Que Ser Você,musica398,musica398_trecho5,Me leva onde você for Estarei muito só sem o seu amor,Victor & Leo,2007,12,https://www.letras.mus.br/victor-leo/995776/,-1
557,Tem Que Sorrir,musica557,musica557_trecho1,"Não reclame de barriga cheia Porque no fundo isso atrapalha Positividade na cabeça Amor e fé, precisa de mais nada",Jorge & Mateus,2021,20,https://www.letras.mus.br/jorge-mateus/tem-que-sorrir/,-1
557,Tem Que Sorrir,musica557,musica557_trecho2,"O amor está em todo lugar No aperto de mão, numa declaração No fundo do coração",Jorge & Mateus,2021,16,https://www.letras.mus.br/jorge-mateus/tem-que-sorrir/,-1
1091,Tempo Ao Tempo,musica1091,musica1091_trecho1,Você já percebeu que quando eu te vejo eu perco o chão? Que o simples fato de te ouvir me faz perder toda a razão?,Jorge & Mateus,2010,25,https://www.letras.mus.br/jorge-mateus/1703409/,-1
1091,Tempo Ao Tempo,musica1091,musica1091_trecho2,"Quando você chega, minha mão transpira Minha mente pira, eu já não sei o que fazer Já vi que esse lance tá ficando chato Pois até meus atos não consigo mais conter",Jorge & Mateus,2010,32,https://www.letras.mus.br/jorge-mateus/1703409/,-1
1091,Tempo Ao Tempo,musica1091,musica1091_trecho3,"Não ligo se você nem tá ligando Nem tão pouco se importando, mesmo assim vou te dizer",Jorge & Mateus,2010,17,https://www.letras.mus.br/jorge-mateus/1703409/,-1
1091,Tempo Ao Tempo,musica1091,musica1091_trecho4,"Já dei tempo ao tempo, mas o tempo não me ajuda Se tento te esquecer, só faço te querer Tá no meu pensamento, sentimento que não muda Tô louco para te ver, só quero amar você",Jorge & Mateus,2010,36,https://www.letras.mus.br/jorge-mateus/1703409/,-1
1091,Tempo Ao Tempo,musica1091,musica1091_trecho12,"Já dei tempo ao tempo, mas o tempo não me ajuda Se tento te esquecer, só faço te querer Tá no meu pensamento, sentimento que não muda Tô louco para te ver, só quero amar você Só quero amar você",Jorge & Mateus,2010,40,https://www.letras.mus.br/jorge-mateus/1703409/,-1
655,Tempo Perdido,musica655,musica655_trecho3,"Transa só por transar, pensamento noutro lugar O beijo na boca não tem mais paixão O corpo não mente, a alma não sente Não sabe como enganar No espelho dos olhos tá escrito: Não dá",Zezé Di Camargo & Luciano,2006,35,https://www.letras.mus.br/zeze-di-camargo-e-luciano/641047/,-1
655,Tempo Perdido,musica655,musica655_trecho5,"Não foi bem assim, eu sonhei te amar Não foi bem assim, foi tempo perdido Não foi bem assim, foi tempo perdido",Zezé Di Camargo & Luciano,2006,22,https://www.letras.mus.br/zeze-di-camargo-e-luciano/641047/,-1
1206,Tentativas Em Vão,musica1206,musica1206_trecho4,A minha mente gira feito um carrossel Tentando buscar a saída Pra tirar você da minha vida,Bruno & Marrone,2010,17,https://www.letras.mus.br/bruno-e-marrone/1757347/,-1
1206,Tentativas Em Vão,musica1206,musica1206_trecho5,Tentativas em vão Tentar tirar você do coração E como vou viver sem respirar? É como querer apagar a chama de um vulcão,Bruno & Marrone,2010,23,https://www.letras.mus.br/bruno-e-marrone/1757347/,-1
1206,Tentativas Em Vão,musica1206,musica1206_trecho12,Tentativas em vão (em vão) Tentar tirar você do coração E como vou viver sem respirar? É como querer apagar a chama de um vulcão,Bruno & Marrone,2010,25,https://www.letras.mus.br/bruno-e-marrone/1757347/,-1
790,Tijolão,musica790,musica790_trecho1,Eu te conheci depois que a gente largou Será onde é que arrumou todo esse ódio de mim?,Jorge & Mateus,2020,18,https://www.letras.mus.br/jorge-mateus/tijolao/,-1
814,Tijolinho Por Tijolinho (part. Zé Felipe),musica814,musica814_trecho2,O seu amor tem trauma do passado E o sentimento deve tá rachado Mas eu entendo você,Enzo Rabelo,2020,17,https://www.letras.mus.br/enzo-rabelo/tijolinho-por-tijolinho/,-1
814,Tijolinho Por Tijolinho (part. Zé Felipe),musica814,musica814_trecho3,"E o seu coração perdeu a cor Cansou de errar a mão O seu teto desabou, perdeu o chão E mas pendura uma plaquinha aí de atenção Um novo amor em construção",Enzo Rabelo,2020,32,https://www.letras.mus.br/enzo-rabelo/tijolinho-por-tijolinho/,-1
351,Tive Que Bater Palma,musica351,musica351_trecho3,"Chega um garçom com uns balões De corações, escrito: Amor de milhões E o beijo veio daquele jeito Molhado e demorado e sem defeito",Danilo e Davi,2023,24,https://www.letras.mus.br/danilo-e-davi/tive-que-bater-palma/,-1
351,Tive Que Bater Palma,musica351,musica351_trecho5,Já não bastava a gente se encontrar Com tanto lugar nesse mundo Ela pediu ele em casamento O restaurante aplaudiu Tive que bater palma junto,Danilo e Davi,2023,25,https://www.letras.mus.br/danilo-e-davi/tive-que-bater-palma/,-1
351,Tive Que Bater Palma,musica351,musica351_trecho8,Já não bastava a gente se encontrar Com tanto lugar nesse mundo Ela pediu ele em casamento O restaurante aplaudiu,Danilo e Davi,2023,20,https://www.letras.mus.br/danilo-e-davi/tive-que-bater-palma/,-1
1601,Tô Afim Dela,musica1601,musica1601_trecho2,"Queria conseguir dizer tudo o que sinto, Queria poder falar do meu amor mas finjo Que não está acontecendo nada com meu coração. Eu já tentei tomar coragem e contar, Mas nem imagino o que ela vai pensar, Eu tenho medo dela resolver se afastar de mim. Por mais que eu finja não sentir nada, É nela que eu penso todo o tempo, Mas quando vejo o meu coração dispara Eu não consigo dizer nada.",André e Adriano,2011,75,https://www.letras.mus.br/andre-e-adriano/1702780/,-1
1281,Tô de Cara,musica1281,musica1281_trecho1,"Tô de cara com você Eu tô de cara com você Me apaixonei e você não quer mais me ver Tô de cara com você Eu tô de cara, coração! Não sei se tudo foi verdade Ou foi só enganação",Luan Santana,2009,40,https://www.letras.mus.br/luan-santana/1379675/,-1
992,Tô Ficando,musica992,musica992_trecho2,Só quero mulher mais nova Só como coisa gostosa Só durmo em colchão macio Só quero carro importado Fazenda cheia de gado Sossego em beira de rio Eu não tô nem ligando Se o povo tá comentando Que eu fiquei metido Tô na crista da onda Meu burro já tá na sombra O problema tá resolvido,Gino e Geno,2011,56,https://www.letras.mus.br/gino-e-geno/1914798/,-1
992,Tô Ficando,musica992,musica992_trecho4,Viajo sempre pra fora Pra não me cansar agora Comprei um bicho que voa Pra não ficar parado Viajo compromissado Mas também viajo atoa Essa vida é complicada Agenda sempre lotada Mas é uma vida gostosa Mesmo assim a gente estressa Então arrumei depressa Uma secretária nova,Gino e Geno,2011,47,https://www.letras.mus.br/gino-e-geno/1914798/,-1
799,Tô Mal,musica799,musica799_trecho3,Meu mundo acabou Quando você me deixou Por isso não me ligue mais pra saber Se estou bem Já sabe que não estou,Rionegro & Solimões,2005,23,https://www.letras.mus.br/rio-negro-e-solimoes/364631/,-1
1207,Tô Passando Mal,musica1207,musica1207_trecho1,"Passei, flagrei, olhei E vi o que não queria ver A tremedeira me tomou Quase que na hora enfartei",Fernando e Sorocaba,2011,19,https://www.letras.mus.br/fernando-sorocaba/1722060/,-1
1207,Tô Passando Mal,musica1207,musica1207_trecho3,"Tá tá tá tá Tô nervoso, tô passando mal Quem mandou eu não te dar moral? Tô suando frio",Fernando e Sorocaba,2011,19,https://www.letras.mus.br/fernando-sorocaba/1722060/,-1
1172,Tô Vendendo Beijo,musica1172,musica1172_trecho1,"Tô num tipo de negócio novo Não tem segredo, é só aproveitar Mudei de vida, tô de carro novo Nunca gostei tanto de trabalhar Larguei de ser advogado Hoje faço o que eu quiser Não tem patrão, não tem horário Nem tem mais o que dizer Se Deus me deu um grande dom Trabalho duro noite e dia Pintou vontade, é só chamar",Humberto e Ronaldo,2009,63,https://www.letras.mus.br/humberto-ronaldo/1687892/,-1
331,Tô Voltando,musica331,musica331_trecho1,"Eu vou tá bem longe quando você receber essa carta Oh, oh Eu vou preferir sentir saudade que viver essa farsa Coisa que eu não sou",Ana Castela,2024,26,https://www.letras.mus.br/ana-castela/to-voltando/,-1
331,Tô Voltando,musica331,musica331_trecho2,"Não é final, amanhã ou depois Uma noite é normal Dar saudade nos dois Pois é, pena que Agora, agora minha saudade é outra",Ana Castela,2024,24,https://www.letras.mus.br/ana-castela/to-voltando/,-1
331,Tô Voltando,musica331,musica331_trecho3,"Oh, oh, oh Tô voltando pros rodeio Pra vida do interior Na cidade, o converseiro é que ela é da roça E não se acostumou Tô voltando pros rodeio Pra vida do interior Na cidade, o converseiro é que ela é da roça E não se acostumou",Ana Castela,2024,47,https://www.letras.mus.br/ana-castela/to-voltando/,-1
331,Tô Voltando,musica331,musica331_trecho8,Eu vou tá bem longe quando você receber essa carta,Ana Castela,2024,10,https://www.letras.mus.br/ana-castela/to-voltando/,-1
1502,Toca Um João Mineiro e Marciano,musica1502,musica1502_trecho3,"Mas pode ficar sossegado Que eu não sou daquele tipo inconveniente Minha história é tão comum, igual de tanta gente Ainda ontem chorei de saudade",Jads e Jadson,2014,25,https://www.letras.mus.br/jads-e-jadson/toca-um-joao-mineiro-e-marciano/,-1
501,Tocando Em Frente (part. Leonardo),musica501,musica501_trecho1,"Ando devagar porque já tive pressa E levo esse sorriso porque já chorei demais Hoje me sinto mais forte, mais feliz, quem sabe? Só levo a certeza de que muito pouco sei Ou nada sei",Paula Fernandes,2010,35,https://www.letras.mus.br/paula-fernandes/1886704/,-1
501,Tocando Em Frente (part. Leonardo),musica501,musica501_trecho3,"Penso que cumprir a vida seja simplesmente Compreender a marcha, ir tocando em frente Como um velho boiadeiro levando a boiada, eu vou tocando os dias Pela longa estrada eu vou Estrada eu sou",Paula Fernandes,2010,34,https://www.letras.mus.br/paula-fernandes/1886704/,-1
501,Tocando Em Frente (part. Leonardo),musica501,musica501_trecho6,Ando devagar porque eu já tive pressa E levo esse sorriso porque já chorei demais Cada um de nós compõe a sua história Cada ser em si carrega o dom de ser capaz De ser feliz,Paula Fernandes,2010,36,https://www.letras.mus.br/paula-fernandes/1886704/,-1
487,Todo Mundo Menos Você (part. Marília Mendonça),musica487,musica487_trecho1,"Todo mundo Todo mundo, todo mundo vê Todo mundo (só queria que você soubesse) Todo mundo, todo mundo vê Todo mundo (que toda minha mudança é genuína) Todo mundo, todo mundo vê (genuinamente por você) Todo mundo, menos você",Maiara & Maraisa,2021,39,https://www.letras.mus.br/maiara-maraisa/todo-mundo-menos-voce-part-marilia-mendonca/,-1
487,Todo Mundo Menos Você (part. Marília Mendonça),musica487,musica487_trecho2,Dizem que eu ando bem melhor depois que eu terminei Todo mundo consegue enxergar o quanto eu melhorei Engraçado ver eles pensando que eu te superei,Maiara & Maraisa,2021,26,https://www.letras.mus.br/maiara-maraisa/todo-mundo-menos-voce-part-marilia-mendonca/,-1
487,Todo Mundo Menos Você (part. Marília Mendonça),musica487,musica487_trecho5,"Se todo mundo viu, por que você não tá vendo Todo esse esforço que eu tô fazendo? Pra fazer você se sentir orgulhoso Pra fazer você se apaixonar de novo",Maiara & Maraisa,2021,30,https://www.letras.mus.br/maiara-maraisa/todo-mundo-menos-voce-part-marilia-mendonca/,-1
487,Todo Mundo Menos Você (part. Marília Mendonça),musica487,musica487_trecho6,"Se todo mundo viu, por que você não tá vendo Todo esse esforço que eu tô fazendo? Pra fazer você se sentir orgulhoso Pra fazer você se apaixonar por mim de novo",Maiara & Maraisa,2021,32,https://www.letras.mus.br/maiara-maraisa/todo-mundo-menos-voce-part-marilia-mendonca/,-1
487,Todo Mundo Menos Você (part. Marília Mendonça),musica487,musica487_trecho7,"Todo mundo Todo mundo, todo mundo vê Todo mundo, menos você Todo mundo Todo mundo, todo mundo vê Todo mundo, menos você",Maiara & Maraisa,2021,22,https://www.letras.mus.br/maiara-maraisa/todo-mundo-menos-voce-part-marilia-mendonca/,-1
487,Todo Mundo Menos Você (part. Marília Mendonça),musica487,musica487_trecho9,"Olha, não é pra te colocar pressão Mas é eu queria saber se você gostou da minha nova versão Caso não tenha gostado, me avisa, tá tudo bem A gente corre esse risco quando muda por alguém",Maiara & Maraisa,2021,37,https://www.letras.mus.br/maiara-maraisa/todo-mundo-menos-voce-part-marilia-mendonca/,-1
487,Todo Mundo Menos Você (part. Marília Mendonça),musica487,musica487_trecho13,"Todo mundo Todo mundo, todo mundo vê Todo mundo, menos você (todo mundo, todo mundo, todo mundo vê) Todo mundo, menos você",Maiara & Maraisa,2021,22,https://www.letras.mus.br/maiara-maraisa/todo-mundo-menos-voce-part-marilia-mendonca/,-1
124,Todo Mundo Vai Sofrer,musica124,musica124_trecho2,"Igual eu preciso dele na minha vida Mas quanto mais eu vou atrás, mais ele pisa Então já que é assim Se por ele eu sofro sem pausa Quem quiser me amar Também vai sofrer nessa bagaça",Marília Mendonça,2019,37,https://www.letras.mus.br/marilia-mendonca/todo-mundo-vai-sofrer/,-1
355,Todo Santo Dia (part. Maria Cecília & Rodolfo),musica355,musica355_trecho1,Você que me vê sem maquiagem De chinelo Havaianas falando bobagem Sabe das minhas fragilidades Conhece os meus defeitos E ainda chama isso de sorte Mas a sorte é toda minha Aqui do meu lado tem alguém que me admira,Luiza Martins,2025,40,https://www.letras.mus.br/luiza-martins/todo-santo-dia-part-maria-cecilia-e-rodolfo/,-1
355,Todo Santo Dia (part. Maria Cecília & Rodolfo),musica355,musica355_trecho2,Eu achei alguém que faz Eu me sentir tão bem E tem mais Todo santo dia Sinto que sou livre Sou sua e ainda sou minha,Luiza Martins,2025,26,https://www.letras.mus.br/luiza-martins/todo-santo-dia-part-maria-cecilia-e-rodolfo/,-1
355,Todo Santo Dia (part. Maria Cecília & Rodolfo),musica355,musica355_trecho4,Você que me vê sem maquiagem De chinelo havaianas falando bobagem Sabe das minhas fragilidades Conhece os meus defeitos E ainda chama isso de sorte Mas a sorte é toda minha Aqui do meu lado tem alguém que me admira,Luiza Martins,2025,40,https://www.letras.mus.br/luiza-martins/todo-santo-dia-part-maria-cecilia-e-rodolfo/,-1
1475,Traição Não Tem Perdão,musica1475,musica1475_trecho1,A luz amarela do quarto Em que a gente dormiu Por dois anos e uns dias Me fez relembrar Que eu sabia de fato o que era ser feliz,Marília Mendonça,2017,29,https://www.letras.mus.br/marilia-mendonca/traicao-nao-tem-perdao/,-1
1475,Traição Não Tem Perdão,musica1475,musica1475_trecho2,Deslize ou vontade própria Eu tranquei a porta E abri a janela Voei pra bem longe da felicidade E aí que eu caí,Marília Mendonça,2017,23,https://www.letras.mus.br/marilia-mendonca/traicao-nao-tem-perdao/,-1
1475,Traição Não Tem Perdão,musica1475,musica1475_trecho3,"As coisas não iam tão bem entre nós Mas nada justifica uma traição Errei, admito que foi minha culpa Já sabe minha opinião",Marília Mendonça,2017,23,https://www.letras.mus.br/marilia-mendonca/traicao-nao-tem-perdao/,-1
1475,Traição Não Tem Perdão,musica1475,musica1475_trecho4,Já deixei minhas coisas lá de fora Já que insiste que não vai embora Não me olha assim que eu não mereço Hoje eu sou alguém que eu desconheço,Marília Mendonça,2017,29,https://www.letras.mus.br/marilia-mendonca/traicao-nao-tem-perdao/,-1
1475,Traição Não Tem Perdão,musica1475,musica1475_trecho5,Já que desonrei nossa família Isso ia acontecer um dia Uma hora as coisas vêm à tona Eu aceito o seu não Traição não tem perdão,Marília Mendonça,2017,26,https://www.letras.mus.br/marilia-mendonca/traicao-nao-tem-perdao/,-1
1475,Traição Não Tem Perdão,musica1475,musica1475_trecho9,Uma hora as coisas vêm à tona Eu aceito o seu não Traição não tem perdão,Marília Mendonça,2017,16,https://www.letras.mus.br/marilia-mendonca/traicao-nao-tem-perdao/,-1
1332,Transplante (part. Bruno & Marrone),musica1332,musica1332_trecho1,"Outra vez A sua boca fala E o coração desmente E aí, como é que você se sente?",Marília Mendonça,2017,18,https://www.letras.mus.br/marilia-mendonca/transplante/,-1
1332,Transplante (part. Bruno & Marrone),musica1332,musica1332_trecho4,"Esse coração aí Tá se fazendo de bobo Ele gosta mesmo é de mim Esse coração aí Tá sendo ignorante Pra me esquecer, vai precisar de um transplante",Marília Mendonça,2017,28,https://www.letras.mus.br/marilia-mendonca/transplante/,-1
1332,Transplante (part. Bruno & Marrone),musica1332,musica1332_trecho5,"Esse coração aí Tá se fazendo de bobo Ele gosta mesmo é de mim Esse coração aí Tá sendo ignorante Pra me esquecer, vai precisar de um transplante Ai ai, ai ai",Marília Mendonça,2017,32,https://www.letras.mus.br/marilia-mendonca/transplante/,-1
1332,Transplante (part. Bruno & Marrone),musica1332,musica1332_trecho9,"Pra me esquecer, vai precisar de um transplante",Marília Mendonça,2017,8,https://www.letras.mus.br/marilia-mendonca/transplante/,-1
553,Traumatizei,musica553,musica553_trecho2,Juntou um pouco de falha no meu caráter Com a imaturidade da minha parte É assim que uma insegura nasce,Henrique & Juliano,2023,20,https://www.letras.mus.br/henrique-e-juliano/traumatizei/,-1
553,Traumatizei,musica553,musica553_trecho5,"Pediu pra cuidar, eu não cuidei Era pra amar, traumatizei Ela pediu pra cuidar, eu não cuidei Era pra amar, traumatizei",Henrique & Juliano,2023,21,https://www.letras.mus.br/henrique-e-juliano/traumatizei/,-1
1404,Traz Ela de Volta Pra Mim,musica1404,musica1404_trecho2,Você fez parte de uma história Tá dentro da memória Talvez isso possa contar,Jorge & Mateus,2007,14,https://www.letras.mus.br/jorge-mateus/774536/,-1
1404,Traz Ela de Volta Pra Mim,musica1404,musica1404_trecho3,"Quando dois seres como nós Passam por momentos assim Vai por mim, vai passar, é só um temporal",Jorge & Mateus,2007,18,https://www.letras.mus.br/jorge-mateus/774536/,-1
592,Três Corações,musica592,musica592_trecho4,"E eu Com ciúme do que nunca foi meu Com saudade do que não aconteceu E eu Esperando um erro desse cara Vou dando murro em ponta de faca Ela tem três corações e nem percebeu O dela, o dele e o meu",Henrique & Juliano,2018,43,https://www.letras.mus.br/henrique-e-juliano/tres-coracoes/,-1
1197,Três Palavras,musica1197,musica1197_trecho1,"A sua ausência foi uma escola Onde eu aprendi Que sem você, eu posso qualquer coisa Menos ser feliz Não canso de te esperar Minha esperança diz que vai voltar",Maria Cecília e Rodolfo,2010,30,https://www.letras.mus.br/maria-cecilia-rodolfo/1731385/,-1
1249,Trincadinho,musica1249,musica1249_trecho1,Vale a pena eu gostar de você? Vale a pena eu parar de beber pra te ver? Vale a pena eu dormir mais tarde? Vale a pena toda essa saudade?,Jorge & Mateus,2018,30,https://www.letras.mus.br/jorge-mateus/trincadin/,-1
224,Troca de Calçada,musica224,musica224_trecho5,Hoje você me vê assim e troca de calçada Só que amar dói muito mais Do que um nojo na sua cara,Marília Mendonça,2021,22,https://www.letras.mus.br/marilia-mendonca/troca-de-calcada/,-1
224,Troca de Calçada,musica224,musica224_trecho7,Hoje você me vê assim e troca de calçada Mas se soubesse um terço da história Me abraçava e não me apedrejava,Marília Mendonça,2021,22,https://www.letras.mus.br/marilia-mendonca/troca-de-calcada/,-1
1075,Tropa do Chapelão 🤠 (part. Diplo),musica1075,musica1075_trecho3,"(Quem manda, quem manda, quem manda, quem manda) (Quem manda nessa cidade, quem manda nessa cidade) (Quem manda nessa cidade)",Ana Castela,2025,20,https://www.letras.mus.br/ana-castela/tropa-do-chapelao-part-diplo/,-1
1075,Tropa do Chapelão 🤠 (part. Diplo),musica1075,musica1075_trecho5,Esperei o ano inteiro pra chegar o Barretão Ver o povo de chapéu batendo na palma da mão Esperei o ano inteiro pra chegar o Barretão,Ana Castela,2025,26,https://www.letras.mus.br/ana-castela/tropa-do-chapelao-part-diplo/,-1
1547,Tudo No Olhar,musica1547,musica1547_trecho1,Olhe nos meus olhos Veja o que eu estou sentindo Eles dizem muitas coisas Mesmo se estou mentindo,Marcos & Belutti,2009,18,https://www.letras.mus.br/marcos-belutti/1354010/,-1
1547,Tudo No Olhar,musica1547,musica1547_trecho2,Contam meus segredos pra você Falam coisas que eu nem sei falar E quando tudo quero te esconder Fecho os olhos pra não te contar,Marcos & Belutti,2009,25,https://www.letras.mus.br/marcos-belutti/1354010/,-1
1547,Tudo No Olhar,musica1547,musica1547_trecho5,Nunca feche os olhos Eles querem me contar Tudo o que está sentindo O que quer comigo,Marcos & Belutti,2009,17,https://www.letras.mus.br/marcos-belutti/1354010/,-1
1402,Tudo Ou Nada,musica1402,musica1402_trecho1,Tudo ou nada Dessa vez tem que ser pra valer Vê se muda ou vai me perder Você vive no mundo da lua,Jorge & Mateus,2009,23,https://www.letras.mus.br/jorge-mateus/1498465/,-1
1402,Tudo Ou Nada,musica1402,musica1402_trecho3,"Eu já me cansei desse chove e não molha Das suas desculpas, de ter que ir embora E que, não demora, vai voltar pra mim Chega de conversa, agora vai ou racha Ou você me solta, ou você me laça É que não consigo mais viver assim, assim",Jorge & Mateus,2009,48,https://www.letras.mus.br/jorge-mateus/1498465/,-1
1402,Tudo Ou Nada,musica1402,musica1402_trecho5,Não dá Eu quero você do jeito que eu sonhei Tudo que eu tinha de amor eu te dei Você me deu tão pouco Eu quero mais que algumas madrugadas,Jorge & Mateus,2009,30,https://www.letras.mus.br/jorge-mateus/1498465/,-1
205,Tudo Que Você Quiser,musica205,musica205_trecho2,"Tem dias que eu acordo pensando em você Em fração de segundo, vejo o mundo desabar Aí que cai a ficha que eu não vou te ver Será que esse vazio um dia vai me abandonar?",Luan Santana,2013,36,https://www.letras.mus.br/luan-santana/tudo-o-que-voce-quiser/,-1
1109,Tudo Tem Um Porquê,musica1109,musica1109_trecho1,"Pensando bem, não me arrependo do que fiz Tudo valeu, por um momento fui feliz Mas não faz mal, na vida tudo tem um porquê Deixei me levar por você, por você",Guilherme & Santiago,2010,32,https://www.letras.mus.br/guilherme-e-santiago/1630454/,-1
79,Última Saudade,musica79,musica79_trecho1,Eu admiro cê mandar essa mensagem Tem que ter cara pra falar o que cê falou Tem que ter peito pra achar que tem direito De começar uma conversa me chamando de amor,Henrique & Juliano,2025,33,https://www.letras.mus.br/henrique-e-juliano/ultima-saudade/,-1
79,Última Saudade,musica79,musica79_trecho2,"Cê tá achando que minha vida é um filme? Que pausa e depois volta de onde parou? O relógio roda igual pra todo mundo E, numa dessas rodadas, você rodou, rodou",Henrique & Juliano,2025,31,https://www.letras.mus.br/henrique-e-juliano/ultima-saudade/,-1
79,Última Saudade,musica79,musica79_trecho3,E cê nem reparou (O quê?),Henrique & Juliano,2025,6,https://www.letras.mus.br/henrique-e-juliano/ultima-saudade/,-1
79,Última Saudade,musica79,musica79_trecho7,"Cê tá achando que minha vida é um filme? Que pausa e depois volta de onde parou? O relógio roda igual pra todo mundo E, numa dessas rodadas, você rodou",Henrique & Juliano,2025,30,https://www.letras.mus.br/henrique-e-juliano/ultima-saudade/,-1
74,Um Centímetro (part. Jorge & Mateus),musica74,musica74_trecho1,E vamos por partes Te falo o meu nome e você o seu Que prazer te conhecer,Jefferson Moraes,2017,17,https://www.letras.mus.br/jefferson-moraes/um-centimetro/,-1
74,Um Centímetro (part. Jorge & Mateus),musica74,musica74_trecho2,Me fala mais de você O que prefere fazer? Balada ou parque? Você escolhe,Jefferson Moraes,2017,14,https://www.letras.mus.br/jefferson-moraes/um-centimetro/,-1
74,Um Centímetro (part. Jorge & Mateus),musica74,musica74_trecho5,Vamos por partes Eu falo o meu nome e você o seu Que prazer te conhecer,Jefferson Moraes,2017,16,https://www.letras.mus.br/jefferson-moraes/um-centimetro/,-1
1209,Um Dia a Gente Se Encontra (part. João Bosco e Vinicius),musica1209,musica1209_trecho2,"Vou mudar meus hábitos E tudo o que me faz lembrar você Me curar, achar um novo amor Só pra te esquecer",Marcos & Belutti,2011,22,https://www.letras.mus.br/marcos-belutti/1880391/,-1
1160,Um Lugarzinho Na Sua Cama,musica1160,musica1160_trecho2,"Mas uma hora o telhado quebra, a casa cai Pela porta da frente hoje eu não entro mais Você descobriu, se escondeu e viu, coração partiu E hoje, mesmo aqui coberto, eu tô passando frio",João Bosco & Vinícius,2014,35,https://www.letras.mus.br/joao-bosco-viniciusacustico/um-lugarzinho-na-sua-cama/,-1
1160,Um Lugarzinho Na Sua Cama,musica1160,musica1160_trecho3,"Se você voltar e me perdoar Não vou pegar, eu vou parar, me comportar Compro aliança e com você eu vou casar Me dá, dá uma chance de tentar, dá Um lugarzinho na sua cama pra eu deitar",João Bosco & Vinícius,2014,38,https://www.letras.mus.br/joao-bosco-viniciusacustico/um-lugarzinho-na-sua-cama/,-1
290,Uma Ex (part. Jorge),musica290,musica290_trecho1,Faz tanto tempo O seu número eu nem sei se ainda tenho Mas lembro,Murilo Huff,2021,14,https://www.letras.mus.br/murilo-huff/uma-ex-part-jorge/,-1
290,Uma Ex (part. Jorge),musica290,musica290_trecho4,Quem é que não tem uma ex Que quando fala ex Vem ela na cabeça Mesmo tendo outras seis,Murilo Huff,2021,19,https://www.letras.mus.br/murilo-huff/uma-ex-part-jorge/,-1
1201,Vai Entender (part. Jorge e Mateus),musica1201,musica1201_trecho2,Mas eu sei Que quando eu te encontrar A garganta vai secar E tudo que eu pensei Eu não vou lembrar,Israel Novaes,2014,21,https://www.letras.mus.br/israel-novaes/vai-entender/,-1
1201,Vai Entender (part. Jorge e Mateus),musica1201,musica1201_trecho3,Me desconcentro e perco o foco E tremo todo quando te vejo E não consigo dizer o que eu quero,Israel Novaes,2014,20,https://www.letras.mus.br/israel-novaes/vai-entender/,-1
831,Vai Lá Em Casa Hoje (part. Marília Mendonça),musica831,musica831_trecho4,Vai lá em casa hoje Bebe umas comigo Saudade de ontem De você beijando pra baixo do meu umbigo Vai lá em casa hoje Bebe umas comigo Saudade de ontem De você beijando pra baixo do meu umbigo,George Henrique e Rodrigo,2021,38,https://www.letras.mus.br/george-henrique-rodrigo/vai-la-em-casa-hoje-part-marilia-mendonca/,-1
831,Vai Lá Em Casa Hoje (part. Marília Mendonça),musica831,musica831_trecho6,"Com uma carinha de apaixonado E as roupas pelo chão, catando Pelo trato que eu vou dar nele Amanhã ele liga falando",George Henrique e Rodrigo,2021,22,https://www.letras.mus.br/george-henrique-rodrigo/vai-la-em-casa-hoje-part-marilia-mendonca/,-1
831,Vai Lá Em Casa Hoje (part. Marília Mendonça),musica831,musica831_trecho8,Vai lá em casa hoje Bebe umas comigo Saudade de ontem De você beijando pra baixo do meu umbigo,George Henrique e Rodrigo,2021,19,https://www.letras.mus.br/george-henrique-rodrigo/vai-la-em-casa-hoje-part-marilia-mendonca/,-1
831,Vai Lá Em Casa Hoje (part. Marília Mendonça),musica831,musica831_trecho11,Eu vou falar: Tô indo O que ele me pede sem roupa Eu faço rindo,George Henrique e Rodrigo,2021,15,https://www.letras.mus.br/george-henrique-rodrigo/vai-la-em-casa-hoje-part-marilia-mendonca/,-1
1180,Vai Vendo,musica1180,musica1180_trecho4,"Esse arrocha é pra você Que achou Que eu tava aqui sofrendo Uh! Vai vendo, uh",Lucas Lucco,2015,16,https://www.letras.mus.br/lucas-lucco/vai-vendo/,-1
724,Vem Ni Mim Dodge Ram (part. Gusttavo Lima),musica724,musica724_trecho1,Vem ni mim Dodge RAM Focker duzentos e oitenta A mulherada louca Israel Novaes arrebenta,Israel Novaes,2012,15,https://www.letras.mus.br/israel-novaes/1970121/,-1
724,Vem Ni Mim Dodge Ram (part. Gusttavo Lima),musica724,musica724_trecho2,"Já não faz muito tempo Que eu andava a pé Não pegava nem gripe, muito menos mulher Só pegava poeira, não olhavam pra mim Um dia eu decidi, eu vou sair daqui",Israel Novaes,2012,32,https://www.letras.mus.br/israel-novaes/1970121/,-1
724,Vem Ni Mim Dodge Ram (part. Gusttavo Lima),musica724,musica724_trecho3,Quem não tem dinheiro é primo primeiro de um cachorro O trem era tão feio que nem sobrava osso pra mim Agora eu tô mudado O meu bolso tá cheio Mulherada atrás Eu quero ouvir cada vez mais,Israel Novaes,2012,38,https://www.letras.mus.br/israel-novaes/1970121/,-1
724,Vem Ni Mim Dodge Ram (part. Gusttavo Lima),musica724,musica724_trecho5,"Já não faz muito tempo que eu andava a pé Não pegava nem gripe Muito menos mulher Só pegava poeira Não olhavam pra mim Um dia eu decidi, eu vou sair daqui",Israel Novaes,2012,32,https://www.letras.mus.br/israel-novaes/1970121/,-1
69,Vem Pra Minha Vida,musica69,musica69_trecho1,"De pijama ou maquiada, desbocada ou educada De vestido pra sair ou de chinelo Havaiana De TPM ou sossegada, ou viajando ou aqui em casa Sem dinheiro pra sair ou com a vida arrumada",Henrique & Juliano,2017,34,https://www.letras.mus.br/henrique-e-juliano/vem-pra-minha-vida/,-1
69,Vem Pra Minha Vida,musica69,musica69_trecho2,"Eu te quero de qualquer jeito Com raiva ou medo, de fogo ou desejo Suas virtudes e os seus defeitos Põe tudo na mala Não esquece de nada",Henrique & Juliano,2017,28,https://www.letras.mus.br/henrique-e-juliano/vem-pra-minha-vida/,-1
69,Vem Pra Minha Vida,musica69,musica69_trecho3,"Vem pra minha vida, vem Que eu não quero mais nada Mais nada e nem ninguém O que há de bom nas outras Você tem vezes 100 Meu coração tá pronto Esperando por você",Henrique & Juliano,2017,34,https://www.letras.mus.br/henrique-e-juliano/vem-pra-minha-vida/,-1
1233,Veneno,musica1233,musica1233_trecho2,"Veneno, veneno, veneno, veneno Pode vir com tudo que hoje eu tô um veneno",Fernando e Sorocaba,2013,14,https://www.letras.mus.br/fernando-sorocaba/veneno/,-1
1235,Vestígios,musica1235,musica1235_trecho3,Se ainda dói é porque Não consigo te esquecer E o vento só me traz vestígios que lembram você,Jorge & Mateus,2010,19,https://www.letras.mus.br/jorge-mateus/1720722/,-1
1235,Vestígios,musica1235,musica1235_trecho4,Eu vou curar essa dor E encontrar um novo amor Em um caminho sem rumo Vou levando a vida Em um caminho sem rumo Vou levando a vida,Jorge & Mateus,2010,28,https://www.letras.mus.br/jorge-mateus/1720722/,-1
1235,Vestígios,musica1235,musica1235_trecho7,Eu vou curar essa dor E encontrar um novo amor Em um caminho sem rumo Vou levando a vida,Jorge & Mateus,2010,19,https://www.letras.mus.br/jorge-mateus/1720722/,-1
1235,Vestígios,musica1235,musica1235_trecho9,Eu vou curar essa dor E encontrar um novo amor Em um caminho sem rumo Vou levando a vida! Em um caminho sem rumo Vou levando a vida! Em um caminho sem rumo Vou levando a vida!,Jorge & Mateus,2010,37,https://www.letras.mus.br/jorge-mateus/1720722/,-1
1175,Vida,musica1175,musica1175_trecho2,"Vida, você entrou na minha vida E mesmo com tantas feridas Você me aceitou e o seu amor cicatrizou Tanto, eu errei tanto e tanto perdoou Será que eu mereço tanto amor Onde eu fui pedra, você plantou flor",Henrique & Juliano,2015,39,https://www.letras.mus.br/henrique-e-juliano/vida/,-1
1175,Vida,musica1175,musica1175_trecho4,E vou seguindo assim Me desculpe por tudo que eu te fiz passar Era meu jeito torto de amar Eu agradeço a Deus por ter você aqui E ser o meu amor,Henrique & Juliano,2015,32,https://www.letras.mus.br/henrique-e-juliano/vida/,-1
1175,Vida,musica1175,musica1175_trecho7,E vou seguindo assim Me desculpe por tudo que eu te fiz passar Era meu jeito torto de amar Eu agradeço a Deus por ter você aqui,Henrique & Juliano,2015,27,https://www.letras.mus.br/henrique-e-juliano/vida/,-1
704,Vidinha de Balada,musica704,musica704_trecho2,"Desculpa a visita Eu só vim te falar Tô a fim de você E se não tiver, cê vai ter que ficar",Henrique & Juliano,2017,22,https://www.letras.mus.br/henrique-e-juliano/vidinha-de-balada/,-1
704,Vidinha de Balada,musica704,musica704_trecho3,Eu vim acabar com essa sua vidinha de balada E dar outro gosto pra essa sua boca de ressaca,Henrique & Juliano,2017,19,https://www.letras.mus.br/henrique-e-juliano/vidinha-de-balada/,-1
704,Vidinha de Balada,musica704,musica704_trecho6,"Vai namorar comigo, sim!",Henrique & Juliano,2017,4,https://www.letras.mus.br/henrique-e-juliano/vidinha-de-balada/,-1
767,Vidro Fumê,musica767,musica767_trecho2,"No calor de um momento Na loucura do meu pensamento Eu fui atrás Em busca da verdade, de um segredo Senti o amor estremecer Na hora em que eu te vi entrando Num carro importado de vidro fumê",Bruno & Marrone,2012,38,https://www.letras.mus.br/bruno-e-marrone/vidro-fume/,-1
767,Vidro Fumê,musica767,musica767_trecho4,No calor de um momento Na loucura do meu pensamento Eu fui atrás Em busca da verdade de um segredo Senti o amor estremecer Na hora em que eu te vi entrando Num carro importado de vidro fumê,Bruno & Marrone,2012,38,https://www.letras.mus.br/bruno-e-marrone/vidro-fume/,-1
767,Vidro Fumê,musica767,musica767_trecho7,Foi última noite de amor da gente,Bruno & Marrone,2012,7,https://www.letras.mus.br/bruno-e-marrone/vidro-fume/,-1
276,Vingança (part. MC Kekel),musica276,musica276_trecho2,Eu vou pegar todo mundo Virar um vagabundo Depois que eu ficar com essa cidade inteira Aí cê vai lembrar Do tanto que eu te dei amor E o tanto que você não deu valor E a sua única chance vai ser Em alguma balada da vida Eu te beijar sem perceber Sem ver que é você,Luan Santana,2018,57,https://www.letras.mus.br/luan-santana/vinganca-part-mc-kekel/,-1
276,Vingança (part. MC Kekel),musica276,musica276_trecho3,"Eu te avisei Tenta não vacilar Menina, eu te avisei Amor é pra cuidar Se escapar da mão, cai no chão Não tem conserto, não Antes de sumir da sua vida Só mais uma coisa: Tô aqui no portão",Luan Santana,2018,39,https://www.letras.mus.br/luan-santana/vinganca-part-mc-kekel/,-1
276,Vingança (part. MC Kekel),musica276,musica276_trecho4,E é a última vez que eu vou falar Seu psicológico preparar Que eu não vou mais te esperar Acabou minha paciência,Luan Santana,2018,22,https://www.letras.mus.br/luan-santana/vinganca-part-mc-kekel/,-1
276,Vingança (part. MC Kekel),musica276,musica276_trecho5,Eu vou pegar todo mundo Virar um vagabundo Depois que eu ficar com essa cidade inteira Aí cê vai lembrar Do tanto que eu te dei amor E o tanto que você não deu valor É sua única chance,Luan Santana,2018,39,https://www.letras.mus.br/luan-santana/vinganca-part-mc-kekel/,-1
276,Vingança (part. MC Kekel),musica276,musica276_trecho6,"Você não deu valor Você não deu valor Não deu valor, não deu valor Amei demais, agora não quero mais nem saber Deixa as outras aproveitarem por você",Luan Santana,2018,28,https://www.letras.mus.br/luan-santana/vinganca-part-mc-kekel/,-1
276,Vingança (part. MC Kekel),musica276,musica276_trecho7,Eu vou pegar todo mundo (eu vou pegar todo mundo) Virar um vagabundo (virar um vagabundo) Depois que eu ficar com essa cidade inteira Aí cê vai lembrar (mas eu te dei amor) Do tanto que eu te dei amor (você não deu valor) E o tanto que você não deu valor E a sua única chance vai ser Em qualquer balada por aí Vou te beijar sem perceber Sem ver que é você,Luan Santana,2018,74,https://www.letras.mus.br/luan-santana/vinganca-part-mc-kekel/,-1
276,Vingança (part. MC Kekel),musica276,musica276_trecho8,"Eu vou virar um vagabundo E eu vou me jogar no mundo Eu vou virar um vagabundo E eu vou me jogar no mundo Luan, Kekel",Luan Santana,2018,26,https://www.letras.mus.br/luan-santana/vinganca-part-mc-kekel/,-1
517,Virgínia,musica517,musica517_trecho3,"Bate em mim, bate em mim Meu Uno Mille não tem nada a ver com isso Bate em mim, bate em mim Calma, Virgínia, eu não tô te traindo",Zé Felipe,2020,29,https://www.letras.mus.br/ze-felipe/virginia/,-1
517,Virgínia,musica517,musica517_trecho10,"Bate em mim, bate em mim",Zé Felipe,2020,6,https://www.letras.mus.br/ze-felipe/virginia/,-1
880,Viva a Vida,musica880,musica880_trecho2,"E antes de falar, escute Antes de escrever, pense Antes de gastar, ganhe Antes de orar, perdoe Antes de magoar, sinta Antes de odiar, ame Antes de desistir, tente, tente Antes de morrer",Felipe Duram,2019,33,https://www.letras.mus.br/felipe-duran/viva-a-vida/,-1
880,Viva a Vida,musica880,musica880_trecho6,"Antes de falar, escute Antes de escrever, pense Antes de gastar, ganhe Antes de orar, perdoe Antes de magoar, sinta Antes de odiar, ame Antes de desistir, tente, tente Antes de morrer",Felipe Duram,2019,32,https://www.letras.mus.br/felipe-duran/viva-a-vida/,-1
880,Viva a Vida,musica880,musica880_trecho7,"Viva, viva a vida Viva a vida Viva a vida",Felipe Duram,2019,10,https://www.letras.mus.br/felipe-duran/viva-a-vida/,-1
1341,Viva Intensamente,musica1341,musica1341_trecho1,Aprendi Que a vida bate sempre sem pudor Que nem sempre as coisas são como a gente pensa Que nem sempre o mundo gira como a gente quer,Gusttavo Lima,2011,28,https://www.letras.mus.br/gusttavo-lima/1971846/,-1
344,Vivendo Aqui No Mato (part. Zé Neto & Cristiano),musica344,musica344_trecho1,Não troco seu despertador Pelo cantar do galo Não troco seu carro bonito Pelo meu cavalo,Trio Parada Dura,2017,16,https://www.letras.mus.br/trio-parada-dura/vivendo-aqui-no-mato/,-1
344,Vivendo Aqui No Mato (part. Zé Neto & Cristiano),musica344,musica344_trecho3,"Aqui, o nosso alimento É a gente que faz Plantamos de tudo pro gasto E um pouco mais",Trio Parada Dura,2017,18,https://www.letras.mus.br/trio-parada-dura/vivendo-aqui-no-mato/,-1
344,Vivendo Aqui No Mato (part. Zé Neto & Cristiano),musica344,musica344_trecho4,"E se vier fazer visita Aí que a gente gosta Moda de viola, uma boa prosa Em volta da fogueira Então, a gente mostra",Trio Parada Dura,2017,24,https://www.letras.mus.br/trio-parada-dura/vivendo-aqui-no-mato/,-1
344,Vivendo Aqui No Mato (part. Zé Neto & Cristiano),musica344,musica344_trecho5,O meu amanhecer tem o cantar do galo O cheiro do mato com gota de orvalho E é tão gostoso beber um café Olhando o sol nascer,Trio Parada Dura,2017,27,https://www.letras.mus.br/trio-parada-dura/vivendo-aqui-no-mato/,-1
344,Vivendo Aqui No Mato (part. Zé Neto & Cristiano),musica344,musica344_trecho7,"Aqui, o nosso alimento É a gente quem faz Plantamos de tudo pro gasto E um pouco mais",Trio Parada Dura,2017,18,https://www.letras.mus.br/trio-parada-dura/vivendo-aqui-no-mato/,-1
344,Vivendo Aqui No Mato (part. Zé Neto & Cristiano),musica344,musica344_trecho8,"E se vier fazer visita É que a gente gosta Moda de viola e uma boa prosa Em volta da fogueira Então, a gente mostra",Trio Parada Dura,2017,25,https://www.letras.mus.br/trio-parada-dura/vivendo-aqui-no-mato/,-1
344,Vivendo Aqui No Mato (part. Zé Neto & Cristiano),musica344,musica344_trecho9,Meu amanhecer tem o cantar do galo O cheiro do mato com gota de orvalho E é tão gostoso beber um café Olhando o sol nascer,Trio Parada Dura,2017,26,https://www.letras.mus.br/trio-parada-dura/vivendo-aqui-no-mato/,-1
1329,Voa,musica1329,musica1329_trecho2,"Não tenha medo de dizer que quer Vamos fazer o que você quiser Voa, voa",Paula Fernandes,2010,15,https://www.letras.mus.br/paula-fernandes/1716701/,-1
1329,Voa,musica1329,musica1329_trecho3,"E serei eu que em um dia então Vou te fazer delirar de paixão Nesse prazer somos eu e você Vamos, voa, voa",Paula Fernandes,2010,23,https://www.letras.mus.br/paula-fernandes/1716701/,-1
1329,Voa,musica1329,musica1329_trecho9,"Mais adiante vai sentir o quanto se apaixonou Voa comigo, vem, seremos dois pombinhos de amor",Paula Fernandes,2010,16,https://www.letras.mus.br/paula-fernandes/1716701/,-1
1133,"Voa, Beija-flor",musica1133,musica1133_trecho1,Você não sabe o que é amor nem tão pouco paixão Se soubesse de verdade não maltratava meu coração Parece um beija-flor que vai de boca em boca por aí E suga todo meu amor e quando enjoa põe um fim,Jorge & Mateus,2009,41,https://www.letras.mus.br/jorge-mateus/1444409/,-1
1133,"Voa, Beija-flor",musica1133,musica1133_trecho2,"Agora não estou mais disposto a te dar meu mel Procure logo um novo alguém pra te levar pro céu Você seguiu outros caminhos, eu fiquei chorando aqui Com sua vida de aventuras você vai seguir",Jorge & Mateus,2009,36,https://www.letras.mus.br/jorge-mateus/1444409/,-1
1133,"Voa, Beija-flor",musica1133,musica1133_trecho3,Voa beija flor vai dar seu calor pra quem não te conhece Sai da minha vida busque um outro amor Você não me merece,Jorge & Mateus,2009,24,https://www.letras.mus.br/jorge-mateus/1444409/,-1
1133,"Voa, Beija-flor",musica1133,musica1133_trecho4,Voa beija-flor você não vai mais sugar do meu amor Vai sentir o amargo de outras bocas Lembrando o meu sabor,Jorge & Mateus,2009,21,https://www.letras.mus.br/jorge-mateus/1444409/,-1
1133,"Voa, Beija-flor",musica1133,musica1133_trecho6,Agora não tô mais disposto a te dar meu mel Procure logo um novo alguém pra te levar pro céu Você seguiu outros caminhos eu fiquei chorando aqui Com sua vida de aventuras você vai seguir,Jorge & Mateus,2009,36,https://www.letras.mus.br/jorge-mateus/1444409/,-1
1039,Você de Mim Não Sai,musica1039,musica1039_trecho2,Ai ai ai ai ai Não tem jeito de esquecer Você de mim não sai Minha vida sem você Não tem sentido,Luan Santana,2012,22,https://www.letras.mus.br/luan-santana/voce-de-mim-nao-sai/,-1
1039,Você de Mim Não Sai,musica1039,musica1039_trecho10,Ai ai ai ai ai Não tem jeito de esquecer Você de mim não sai Minha vida sem você Não tem sentido Eu não aguento mais,Luan Santana,2012,26,https://www.letras.mus.br/luan-santana/voce-de-mim-nao-sai/,-1
1198,Você de Volta,musica1198,musica1198_trecho1,Eu vivo buscando em alguém Alguma coisa que eu sei Que só existe em você,Maria Cecília e Rodolfo,2008,15,https://www.letras.mus.br/maria-cecilia-rodolfo/1076033/,-1
1198,Você de Volta,musica1198,musica1198_trecho4,"Tudo que eu quero é você de volta Tô te esperando, vem bater na minha porta Eu amo você, eu só sei te querer Minha vida tem sentido se tiver você",Maria Cecília e Rodolfo,2008,31,https://www.letras.mus.br/maria-cecilia-rodolfo/1076033/,-1
1316,Você do Meu Lado,musica1316,musica1316_trecho1,Quando olho as estrelas no céu Lembro teus olhos de cristal E tua boca de mel Sentia os seus lábios se encontrando com os meus Não consigo acreditar como tudo se perdeu,Luan Santana,2009,32,https://www.letras.mus.br/luan-santana/1282733/,-1
1316,Você do Meu Lado,musica1316,musica1316_trecho3,"Corre e vem me dar Seu coração Não se entregue mais à uma triste ilusão Quero seu amor, provar dos seus carinhos Não me deixe mais chorando aqui sozinho, amor",Luan Santana,2009,30,https://www.letras.mus.br/luan-santana/1282733/,-1
1288,Você Faz Falta Aqui,musica1288,musica1288_trecho1,"Você, você, faz falta, falta aqui, aqui, aqui Que o som, o som bate, bate, volta, volta, volta Não tem mais nada entre o chão e o teto, teto, teto Só o eco, eco, eco, eco",Maiara & Maraisa,2017,36,https://www.letras.mus.br/maiara-maraisa/voce-faz-falta-aqui/,-1
1288,Você Faz Falta Aqui,musica1288,musica1288_trecho2,Tem certeza que você levou tudo? Tem certeza que não esqueceu nada? Eu só sei que até o criado mudo Do seu livro preferido sente falta,Maiara & Maraisa,2017,26,https://www.letras.mus.br/maiara-maraisa/voce-faz-falta-aqui/,-1
101,Você Mudou,musica101,musica101_trecho2,Não ligou pra minha solidão Tinha que acabar assim Será triste uma noite sem você Mas será o melhor pra mim,Cristiano Araújo,2011,21,https://www.letras.mus.br/cristiano-araujo/1871811/,-1
101,Você Mudou,musica101,musica101_trecho4,"E quando despertar não irá me encontrar Quem sabe aí, meu bem Talvez você consiga entender Que a minha vida não pertence a você",Cristiano Araújo,2011,24,https://www.letras.mus.br/cristiano-araujo/1871811/,-1
101,Você Mudou,musica101,musica101_trecho5,"E quando despertar não irá me encontrar Quem sabe aí, meu bem Talvez você consiga entender Que a minha vida não pertence a você De você, só vou lembrar-me Quando tudo começou",Cristiano Araújo,2011,32,https://www.letras.mus.br/cristiano-araujo/1871811/,-1
101,Você Mudou,musica101,musica101_trecho6,"Você era a mulher que eu sempre sonhei Me enganei, pois você, meu bem, mudou Pois você, meu bem, mudou Pois você, meu bem, mudou",Cristiano Araújo,2011,25,https://www.letras.mus.br/cristiano-araujo/1871811/,-1
615,Você Mudou Demais,musica615,musica615_trecho1,Já mudou a cor dos seus cabelos Nem me fala dos seus sonhos Não me conta mais segredos Não divide mais seus medos Nem ao menos diz boa noite Nem me chama pra deitar,Marília Mendonça,2025,34,https://www.letras.mus.br/marilia-mendonca/voce-mudou-demais/,-1
615,Você Mudou Demais,musica615,musica615_trecho6,Foram sonhos demais Tantas noites iguais Eu querendo te amar Sem poder te tocar,Marília Mendonça,2025,14,https://www.letras.mus.br/marilia-mendonca/voce-mudou-demais/,-1
615,Você Mudou Demais,musica615,musica615_trecho7,Vê se volta pra mim Não te quero assim Vendo a nossa paixão Fugir do coração,Marília Mendonça,2025,16,https://www.letras.mus.br/marilia-mendonca/voce-mudou-demais/,-1
661,Você Não Sabe o Que É Amor,musica661,musica661_trecho2,"Pode ir, tudo bem Você não sabe o que é gostar de alguém Pode rir, tô legal E o que eu sofri espero que não sofra igual Fiquei mal, mas passou Você não sabe o que é amor",Luan Santana,2009,38,https://www.letras.mus.br/luan-santana/1534681/,-1
661,Você Não Sabe o Que É Amor,musica661,musica661_trecho7,"Pode ir, tudo bem Você não sabe o que é gostar de alguém Pode rir, tô legal E o que eu sofri espero que não sofra igual Fiquei mal mas passou Você não sabe o que é amor",Luan Santana,2009,38,https://www.letras.mus.br/luan-santana/1534681/,-1
661,Você Não Sabe o Que É Amor,musica661,musica661_trecho8,Você não sabe o que é amor Você não sabe o que é amor,Luan Santana,2009,14,https://www.letras.mus.br/luan-santana/1534681/,-1
1508,Você Sabia,musica1508,musica1508_trecho1,Foi um sentimento que aos poucos Tomou conta sem deixar espaço Fiquei completamente louco Completamente apaixonado,Victor & Leo,2008,16,https://www.letras.mus.br/victor-leo/1359255/,-1
1508,Você Sabia,musica1508,musica1508_trecho2,Aos olhos de quem está de fora Parece coisa de novela Aí o sentimento aflora Magia que ninguém espera,Victor & Leo,2008,19,https://www.letras.mus.br/victor-leo/1359255/,-1
1508,Você Sabia,musica1508,musica1508_trecho5,Você sabia Que mesmo me deixando eu iria Ficar te esperando todo dia Fugindo de mim mesmo pra tentar te esquecer Mas muito mais eu lembraria,Victor & Leo,2008,26,https://www.letras.mus.br/victor-leo/1359255/,-1
1508,Você Sabia,musica1508,musica1508_trecho6,Sabia Que mesmo me deixando eu iria Ficar te esperando todo dia Fugindo de mim mesmo pra tentar te esquecer Mas muito mais eu lembraria sozinho,Victor & Leo,2008,26,https://www.letras.mus.br/victor-leo/1359255/,-1
1508,Você Sabia,musica1508,musica1508_trecho10,Sabia Que mesmo me deixando eu iria Ficar te esperando todo dia Fugindo de mim mesmo pra tentar te esquecer Mas muito mais eu lembraria,Victor & Leo,2008,25,https://www.letras.mus.br/victor-leo/1359255/,-1
929,Você Vai Ficar Em Mim,musica929,musica929_trecho2,"Eu só sei fazer amor te chamando Gritando o seu nome, eu só sei te amar Sinto falta de você quando some, a dor me consome Eu sei que nunca mais te esqueço Pois basta só fechar os meus olhos pra te lembrar",Cristiano Araújo,2011,43,https://www.letras.mus.br/cristiano-araujo/1847635/,-1
929,Você Vai Ficar Em Mim,musica929,musica929_trecho4,"Eu só sei fazer amor te chamando Gritando o seu nome, eu só sei te amar Sinto falta de você quando some, a dor me consome Eu sei que nunca mais te esqueço Pois basta só fechar os meus olhos pra te lembrar Pois basta só fechar os meus olhos pra te lembrar Pois basta só fechar os meus olhos Pra te lembrar",Cristiano Araújo,2011,63,https://www.letras.mus.br/cristiano-araujo/1847635/,-1
982,Você Vai Sentir Saudade,musica982,musica982_trecho1,Você pegou no sono antes de mim de novo E eu fiquei olhando filmes na TV Nem falei o que eu fiz pra você,Marília Mendonça,2025,24,https://www.letras.mus.br/marilia-mendonca/voce-vai-sentir-saudade/,-1
982,Você Vai Sentir Saudade,musica982,musica982_trecho2,Tá sempre só na sua e a minha mente nua Te conta todos os meus sonhos e ilusões Esquece que somos dois corações,Marília Mendonça,2025,23,https://www.letras.mus.br/marilia-mendonca/voce-vai-sentir-saudade/,-1
982,Você Vai Sentir Saudade,musica982,musica982_trecho3,O dia que eu for embora Você vai sentir saudade O dia que eu for embora Você vai sentir saudade,Marília Mendonça,2025,20,https://www.letras.mus.br/marilia-mendonca/voce-vai-sentir-saudade/,-1
982,Você Vai Sentir Saudade,musica982,musica982_trecho4,Você vai sentir saudade Daquelas que a gente chora Você vai sentir saudade No dia que eu for embora,Marília Mendonça,2025,19,https://www.letras.mus.br/marilia-mendonca/voce-vai-sentir-saudade/,-1
982,Você Vai Sentir Saudade,musica982,musica982_trecho6,Vai sentir saudade Vai sentir saudade Vai sentir saudade O dia que eu for embora,Marília Mendonça,2025,15,https://www.letras.mus.br/marilia-mendonca/voce-vai-sentir-saudade/,-1
982,Você Vai Sentir Saudade,musica982,musica982_trecho7,Você vai sentir minha falta Pois só eu entendo o seu jeito de ser O que não quer dizer Que eu tenha que aguentar,Marília Mendonça,2025,24,https://www.letras.mus.br/marilia-mendonca/voce-vai-sentir-saudade/,-1
982,Você Vai Sentir Saudade,musica982,musica982_trecho9,"Por isso, amor O dia que eu for embora Você vai sentir saudade O dia que eu for embora Você vai sentir saudade",Marília Mendonça,2025,23,https://www.letras.mus.br/marilia-mendonca/voce-vai-sentir-saudade/,-1
1523,Você Vai Voltar Pra Mim,musica1523,musica1523_trecho1,"Posso até sangrar, que agora já não dói mais Me acostumei Já parei de chorar, quando alguém fala de você Eu sei",Nathália Siqueira,2007,22,https://www.letras.mus.br/natalia-siqueira/1126873/,-1
1523,Você Vai Voltar Pra Mim,musica1523,musica1523_trecho2,"Te perdi, não dormi, me acabei Nunca mais volto atrás, foi demais Não mereci teu amor Sabe Deus onde foi que eu errei Tudo bem, mas essa noite eu sonhei",Nathália Siqueira,2007,30,https://www.letras.mus.br/natalia-siqueira/1126873/,-1
1523,Você Vai Voltar Pra Mim,musica1523,musica1523_trecho3,Com teus olhos Nos meus olhos Ouvi o som da tua voz (tua voz) Dizendo que se arrependeu,Nathália Siqueira,2007,18,https://www.letras.mus.br/natalia-siqueira/1126873/,-1
1523,Você Vai Voltar Pra Mim,musica1523,musica1523_trecho4,"Tô morrendo, sim De saudade Me diz que a dor chegou ao fim E você vai voltar pra mim",Nathália Siqueira,2007,19,https://www.letras.mus.br/natalia-siqueira/1126873/,-1
1523,Você Vai Voltar Pra Mim,musica1523,musica1523_trecho5,Todo dia tua ausência me persegue onde quer que eu vá Não sou ninguém Sempre tenho que fingir que posso sorrir Mesmo sem te ver,Nathália Siqueira,2007,25,https://www.letras.mus.br/natalia-siqueira/1126873/,-1
1523,Você Vai Voltar Pra Mim,musica1523,musica1523_trecho7,"Vai chover, vou chorar, me esconder, te odiar Só eu sei Mas só que hoje eu sonhei",Nathália Siqueira,2007,17,https://www.letras.mus.br/natalia-siqueira/1126873/,-1
1523,Você Vai Voltar Pra Mim,musica1523,musica1523_trecho13,"Me diz que a dor chegou ao fim E você vai voltar pra mim Oh, oh-oh-oh",Nathália Siqueira,2007,16,https://www.letras.mus.br/natalia-siqueira/1126873/,-1
948,Volta Por Baixo,musica948,musica948_trecho2,"E aí, compensou me largar? Cadê suas amizades? Os seus esqueminhas? Que você falava e falava que tinha É isso que cê chama de volta por cima?",Henrique & Juliano,2020,27,https://www.letras.mus.br/henrique-e-juliano/volta-por-baixo/,-1
948,Volta Por Baixo,musica948,musica948_trecho5,Cadê suas amizades? Os seus esqueminhas? Que você falava e falava que tinha É isso que cê chama de volta por cima?,Henrique & Juliano,2020,22,https://www.letras.mus.br/henrique-e-juliano/volta-por-baixo/,-1
1479,Volta Pra Minha Vida,musica1479,musica1479_trecho2,Hoje tudo parece um sonho Mas você teve medo de acreditar E se enganar outra vez,Jorge & Mateus,2010,16,https://www.letras.mus.br/jorge-mateus/1713707/,-1
1479,Volta Pra Minha Vida,musica1479,musica1479_trecho3,"Esse medo te levou embora Mas não há nada pra você la fora Esse amor não vai te deixar E você vai ver, vai acreditar",Jorge & Mateus,2010,25,https://www.letras.mus.br/jorge-mateus/1713707/,-1
1176,Volta Pro Meu Coração,musica1176,musica1176_trecho2,"Tentei trancar meu coração E ser contrário a essa paixão Tentei apenas sobreviver sem você Mas não deu, não deu, não deu",João Carreiro & Capataz,2010,22,https://www.letras.mus.br/joao-carreiro-capataz/1864521/,-1
279,Volta Vai,musica279,musica279_trecho1,"Eu poderia te enganar, mentir Fingir que esqueci Mas a verdade é que eu vivo a sonhar Em te ver voltar!",Simone & Simaria,2016,21,https://www.letras.mus.br/simone-simaria-as-coleguinhas/volta-vai/,-1
279,Volta Vai,musica279,musica279_trecho2,"Me perdoa Eu não fui santa, errei Esse é meu último pedido Loucamente assim eu só te amei Não vai doer, volta comigo!",Simone & Simaria,2016,23,https://www.letras.mus.br/simone-simaria-as-coleguinhas/volta-vai/,-1
279,Volta Vai,musica279,musica279_trecho3,"Volta, volta, vai O seu olhar tá me dizendo Que você tá me querendo Volta, volta atrás A nossa felicidade Nos amamos, você sabe!",Simone & Simaria,2016,24,https://www.letras.mus.br/simone-simaria-as-coleguinhas/volta-vai/,-1
1050,Voltando Pra Mim,musica1050,musica1050_trecho3,"Mas é, eu também acho uma pena Ter que acabar tudo assim Eu sei que pra você tava perfeito o esquema Cê beija o mundo e volta pra mim",Gustavo Mioto,2025,29,https://www.letras.mus.br/gustavo-mioto/voltando-pra-mim/,-1
1050,Voltando Pra Mim,musica1050,musica1050_trecho4,Eu fui muito além dos meus limites Gostei mais de você do que de mim Só Deus sabe de tudo que eu passei pra ficar com você Agora eu tô voltando pra mim,Gustavo Mioto,2025,33,https://www.letras.mus.br/gustavo-mioto/voltando-pra-mim/,-1
1050,Voltando Pra Mim,musica1050,musica1050_trecho8,Eu fui muito além dos meus limites Gostei mais de você do que de mim Só Deus sabe de tudo que eu passei pra ficar com você Agora eu tô voltando pra mim Agora eu tô voltando pra mim,Gustavo Mioto,2025,39,https://www.letras.mus.br/gustavo-mioto/voltando-pra-mim/,-1
1415,Vou Dar o Nó em Você,musica1415,musica1415_trecho2,Vou parar com as noitadas De beber e de cantar Pagode e viola A balada nem pensar,Thaeme e Thiago,2012,17,https://www.letras.mus.br/thaeme-thiago/arrocha/,-1
1415,Vou Dar o Nó em Você,musica1415,musica1415_trecho4,"Eu vou voltar pro meu pagode À moda sertaneja Eu quero é arrocha Arrocha, arrocha Arrocha a noite inteira",Thaeme e Thiago,2012,19,https://www.letras.mus.br/thaeme-thiago/arrocha/,-1
1415,Vou Dar o Nó em Você,musica1415,musica1415_trecho5,"A culpa é sua que não quis acompanhar Agora eu arrocho Arrocho, arrocho Arrocho sem parar",Thaeme e Thiago,2012,16,https://www.letras.mus.br/thaeme-thiago/arrocha/,-1
1415,Vou Dar o Nó em Você,musica1415,musica1415_trecho6,"Eu vou voltar pro meu pagode À moda sertaneja Eu quero é a rocha Arrocha, arrocha Arrocha a noite inteira",Thaeme e Thiago,2012,20,https://www.letras.mus.br/thaeme-thiago/arrocha/,-1
1415,Vou Dar o Nó em Você,musica1415,musica1415_trecho7,"A culpa é sua Que não quis me acompanhar Agora eu arrocho Arrocho, arrocho Arrocho sem parar",Thaeme e Thiago,2012,17,https://www.letras.mus.br/thaeme-thiago/arrocha/,-1
114,Vou Te Amar (Cigana),musica114,musica114_trecho1,"Um dia uma cigana leu a minha mão Falou que o destino do meu coração Daria muitas voltas, mas ia encontrar você",Hugo Pena e Gabriel,2008,22,https://www.letras.mus.br/hugo-pena-e-gabriel/1328169/,-1
114,Vou Te Amar (Cigana),musica114,musica114_trecho8,Um dia uma cigana leu a minha mão,Hugo Pena e Gabriel,2008,8,https://www.letras.mus.br/hugo-pena-e-gabriel/1328169/,-1
376,Vou Ter Que Superar (part. Marília Mendonça),musica376,musica376_trecho1,"Fui bobo Imaturo demais, deixei escapar entre meus dedos Seu amor, nosso apartamento, futuro perfeito Se eu pudesse, tentava de novo ter você aqui",Matheus & Kauan,2019,24,https://www.letras.mus.br/matheus-kauan/vou-ter-que-superar-part-marilia-mendonca/,-1
376,Vou Ter Que Superar (part. Marília Mendonça),musica376,musica376_trecho3,Só vou pedir desculpas O nosso pra sempre acabou e um novo amor veio com tudo Meu erro pesou na balança e não vamos mais ficar juntos Porque eu estraguei tudo,Matheus & Kauan,2019,31,https://www.letras.mus.br/matheus-kauan/vou-ter-que-superar-part-marilia-mendonca/,-1
376,Vou Ter Que Superar (part. Marília Mendonça),musica376,musica376_trecho4,Vou ter que superar suas fotos com ele viajando E as amigas comentando que são um belo casal Vou ter que superar o dia do casamento Esperando que o tempo aos poucos possa me curar Vou ter que superar que a gente não vai mais voltar Vou ter que superar que a gente não vai mais voltar,Matheus & Kauan,2019,57,https://www.letras.mus.br/matheus-kauan/vou-ter-que-superar-part-marilia-mendonca/,-1
376,Vou Ter Que Superar (part. Marília Mendonça),musica376,musica376_trecho6,Vou ter que superar suas fotos com ela viajando E as amigas comentando que são um belo casal Vou ter que superar o dia do casamento Esperando que o tempo aos poucos possa me curar,Matheus & Kauan,2019,35,https://www.letras.mus.br/matheus-kauan/vou-ter-que-superar-part-marilia-mendonca/,-1
376,Vou Ter Que Superar (part. Marília Mendonça),musica376,musica376_trecho7,Vou ter que superar suas fotos com ele viajando E as amigas comentando que são um belo casal Vou ter que superar o dia do casamento Esperando que o tempo aos poucos possa me curar Vou ter que superar que a gente não vai mais voltar Eu vou ter que superar que a gente não vai mais voltar,Matheus & Kauan,2019,58,https://www.letras.mus.br/matheus-kauan/vou-ter-que-superar-part-marilia-mendonca/,-1
39,Vou Voando,musica39,musica39_trecho3,"Dias que não voltam mais Tempo que ficou pra trás Fotos e recordações Primaveras e verões Juras de amor sem fim Sem você tá tão ruim Ô, ô, ô, ô, ô",Jorge & Mateus,2016,31,https://www.letras.mus.br/jorge-mateus/vou-voando/,-1
39,Vou Voando,musica39,musica39_trecho5,Por que você não vem pra mim voando?,Jorge & Mateus,2016,8,https://www.letras.mus.br/jorge-mateus/vou-voando/,-1
201,Whisky Vagabund0,musica201,musica201_trecho1,Eu quis cercar meu coração Com arame farpado Pra manter ele a salvo Esse seu jeito garanhão Que já sabe os atalhos Ia ganhar ele fácil,Lauana Prado,2023,26,https://www.letras.mus.br/lauana-prado/whisky-vagabund0/,-1
653,Wi-Fi (part. Luan Pereira),musica653,musica653_trecho2,"A nossa conexão tá falhando, já faz tempo Que aqui não chega os: Eu te amo Daqueles que deixa o coração vibrando E é por isso que eu tô me preocupando Nosso amor tá oscilando Uou, uou, uou, uou",Traia Véia,2025,39,https://www.letras.mus.br/traia-veia/wi-fi-part-luan-pereira/,-1
653,Wi-Fi (part. Luan Pereira),musica653,musica653_trecho3,"Se o Wi-Fi tá lento, travando Tem mais gente usando E nem é de Internet que eu tô falando Se o Wi-Fi tá lento, travando Tem mais gente usando E nem é de Internet que eu tô falando Do seu amor eu tô me desligando",Traia Véia,2025,45,https://www.letras.mus.br/traia-veia/wi-fi-part-luan-pereira/,-1
653,Wi-Fi (part. Luan Pereira),musica653,musica653_trecho5,"A nossa conexão tá falhando, já faz tempo Que aqui não chega os: Eu te amo Daqueles que deixa o coração vibrando E é por isso que eu tô me preocupando Nosso amor tá oscilando (tá oscilando) Uou, uou, uou, uou",Traia Véia,2025,41,https://www.letras.mus.br/traia-veia/wi-fi-part-luan-pereira/,-1
653,Wi-Fi (part. Luan Pereira),musica653,musica653_trecho6,"Se o Wi-Fi tá lento, travando Tem mais gente usando E nem é de Internet que eu tô falando Se o Wi-Fi tá lento, travando Tem mais gente usando E nem é de Internet que eu tô falando",Traia Véia,2025,38,https://www.letras.mus.br/traia-veia/wi-fi-part-luan-pereira/,-1
653,Wi-Fi (part. Luan Pereira),musica653,musica653_trecho7,"Se o Wi-Fi (Wi-Fi) tá lento (tá lento), travando (travando) Tem mais gente usando (uou, usando) E nem é de Internet que eu tô falando Do seu amor eu tô me desligando Uh, uh Do seu amor eu tô me desligando Uh, uh E nem é de Internet que eu tô falando",Traia Véia,2025,52,https://www.letras.mus.br/traia-veia/wi-fi-part-luan-pereira/,-1
653,Wi-Fi (part. Luan Pereira),musica653,musica653_trecho8,"E se o Wi-Fi tá lento, travando Tem mais gente usando E nem é de Internet que eu tô falando E se o Wi-Fi tá lento, travando Tem mais gente usando E nem é de Internet que eu tô falando Do seu amor eu tô me desligando",Traia Véia,2025,47,https://www.letras.mus.br/traia-veia/wi-fi-part-luan-pereira/,-1
1315,Zé da Recaída,musica1315,musica1315_trecho2,"Me vê uma dose pra mudar minha vida Da melhor que você tem Pra ver se com inspiração em Old Parr, ela vem O empurrãozinho que falta, ai ai ai Pra completar essa chamada, ah",Gusttavo Lima,2018,35,https://www.letras.mus.br/gusttavo-lima/ze-da-recaida/,-1
1315,Zé da Recaída,musica1315,musica1315_trecho3,Atende aí O Zé da Recaída tá ligando aí Eu não tô nem aí Se salvou meu nome assim O importante é que ao vivo Cê me chama de benzim,Gusttavo Lima,2018,30,https://www.letras.mus.br/gusttavo-lima/ze-da-recaida/,-1
