ranking_posicao,musica,tag_musica,tag_trecho,ESTROFE,artista,ano,ntokens,url,topic
442,10%,musica442,musica442_trecho2,Já viu o meu desespero E aumentou o volume da televisão Sabe que sou viciada E bebo dobrado ouvindo um modão,Maiara & Maraisa,2016,21,https://www.letras.mus.br/maiara-maraisa/10/,-1
442,10%,musica442,musica442_trecho4,"Garçom, troca o DVD Que essa moda me faz sofrer E o coração não guenta Desse jeito você me desmonta Cada dose cai na conta e os 10% aumenta",Maiara & Maraisa,2016,29,https://www.letras.mus.br/maiara-maraisa/10/,-1
442,10%,musica442,musica442_trecho6,Aí cê me arrebenta! E o coração não guenta E os 10% aumenta,Maiara & Maraisa,2016,13,https://www.letras.mus.br/maiara-maraisa/10/,-1
10,31/12,musica10,musica10_trecho1,Por que você não sai da minha cabeça?,Jorge & Mateus,2015,8,https://www.letras.mus.br/jorge-mateus/31-de-dezembro/,-1
10,31/12,musica10,musica10_trecho3,E por mais que eu queira Por que você não sai da minha cabeça? Por que você não sai da minha cabeça? E vou pedir pra toda estrela que eu vejo Pra realizar meu único desejo,Jorge & Mateus,2015,36,https://www.letras.mus.br/jorge-mateus/31-de-dezembro/,-1
10,31/12,musica10,musica10_trecho9,"Por que você não sai da minha cabeça? Por que você não sai da minha cabeça? Não sai Por que? Por que você não sai da minha cabeça? Você, por que? Não sai, não sai, não sai da minha cabeça não Por que você não sai da minha cabeça? Não sai da minha cabeça Não sai da minha cabeça, por que?",Jorge & Mateus,2015,61,https://www.letras.mus.br/jorge-mateus/31-de-dezembro/,-1
803,1° de Janeiro,musica803,musica803_trecho2,"Até mesmo as sete ondas E os fogos no céu Sabia o que eu ia pedir pro Papai Noel Era você, eh, eh, iêh, eh, eh, iêh, iêh, iêh",Nilson Neto,2024,29,https://www.letras.mus.br/nilson-neto-funk/1deg-de-janeiro/,-1
803,1° de Janeiro,musica803,musica803_trecho3,E quando o céu apagar E o ano virar É com você que eu quero acordar,Nilson Neto,2024,16,https://www.letras.mus.br/nilson-neto-funk/1deg-de-janeiro/,-1
803,1° de Janeiro,musica803,musica803_trecho4,Primeiro de Janeiro Nós dois e um travesseiro Pra mim seria desse jeito o Ano inteiro,Nilson Neto,2024,16,https://www.letras.mus.br/nilson-neto-funk/1deg-de-janeiro/,-1
803,1° de Janeiro,musica803,musica803_trecho5,"E quando o céu apagar, ah, ah, ah Só falta você aceitar, ah, ah, ah Primeiro de Janeiro Cenário perfeito É ter você comigo esse ano inteiro",Nilson Neto,2024,27,https://www.letras.mus.br/nilson-neto-funk/1deg-de-janeiro/,-1
803,1° de Janeiro,musica803,musica803_trecho12,Primeiro de Janeiro Cenário perfeito É ter você comigo esse ano inteiro,Nilson Neto,2024,12,https://www.letras.mus.br/nilson-neto-funk/1deg-de-janeiro/,-1
208,10 Anos,musica208,musica208_trecho1,Fala Seria covardia ir embora sem dizer por quê Existem tantas páginas dessa história pra escrever Não venha inventar um fim,Gusttavo Lima,2014,21,https://www.letras.mus.br/gusttavo-lima/10-anos/,-1
208,10 Anos,musica208,musica208_trecho2,"Fala Depois de tanto tempo juntos, você vai deixar no ar? Será que pensa que agindo assim o amor irá mudar? Há tanto ainda pra viver, tudo é nada sem você",Gusttavo Lima,2014,31,https://www.letras.mus.br/gusttavo-lima/10-anos/,-1
89,10 Minutos Longe de Você (part. Henrique e Juliano),musica89,musica89_trecho1,Dizem que os olhos são como o espelho Que seu brilho sempre reflete aquilo que seu coração tá cheio Dizem que a boca descreve momentos Com palavras de amor revelando o que trago no meu peito,Victor & Leo,2015,36,https://www.letras.mus.br/victor-leo/10-minutos-longe-de-voce/,-1
89,10 Minutos Longe de Você (part. Henrique e Juliano),musica89,musica89_trecho4,"Tome um banho de flores, passe o seu perfume Coloque aquela roupa que me traz ciúme Que eu estou chegando pra te amar",Victor & Leo,2015,23,https://www.letras.mus.br/victor-leo/10-minutos-longe-de-voce/,-1
1439,100% Você,musica1439,musica1439_trecho3,"Eu queria ser poeta, mas eu sei nunca vou ser Um poeta pensa muito e eu só penso em você Eu viajo e imagino um final só pra nós dois O passado a gente deixa pra depois",Fernando e Sorocaba,2020,37,https://www.letras.mus.br/fernando-sorocaba/1459131/,-1
1045,11 Vidas,musica1045,musica1045_trecho1,"Me pareço tanto com você Olhando dá pra ver, seu rosto lembra o meu Desde o primeiro aniversário O primeiro passo, sempre pronto pra me defender",Lucas Lucco,2014,26,https://www.letras.mus.br/lucas-lucco/11-vidas/,-1
1045,11 Vidas,musica1045,musica1045_trecho5,"Pai, eu sei, o tempo é implacável Afasta os nossos corpos, mas aproxima o coração O seu nome é sempre lembrado Com um verso, eu falo de você sempre na oração",Lucas Lucco,2014,31,https://www.letras.mus.br/lucas-lucco/11-vidas/,-1
1045,11 Vidas,musica1045,musica1045_trecho6,"Pai, foi muito chato crescer Passei a não ter você contando histórias pra eu dormir Mesmo o mundo querendo me derrubar Ao meu lado você sempre está Pra me levantar quando eu cair",Lucas Lucco,2014,33,https://www.letras.mus.br/lucas-lucco/11-vidas/,-1
1459,126 Cabides,musica1459,musica1459_trecho1,"Contando, são 126 cabides E no guarda-roupa Um grande espaço seu deixado O que faço? Estou eu bem no meu canto Futuro levado meu, roubado",Simone & Simaria,2016,25,https://www.letras.mus.br/simone-simaria-as-coleguinhas/126-cabides/,-1
1459,126 Cabides,musica1459,musica1459_trecho2,"Tô negociando com a solidão Tô tentando convencer Que ela não fique, não, se vá Tô eu negociando com a solidão Só me cobre esse juros No final da outra estação e se vá",Simone & Simaria,2016,34,https://www.letras.mus.br/simone-simaria-as-coleguinhas/126-cabides/,-1
1459,126 Cabides,musica1459,musica1459_trecho4,"Tô eu negociando com a solidão Tô tentando convencer Que ela não fique, não, se vá Tô eu negociando com a solidão Só me cobre esse juros No final da outra estação e se vá",Simone & Simaria,2016,35,https://www.letras.mus.br/simone-simaria-as-coleguinhas/126-cabides/,-1
1430,24 Horas,musica1430,musica1430_trecho2,"E me perdi Quando eu vi que você me deixou E me trocou sem nenhuma razão Era demais, a vida era bela",Luan Santana,2012,22,https://www.letras.mus.br/luan-santana/24-horas/,-1
1262,24 Horas (Pensando Em Você),musica1262,musica1262_trecho2,"1, 2, 3 da manha, eu aqui pensando em você Fico rolando na cama, até ver o dia amanhecer No carro, no transito, indo pro trabalho No rádio começa a nossa canção Será que isso é obra do acaso Meu Deus, só pode ser provocação",Léo Magalhães,2010,45,https://www.letras.mus.br/leo-magalhaes/1722916/,-1
1262,24 Horas (Pensando Em Você),musica1262,musica1262_trecho4,"3, 4, 5 da tarde encontro os amigos pra o happy hour Até nessa hora confesso, meu Deus, que bate a saudade Em casa, a noite, começa a novela Um beijo me faz pensar em você Então vou pra cama e começa de novo Mais um dia que eu vejo amanhecer",Léo Magalhães,2010,51,https://www.letras.mus.br/leo-magalhaes/1722916/,-1
865,24 Horas de Amor/ Só Dá Você Na Minha Vida/ Pense Em Mim/ Talismã (pot-pourri),musica865,musica865_trecho5,"Eu tentei, eu lutei, fiz o possível Mas viver sem você é impossível Eu tentei, eu busquei outra saída Mas o que fazer se só dá você na minha vida",Ícaro e Gilmar,2020,30,https://www.letras.mus.br/icaro-e-gilmar/24-horas-de-amor-so-da-voce-na-minha-vida-pense-em-mim-talisma-pot-pourri/,-1
1517,3 de Maio,musica1517,musica1517_trecho3,"Chegou a hora e do seu lado eu começo a suar Foi mal, eu já nem sei mais o que ia dizer Trouxe essa flor de plástico pra te presentear Eu vou te amar até a flor morrer",Luan Santana,2012,38,https://www.letras.mus.br/luan-santana/3-de-maio/,-1
1145,365 Dias,musica1145,musica1145_trecho2,Desenhei teu rosto no teto do meu quarto Pra dormir sempre te olhando E ao fechar os olhos me vejo te amando Por isso que eu acordo sempre chorando,Thaeme e Thiago,2012,29,https://www.letras.mus.br/thaeme-thiago/1985791/,-1
1145,365 Dias,musica1145,musica1145_trecho5,Ainda sei de cor seu telefone Sei decifrar os teus quinze sorrisos Conheço a palmo todo o seu corpo Que era o meu paraíso,Thaeme e Thiago,2012,24,https://www.letras.mus.br/thaeme-thiago/1985791/,-1
979,4 e 15,musica979,musica979_trecho1,"Quatro e quinze, vem falar comigo Diz que eu tô sumida Eu respondi: Pois é",Marília Mendonça,2015,15,https://www.letras.mus.br/marilia-mendonca/quatro-e-quinze/,-1
979,4 e 15,musica979,musica979_trecho2,"Aqui tá tudo bem, tudo do mesmo jeito Com os mesmos defeitos A diferença é que alguém me aceitou do jeito que eu sou Mas que bom que você perguntou",Marília Mendonça,2015,30,https://www.letras.mus.br/marilia-mendonca/quatro-e-quinze/,-1
979,4 e 15,musica979,musica979_trecho5,"Era meu grande amor, hoje é só mais um ex Nunca deu certo dividir amor pra três Se foi tão bom, por que não quis continuar? Não tá na hora de me ligar Desculpa, mas eu vou desligar",Marília Mendonça,2015,38,https://www.letras.mus.br/marilia-mendonca/quatro-e-quinze/,-1
311,5 KM,musica311,musica311_trecho3,"Desliga esse abajur, que o show não precisa de luz Ação, romance ou suspense, a escolha é sua O filme é só pra arrumar desculpa O filme é só pra arrumar desculpa",Henrique & Juliano,2017,32,https://www.letras.mus.br/henrique-e-juliano/5-km/,-1
311,5 KM,musica311,musica311_trecho4,"Desliga esse abajur, que o show não precisa de luz Ação, romance ou suspense, a escolha é sua O filme é só pra arrumar desculpa A gente pausa, volta e continua",Henrique & Juliano,2017,31,https://www.letras.mus.br/henrique-e-juliano/5-km/,-1
35,50 Reais (part. Maiara & Maraisa),musica35,musica35_trecho1,"Bonito! Que bonito, hein! Que cena mais linda Será que eu estou atrapalhando o casalzinho aí?",Naiara Azevedo,2016,16,https://www.letras.mus.br/naiara-azevedo/50-reais/,-1
35,50 Reais (part. Maiara & Maraisa),musica35,musica35_trecho2,Que lixo! Cê tá de brincadeira Então é aqui o seu futebol toda quarta-feira,Naiara Azevedo,2016,14,https://www.letras.mus.br/naiara-azevedo/50-reais/,-1
162,60 Segundos,musica162,musica162_trecho2,"Cada segundo que se passa Mais aumenta essa vontade Esse desejo, essa paixão Que me domina, me fascina Com seu jeito de menina tão linda",Gusttavo Lima,2011,25,https://www.letras.mus.br/gusttavo-lima/1966132/,-1
162,60 Segundos,musica162,musica162_trecho7,"Cada segundo que se passa Mais aumenta essa vontade Esse desejo, essa paixão Que me ilumina, me fascina Com seu jeito de menina tão linda",Gusttavo Lima,2011,25,https://www.letras.mus.br/gusttavo-lima/1966132/,-1
1183,A Bela e o Fera,musica1183,musica1183_trecho1,Ela é mistério cheia de segredos Ele é bagunçado cheio de defeitos Toda noite cai na farra Ele toca o terror,Munhoz & Mariano,2011,21,https://www.letras.mus.br/munhoz-mariano/a-bela-e-a-fera/,-1
1183,A Bela e o Fera,musica1183,musica1183_trecho2,E pra faculdade não tá nem aí Ele tá formado em se divertir E ela só nos livros Cineminha e computador,Munhoz & Mariano,2011,21,https://www.letras.mus.br/munhoz-mariano/a-bela-e-a-fera/,-1
1216,A Bússola,musica1216,musica1216_trecho2,Alguma coisa assim pra me guiar E o seu olhar brilhou na imensidão Salvando meu coração E o sol nasceu pra mim Angústia teve fim Amor descontrolado Vou pra guerra do seu lado,Luan Santana,2011,33,https://www.letras.mus.br/luan-santana/1779415/,-1
256,A Carta,musica256,musica256_trecho1,Estou escrevendo esta carta meio aos prantos Ando meio pelos cantos Pois não encontrei coragem De encarar o seu olhar,Eduardo Costa,2008,20,https://www.letras.mus.br/eduardo-costa/1303708/,-1
256,A Carta,musica256,musica256_trecho2,Está fazendo algum tempo Que uma coisa aqui por dentro Despertou e é tão forte Que eu não pude te contar,Eduardo Costa,2008,21,https://www.letras.mus.br/eduardo-costa/1303708/,-1
256,A Carta,musica256,musica256_trecho3,Quando você ler Eu vou estar bem longe Não me julgue tão covarde Só não quis te ver chorar,Eduardo Costa,2008,19,https://www.letras.mus.br/eduardo-costa/1303708/,-1
256,A Carta,musica256,musica256_trecho6,"E por isso decidi Que vou ficar com ela A minha passagem, por favor, cancela Vá sozinha, eu não vou mais",Eduardo Costa,2008,21,https://www.letras.mus.br/eduardo-costa/1303708/,-1
256,A Carta,musica256,musica256_trecho7,Quando cheguei no portão da minha casa Como se eu tivesse asas Me senti igual criança Deu vontade de voar,Eduardo Costa,2008,20,https://www.letras.mus.br/eduardo-costa/1303708/,-1
256,A Carta,musica256,musica256_trecho8,"Quase entrei pela janela Minha esposa ali, tão bela Dei um forte e longo abraço E comecei a chorar",Eduardo Costa,2008,19,https://www.letras.mus.br/eduardo-costa/1303708/,-1
256,A Carta,musica256,musica256_trecho12,"E por isso decidi Que vou ficar com ela A minha passagem, por favor, cancela Vá sozinha, não vou mais",Eduardo Costa,2008,20,https://www.letras.mus.br/eduardo-costa/1303708/,-1
256,A Carta,musica256,musica256_trecho15,"Vá sozinha, eu não vou mais Eu não vou mais",Eduardo Costa,2008,10,https://www.letras.mus.br/eduardo-costa/1303708/,-1
1377,A Culpa É Dele (part. Maiara & Maraisa),musica1377,musica1377_trecho2,"Lembro da noite, sim Que a gente saiu Cê disse que ia ali Logo depois sumiu Aonde você tava? Como assim, vou ficar brava? Que história é essa que aconteceu?",Marília Mendonça,2018,30,https://www.letras.mus.br/marilia-mendonca/a-culpa-dele-part-maiara-e-maraisa/,-1
1377,A Culpa É Dele (part. Maiara & Maraisa),musica1377,musica1377_trecho4,"Se quem tava comigo era ele, a culpa é dele Quem fez essa bagunça na nossa amizade é ele Eu não vou deixar de ser sua amiga por causa de um qualquer Que não respeita uma mulher",Marília Mendonça,2018,37,https://www.letras.mus.br/marilia-mendonca/a-culpa-dele-part-maiara-e-maraisa/,-1
171,A Culpa É Nossa,musica171,musica171_trecho1,Tá preocupado com o que eu vou falar Quando alguém perguntar o motivo da gente largar Eu vou falar a verdade Se isso te incomoda,Maiara & Maraisa,2023,25,https://www.letras.mus.br/maiara-maraisa/a-culpa-e-nossa/,-1
117,A Dama de Vermelho,musica117,musica117_trecho2,Note que até a orquestra Fica toda em festa Quando ela sai para dançar,Bruno & Marrone,2019,14,https://www.letras.mus.br/bruno-e-marrone/94659/,-1
1188,A Distância,musica1188,musica1188_trecho2,"Quantas vezes eu pensei em voltar E dizer que meu amor, nada mudou Mas o meu silêncio foi maior E na distância morro todo dia sem você saber",Zezé Di Camargo & Luciano,2008,28,https://www.letras.mus.br/zeze-di-camargo-e-luciano/1372804/,-1
1256,A Fila Anda,musica1256,musica1256_trecho1,Tá se achando demais Tá pisando sem dó Tá fazendo besteira uma atrás da outra Tá querendo ficar só,Leonardo,2008,19,https://www.letras.mus.br/leonardo/1241598/,-1
1256,A Fila Anda,musica1256,musica1256_trecho2,Tá perdendo a razão Vê se cai na real Porque o ontem já era O amanhã não espera E você pode se dar mal,Leonardo,2008,24,https://www.letras.mus.br/leonardo/1241598/,-1
1256,A Fila Anda,musica1256,musica1256_trecho3,Você não pensa no que fala E acaba sempre machucando quem te dá amor Insiste em me olhar de cima Eu sinto que não tem mais clima A gente acabou,Leonardo,2008,30,https://www.letras.mus.br/leonardo/1241598/,-1
1252,A Fila Andou,musica1252,musica1252_trecho1,Cansei de esperar na janela de casa Me enchi do seu jogo agora vou me virar Não quero mais lágrimas na minha vida,Maria Cecília e Rodolfo,2008,23,https://www.letras.mus.br/maria-cecilia-rodolfo/1302405/,-1
630,A Gente Nem Ficou,musica630,musica630_trecho1,A gente nem ficou Mesmo assim eu não tiro você da cabeça O pouco que durou Nosso encontro me faz duvidar Que um dia eu te esqueça,Jorge & Mateus,2012,27,https://www.letras.mus.br/jorge-mateus/a-gente-nem-ficou/,-1
630,A Gente Nem Ficou,musica630,musica630_trecho3,Bem melhor a gente deixar rolar Se entregar Ver o fogo que apagou Queimar de novo,Jorge & Mateus,2012,16,https://www.letras.mus.br/jorge-mateus/a-gente-nem-ficou/,-1
630,A Gente Nem Ficou,musica630,musica630_trecho4,"E aí? Quando vem me ver? Tô aqui esperando você E nem dormi, a noite já passou Não consigo mais me dominar Você me enfeitiçou",Jorge & Mateus,2012,25,https://www.letras.mus.br/jorge-mateus/a-gente-nem-ficou/,-1
630,A Gente Nem Ficou,musica630,musica630_trecho6,E a gente nem ficou Mesmo assim eu não tiro você da cabeça E o pouco que durou Nosso encontro me faz duvidar Que um dia eu te esqueça,Jorge & Mateus,2012,29,https://www.letras.mus.br/jorge-mateus/a-gente-nem-ficou/,-1
630,A Gente Nem Ficou,musica630,musica630_trecho9,"E aí, quando vem me ver? Tô aqui esperando você E nem dormi, a noite já passou Não consigo mais me dominar Você me enfeitiçou",Jorge & Mateus,2012,25,https://www.letras.mus.br/jorge-mateus/a-gente-nem-ficou/,-1
71,A Hora É Agora,musica71,musica71_trecho2,Aumente o som Pra ficar bom a nossa festa não tem hora pra acabar O teu sorriso abre as portas do paraíso Vem comigo pra gente dançar,Jorge & Mateus,2012,27,https://www.letras.mus.br/jorge-mateus/a-hora-e-agora/,-1
71,A Hora É Agora,musica71,musica71_trecho3,"A melhor hora sempre é agora E o melhor lugar é sempre onde você está E a luz nunca se apaga, juízo sempre acaba E a nossa música vai começar",Jorge & Mateus,2012,30,https://www.letras.mus.br/jorge-mateus/a-hora-e-agora/,-1
71,A Hora É Agora,musica71,musica71_trecho8,"A melhor hora sempre é agora E o melhor lugar é sempre onde você está E a luz nunca se apaga, juízo sempre acaba E a nossa música vai começar, oh, oh",Jorge & Mateus,2012,32,https://www.letras.mus.br/jorge-mateus/a-hora-e-agora/,-1
1278,A Louca,musica1278,musica1278_trecho1,Não vem bancar a louca Não adianta pirar Foi você quem me usou E depois me pediu Pra nunca mais voltar,Luan Santana,2009,21,https://www.letras.mus.br/luan-santana/1407540/,-1
1278,A Louca,musica1278,musica1278_trecho4,"E agora vem com papo que estava errada Metendo a boca, toda enciumada Mas eu só fiz o que você mandou",Luan Santana,2009,21,https://www.letras.mus.br/luan-santana/1407540/,-1
184,A Maior Saudade,musica184,musica184_trecho1,"Tem amores da vida que não são pra vida Nesse caso, eu e você somos a prova viva Tem começo que o fim nem passa na cabeça Até que um belo dia, esse dia chega",Henrique & Juliano,2021,35,https://www.letras.mus.br/henrique-e-juliano/a-maior-saudade/,-1
184,A Maior Saudade,musica184,musica184_trecho2,"Chega chamando pelo nome quem chamou de amor E a boca que falou te amo, fala que acabou E o nosso pra sempre, infelizmente, não vingou",Henrique & Juliano,2021,26,https://www.letras.mus.br/henrique-e-juliano/a-maior-saudade/,-1
1291,A Mala é Falsa (part. Henrique & Juliano),musica1291,musica1291_trecho1,"É, agora tá com tempo pra me escutar Agora diz que ama e que vai mudar Eu sei que a cena é forte, vai doer agora Arrumei minha mala, tô caindo fora",Felipe Araújo,2016,32,https://www.letras.mus.br/felipe-araujo/a-mala-e-falsa-amor/,-1
1291,A Mala é Falsa (part. Henrique & Juliano),musica1291,musica1291_trecho2,"Você não percebeu, mas esfriou Caiu na rotina, você descuidou Eu só queria um pouco de carinho Fica tranquila amor eu tô fingindo",Felipe Araújo,2016,23,https://www.letras.mus.br/felipe-araujo/a-mala-e-falsa-amor/,-1
826,A Noite (La Notte),musica826,musica826_trecho1,"Palavras não bastam, não dá pra entender Esse medo que cresce e não para É uma história que se complicou Eu sei bem o porquê",Gusttavo Lima,2024,25,https://www.letras.mus.br/gusttavo-lima/a-noite/,-1
826,A Noite (La Notte),musica826,musica826_trecho4,"Pro tanto que eu te queria, o perto nunca bastava Essa proximidade não dava Me perdi no que era real e no que eu inventei Reescrevi as memórias, deixei o cabelo crescer E te dedico uma linda história, confesso Nem a maldade do tempo consegue me afastar de você",Gusttavo Lima,2024,49,https://www.letras.mus.br/gusttavo-lima/a-noite/,-1
826,A Noite (La Notte),musica826,musica826_trecho5,Te contei tantos segredos Que já não eram só meus Rimas de um velho diário Que nunca me pertenceu,Gusttavo Lima,2024,19,https://www.letras.mus.br/gusttavo-lima/a-noite/,-1
118,A Nossa Praia,musica118,musica118_trecho1,"Você reparou, o tempo parou pra nós A melhor canção é o som da sua voz No horizonte o céu faz um show de cores pra nós dois E deixa eu te falar que o melhor eu guardei pra depois Ô, ô, ô, ô",Matheus & Kauan,2017,44,https://www.letras.mus.br/matheus-kauan/a-nossa-praia/,-1
118,A Nossa Praia,musica118,musica118_trecho2,"A nossa praia é amar, beijar Ficar de boa em frente ao mar Com aquela pessoa que eu escolhi pra ficar E tudo que atrasa, deixa a maré levar Deixa levar",Matheus & Kauan,2017,31,https://www.letras.mus.br/matheus-kauan/a-nossa-praia/,-1
118,A Nossa Praia,musica118,musica118_trecho3,"A nossa praia é amar, beijar Ficar de boa em frente ao mar Com aquela pessoa que eu escolhi pra ficar E tudo que atrasa, deixa a maré levar Deixa levar Ô, ô, ô, ô",Matheus & Kauan,2017,35,https://www.letras.mus.br/matheus-kauan/a-nossa-praia/,-1
118,A Nossa Praia,musica118,musica118_trecho4,"Você reparou, o tempo parou pra nós No horizonte o céu faz um show de cores pra nós dois E deixa eu te falar que o melhor eu guardei pra depois Ô, ô, ô, ô",Matheus & Kauan,2017,35,https://www.letras.mus.br/matheus-kauan/a-nossa-praia/,-1
118,A Nossa Praia,musica118,musica118_trecho5,"A nossa praia é amar, beijar Ficar de boa em frente ao mar Com aquela pessoa que eu escolhi pra ficar E tudo que atrasa, deixa a maré levar Deixa, deixa levar Ô, ô, ô, ô",Matheus & Kauan,2017,36,https://www.letras.mus.br/matheus-kauan/a-nossa-praia/,-1
118,A Nossa Praia,musica118,musica118_trecho6,"A nossa praia é amar, beijar Ficar de boa em frente ao mar Com aquela pessoa que eu escolhi pra ficar E tudo que atrasa, deixa a maré levar Deixa levar A nossa praia é amar, amar Deixa a maré levar",Matheus & Kauan,2017,41,https://www.letras.mus.br/matheus-kauan/a-nossa-praia/,-1
1040,A Paz,musica1040,musica1040_trecho1,Deve haver um lugar dentro do seu coração Onde a paz brilhe mais que uma lembrança Sem a luz que ela traz já nem se consegue mais Encontrar o caminho da esperança,Daniel,2015,32,https://www.letras.mus.br/daniel/a-paz-heal-the-world/,-1
1040,A Paz,musica1040,musica1040_trecho2,"Sinta, chega o tempo de enxugar o pranto dos homens Se fazendo irmão e estendendo a mão",Daniel,2015,17,https://www.letras.mus.br/daniel/a-paz-heal-the-world/,-1
1040,A Paz,musica1040,musica1040_trecho4,"Se você for capaz de soltar a sua voz Pelo ar, como prece de criança Deve então começar outros vão te acompanhar E cantar com harmonia e esperança",Daniel,2015,28,https://www.letras.mus.br/daniel/a-paz-heal-the-world/,-1
1040,A Paz,musica1040,musica1040_trecho5,"Deixe, que esse canto lave o pranto do mundo Pra trazer perdão e dividir o pão",Daniel,2015,16,https://www.letras.mus.br/daniel/a-paz-heal-the-world/,-1
1040,A Paz,musica1040,musica1040_trecho7,"Quanta dor e sofrimento em volta a gente ainda tem Pra manter a fé e o sonho dos que ainda vêm A lição pro futuro vem da alma e do coração Pra buscar a paz, não olhar pra trás, com amor",Daniel,2015,41,https://www.letras.mus.br/daniel/a-paz-heal-the-world/,-1
861,A Rosa E O Beija-Flor,musica861,musica861_trecho2,E quando estiver num dia triste Basta o sorriso dela pra você ficar feliz E quando se sentir realizado E dizer que encontrou o bem Que você sempre quis,Matheus & Kauan,2015,29,https://www.letras.mus.br/matheus-kauan/a-rosa-e-o-beija-flor/,-1
1340,À Sua Vista,musica1340,musica1340_trecho1,"Penso em você, é quase uma oração Ao nosso amor, minha religião Que eu sigo à risca Mesmo quando não estou à sua vista",João Neto e Frederico,2008,24,https://www.letras.mus.br/joao-neto-frederico/1452379/,-1
1340,À Sua Vista,musica1340,musica1340_trecho2,"O dia todo, o tempo inteiro Ouço tua voz, sinto teu cheiro Canto pra você Minha amada, minha coisa mais bonita",João Neto e Frederico,2008,21,https://www.letras.mus.br/joao-neto-frederico/1452379/,-1
1340,À Sua Vista,musica1340,musica1340_trecho3,Eu conto as horas pra te ver Pra ser domingo todo dia com você Ficar na paz e ser bem mais Do que a gente pensou que ia ser,João Neto e Frederico,2008,29,https://www.letras.mus.br/joao-neto-frederico/1452379/,-1
1470,A Verdade,musica1470,musica1470_trecho1,Diz pra ela que eu mudei de cidade Que eu fui viajar com os meus amigos Diz pra ela que tô curtindo a liberdade E que eu tô trabalhando e tudo tá corrido Fala que me viu feliz demais E que tá tudo lindo,Fernando e Sorocaba,2012,44,https://www.letras.mus.br/fernando-sorocaba/1888690/,-1
1470,A Verdade,musica1470,musica1470_trecho2,"Só não conta que eu pirei Nem que eu fiquei louco Não deixa ela saber Que eu tô morrendo aos poucos Inventa a história que você quiser Não conte a verdade, a verdade",Fernando e Sorocaba,2012,33,https://www.letras.mus.br/fernando-sorocaba/1888690/,-1
1470,A Verdade,musica1470,musica1470_trecho4,Só não conta que eu pirei Nem que eu fiquei louco Não deixa ela saber Que eu tô morrendo aos poucos Inventa a história que você quiser Não conte a verdade,Fernando e Sorocaba,2012,31,https://www.letras.mus.br/fernando-sorocaba/1888690/,-1
1470,A Verdade,musica1470,musica1470_trecho6,Só não conta que eu pirei Nem que eu fiquei louco Não deixa ela saber Que eu tô morrendo aos poucos Inventa a história que você quiser,Fernando e Sorocaba,2012,27,https://www.letras.mus.br/fernando-sorocaba/1888690/,-1
322,ABALO EMOCIONAL,musica322,musica322_trecho8,"Dona da lei, eu não queria te amar, te amei Eu não queria me entregar, me entreguei Eu não queria me jogar, eu me joguei Eu não queria",Luan Santana,2022,28,https://www.letras.mus.br/luan-santana/abalo-emocional/,-1
1111,Abelha (part. Jorge & Mateus),musica1111,musica1111_trecho2,Mas seus pensamentos são maus Você só pensa em vingança E a sua segurança é dominar,João Bosco & Vinícius,2011,16,https://www.letras.mus.br/joao-bosco-viniciusacustico/1849237/,-1
936,Abre o Portão Que Eu Cheguei,musica936,musica936_trecho2,"Você deve se achar muito esperta Toda vez com a mesma conversa Me ilude, me leva no chão E quando vou dormir já estou com você na sua cama",Gusttavo Lima,2016,29,https://www.letras.mus.br/gusttavo-lima/abre-o-portao-que-eu-cheguei/,-1
936,Abre o Portão Que Eu Cheguei,musica936,musica936_trecho13,Abre o portão que eu cheguei,Gusttavo Lima,2016,6,https://www.letras.mus.br/gusttavo-lima/abre-o-portao-que-eu-cheguei/,-1
913,Aceita Que Dói Menos (part. Marília Mendonça),musica913,musica913_trecho1,"Tô aqui jogado fora Ela não quer mais me ver Vacilei, pisei na bola E ela me deu o fora Tô perdido sem você",Trio Parada Dura,2017,24,https://www.letras.mus.br/trio-parada-dura/aceita-que-doi-menos/,-1
913,Aceita Que Dói Menos (part. Marília Mendonça),musica913,musica913_trecho2,Quem me amava de verdade Se cansou e bateu asa Já tem alguém que te adora Enquanto busquei lá fora O que eu já tinha em casa,Trio Parada Dura,2017,27,https://www.letras.mus.br/trio-parada-dura/aceita-que-doi-menos/,-1
913,Aceita Que Dói Menos (part. Marília Mendonça),musica913,musica913_trecho3,"De tanta saudade dela Chorando, eu liguei pra ela Pra dizer que estou sofrendo Insisti e ela atendeu Sorrindo, me respondeu Aceita, que dói menos",Trio Parada Dura,2017,25,https://www.letras.mus.br/trio-parada-dura/aceita-que-doi-menos/,-1
913,Aceita Que Dói Menos (part. Marília Mendonça),musica913,musica913_trecho6,"De tanta saudade dele Chorando, eu liguei pra ele Pra dizer que eu tô sofrendo Insisti e ele atendeu Sorrindo, me respondeu Aceita, que dói menos",Trio Parada Dura,2017,26,https://www.letras.mus.br/trio-parada-dura/aceita-que-doi-menos/,-1
913,Aceita Que Dói Menos (part. Marília Mendonça),musica913,musica913_trecho8,"Aceita, que dói menos Aceita, que dói menos",Trio Parada Dura,2017,8,https://www.letras.mus.br/trio-parada-dura/aceita-que-doi-menos/,-1
1292,Acidente de Amor,musica1292,musica1292_trecho1,"Ela chegou correndo demais Imprudente, bateu e arrebentou meu peito Acidente de amor machuca demais Furou o lado esquerdo, amassou o direito",Gino e Geno,2005,22,https://www.letras.mus.br/gino-e-geno/241826/,-1
1292,Acidente de Amor,musica1292,musica1292_trecho2,Ela chegou correndo demais Ela não conseguiu evitar a pancada Acidente de amor machuca demais Mas ela também saiu machucada,Gino e Geno,2005,20,https://www.letras.mus.br/gino-e-geno/241826/,-1
1292,Acidente de Amor,musica1292,musica1292_trecho3,Ela veio guiando a paixão a 200 por hora quando se perdeu E pegou meu coração de frente E nesse acidente a vítima sou eu E agora nesse sofrimento Meu ferimento não sara e não cura E o pior é que ela se evadiu E por esse Brasil meu amor lhe procura,Gino e Geno,2005,52,https://www.letras.mus.br/gino-e-geno/241826/,-1
1292,Acidente de Amor,musica1292,musica1292_trecho6,"No acidente eu perdi o sentido E acordei ferido doendo de amor Preocupado comigo e com ela Disseram que ela também se machucou E agora não sei onde está Aquela que está me fazendo sofrer Mesmo assim eu tô aqui me abrindo Ferido, sentindo meu peito doer",Gino e Geno,2005,47,https://www.letras.mus.br/gino-e-geno/241826/,-1
1292,Acidente de Amor,musica1292,musica1292_trecho9,Na intenção de encontrar a malvada Um retrato falado eu mandei fazer Não me lembro de muitos detalhes Mas de uma coisa eu não posso esquecer Apesar da violência do choque Ainda sinto o toque e o perfume no ar E no meu coração infeliz Pra sempre a cicatriz desse amor vai ficar,Gino e Geno,2005,53,https://www.letras.mus.br/gino-e-geno/241826/,-1
549,Acordando o Prédio,musica549,musica549_trecho2,"Sei que tá bom, mas as paredes têm ouvido E era pra ser escondido, já que não é mais",Luan Santana,2016,19,https://www.letras.mus.br/luan-santana/acordando-o-predio/,-1
549,Acordando o Prédio,musica549,musica549_trecho3,Vamo acordar esse prédio Fazer inveja pro povo Enquanto eles tão indo trabalhar A gente faz amor gostoso de novo,Luan Santana,2016,20,https://www.letras.mus.br/luan-santana/acordando-o-predio/,-1
549,Acordando o Prédio,musica549,musica549_trecho4,"Vamo acordar esse prédio Fazer inveja pro povo Enquanto eles tão indo trabalhar A gente faz amor gostoso de novo (de novo, de novo)",Luan Santana,2016,24,https://www.letras.mus.br/luan-santana/acordando-o-predio/,-1
1123,Adrenalina,musica1123,musica1123_trecho1,Meu coração tá disparado Meu corpo tá viciado Nessa louca adrenalina que me faz arrepiar Meu sangue ferve nas veias quando você me incendeia Vem me amar,Luan Santana,2011,27,https://www.letras.mus.br/luan-santana/1745514/,-1
1123,Adrenalina,musica1123,musica1123_trecho9,Quando você chegar mais perto vai ver Que a pulsação acelera quando eu tô com você Essa magia chega e domina O meu peito explode é pura adrenalina,Luan Santana,2011,28,https://www.letras.mus.br/luan-santana/1745514/,-1
1123,Adrenalina,musica1123,musica1123_trecho11,Meu coração tá disparado Meu corpo tá viciado Nessa louca adrenalina que me faz arrepiar Meu sangue ferve nas veias quando você me incendeia Vem me amar Vem me amar!,Luan Santana,2011,30,https://www.letras.mus.br/luan-santana/1745514/,-1
450,Agora (Ahora),musica450,musica450_trecho2,"Agora, depois de ter chorado rios Depois de tanto ter sofrido Agora por fim, vai saber o que um dia eu vivi",Bruno & Marrone,2014,22,https://www.letras.mus.br/bruno-e-marrone/agora/,-1
450,Agora (Ahora),musica450,musica450_trecho3,Como dizer que não Que nunca me fez nada? Depois de tanta dor que causou pro meu coração,Bruno & Marrone,2014,18,https://www.letras.mus.br/bruno-e-marrone/agora/,-1
450,Agora (Ahora),musica450,musica450_trecho4,Eu quis até morrer depois que foi embora E volta tão tranquila Depois que já não tem mais amor,Bruno & Marrone,2014,19,https://www.letras.mus.br/bruno-e-marrone/agora/,-1
450,Agora (Ahora),musica450,musica450_trecho5,E sem você ficou mais frio o meu inverno Parecia frio eterno Você é minha dor,Bruno & Marrone,2014,16,https://www.letras.mus.br/bruno-e-marrone/agora/,-1
450,Agora (Ahora),musica450,musica450_trecho7,"E agora, depois de ter chorado rios Depois de tanto ter sofrido Agora por fim, vai saber o que um dia eu vivi",Bruno & Marrone,2014,23,https://www.letras.mus.br/bruno-e-marrone/agora/,-1
450,Agora (Ahora),musica450,musica450_trecho14,"E agora, depois de ter chorado rios Depois de tanto ter sofrido Agora por fim, vai saber o que um dia eu vivi Agora",Bruno & Marrone,2014,24,https://www.letras.mus.br/bruno-e-marrone/agora/,-1
437,Água Com Açúcar,musica437,musica437_trecho1,Você terminou com ele e tá chorando Quer água com açúcar ou o meu amor? E se eu te contar que a água acabou? O açúcar que tem é só o meu amor,Luan Santana,2019,33,https://www.letras.mus.br/luan-santana/agua-com-acucar/,-1
443,Aí É Loucura,musica443,musica443_trecho1,"Eu excluí dos meus stories no dia seguinte Tomara que ninguém tenha tirado print Eu olhando o saldo da conta e pensando: Cacete Gastei como não houvesse amanhã, mas teve",Zé Neto e Cristiano,2024,30,https://www.letras.mus.br/ze-neto-cristiano/ai-e-loucura/,-1
443,Aí É Loucura,musica443,musica443_trecho3,"Sair, ir pra bar, ficar bebo Dar trabalho no meio da rua Aí é loucura, aí é loucura Ligar pro amigo pedindo dinheiro Ligar pra ex querendo dar uma Aí é loucura, aí é loucura",Zé Neto e Cristiano,2024,35,https://www.letras.mus.br/ze-neto-cristiano/ai-e-loucura/,-1
857,Ai Eu Chorei,musica857,musica857_trecho2,"Aí eu fui lá no portão, bati palma Mas a desgramada saiu acompanhada Cê não acredita foi cena de novela A banda parou e eu sofri a capela",Clayton e Romário,2022,28,https://www.letras.mus.br/clayton-romario/ai-eu-chorei/,-1
174,Aí Já Era,musica174,musica174_trecho15,E o meu tá dando sinal Que tá querendo Que tá querendo te amar,Jorge & Mateus,2010,14,https://www.letras.mus.br/jorge-mateus/1715329/,-1
1139,Ai Que Dó,musica1139,musica1139_trecho1,Foi se aventurar e agora ficou só Ai que dó ai que dó Eu tô aqui festando e você na pior Ai que dó ai que dó,Thaeme e Thiago,2011,27,https://www.letras.mus.br/thaeme-thiago/1847730/,-1
1139,Ai Que Dó,musica1139,musica1139_trecho2,Se hoje vive chorando lembrando de nós Ai que dó Ai que dó o que Eu quero ver você sofrer,Thaeme e Thiago,2011,20,https://www.letras.mus.br/thaeme-thiago/1847730/,-1
595,Ainda Tô Aí,musica595,musica595_trecho2,"O tempo passou, o mundo girou O sonho acabou, você me deixou Mal sabe o quanto eu chorei E agora que eu superei",Eduardo Costa,2020,23,https://www.letras.mus.br/eduardo-costa/ainda-to-ai/,-1
1375,Alguém No Seu Lugar,musica1375,musica1375_trecho1,"Chega eu não quero mais Ficar te esperando, pra mim tanto faz Chega, um longo tempo se passou É hora da despedida desse nosso amor",Jorge & Mateus,2010,25,https://www.letras.mus.br/jorge-mateus/1742321/,-1
1375,Alguém No Seu Lugar,musica1375,musica1375_trecho2,"É um absurdo você achar Que é dona de mim Tá tudo errado Amor bagunçado , eu não to afim",Jorge & Mateus,2010,20,https://www.letras.mus.br/jorge-mateus/1742321/,-1
470,Alô,musica470,musica470_trecho1,"Alô, alô, alô, fala comigo Alô, alô, te esquecer não consigo",Léo Magalhães,2013,11,https://www.letras.mus.br/leo-magalhaes/alo-2/,-1
470,Alô,musica470,musica470_trecho4,"Alô, alô, alô, fala comigo Alô, alô, te esquecer não consigo Alô, alô, alô, não vai doer não Alô, diz um alô coração Alôôôôôôô",Léo Magalhães,2013,24,https://www.letras.mus.br/leo-magalhaes/alo-2/,-1
1492,Alô Ambev (Segue Sua Vida),musica1492,musica1492_trecho1,"Traz uma gelada pra mim, por favor Que só de pensar a boca já secou Dessa vez não foi brincando Ela terminou e não tava blefando",Zé Neto e Cristiano,2020,26,https://www.letras.mus.br/ze-neto-cristiano/alo-ambev/,-1
161,Alô Porteiro,musica161,musica161_trecho3,"Morreu A mulher carinhosa e fiel que te amava Pega o elevador, a sua mala e vaza Tô avisando lá na portaria Que aqui você não entra mais",Marília Mendonça,2015,28,https://www.letras.mus.br/marilia-mendonca/alo-porteiro/,-1
1556,Amanhã,musica1556,musica1556_trecho2,Me deixou aqui sem nenhuma esperança Somente a lembrança ficou deste amor Coração tá chorando agora feito criança Brinquedo quebrado não tem mais valor,Luan Santana,2008,24,https://www.letras.mus.br/luan-santana/1155890/,-1
500,Amante Não Tem Lar,musica500,musica500_trecho2,Você vai me odiar Mas eu vim te contar Que faz um tempo Eu me meti no meio do seu lar,Marília Mendonça,2017,21,https://www.letras.mus.br/marilia-mendonca/amante-nao-tem-lar/,-1
500,Amante Não Tem Lar,musica500,musica500_trecho5,E o preço que eu pago É nunca ser amada de verdade Ninguém me respeita nessa cidade Amante não tem lar Amante nunca vai casar,Marília Mendonça,2017,25,https://www.letras.mus.br/marilia-mendonca/amante-nao-tem-lar/,-1
500,Amante Não Tem Lar,musica500,musica500_trecho6,E o preço que eu pago É nunca ser amada de verdade Ninguém me respeita nessa cidade Amante não vai ser fiel Amante não usa aliança e véu,Marília Mendonça,2017,28,https://www.letras.mus.br/marilia-mendonca/amante-nao-tem-lar/,-1
624,Amar De Novo (Set Fire To The Rain),musica624,musica624_trecho4,"Eu te aceitei, jurei Que eu não perdoo mais de uma vez Que eu não vou me anular nem vou me machucar pra ter alguém Alguém",Paula Fernandes,2025,26,https://www.letras.mus.br/paula-fernandes/amar-de-novo-set-fire-to-the-rain/,-1
624,Amar De Novo (Set Fire To The Rain),musica624,musica624_trecho8,"Te aceitei, jurei Que eu não perdoo mais de uma vez Quem mandou me enganar? Me fez acreditar, me diga, quem? Oh, quem?",Paula Fernandes,2025,23,https://www.letras.mus.br/paula-fernandes/amar-de-novo-set-fire-to-the-rain/,-1
339,Amar Não É Pecado,musica339,musica339_trecho1,Eu não sei de onde vem Essa força que me leva pra você Eu só sei que faz bem Mas confesso que no fundo eu duvidei,Luan Santana,2011,26,https://www.letras.mus.br/luan-santana/1792572/,-1
339,Amar Não É Pecado,musica339,musica339_trecho3,"Eu tô apaixonado, eu tô contando tudo E não tô nem ligando pro que vão dizer Amar não é pecado e se eu tiver errado Que se dane o mundo, eu só quero você",Luan Santana,2011,34,https://www.letras.mus.br/luan-santana/1792572/,-1
716,Amaremos,musica716,musica716_trecho2,Nós dois que me fascina Eu acho que nasci para ser seu E você para ser minha Olhando em seu olhar os Nossos olhos dizem tudo,Trio Parada Dura,2017,26,https://www.letras.mus.br/trio-parada-dura/amaremos/,-1
526,AMBIENTE ERRADO,musica526,musica526_trecho2,"E se eu disser que eu não peguei ninguém? Se eu disser que eu só fui pra beber? Se eu disser que alguém chegou em mim E quando disse: Oi, eu falei de você?",Luan Santana,2023,34,https://www.letras.mus.br/luan-santana/ambiente-errado/,-1
994,Amiga,musica994,musica994_trecho2,"Amiga, me escuta Quero falar contigo Preciso de um conselho Pra dor que estou sentindo Ele tá frio Não está falando comigo Isso está me consumindo",Simone & Simaria,2022,26,https://www.letras.mus.br/simone-simaria-as-coleguinhas/amiga/,-1
994,Amiga,musica994,musica994_trecho3,"Amiga, ele não quis te machucar Não precisa ficar com raiva dele Posso dizer até que ele tentou Se não deu certo a culpa não foi dele",Simone & Simaria,2022,27,https://www.letras.mus.br/simone-simaria-as-coleguinhas/amiga/,-1
994,Amiga,musica994,musica994_trecho7,Mas ele disse que agora está bem Que encontrou alguém que cuida dele Que não fica julgando seus defeitos E sabe que não tem ninguém perfeito É tarde pra tá nesse desespero,Simone & Simaria,2022,32,https://www.letras.mus.br/simone-simaria-as-coleguinhas/amiga/,-1
994,Amiga,musica994,musica994_trecho8,"Amiga, você o perdeu E não me leve a mal Essa outra mulher sou eu",Simone & Simaria,2022,15,https://www.letras.mus.br/simone-simaria-as-coleguinhas/amiga/,-1
1485,Amiga da Minha Irmã,musica1485,musica1485_trecho4,"Ela é amiga da minha irmã, não quero nem saber Eu vou pra cima, pra cima Ela é amiga da minha irmã, não quero nem saber Se ela é novinha, novinha",Michel Teló,2013,31,https://www.letras.mus.br/michel-telo/amiga-da-minha-irma/,-1
746,Amigo Da Minha Saudade,musica746,musica746_trecho2,"Acabou, acabou, ooh Deixa eu seguir minha vida e segue a sua com outro Amizade com ex é desculpa de quem amou pouco, ooh",Henrique & Juliano,2025,24,https://www.letras.mus.br/henrique-e-juliano/amigo-da-minha-saudade/,-1
809,Amigo Taxista,musica809,musica809_trecho2,"Só te peço por favor não demore muito tempo Porque o dono quer fechar o estabelecimento Vou te esperar lá fora sentando na calçada Quando chegar, explico o endereço da safada",Zé Neto e Cristiano,2017,31,https://www.letras.mus.br/ze-neto-cristiano/amigo-taxista/,-1
809,Amigo Taxista,musica809,musica809_trecho3,Que tá fazendo isso comigo Pode cobrar bandeira dois Pra ir ouvindo as minhas mágoas no caminho,Zé Neto e Cristiano,2017,17,https://www.letras.mus.br/ze-neto-cristiano/amigo-taxista/,-1
809,Amigo Taxista,musica809,musica809_trecho4,"Rapaz, é difícil demais gostar dessas muié bandida Quanto mais nóis corre atrás, mais elas pisa A minha terminou comigo por mensagem Me largar desse jeito foi muita sacanagem",Zé Neto e Cristiano,2017,29,https://www.letras.mus.br/ze-neto-cristiano/amigo-taxista/,-1
809,Amigo Taxista,musica809,musica809_trecho6,Só te peço por favor não demore muito tempo Por que o dono quer fechar o estabelecimento Vou te esperar lá fora sentando na calçada Quando chegar te explico o endereço da safada,Zé Neto e Cristiano,2017,33,https://www.letras.mus.br/ze-neto-cristiano/amigo-taxista/,-1
1108,Amigos Pela Fé,musica1108,musica1108_trecho3,"Amigos, pra sempre Bons amigos que nasceram pela fé Amigos, pra sempre Para sempre amigos sim, se Deus quiser",Luan Santana,2009,19,https://www.letras.mus.br/luan-santana/1543706/,-1
1108,Amigos Pela Fé,musica1108,musica1108_trecho7,"Amigos, pra sempre Bons Amigos que nasceram pela fé Amigos, pra sempre Para sempre amigos sim",Luan Santana,2009,16,https://www.letras.mus.br/luan-santana/1543706/,-1
19,Amo Noite e Dia,musica19,musica19_trecho1,"Tem um pedaço do meu peito bem colado ao teu Alguma chave, algum segredo, que me prende ao seu Um jeito perigoso de me conquistar Teu jeito tão gostoso de me abraçar",Jorge & Mateus,2010,32,https://www.letras.mus.br/jorge-mateus/1668672/,-1
19,Amo Noite e Dia,musica19,musica19_trecho4,"Tem um pedaço do meu peito bem colado ao teu Alguma chave, algum segredo, que me prende ao teu Um jeito perigoso de me conquistar Teu jeito tão gostoso de me abraçar",Jorge & Mateus,2010,32,https://www.letras.mus.br/jorge-mateus/1668672/,-1
1537,Amor Além da Vida,musica1537,musica1537_trecho1,"Imaginei, andei E encontrei a minha outra parte Alma gêmea preferida Deusa na terra nascida",Cezar e Paulinho,2006,15,https://www.letras.mus.br/cesar-e-paulinho/546645/,-1
1537,Amor Além da Vida,musica1537,musica1537_trecho4,Aquele sonho de criança Sem perder a esperança Era você que eu desejava,Cezar e Paulinho,2006,13,https://www.letras.mus.br/cesar-e-paulinho/546645/,-1
1537,Amor Além da Vida,musica1537,musica1537_trecho5,Transformou minha alegria Ficou marcado o grande dia Que nas páginas trocadas desta vida Eu dei de cara com você,Cezar e Paulinho,2006,20,https://www.letras.mus.br/cesar-e-paulinho/546645/,-1
1537,Amor Além da Vida,musica1537,musica1537_trecho6,E me apaixonei e me entreguei Quantas vidas eu viver Em todas vou amar você,Cezar e Paulinho,2006,15,https://www.letras.mus.br/cesar-e-paulinho/546645/,-1
1537,Amor Além da Vida,musica1537,musica1537_trecho8,"Você está em mim, no dia a dia E até nos sonhos meus Vivo feliz, agradecendo a Deus Lê, nem sei se eu te merecia",Cezar e Paulinho,2006,25,https://www.letras.mus.br/cesar-e-paulinho/546645/,-1
1537,Amor Além da Vida,musica1537,musica1537_trecho12,"Você está em mim no dia a dia E até nos sonhos meus Vivo feliz, agradecendo a Deus Lê, nem sei se eu te merecia",Cezar e Paulinho,2006,25,https://www.letras.mus.br/cesar-e-paulinho/546645/,-1
1090,Amor Covarde,musica1090,musica1090_trecho1,"Quando a gente fica junto, tem briga Quando a gente se separa, saudade Quando marca um encontro, discute Desconheço um amor tão covarde",Jorge & Mateus,2009,23,https://www.letras.mus.br/jorge-mateus/1444403/,-1
1090,Amor Covarde,musica1090,musica1090_trecho11,Desconheço um amor tão covarde Desconheço um amor tão covarde,Jorge & Mateus,2009,10,https://www.letras.mus.br/jorge-mateus/1444403/,-1
1144,Amor Da Sua Cama,musica1144,musica1144_trecho1,"Se eu despir minha alma Será que ela também te excita? Às vezes, o amor se disfarça embaixo dos lençóis, reflita Tenho vontade de ir mais fundo Mas não tenho certeza se ainda posso Certeza eu tenho que posso ir além do que virar seus olhos",Felipe Araújo,2018,46,https://www.letras.mus.br/felipe-araujo/amor-da-sua-cama/,-1
1144,Amor Da Sua Cama,musica1144,musica1144_trecho5,Tenho vontade de ir mais fundo Mas não tenho certeza se ainda posso Certeza eu tenho que posso ir além do que virar seus olhos,Felipe Araújo,2018,25,https://www.letras.mus.br/felipe-araujo/amor-da-sua-cama/,-1
1267,Amor de Madrugada,musica1267,musica1267_trecho2,Vou colocar a melhor roupa E o perfume com aquele cheiro Dar um talento no cabelo Eu te encontro na noitada E como quem não quer nada A gente sai ligeiro,Marcos & Belutti,2012,31,https://www.letras.mus.br/marcos-belutti/amor-de-madrugada/,-1
1267,Amor de Madrugada,musica1267,musica1267_trecho3,Só pra fazer amor de madrugada De enlouquecer A gente faz amor de madrugada Até amanhecer,Marcos & Belutti,2012,16,https://www.letras.mus.br/marcos-belutti/amor-de-madrugada/,-1
145,Amor de Violeiro,musica145,musica145_trecho4,"Moça, eu já sei que o papo agora é só ficar Mas eu tô querendo mesmo é me casar Se me achar careta, eu te peço perdão Mas eu quero falar com seus pais, pedir a sua mão",Eduardo Costa,2006,38,https://www.letras.mus.br/eduardo-costa/253320/,-1
17,Amor Dos Outros,musica17,musica17_trecho2,"A gente errou tanto pra entrar no eixo Trocou tanta ideia pra ser um casal perfeito Foi se melhorando, se moldando, você consertou, eu consertei E quando tava tudo ok, sobrei",Henrique & Juliano,2025,31,https://www.letras.mus.br/henrique-e-juliano/amor-dos-outros/,-1
531,Amor Não Vai Faltar,musica531,musica531_trecho1,"Me diz o que você quer que eu te faça Eu te faço amor Me diz o que você quer que eu te diga Eu te digo sim Me diz o que você quer que eu te dê E eu te dou, meu bem Tudo de mim Eu faço o que você quiser Só pra te ver feliz",Bruno & Marrone,2009,58,https://www.letras.mus.br/bruno-e-marrone/1460080/,-1
531,Amor Não Vai Faltar,musica531,musica531_trecho4,Me diz o que você quer que eu te faça Eu te faço amor Me diz o que você quer que eu te diga Eu te digo sim Me diz se você quer que eu adivinhe Eu posso até tentar Descobrir Eu faço o que você quiser Só pra te ver feliz,Bruno & Marrone,2009,52,https://www.letras.mus.br/bruno-e-marrone/1460080/,-1
287,Amor No Escuro,musica287,musica287_trecho2,"Nessa hora, a coisa vai esquentando Quem tá comigo ali nem desconfia Que essa cama só tá balançando Porque a minha mente te imagina Ah-ah",Simone Mendes,2025,25,https://www.letras.mus.br/simone-mendes/amor-no-escuro/,-1
287,Amor No Escuro,musica287,musica287_trecho3,"Até pra te esquecer, tô te lembrando em pensamento Pro meu corpo arrepiar, eu te imagino lá, em cada movimento Até pra te esquecer, tô te lembrando em pensamento Só tô fazendo amor no escuro pra não deixar claro que eu tô sofrendo",Simone Mendes,2025,43,https://www.letras.mus.br/simone-mendes/amor-no-escuro/,-1
287,Amor No Escuro,musica287,musica287_trecho4,"E quando a luz acende, clack O meu: Vida que segue, segue No nível zero de esquecimento Ô-ô",Simone Mendes,2025,18,https://www.letras.mus.br/simone-mendes/amor-no-escuro/,-1
287,Amor No Escuro,musica287,musica287_trecho5,"E quando a luz acende, clack O meu: Vida que segue, segue No nível zero de esquecimento",Simone Mendes,2025,17,https://www.letras.mus.br/simone-mendes/amor-no-escuro/,-1
314,Amor Pra Recomeçar,musica314,musica314_trecho3,Quando você ficar triste Que seja por um dia E não o ano inteiro E que você descubra Que rir é bom Mas que rir de tudo É desespero,Jorge & Mateus,2013,29,https://www.letras.mus.br/jorge-mateus/amor-pra-recomecar/,-1
314,Amor Pra Recomeçar,musica314,musica314_trecho4,Desejo Que você tenha a quem amar E quando estiver bem cansado Ainda exista amor Pra recomeçar Pra recomeçar,Jorge & Mateus,2013,19,https://www.letras.mus.br/jorge-mateus/amor-pra-recomecar/,-1
314,Amor Pra Recomeçar,musica314,musica314_trecho5,Eu te desejo muitos amigos Mas que em um Você possa confiar E que tenha até Inimigos Pra você não deixar De duvidar,Jorge & Mateus,2013,23,https://www.letras.mus.br/jorge-mateus/amor-pra-recomecar/,-1
314,Amor Pra Recomeçar,musica314,musica314_trecho8,Eu desejo Que você ganhe dinheiro Pois é preciso Viver também E que você diga a ele Pelo menos uma vez Quem é O dono de quem,Jorge & Mateus,2013,27,https://www.letras.mus.br/jorge-mateus/amor-pra-recomecar/,-1
314,Amor Pra Recomeçar,musica314,musica314_trecho9,Desejo Que você tenha a quem amar E quando estiver bem cansado Ainda exista amor Pra recomeçar,Jorge & Mateus,2013,17,https://www.letras.mus.br/jorge-mateus/amor-pra-recomecar/,-1
314,Amor Pra Recomeçar,musica314,musica314_trecho10,"Eu desejo Que você tenha a quem amar E quando estiver bem cansado Ainda, exista amor Pra recomeçar Pra recomeçar Pra recomeçar",Jorge & Mateus,2013,22,https://www.letras.mus.br/jorge-mateus/amor-pra-recomecar/,-1
950,Amor Sem Medida (Te Voy A Amar),musica950,musica950_trecho3,"Vou te provar, te fazer sentir Que cada dia eu volto a te escolher Porque me dá seu amor sem medida Vou dividir a minha única vida Com você",Matheus & Kauan,2015,29,https://www.letras.mus.br/matheus-kauan/amor-sem-medida/,-1
950,Amor Sem Medida (Te Voy A Amar),musica950,musica950_trecho5,"Vou te provar, te fazer sentir Que cada dia eu volto a te escolher Porque me dá seu amor sem medida Vou dividir a minha única vida",Matheus & Kauan,2015,27,https://www.letras.mus.br/matheus-kauan/amor-sem-medida/,-1
950,Amor Sem Medida (Te Voy A Amar),musica950,musica950_trecho6,"Vou te provar, te fazer sentir Que cada dia eu volto a te escolher Porque me dá seu amor sem medida Vou dividir a minha única vida Com você Com você Com você",Matheus & Kauan,2015,33,https://www.letras.mus.br/matheus-kauan/amor-sem-medida/,-1
1162,Anjo,musica1162,musica1162_trecho2,"Acho que é porque sou um cara bruto E o pior, o meu vocabulário é xucro Mesmo assim eu fiz essa canção Amor, foi de coração",Jads e Jadson,2011,26,https://www.letras.mus.br/jads-e-jadson/1989635/,-1
1117,Anjo de Vidro,musica1117,musica1117_trecho2,Te vejo nos meus sonhos toda noite Te sinto mesmo quando estamos longe Somos interligados somos fogo e desejo Se te calo com um beijo.,Hugo Pena e Gabriel,2011,25,https://www.letras.mus.br/hugo-pena-e-gabriel/1799475/,-1
634,Anjo Loiro,musica634,musica634_trecho1,Na casa que o meu bem mora Ao lado do seu portão Eu escrevi o meu nome Dentro de um coração Expressei meus sentimentos A que passa por aqui Vai saber que já tem dono O amor que mora ali,Milionário e José Rico,2008,40,https://www.letras.mus.br/milionario-e-jose-rico/1447683/,-1
1420,Anjo Moderno,musica1420,musica1420_trecho2,"Já deu pra ver que nada vai entortar nosso caminho Já deu pra perceber que a gente pensa igualzinho E em cada sonho meu, cê sempre chega de fininho Sem fazer esforço, me ganhou assim, facinho",Jorge & Mateus,2018,36,https://www.letras.mus.br/jorge-mateus/anjo-moderno/,-1
1178,Anjo Protetor,musica1178,musica1178_trecho1,Em meu peito sinto tudo fora de lugar Foi só um dia sem te amar E não consigo disfarçar meu medo,Eduardo Costa,2012,21,https://www.letras.mus.br/eduardo-costa/anjo-protetor/,-1
1178,Anjo Protetor,musica1178,musica1178_trecho2,Como se um silêncio me tirasse até o ar Está difícil respirar Pois não posso ter você aqui comigo,Eduardo Costa,2012,19,https://www.letras.mus.br/eduardo-costa/anjo-protetor/,-1
1178,Anjo Protetor,musica1178,musica1178_trecho3,Vem me buscar Vem salvar meu coração,Eduardo Costa,2012,7,https://www.letras.mus.br/eduardo-costa/anjo-protetor/,-1
1178,Anjo Protetor,musica1178,musica1178_trecho4,"Não como, não bebo, não posso dormir Nada me agrada sem você aqui Fujo dos amigos, tento me esconder Gosto deles, mas amo você",Eduardo Costa,2012,24,https://www.letras.mus.br/eduardo-costa/anjo-protetor/,-1
193,Anti-Amor (part. Jorge & Mateus),musica193,musica193_trecho2,"E aquela loucura de mudar pra Salvador Esquece, eu nem gosto de calor Se fez uma cozinha maior Pra juntar a família ao redor Esquece, jantar fora é bem melhor",Gustavo Mioto,2017,30,https://www.letras.mus.br/gustavo-mioto/anti-amor/,-1
193,Anti-Amor (part. Jorge & Mateus),musica193,musica193_trecho5,PS: Hoje eu ganhei alta Nem sinto mais sua falta PS: Hoje eu ganhei alta Não sinto mais sua falta,Gustavo Mioto,2017,20,https://www.letras.mus.br/gustavo-mioto/anti-amor/,-1
193,Anti-Amor (part. Jorge & Mateus),musica193,musica193_trecho9,PS: Hoje eu ganhei alta Não sinto mais sua falta PS: Hoje eu ganhei alta Não sinto mais sua falta Não sinto mais sua falta,Gustavo Mioto,2017,25,https://www.letras.mus.br/gustavo-mioto/anti-amor/,-1
1056,Antídoto,musica1056,musica1056_trecho2,"Ô, amor Onde cê tá, meu amor? Aonde você foi parar? Vou te esperar no mesmo lugar Eu vou, amor Preciso do seu calor Preciso dessa brasa Ai, ai, ai, ai, ai Tô querendo você só pra mim",Matheus & Kauan,2017,38,https://www.letras.mus.br/matheus-kauan/antidoto/,-1
951,Antônimos,musica951,musica951_trecho2,"Sem você, não importa se é doce ou salgado Se tá quente ou gelado Se faz Sol ou vai chover Eu achei que tava certo, fui errado Era leve tá pesado Ficar longe de você",Jorge & Mateus,2016,35,https://www.letras.mus.br/jorge-mateus/antonimos/,-1
951,Antônimos,musica951,musica951_trecho3,Pro escuro ficar claro O sozinho acompanhado É só a gente ficar junto e não separado Eu só existo se for do seu lado Se for do seu lado,Jorge & Mateus,2016,29,https://www.letras.mus.br/jorge-mateus/antonimos/,-1
951,Antônimos,musica951,musica951_trecho6,Pro escuro ficar claro O sozinho acompanhado É só a gente ficar junto e não separado Eu só existo se for do seu lado,Jorge & Mateus,2016,24,https://www.letras.mus.br/jorge-mateus/antonimos/,-1
697,Ao Vivo E A Cores (part. Anitta),musica697,musica697_trecho1,"Por que você não sai daí e vem aqui? Pode invadir, pode chegar, pode ficar No meu quarto, no meu abraço, apertado Duvido que cê vai querer ir embora, não apavora Depois do amor a gente vai fazendo hora E eu não aguento mais, eu não aguento mais",Matheus & Kauan,2018,48,https://www.letras.mus.br/matheus-kauan/ao-vivo-e-a-cores-part-anitta/,-1
697,Ao Vivo E A Cores (part. Anitta),musica697,musica697_trecho6,"Então sai daí, sai daí, vem aqui, vem invadir, invadir o meu quarto Meu abraço apertado, vem, vem, duvido que cê vai querer sair Por que você não sai daí, sai daí, sai daí, vem aqui, vem invadir, invadir o meu quarto Meu abraço, meu abraço apertado Eu não aguento mais",Matheus & Kauan,2018,51,https://www.letras.mus.br/matheus-kauan/ao-vivo-e-a-cores-part-anitta/,-1
4,Apaga Apaga Apaga,musica4,musica4_trecho1,"Ei, boa noite, antes de te bloquear, eu só vim te dizer Que, a partir de hoje, pode tocar o terror, fazer o que quiser fazer A boca é sua, curte suas farra, sinto mais nada Não! Apaga, apaga, apaga",Danilo e Davi,2024,40,https://www.letras.mus.br/danilo-e-davi/apaga-apaga-apaga/,-1
4,Apaga Apaga Apaga,musica4,musica4_trecho2,"Oi, boa noite, só vim pedir um tempo pra dar tempo de esquecer Especialmente hoje, coração acordou me pressionando pra te ver Saiu de casa, não posta nada, esconde as farra Apaga, apaga, apaga",Danilo e Davi,2024,34,https://www.letras.mus.br/danilo-e-davi/apaga-apaga-apaga/,-1
332,Apaixonadinha (part. Léo Santana e Didá Banda Feminina),musica332,musica332_trecho1,Sabe por que fico mandando mensagem querendo te ver? Sabe por quê? Você me faz bem Eu não consigo pensar em ninguém,Marília Mendonça,2019,22,https://www.letras.mus.br/marilia-mendonca/apaixonadinha-part-leo-santana-e-dida-banda-feminina/,-1
332,Apaixonadinha (part. Léo Santana e Didá Banda Feminina),musica332,musica332_trecho2,"Ó que coisa boa! Tô sorrindo à toa Tô 100% de boa, de boa, de boa",Marília Mendonça,2019,16,https://www.letras.mus.br/marilia-mendonca/apaixonadinha-part-leo-santana-e-dida-banda-feminina/,-1
332,Apaixonadinha (part. Léo Santana e Didá Banda Feminina),musica332,musica332_trecho5,"Ô meu neném, eu preciso do seu corpo Você me faz tão bem Tá tudo certo, tamo junto e misturado Vem, vem, vem",Marília Mendonça,2019,23,https://www.letras.mus.br/marilia-mendonca/apaixonadinha-part-leo-santana-e-dida-banda-feminina/,-1
575,Apaixonado Por Você,musica575,musica575_trecho2,Numa noite de domingo Numa festa com os amigos Aqui no planeta terra Você foi uma estrela,Zezé Di Camargo & Luciano,2005,17,https://www.letras.mus.br/zeze-di-camargo-e-luciano/149299/,-1
575,Apaixonado Por Você,musica575,musica575_trecho3,Que brilhou no céu A minha espera A gente se esbarrou Um clima então ficou,Zezé Di Camargo & Luciano,2005,15,https://www.letras.mus.br/zeze-di-camargo-e-luciano/149299/,-1
575,Apaixonado Por Você,musica575,musica575_trecho6,"Até o amanhecer Você tem mel no seu amor E esse doce me deixou assim Assim, apaixonado por você",Zezé Di Camargo & Luciano,2005,19,https://www.letras.mus.br/zeze-di-camargo-e-luciano/149299/,-1
1434,Apaixonado/ A Loira do Carro Branco (pot-pourri),musica1434,musica1434_trecho2,"Não vivo sem ti Sem ti não sei viver Se eu perder seus beijos Juro, querida, que vou morrer",Luan Santana,2009,19,https://www.letras.mus.br/luan-santana/1483635/,-1
1434,Apaixonado/ A Loira do Carro Branco (pot-pourri),musica1434,musica1434_trecho3,Vou sofrer por ti Por ti vou sofrer Se for meu destino Apaixonado quero morrer.,Luan Santana,2009,15,https://www.letras.mus.br/luan-santana/1483635/,-1
1434,Apaixonado/ A Loira do Carro Branco (pot-pourri),musica1434,musica1434_trecho4,"Viajando solitário mergulhado na tristeza Numa curva da estrada eu tive uma surpresa Uma loira encantadora bonita por natureza Me pediu uma carona eu atendi com destreza Sentou bem pertinho de mim com muita delicadeza O meu carro foi o trono, eu passei a ser o dono da rainha da beleza",Luan Santana,2009,51,https://www.letras.mus.br/luan-santana/1483635/,-1
1434,Apaixonado/ A Loira do Carro Branco (pot-pourri),musica1434,musica1434_trecho5,"Foi o dia mais feliz que o meu coração sentiu Mas meu mundo encantado de repente destruiu Ao ver a loura tremendo, gemendo e suando frio Parei o carro depressa na travessia de um rio Enquanto eu fui buscar a água, que tão triste ela pediu Ouvi cantar os pneus e me dizendo adeus com meu carro ela sumiu",Luan Santana,2009,59,https://www.letras.mus.br/luan-santana/1483635/,-1
1434,Apaixonado/ A Loira do Carro Branco (pot-pourri),musica1434,musica1434_trecho6,"Somente um bilhetinho na estrada eu encontrei E quando acabei de ler emocionado eu fiquei No bilhete ela dizia por você me apaixonei Só peço que me perdoe, o golpe que eu lhe dei",Luan Santana,2009,34,https://www.letras.mus.br/luan-santana/1483635/,-1
1434,Apaixonado/ A Loira do Carro Branco (pot-pourri),musica1434,musica1434_trecho7,"Para alimentar a esperança o seu carro eu levarei Me perdoe por favor, quando me der seu amor o carro eu entregarei Quem estiver me ouvindo preste muita atenção O meu carro não tem placa mas vou dar a descrição É branco e tem uma loura charmosa na direção Dou o carro de presente a quem fizer a prisão",Luan Santana,2009,59,https://www.letras.mus.br/luan-santana/1483635/,-1
1434,Apaixonado/ A Loira do Carro Branco (pot-pourri),musica1434,musica1434_trecho8,"Por ela ter roubado o carro já tem absolvição Mas vou lhe dar um castigo vai ter que viver comigo, Por roubar meu coração.",Luan Santana,2009,24,https://www.letras.mus.br/luan-santana/1483635/,-1
1306,Apaixonados Pela Lua,musica1306,musica1306_trecho2,Não ficaremos juntos Se não soubermos a arte de amar Esse segredo tão bonito do caminho Hieroglifos de um livro para decifrar,Paula Fernandes,2009,22,https://www.letras.mus.br/paula-fernandes/1497074/,-1
419,Apelido Carinhoso,musica419,musica419_trecho1,"Amor, não é segredo entre a gente Que o meu término é recente E você tá arrumando o que ela revirou",Gusttavo Lima,2017,21,https://www.letras.mus.br/gusttavo-lima/apelido-carinhoso/,-1
419,Apelido Carinhoso,musica419,musica419_trecho3,"Eu sei que você poderia ter escolhido alguém menos complicado Que não tivesse, no presente, uma pessoa do passado Aceitar essa situação é uma forma de amor Mas eu preciso que você me faça só mais um favor",Gusttavo Lima,2017,38,https://www.letras.mus.br/gusttavo-lima/apelido-carinhoso/,-1
419,Apelido Carinhoso,musica419,musica419_trecho4,Ainda não me chame de meu nego Ainda não me chame de bebê Porque era assim que ela me chamava E um apelido carinhoso é o mais difícil de esquecer,Gusttavo Lima,2017,30,https://www.letras.mus.br/gusttavo-lima/apelido-carinhoso/,-1
419,Apelido Carinhoso,musica419,musica419_trecho6,"Eu sei que você poderia ter escolhido alguém menos complicado Que não tivesse, no presente, uma pessoa do passado Aceitar essa situação é uma prova de amor Mas eu preciso que você me faça só mais um favor",Gusttavo Lima,2017,38,https://www.letras.mus.br/gusttavo-lima/apelido-carinhoso/,-1
1383,Aquele  1% (part. Wesley Safadão),musica1383,musica1383_trecho2,"Ligo no outro dia no estilo Don Juan Dormiu bem, meu amor? É domingo de manhã Vamos pegar uma praia, deu saudade do seu beijo Trato todas iguais, esse é meu defeito",Marcos & Belutti,2015,32,https://www.letras.mus.br/marcos-belutti/aquele-um-por-cento/,-1
1042,Aqui É o Seu Lugar,musica1042,musica1042_trecho1,Não dá pra entender o meu coração Mudou de amizade pra louca paixão Então foi dessa forma que eu percebi Não quero te assustar ou me iludir,Luan Santana,2009,27,https://www.letras.mus.br/luan-santana/1407541/,-1
1042,Aqui É o Seu Lugar,musica1042,musica1042_trecho2,Não dá mais Não dá pra enganar ou querer fugir Não dá mais Se esse sentimento vai crescendo em mim Mas tenho que encarar essa decisão De me confessar e abrir meu coração,Luan Santana,2009,33,https://www.letras.mus.br/luan-santana/1407541/,-1
387,Arranhão,musica387,musica387_trecho3,"Aí que mora o perigo, aí que eu caio lindo Aí que eu sei das consequências, mesmo assim vou indo É que vale a pena, vale a cama, vale o risco O que é um arranhão pra quem já tá fudido?",Henrique & Juliano,2021,41,https://www.letras.mus.br/henrique-e-juliano/arranhao/,-1
387,Arranhão,musica387,musica387_trecho4,"Aí que mora o perigo, aí que eu caio lindo Aí que eu sei das consequências, mesmo assim vou indo É que vale a pena, vale a cama, vale o risco O que é um arranhão pra quem já tá fudido? Oh, oh, oh, oh",Henrique & Juliano,2021,45,https://www.letras.mus.br/henrique-e-juliano/arranhao/,-1
387,Arranhão,musica387,musica387_trecho8,"É que vale a pena, vale a cama, vale o risco O que é um arranhão pra quem já tá fudido?",Henrique & Juliano,2021,21,https://www.letras.mus.br/henrique-e-juliano/arranhao/,-1
1445,Arrasta,musica1445,musica1445_trecho1,"Você se lembra que quase enlouqueci de saudade de você Você toda se achando, me esnobava e nem queria saber Quebrou a cara mais uma vez com alguém que queria curtição Agora vem toda dengosa, carinhosa, implorando meu perdão Se você acha que implorando meu amor, eu vou te perdoar Pode ir tirando seu cavalinho da chuva, senão ele vai molhar Meu coração está com o sinal fechado no vermelho pra você Desaparece, porque a partir de agora eu não quero mais te ver",Gusttavo Lima,2008,84,https://www.letras.mus.br/gusttavo-lima/1581184/,-1
1445,Arrasta,musica1445,musica1445_trecho2,"Agora arrasta Arrasta atrás de mim Mas eu não vou te dar o meu amor Pega, descendo, agora desapareça Você só me enganou! Se você acha que implorando meu amor, eu vou te perdoar Pode ir tirando seu cavalinho da chuva, senão ele vai molhar Meu coração está com o sinal fechado no vermelho pra você Desaparece porque a partir de agora eu não quero mais te ver",Gusttavo Lima,2008,68,https://www.letras.mus.br/gusttavo-lima/1581184/,-1
1445,Arrasta,musica1445,musica1445_trecho3,"Agora arrasta Arrasta atrás de mim Mas eu não vou te dar o meu amor Pega, descendo, agora desapareça Você só me enganou!",Gusttavo Lima,2008,23,https://www.letras.mus.br/gusttavo-lima/1581184/,-1
1226,As Mina Pira,musica1226,musica1226_trecho3,O churrascão vai comer solto A champa não pode faltar Liga pra quatro ou cinco amigas Traz o biquíni Que hoje o sol tá de rachar,Fernando e Sorocaba,2013,26,https://www.letras.mus.br/fernando-sorocaba/as-mina-pira/,-1
1226,As Mina Pira,musica1226,musica1226_trecho10,O churrascão vai comer solto A champa não pode faltar Liga pra quatro ou cinco amigas Traz o biquíni (não esquece!) Que hoje o sol tá de rachar,Fernando e Sorocaba,2013,28,https://www.letras.mus.br/fernando-sorocaba/as-mina-pira/,-1
1226,As Mina Pira,musica1226,musica1226_trecho15,A festa tá bombada Não até de madrugada Vem prá cá!,Fernando e Sorocaba,2013,11,https://www.letras.mus.br/fernando-sorocaba/as-mina-pira/,-1
914,As Promessas do Bom Pastor,musica914,musica914_trecho1,Vou sair pelos prados buscando Ovelhas que estão sem pastor Eu as trarei com carinho De volta sem fome ou temor,Edmilson Aparecido,2015,21,https://www.letras.mus.br/edmilson-aparecido/as-promessas-do-bom-pastor/,-1
914,As Promessas do Bom Pastor,musica914,musica914_trecho2,"Nos meus ombros, ovelhas feridas Sem dor poderão descansar Devolverei os seus campos Darei novamente a paz",Edmilson Aparecido,2015,17,https://www.letras.mus.br/edmilson-aparecido/as-promessas-do-bom-pastor/,-1
914,As Promessas do Bom Pastor,musica914,musica914_trecho4,Maus pastores que perdem ovelhas Distantes de mim os terei Noutras pastagens seguras Pastores ﬁéis chamarei,Edmilson Aparecido,2015,16,https://www.letras.mus.br/edmilson-aparecido/as-promessas-do-bom-pastor/,-1
914,As Promessas do Bom Pastor,musica914,musica914_trecho5,Novo reino farei do meu povo Rebanho sem mais opressão Todos serão conduzidos A vida por minhas mãos,Edmilson Aparecido,2015,18,https://www.letras.mus.br/edmilson-aparecido/as-promessas-do-bom-pastor/,-1
914,As Promessas do Bom Pastor,musica914,musica914_trecho7,Se uma ovelha deixar o meu campo E outro caminho seguir Deixo o rebanho seguro E vou procurar a infeliz,Edmilson Aparecido,2015,20,https://www.letras.mus.br/edmilson-aparecido/as-promessas-do-bom-pastor/,-1
1469,Às Vezes,musica1469,musica1469_trecho3,Às vezes eu te amo muito mais que gosto Às vezes te desejo muito mais que posso Às vezes eu me pego aqui chorando olhando a sua foto,Henrique & Juliano,2014,28,https://www.letras.mus.br/henrique-e-juliano/as-vezes/,-1
552,Assunto Delicado (part. Xand Avião),musica552,musica552_trecho1,"Tá seguindo a sua vida, né? Já tem até outra pessoa Aparentemente você tá de boa",Guilherme & Benuto,2023,16,https://www.letras.mus.br/guilherme-e-benuto/assunto-delicado-part-xand-aviao/,-1
552,Assunto Delicado (part. Xand Avião),musica552,musica552_trecho2,Mas essa pessoa aí mandou parar de me seguir Essa pessoa aí mandou você me bloquear Será que isso tudo é medo De você me procurar?,Guilherme & Benuto,2023,26,https://www.letras.mus.br/guilherme-e-benuto/assunto-delicado-part-xand-aviao/,-1
552,Assunto Delicado (part. Xand Avião),musica552,musica552_trecho7,Mas essa pessoa aí mandou parar de me seguir Essa pessoa aí mandou você me bloquear Parece que isso tudo é medo De você me procurar,Guilherme & Benuto,2023,26,https://www.letras.mus.br/guilherme-e-benuto/assunto-delicado-part-xand-aviao/,-1
297,Até a Próxima Vida,musica297,musica297_trecho2,Quem nunca rodou essa cidade E quando viu tava na porta De quem mais tinha saudade?,Henrique & Juliano,2021,16,https://www.letras.mus.br/henrique-e-juliano/ate-a-proxima-vida/,-1
297,Até a Próxima Vida,musica297,musica297_trecho4,"Até a próxima vida, mas se liga Se der ruim com esse doido aí Cê lembra que eu sou top dois da sua lista",Henrique & Juliano,2021,24,https://www.letras.mus.br/henrique-e-juliano/ate-a-proxima-vida/,-1
297,Até a Próxima Vida,musica297,musica297_trecho5,"Até a próxima vida, mas se liga Se der ruim com esse doido aí Cê nem pensa, me grita",Henrique & Juliano,2021,19,https://www.letras.mus.br/henrique-e-juliano/ate-a-proxima-vida/,-1
1140,Até o Final,musica1140,musica1140_trecho2,"A carta que mandei não fui eu que escrevi E o poema que te recitei num livro eu li Não sou bom de futebol e por você já chorei Mas é de verdade, estou te amando e me apaixonei",Fernando e Sorocaba,2009,39,https://www.letras.mus.br/fernando-sorocaba/1602775/,-1
781,Atrasadinha (part. Ferrugem),musica781,musica781_trecho4,"Vamos pular A parte que eu peço aquele vinho do bom A taça não merece tirar seu batom Deixa comigo, que pra isso eu tenho o dom",Felipe Araújo,2019,27,https://www.letras.mus.br/felipe-araujo/atrasadinha/,-1
781,Atrasadinha (part. Ferrugem),musica781,musica781_trecho11,"E vamos pular A parte que eu peço aquele vinho do bom A taça não merece tirar seu batom Deixa comigo, que pra isso eu tenho o dom",Felipe Araújo,2019,28,https://www.letras.mus.br/felipe-araujo/atrasadinha/,-1
676,Áudio,musica676,musica676_trecho3,Eu tô gravando esse áudio Pra dizer que não dá mais Pra aguentar essa saudade de você Pra entender o quanto ainda te quero,Diego e Victor Hugo,2019,24,https://www.letras.mus.br/diego-victor-hugo/audio/,-1
676,Áudio,musica676,musica676_trecho4,"Eu tô jogando orgulho fora Chego aí em meia hora Pra acabar com esse clima Você vai ver, eu tô falando sério Áudio enviado com sucesso",Diego e Victor Hugo,2019,26,https://www.letras.mus.br/diego-victor-hugo/audio/,-1
891,Aurora do Mundo,musica891,musica891_trecho1,Quem teve os amores que tive na vida É gente entendida na mágoa e na dor Não sabe por certo que um doce carinho Às vezes é espinho em forma de flor,Belmonte e Amaraí,2021,32,https://www.letras.mus.br/belmonte-e-amarai/1002024/,-1
891,Aurora do Mundo,musica891,musica891_trecho2,Estando sofrendo aqui na cidade A louca saudade de um certo amor Busquei o remédio pra mente saudosa Na vida gostosa do interior,Belmonte e Amaraí,2021,23,https://www.letras.mus.br/belmonte-e-amarai/1002024/,-1
891,Aurora do Mundo,musica891,musica891_trecho3,"Cruzei os cerrados, chapadas e serras Pro lado das terras de Minas Gerais Vi campos floridos e belos cenários Ouvi os canários nos macaubais",Belmonte e Amaraí,2021,24,https://www.letras.mus.br/belmonte-e-amarai/1002024/,-1
891,Aurora do Mundo,musica891,musica891_trecho5,Passei uma noite no rancho amizade E vi na saudade o começo do fim A chuva caía naquele tugúrio Num triste murmúrio por sobre o capim,Belmonte e Amaraí,2021,26,https://www.letras.mus.br/belmonte-e-amarai/1002024/,-1
891,Aurora do Mundo,musica891,musica891_trecho7,"Voltei pra cidade, fiquei na agonia Até que um dia meu bem encontrei Beijei a menina com todo carinho E aquele rostinho acariciei",Belmonte e Amaraí,2021,23,https://www.letras.mus.br/belmonte-e-amarai/1002024/,-1
891,Aurora do Mundo,musica891,musica891_trecho8,Cantando seguiu-me a linha da vida Na estrada florida que eu lhe mostrei Porque ela sabe que agora é só minha És minha rainha eu sou o seu rei,Belmonte e Amaraí,2021,29,https://www.letras.mus.br/belmonte-e-amarai/1002024/,-1
394,Ausência,musica394,musica394_trecho1,"Sei bem O que te faz bem, eu sei Mas no fundo eu já tentei Não faltou coragem",Marília Mendonça,2018,18,https://www.letras.mus.br/marilia-mendonca/ausencia/,-1
394,Ausência,musica394,musica394_trecho3,"Sei Que o pra sempre virou pó E na cabeça deu um nó Mas eu tô bem consciente Mas amei Amei sozinha, mas por dois Me conformei que agora, e não depois Vou ter que seguir em frente",Marília Mendonça,2018,38,https://www.letras.mus.br/marilia-mendonca/ausencia/,-1
394,Ausência,musica394,musica394_trecho5,"Sei Que o pra sempre virou pó E na cabeça deu um nó Mas eu tô bem consciente Mas amei Amei sozinho, mas por dois Me conformei que agora, e não depois Vou ter que seguir em frente",Marília Mendonça,2018,38,https://www.letras.mus.br/marilia-mendonca/ausencia/,-1
1333,Avisa Que Eu Cheguei (part. Ivete Sangalo),musica1333,musica1333_trecho2,Larguei de mão De quem não quis me dar a mão Coração não é mais pau mandado Só faltava um empurrão bem dado Pra acordar pra vida e eu não tô sozinha Eu tô com a Ivete Sangalo,Naiara Azevedo,2017,38,https://www.letras.mus.br/naiara-azevedo/avisa-que-eu-cheguei/,-1
1333,Avisa Que Eu Cheguei (part. Ivete Sangalo),musica1333,musica1333_trecho8,Larguei de mão De quem não me quis dar a mão Coração não é mais pau mandado Só faltava um empurrão bem dado Pra acordar pra vida e eu não tô sozinha Eu tô com Naiara Azevedo,Naiara Azevedo,2017,37,https://www.letras.mus.br/naiara-azevedo/avisa-que-eu-cheguei/,-1
1286,Baby Fala Pra Mim (Quelq'um M'a Dit),musica1286,musica1286_trecho1,"Será que tudo que por nossa vida passa Tem motivos e que só o coração É quem conhece o verdadeiro amor? E as palavras tem poder, então",Leonardo,2011,27,https://www.letras.mus.br/leonardo/1983922/,-1
1286,Baby Fala Pra Mim (Quelq'um M'a Dit),musica1286,musica1286_trecho3,"Eu sei que um gesto vale mais que mil palavras Mas é sempre bom a gente ouvir Um eu te amo, um adoro você Por isso eu quero ouvir você dizer",Leonardo,2011,31,https://www.letras.mus.br/leonardo/1983922/,-1
637,Baby Me Atende (part. Dilsinho),musica637,musica637_trecho2,"Amor e raiva andam lado a lado Porta retratos e quadros, tudo quebrado É o que tá tendo Pedaço de ex amor pra todo lado Tá doendo, tô sofrendo E ela não tá me atendendo",Matheus Fernandes,2021,35,https://www.letras.mus.br/matheus-fernandes/baby-me-atende/,-1
1058,Bagunça Minha Vida,musica1058,musica1058_trecho1,"Não era pra ser mas foi Eu tentei frear, não deu É que esse seu beijo foi, acima da média e eu Capotei Tô querendo você toda hora Vacilei E a saudade tá na minha cola",George Henrique e Rodrigo,2019,36,https://www.letras.mus.br/george-henrique-rodrigo/bagunca-minha-vida/,-1
1058,Bagunça Minha Vida,musica1058,musica1058_trecho3,Bagunça minha vida Revira minha cama Meu coração não liga Se gosta ou se ama Se vai durar um mês ou uma hora Não tem que ser pra sempre Tem que ser gostoso agora,George Henrique e Rodrigo,2019,34,https://www.letras.mus.br/george-henrique-rodrigo/bagunca-minha-vida/,-1
1323,Bala de Prata,musica1323,musica1323_trecho1,Criminosa Não posso olhar dentro do seu olhar Bala de prata acerta pra matar Virei seu refém e não quero escapar,Fernando e Sorocaba,2008,21,https://www.letras.mus.br/fernando-sorocaba/1116095/,-1
1323,Bala de Prata,musica1323,musica1323_trecho2,Bandida Você atirou em minha direção E acertou bem no meu coração Minha vida ficou na palma de suas mãos,Fernando e Sorocaba,2008,20,https://www.letras.mus.br/fernando-sorocaba/1116095/,-1
1323,Bala de Prata,musica1323,musica1323_trecho3,"Hoje cedo acordei, mas sei lá Uma coisa diferente em mim O meu corpo arranhado, suado Uma história sem começo e fim",Fernando e Sorocaba,2008,22,https://www.letras.mus.br/fernando-sorocaba/1116095/,-1
1323,Bala de Prata,musica1323,musica1323_trecho5,Não posso olhar dentro do seu olhar Bala de prata acerta pra matar Virei seu refém e não quero escapar,Fernando e Sorocaba,2008,20,https://www.letras.mus.br/fernando-sorocaba/1116095/,-1
1323,Bala de Prata,musica1323,musica1323_trecho7,"Estou vivendo na cela da paixão Eu fui condenado pelo amor Ela é perigo, é abrigo Uma mistura de querer e dor",Fernando e Sorocaba,2008,22,https://www.letras.mus.br/fernando-sorocaba/1116095/,-1
1135,Balada Louca (part. João Neto e Frederico),musica1135,musica1135_trecho1,Meu Deus do céu aonde é que eu tô Alguém me explica me ajuda por favor Bebi demais na noite passada E eu só me lembro do começo da balada,Munhoz & Mariano,2012,30,https://www.letras.mus.br/munhoz-mariano/balada-louca/,-1
326,Balanço da Rede (part. Xand Avião),musica326,musica326_trecho1,"Tô off pra disputa, quero ser prioridade Quero amor inteiro, não aceito só metade Vou te excluir se não se decidir Vai entregar seu coração pra ele ou pra mim?",Matheus Fernandes,2021,30,https://www.letras.mus.br/matheus-fernandes/balanco-da-rede-part-xand-aviao/,-1
326,Balanço da Rede (part. Xand Avião),musica326,musica326_trecho3,"No balanço da rede, só tomando vento O pé na parede, só pra dar o movimento Comigo tu viaja, com ele, tu perde tempo Fazer amor é fácil, quero ver ter sentimento",Matheus Fernandes,2021,32,https://www.letras.mus.br/matheus-fernandes/balanco-da-rede-part-xand-aviao/,-1
326,Balanço da Rede (part. Xand Avião),musica326,musica326_trecho6,"Olha, eu tô off pra disputa, quero ser prioridade Olha que quero amor inteiro, não aceito só metade Vou te excluir se não se decidir Vai entregar seu coração pra ele ou pra mim?",Matheus Fernandes,2021,34,https://www.letras.mus.br/matheus-fernandes/balanco-da-rede-part-xand-aviao/,-1
326,Balanço da Rede (part. Xand Avião),musica326,musica326_trecho9,"No balanço da rede, só tomando vento O pé na parede, só pra dar- (balança, balança) Comigo tu viaja, com ele, tu perde tempo Fazer amor é fácil, quero ver ter sentimento",Matheus Fernandes,2021,32,https://www.letras.mus.br/matheus-fernandes/balanco-da-rede-part-xand-aviao/,-1
1481,Bara Bara (part. Bruno & Marrone),musica1481,musica1481_trecho2,"E quando eu te pegar, você vai ficar louca Vai ficar doidinha, doidinha dentro da roupa Quando eu te pegar vou fazer diferente Tenho certeza, vai pirar a sua mente A bebida tá subindo, a cabeça enlouquecendo O clima tá esquentando, só vai dar eu e você Pra gente então fazer",Cristiano Araújo,2012,51,https://www.letras.mus.br/cristiano-araujo/1999546/,-1
173,Barulho do Foguete,musica173,musica173_trecho1,Cadê a foto de vocês Com a legenda de textão? Cadê o nome dele na sua bio Do lado de um coração?,Zé Neto e Cristiano,2023,22,https://www.letras.mus.br/ze-neto-cristiano/barulho-do-foguete/,-1
173,Barulho do Foguete,musica173,musica173_trecho3,Que pena que cês terminaram Achei que ia durar pra sempre Tô triste com um negócio desse Escuta aí o barulho do foguete,Zé Neto e Cristiano,2023,23,https://www.letras.mus.br/ze-neto-cristiano/barulho-do-foguete/,-1
173,Barulho do Foguete,musica173,musica173_trecho4,"Que pena que cês terminaram Achei que ia durar pra sempre Tô triste com um negócio desse Escuta aí o barulho do foguete, ó",Zé Neto e Cristiano,2023,24,https://www.letras.mus.br/ze-neto-cristiano/barulho-do-foguete/,-1
853,Bateria Acabou (part. Marília Mendonça),musica853,musica853_trecho2,Resolvi olhar as suas fotos Saber como você está Parece até que tem alguém Fiquei mal por te ver bem,Zé Neto e Cristiano,2017,20,https://www.letras.mus.br/ze-neto-cristiano/bateria-acabou/,-1
695,Batom de Cereja,musica695,musica695_trecho1,"Parei, pensei Quase travei Será que agora eu vou passar a vez Será que eu vou ficar de boa Pegando outra e vendo você ficar com outra pessoa?",Israel & Rodolffo,2021,28,https://www.letras.mus.br/israel-rodolfo/batom-de-cereja/,-1
251,Bebaça (part. Maiara & Maraisa),musica251,musica251_trecho2,"Tentou agarrar o garçom Derrubou a caixa de som Pra variar, cê queimou a largada Tentou até ligar pro ex Pra sua sorte, eu não deixei Já tava tudo rodando, rodando Pediu outra rodada",Marília Mendonça,2019,34,https://www.letras.mus.br/marilia-mendonca/bebaca/,-1
682,Bebi Liguei,musica682,musica682_trecho3,"Faltou coragem pra dizer que não Bebi, liguei, parei no seu colchão Chego apaixonado e saio arrependido Amar por dois só me dá prejuízo",Marília Mendonça,2019,24,https://www.letras.mus.br/marilia-mendonca/bebi-liguei/,-1
682,Bebi Liguei,musica682,musica682_trecho4,"Faltou coragem pra dizer que não Bebi, liguei, parei no seu colchão Chego apaixonado e saio arrependido Amar por dois só me dá prejuízo Só me dá prejuízo",Marília Mendonça,2019,28,https://www.letras.mus.br/marilia-mendonca/bebi-liguei/,-1
682,Bebi Liguei,musica682,musica682_trecho8,Chego apaixonado e saio arrependido Amar por dois só me dá prejuízo,Marília Mendonça,2019,12,https://www.letras.mus.br/marilia-mendonca/bebi-liguei/,-1
238,Bebo Pa Carai,musica238,musica238_trecho1,Toda vez que a gente briga Ela diz que vai embora Aquela mala me assusta Pronta do lado de fora,Gino e Geno,2005,20,https://www.letras.mus.br/gino-e-geno/259808/,-1
238,Bebo Pa Carai,musica238,musica238_trecho5,De repente ela volta Toda cheia de alegria Nem parece que a gente Brigou naquele dia,Gino e Geno,2005,16,https://www.letras.mus.br/gino-e-geno/259808/,-1
238,Bebo Pa Carai,musica238,musica238_trecho8,Depois de uma semana em casa Quero um trenzinho diferente Uma coisa mais novinha Dessas que anima a gente,Gino e Geno,2005,19,https://www.letras.mus.br/gino-e-geno/259808/,-1
1419,Beijar À Queima Roupa,musica1419,musica1419_trecho3,Eu tentei ser bonzinho Até quis dar carinho Agora cê aguenta A pegada violenta,Lucas Lucco,2014,14,https://www.letras.mus.br/lucas-lucco/beijar-a-queima-roupa/,-1
1419,Beijar À Queima Roupa,musica1419,musica1419_trecho4,"Hoje é promoção Me abusa, me usa Hoje eu vou te pegar E vou rasgar a sua blusa",Lucas Lucco,2014,18,https://www.letras.mus.br/lucas-lucco/beijar-a-queima-roupa/,-1
1419,Beijar À Queima Roupa,musica1419,musica1419_trecho9,Eu tentei ser boazinha Até quis dar carinho Mas você não aguenta A pegada violenta,Lucas Lucco,2014,15,https://www.letras.mus.br/lucas-lucco/beijar-a-queima-roupa/,-1
1419,Beijar À Queima Roupa,musica1419,musica1419_trecho10,"Hoje é promoção Me abusa, me usa Hoje eu vou te pegar Mas vai com calma e não abusa",Lucas Lucco,2014,19,https://www.letras.mus.br/lucas-lucco/beijar-a-queima-roupa/,-1
1419,Beijar À Queima Roupa,musica1419,musica1419_trecho14,"Chega mais pra perto, deixa eu te pegar Um toque só, um beijo, você vai pirar Meu jeito é selvagem, te deixa confusa Hoje eu vou te pegar e vou rasgar a sua blusa",Lucas Lucco,2014,34,https://www.letras.mus.br/lucas-lucco/beijar-a-queima-roupa/,-1
806,Beijo De Varanda,musica806,musica806_trecho1,Todo santo dia é mais um dia pra te esquecer Acabei de ouvir a nossa música no rádio e na TV O que será que isso quer dizer?,Bruno & Marrone,2017,28,https://www.letras.mus.br/bruno-e-marrone/beijo-de-varanda/,-1
806,Beijo De Varanda,musica806,musica806_trecho3,"Nem vou culpar o vento por essa bagunça Se fui eu que deixei a janela aberta Então é minha culpa, ai ai E já que entrou na minha vida, leve, é toda a sua Quero aquele beijo de varanda e a Lua de testemunha Eu tô até com ciúme O vento deve estar usando o seu perfume",Bruno & Marrone,2017,57,https://www.letras.mus.br/bruno-e-marrone/beijo-de-varanda/,-1
1245,Beijo Meu,musica1245,musica1245_trecho5,"Frio lá fora, aqui um cobertor Acendo a lareira pra trazer calor Você pediu pra eu tocar",Israel Novaes,2012,17,https://www.letras.mus.br/israel-novaes/1970118/,-1
987,Beleza Ignorante,musica987,musica987_trecho1,"Pensa numa morena boazuda, do cabelo na cintura Pequena da bunda grande Que entorta o pescoço dos cara, onde passa, o povo fala Que beleza ignorante",Simone Mendes,2024,26,https://www.letras.mus.br/simone-mendes/beleza-ignorante/,-1
987,Beleza Ignorante,musica987,musica987_trecho2,Promete tudo Entrega tudo Dá show no claro Dá show no escuro,Simone Mendes,2024,12,https://www.letras.mus.br/simone-mendes/beleza-ignorante/,-1
987,Beleza Ignorante,musica987,musica987_trecho3,"Eu falo e faço bem gostosinho Quem prova o meu mel num esquece de mim Eu falo e faço, capricho sem dó Duas sanfonada, cabou o forró Eu falo e faço bem gostosin Quem prova o meu mel num esquece de mim Eu falo e faço, capricho sem dó Duas sanfonada, cabou o forró",Simone Mendes,2024,54,https://www.letras.mus.br/simone-mendes/beleza-ignorante/,-1
1381,Bem Feito,musica1381,musica1381_trecho1,"Você saiu, falou que nunca mais ia voltar Que iria ser feliz sem mim, tá bom, haha! Haha, eu duvido!",Thaeme e Thiago,2015,20,https://www.letras.mus.br/thaeme-thiago/bem-feito/,-1
1381,Bem Feito,musica1381,musica1381_trecho2,"Juro que não é praga minha, mas não vai encontrar Alguém que te ame tanto Se quer ir então vá! Haha, eu duvido!",Thaeme e Thiago,2015,23,https://www.letras.mus.br/thaeme-thiago/bem-feito/,-1
1171,Bengala E Crochê,musica1171,musica1171_trecho3,"Se você já me deu a cópia da chave O que eu tô pensando, acho que você sabe",Maiara & Maraisa,2017,18,https://www.letras.mus.br/maiara-maraisa/bengala-e-croche/,-1
1171,Bengala E Crochê,musica1171,musica1171_trecho4,"Eu quero acordar do seu lado toda manhã Ouvir seu bom dia, um café, croissant Duas cópias da gente correndo num quintal Os altos e baixos de todo casal",Maiara & Maraisa,2017,29,https://www.letras.mus.br/maiara-maraisa/bengala-e-croche/,-1
1171,Bengala E Crochê,musica1171,musica1171_trecho5,"Eu quero nós dois bem juntinhos Até ficar bem velhinhos, bengala e crochê Até o final, eu e você",Maiara & Maraisa,2017,19,https://www.letras.mus.br/maiara-maraisa/bengala-e-croche/,-1
1554,Blackout,musica1554,musica1554_trecho1,"Eu sei Que eu não tenho mais razões pra me preocupar Eu sei, que não sei Da sua nova vida se tem outro em meu lugar",Cristiano Araújo,2014,26,https://www.letras.mus.br/cristiano-araujo/blackout/,-1
579,Boa Memória,musica579,musica579_trecho2,Que tenha pôr do Sol Banho de chuva e vento na cara Faz amor no meio da estrada Eu te desejo tudo isso e muito mais E muito mais,Luan Santana,2018,29,https://www.letras.mus.br/luan-santana/boa-memoria/,-1
579,Boa Memória,musica579,musica579_trecho3,"Amar é deixar ir, é saber sair de cena É ficar longe pra não te causar nenhum problema Amar é deixar ir, te desejo o bem e só Ah, e que tenha uma boa memória Só pra você lembrar que comigo ia ser bem melhor",Luan Santana,2018,45,https://www.letras.mus.br/luan-santana/boa-memoria/,-1
1122,Boa Sorte Pra Você,musica1122,musica1122_trecho1,"Pra você não foi sério E se ainda te quero Sei que não dá mais Já tentamos, desisti",Victor & Leo,2010,18,https://www.letras.mus.br/victor-leo/1729755/,-1
12,Boate Azul,musica12,musica12_trecho1,"Doente de amor, procurei remédio na vida noturna Com a flor da noite em uma boate aqui na zona sul A dor do amor é com outro amor que a gente cura Vim curar a dor desse mal de amor na boate azul",Bruno & Marrone,2019,43,https://www.letras.mus.br/bruno-e-marrone/88379/,-1
12,Boate Azul,musica12,musica12_trecho3,Sair de que jeito se nem sei o rumo para onde vou Muito vagamente me lembro que estou Em uma boate aqui na zona sul Eu bebi demais e não consigo me lembrar sequer Qual era o nome daquela mulher A flor da noite na boate azul,Bruno & Marrone,2019,47,https://www.letras.mus.br/bruno-e-marrone/88379/,-1
194,Body Splash (part. Luan Pereira),musica194,musica194_trecho1,"Troquei de lençol, troquei de colchão Mas de sentimento ainda não",Felipe Araújo,2024,11,https://www.letras.mus.br/felipe-araujo/body-splash/,-1
253,Boiadeira,musica253,musica253_trecho1,Depois que me conheceu Já quis se mudar aqui pro interior Deixa o carro na garagem Pra andar de Manga-larga Marchador,Ana Castela,2024,21,https://www.letras.mus.br/ana-castela/boiadeira/,-1
253,Boiadeira,musica253,musica253_trecho2,O cabelo Chanel deu lugar pro chapéu Tá cheia de terra a unha de gel O Dolce & Gabbana agora foi trocado Por um perfume com cheiro de mato,Ana Castela,2024,29,https://www.letras.mus.br/ana-castela/boiadeira/,-1
1396,Bola de Cristal,musica1396,musica1396_trecho6,Não é preciso bola de cristal Pra saber Que eu vivo por você Eu só sei te querer,Fernando e Sorocaba,2011,18,https://www.letras.mus.br/fernando-sorocaba/1706490/,-1
1294,Bom Rapaz (part. Jorge e Mateus),musica1294,musica1294_trecho1,"Vai ficar olhando ou vai levar Essa joia pra sua casa? Olha, você tá ouvindo um sim De quem disse não pra tantos caras",Fernando e Sorocaba,2017,24,https://www.letras.mus.br/fernando-sorocaba/bom-rapaz/,-1
1294,Bom Rapaz (part. Jorge e Mateus),musica1294,musica1294_trecho2,Ela já se machucou demais Promete que vai ser um bom rapaz? E se ela disser: Vem! Cê pega e vai E não solta nunca mais E não solta nunca mais,Fernando e Sorocaba,2017,31,https://www.letras.mus.br/fernando-sorocaba/bom-rapaz/,-1
1294,Bom Rapaz (part. Jorge e Mateus),musica1294,musica1294_trecho3,"Outra dessa, cê não acha Olha como ela te abraça E você ganhou de graça Corre, que essa chance passa Corre, senão ela escapa",Fernando e Sorocaba,2017,24,https://www.letras.mus.br/fernando-sorocaba/bom-rapaz/,-1
1294,Bom Rapaz (part. Jorge e Mateus),musica1294,musica1294_trecho4,"Vai ficar olhando ou vai levar Essa joia pra sua casa? Olha, você tá ouvindo sim De quem disse não pra tantos caras",Fernando e Sorocaba,2017,23,https://www.letras.mus.br/fernando-sorocaba/bom-rapaz/,-1
1294,Bom Rapaz (part. Jorge e Mateus),musica1294,musica1294_trecho7,"Outra dessa, cê não acha (Outra dessa, cê não acha) Olha como ela te abraça (Olha como ela te abraça) E você ganhou de graça Corre, que essa chance passa Corre, senão ela escapa",Fernando e Sorocaba,2017,34,https://www.letras.mus.br/fernando-sorocaba/bom-rapaz/,-1
1294,Bom Rapaz (part. Jorge e Mateus),musica1294,musica1294_trecho9,"Outra dessa, cê não acha Olha como ela te abraça (Olha como ela te abraça) E você ganhou de graça Corre, que essa chance passa Corre, senão ela escapa",Fernando e Sorocaba,2017,29,https://www.letras.mus.br/fernando-sorocaba/bom-rapaz/,-1
57,Borboletas,musica57,musica57_trecho1,"Percebo que o tempo já não passa Você diz que não tem graça amar assim Foi tudo tão bonito, mas voou pro infinito Parecido com borboletas de um jardim",Victor & Leo,2008,29,https://www.letras.mus.br/victor-leo/1287417/,-1
57,Borboletas,musica57,musica57_trecho3,Não sei dizer o que mudou Mas nada está igual Numa noite estranha a gente se estranha e fica mal Você tenta provar Que tudo em nós morreu Borboletas sempre voltam e o seu jardim sou eu,Victor & Leo,2008,37,https://www.letras.mus.br/victor-leo/1287417/,-1
57,Borboletas,musica57,musica57_trecho8,Sempre voltam e o seu jardim sou eu,Victor & Leo,2008,8,https://www.letras.mus.br/victor-leo/1287417/,-1
440,Briga Feia,musica440,musica440_trecho2,"Hoje eu acordei com a cabeça no lugar, ah Mas é que eu descobri que você tava lá Me obrigando a terminar, ah, ah",Henrique & Juliano,2020,24,https://www.letras.mus.br/henrique-e-juliano/briga-feia/,-1
440,Briga Feia,musica440,musica440_trecho3,"A briga foi feia Teve dedo na cara Teve voz alterada Teve tudo que tem em uma discussão Mas eu não, eu não tava terminando, não Você confundiu seu coração",Henrique & Juliano,2020,30,https://www.letras.mus.br/henrique-e-juliano/briga-feia/,-1
440,Briga Feia,musica440,musica440_trecho4,"A briga foi feia Teve dedo na cara Teve voz alterada Teve tudo que tem em uma discussão Mas eu não, eu não tava terminando, não Você confundiu seu coração Eu não tava terminando, não",Henrique & Juliano,2020,35,https://www.letras.mus.br/henrique-e-juliano/briga-feia/,-1
1142,"Bruto, Rústico e Sistemático",musica1142,musica1142_trecho1,"Tudo o que dá na TV Minha muié qué fazê Não mede as consequências Fez um tar de topless Quando vi, me deu um stress Perdi minha paciência",João Carreiro & Capataz,2009,28,https://www.letras.mus.br/joao-carreiro-capataz/1072366/,-1
1142,"Bruto, Rústico e Sistemático",musica1142,musica1142_trecho2,Por mim faltaro respeito Na muié eu dei um jeito Corretivo do meu modo No quarto deixei trancada Quinze dia aprisionada E com ela não me incomodo,João Carreiro & Capataz,2009,27,https://www.letras.mus.br/joao-carreiro-capataz/1072366/,-1
1142,"Bruto, Rústico e Sistemático",musica1142,musica1142_trecho4,"Fim de semana passado Conheci o namorado da minha filha caçula Achei que não deu pareia Tava de brinco na oreia e o corpo cheio de figura Não suportei muito tempo Neste relacionamento eu tive que opinar Sujeitinho era roqueiro, não dá certo com violeiro Nós num ia combinar",João Carreiro & Capataz,2009,49,https://www.letras.mus.br/joao-carreiro-capataz/1072366/,-1
1142,"Bruto, Rústico e Sistemático",musica1142,musica1142_trecho7,Mas neste mundo moderno Não tem errado e nem certo Achar ruim é preconceito Mas não fujo à minha essência Pra mim isso é indecência E ninguém vai mudar meu jeito,João Carreiro & Capataz,2009,31,https://www.letras.mus.br/joao-carreiro-capataz/1072366/,-1
420,Bye Bye,musica420,musica420_trecho1,"Já memorizei o seu corpo todo Pro caso da gente não se ver de novo Doa a quem doer, essa é a verdade Entre nós dois não cabe saudade",Marília Mendonça,2019,29,https://www.letras.mus.br/marilia-mendonca/bye-bye/,-1
420,Bye Bye,musica420,musica420_trecho2,"Pra você, sou só mais uma carona No final de uma balada, me envolvi sabendo Somos dois estranhos numa cama temporária Fazendo amor, consciente que é só momento O quarto é grande, mas não cabe sentimento",Marília Mendonça,2019,36,https://www.letras.mus.br/marilia-mendonca/bye-bye/,-1
420,Bye Bye,musica420,musica420_trecho5,"Pra você, sou só mais uma carona No final de uma balada, me envolvi sabendo Somos dois estranhos numa cama temporária Fazendo amor, consciente que é só momento O quarto é grande mas não cabe sentimento",Marília Mendonça,2019,36,https://www.letras.mus.br/marilia-mendonca/bye-bye/,-1
1331,Cada Um Com Seus Problemas (part. Lucas Lucco),musica1331,musica1331_trecho4,"Ela chora pensando em mim, tá sem esquema Ema, ema, ema, ema, e cada um com seus problemas É que eu tô solto na pista, tô no esquema Ema, ema, ema, ema, e cada um com seus problemas",Thiago Brava,2013,38,https://www.letras.mus.br/thiago-brava/cada-um-com-seus-problemas/,-1
1331,Cada Um Com Seus Problemas (part. Lucas Lucco),musica1331,musica1331_trecho8,"Ela chora pensando em mim, tá sem esquema Ema, ema, ema, ema, e cada um com seus problemas E eu tô solto na pista, tô no esquema Ema, ema, ema, ema, é cada um com seus problemas",Thiago Brava,2013,37,https://www.letras.mus.br/thiago-brava/cada-um-com-seus-problemas/,-1
1043,Cadeira de Aço,musica1043,musica1043_trecho1,Sobraram as marcas das brigas da separação Ficaram os cacos de vidro e as flores no chão Se eu tivesse abaixado a voz Talvez hoje seríamos nós,Zé Neto e Cristiano,2017,27,https://www.letras.mus.br/ze-neto-cristiano/cadeira-de-aco/,-1
1265,Cafajeste,musica1265,musica1265_trecho2,Até declaração O Pedro já me fez Thiago já avisou Que vai até o final,Thaeme e Thiago,2014,15,https://www.letras.mus.br/thaeme-thiago/cafajeste/,-1
1265,Cafajeste,musica1265,musica1265_trecho4,Eu gosto É daquele cafajeste Aquele que não liga E que não me merece,Thaeme e Thiago,2014,14,https://www.letras.mus.br/thaeme-thiago/cafajeste/,-1
1265,Cafajeste,musica1265,musica1265_trecho5,Que só faz coisa errada E que me enlouquece Chega Faz e acontece,Thaeme e Thiago,2014,13,https://www.letras.mus.br/thaeme-thiago/cafajeste/,-1
1265,Cafajeste,musica1265,musica1265_trecho6,Eu gosto É desse animal Por ele sou capaz De um crime passional,Thaeme e Thiago,2014,13,https://www.letras.mus.br/thaeme-thiago/cafajeste/,-1
708,Café Com Leite,musica708,musica708_trecho1,Tem pele que cola na nossa e não desgruda mais Perfume que não passa Tem música boa que só é boa em uma voz Nas outras não tem graça,Luan Santana,2015,29,https://www.letras.mus.br/luan-santana/cafe-com-leite/,-1
708,Café Com Leite,musica708,musica708_trecho2,É nessa hora que a falta bate E a gente senta e chora E o choro que sobrar A gente guarda pra uma outra história,Luan Santana,2015,25,https://www.letras.mus.br/luan-santana/cafe-com-leite/,-1
708,Café Com Leite,musica708,musica708_trecho6,Tem pele que cola na nossa e não desgruda mais Perfume que não passa Tem musica boa que só é boa em uma voz Nas outras não tem graça,Luan Santana,2015,29,https://www.letras.mus.br/luan-santana/cafe-com-leite/,-1
554,Café e Amor,musica554,musica554_trecho2,"Já percebeu Que quando cê sorri o motivo não é mais eu? Que quando eu tô feliz, é porque o meu time venceu? Ou coisa parecida Não tem nada a ver com a nossa vida",Gusttavo Lima,2021,35,https://www.letras.mus.br/gusttavo-lima/cafe-e-amor/,-1
1229,Calafrio,musica1229,musica1229_trecho3,"Pra nunca mais voltar, foi tão difícil suportar A dor de ouvir o seu adeus, seu adeus Eu não vou mais chorar, eu sei, você quer me amar Eu vou deixar o tempo te mostrar Que o seu amor sou eu",Henrique & Juliano,2014,41,https://www.letras.mus.br/henrique-e-juliano/calafrio/,-1
1229,Calafrio,musica1229,musica1229_trecho4,"Eu não vou mais chorar, eu sei, você quer me amar Eu vou deixar o tempo te mostrar Que o seu amor sou eu, sou eu",Henrique & Juliano,2014,26,https://www.letras.mus.br/henrique-e-juliano/calafrio/,-1
111,Calcinha de Renda (part. Gusttavo Lima),musica111,musica111_trecho3,Mais uma vez me rendi A sua calcinha de renda Mais uma noite que eu fiz Amor com o problema,Panda Cantor,2025,20,https://www.letras.mus.br/panda-cantor/calcinha-de-renda-part-gusttavo-lima/,-1
111,Calcinha de Renda (part. Gusttavo Lima),musica111,musica111_trecho4,Mais uma vez que no motel foi 180 Mas fez o 180 valer a pena Cê sabe bem o poder que tem Debaixo da calcinha Debaixo da calcinha de renda,Panda Cantor,2025,30,https://www.letras.mus.br/panda-cantor/calcinha-de-renda-part-gusttavo-lima/,-1
427,Calma,musica427,musica427_trecho1,"Não chore mais, sorria, amor Eu trouxe o fim da sua dor Não chore nunca mais, amor",Jorge & Mateus,2015,17,https://www.letras.mus.br/jorge-mateus/calma/,-1
427,Calma,musica427,musica427_trecho3,"Calma, a sua insegurança não te leva a nada Eu quero ser seu homem, te fazer amada Amar, amar você até você se amar e me amar",Jorge & Mateus,2015,27,https://www.letras.mus.br/jorge-mateus/calma/,-1
427,Calma,musica427,musica427_trecho4,"Calma, a sua insegurança não te leva a nada Eu quero ser seu homem, te fazer amada Amar, amar você até você se amar e me amar Calma!",Jorge & Mateus,2015,28,https://www.letras.mus.br/jorge-mateus/calma/,-1
209,Camaro Amarelo,musica209,musica209_trecho4,"Quando eu passava por você Na minha CG, você nem me olhava Fazia de tudo pra me ver, pra me perceber Mas nem me olhava",Munhoz & Mariano,2011,25,https://www.letras.mus.br/munhoz-mariano/camaro-amarelo/,-1
209,Camaro Amarelo,musica209,musica209_trecho7,"E agora você vem, né? Agora você quer? Só que agora vou escolher Tá sobrando mulher",Munhoz & Mariano,2011,16,https://www.letras.mus.br/munhoz-mariano/camaro-amarelo/,-1
1224,Canção Perfeita,musica1224,musica1224_trecho1,"Eu já falei de amor, já escrevi canções Com caneta de alma, folha de emoções À procura de uma canção perfeita",Israel Novaes,2012,21,https://www.letras.mus.br/israel-novaes/1970119/,-1
1224,Canção Perfeita,musica1224,musica1224_trecho4,"Eu já falei de amor, já escrevi canções Com caneta de alma, folha de emoções A procura de uma canção perfeita",Israel Novaes,2012,21,https://www.letras.mus.br/israel-novaes/1970119/,-1
15,Cantada,musica15,musica15_trecho2,"Se esse sorriso for pra mim Eu sou o cara que tem mais sorte no mundo Azar de quem perdeu, agora sou eu Quem vai te queimar no meu fogo E amanhã vai ter de novo",Luan Santana,2015,36,https://www.letras.mus.br/luan-santana/cantada/,-1
15,Cantada,musica15,musica15_trecho3,"E às nove da manhã Quando você acordar E se perguntar como foi, como é A gente só saiu pra jantar e foi ficando É que a gente só saiu pra jantar e foi ficando A gente saiu E ficou pro café",Luan Santana,2015,42,https://www.letras.mus.br/luan-santana/cantada/,-1
15,Cantada,musica15,musica15_trecho6,"E às nove da manhã Quando você acordar E se perguntar como foi, como é A gente só saiu pra jantar e foi ficando É que a gente só saiu pra jantar e ficou pro café",Luan Santana,2015,36,https://www.letras.mus.br/luan-santana/cantada/,-1
36,Cantada Boba,musica36,musica36_trecho1,Falaram pra mim que eu sou seletivo demais Que pra pegar eu tem que ter uma lábia a mais Eu não discordo dessa conversa Eu sou difícil mesmo Mas pra quem não me interessa Quem tem moral comigo não tá nessa festa,Jorge & Mateus,2024,42,https://www.letras.mus.br/jorge-mateus/cantada-boba/,-1
143,Canudinho (part. Ana Castela),musica143,musica143_trecho2,"Você está me dando umas olhadas E deixando minha cabeça a mil, puta que pariu E o pior é que cê nem disfarça Tem maldade na sua cara",Gusttavo Lima,2024,28,https://www.letras.mus.br/gusttavo-lima/canudinho-part-ana-castela/,-1
186,Carta Aberta,musica186,musica186_trecho3,"Eu quis demais, você não quis Não quero mais, eu avisei E um dia avisado Não ia adiantar mais",Henrique & Juliano,2023,19,https://www.letras.mus.br/henrique-e-juliano/carta-aberta/,-1
605,Carta Branca,musica605,musica605_trecho3,Você tem carta branca nesse meu coração Eu amo você Estou de corpo e alma entregue em suas mãos Quero dizer que ninguém no mundo vai te amar assim É tanto amor que esqueço até de mim,Gusttavo Lima,2015,37,https://www.letras.mus.br/gusttavo-lima/carta-branca/,-1
1284,Cartaz,musica1284,musica1284_trecho3,"O que eu quero dizer, o teu sorriso atrai Entre as coisas mais lindas Você me dá prazer, você me dá cartaz Tudo que eu preciso",Jorge & Mateus,2012,26,https://www.letras.mus.br/jorge-mateus/833961/,-1
606,Casa Amarela,musica606,musica606_trecho2,"Olha o meu desespero Tô fazendo amizade com um vigilante Pra me explicar Meu problema é amor, tô sofrendo Eu não tô querendo roubar Mas, me diz uma coisa De quem é aquele carro preto Na frente da casa amarela?",Guilherme & Santiago,2016,40,https://www.letras.mus.br/guilherme-e-santiago/casa-amarela/,-1
606,Casa Amarela,musica606,musica606_trecho3,E o vigilante tá mandando a real Não vale a pena eu ficar passando mal Tem só três dias que ela me deixou Faz mais de um mês Que esse carro preto busca o meu amor,Guilherme & Santiago,2016,36,https://www.letras.mus.br/guilherme-e-santiago/casa-amarela/,-1
606,Casa Amarela,musica606,musica606_trecho4,"E o vigilante tá mandando a real Não vale a pena eu ficar passando mal Tem só três dias que ela me deixou Faz mais de um mês Que esse carro preto busca o meu amor Agora, acabou",Guilherme & Santiago,2016,38,https://www.letras.mus.br/guilherme-e-santiago/casa-amarela/,-1
3,Caso Indefinido,musica3,musica3_trecho2,"Se você quiser Podemos ser um caso indefinido ou nada mais Apenas bons amigos, namorar, casar, ter filhos Passar a vida inteira juntos, oh",Cristiano Araújo,2013,24,https://www.letras.mus.br/cristiano-araujo/caso-indefinido/,-1
3,Caso Indefinido,musica3,musica3_trecho4,"Se você quiser A gente casa ou namora A gente fica ou enrola O que eu mais quero é que você me queira, oh",Cristiano Araújo,2013,24,https://www.letras.mus.br/cristiano-araujo/caso-indefinido/,-1
3,Caso Indefinido,musica3,musica3_trecho5,"Se você quiser A gente casa ou namora A gente fica ou enrola O que eu mais quero é que você me queira, oh Por um momento ou pra vida inteira",Cristiano Araújo,2013,31,https://www.letras.mus.br/cristiano-araujo/caso-indefinido/,-1
1501,Castigo,musica1501,musica1501_trecho3,"Eu já perdi o jogo, já perdi o norte Sei que no amor também não tô com sorte Tô roendo o toco, tô rindo pra não chorar Essa indiferença, paixão dividida Agora cada um segue a sua vida De hoje em diante é eu pra cá, você pra lá",Jorge & Mateus,2007,49,https://www.letras.mus.br/jorge-mateus/941326/,-1
1501,Castigo,musica1501,musica1501_trecho6,"Eu já perdi o jogo, já perdi o norte Sei que no amor também não tô com sorte Tô roendo o toco, tô rindo pra não chorar Nessa indiferença, paixão dividida Agora cada um segue a sua vida De hoje em diante é eu pra cá, você pra lá",Jorge & Mateus,2007,49,https://www.letras.mus.br/jorge-mateus/941326/,-1
1248,Catra Presidente (part. Mr. Catra),musica1248,musica1248_trecho1,Essa noite eu tive um sonho Foi o mais engraçado que eu já tive Era eleição no Brasil E um cara quis tirar o país da crise,Thiago Matheus,2017,27,https://www.letras.mus.br/thiagomatheus/catra-presidente/,-1
1248,Catra Presidente (part. Mr. Catra),musica1248,musica1248_trecho3,"Você não sabe o que aconteceu! Meu Deus, o Catra se candidatou!",Thiago Matheus,2017,12,https://www.letras.mus.br/thiagomatheus/catra-presidente/,-1
1248,Catra Presidente (part. Mr. Catra),musica1248,musica1248_trecho4,Segunda-feira é folga Terça ninguém trabalha De quarta a domingo é dia de balada Vote 69 que ele não te engana Imagina o Catra presidente uma semana?,Thiago Matheus,2017,27,https://www.letras.mus.br/thiagomatheus/catra-presidente/,-1
939,Cds e Livros,musica939,musica939_trecho2,Eu digo as palavras certas Eu canto a nossa canção Memórias de um filme de amor Que terminou em traição,Léo Magalhães,2014,20,https://www.letras.mus.br/leo-magalhaes/cds-e-livros/,-1
1526,Cê É Louco!,musica1526,musica1526_trecho2,"Quero ver o seu vestido preto jogado no chão Quero ver a minha boca, suja com seu batom Quero ouvir você falar, baixinho em meu ouvido Fica mais um pouco, amor",Bruninho e Davi,2014,31,https://www.letras.mus.br/bruninho-davi/ce-e-louco/,-1
931,Cê Me Conhece Eu Me Conheço,musica931,musica931_trecho1,Eu tô saindo nessa porta agora E tô olhando pra trás pra falar Que você não pode ser idiota De vir correndo sempre que eu te chamar,Henrique & Juliano,2025,27,https://www.letras.mus.br/henrique-e-juliano/ce-me-conhece-e-eu-me-conheco/,-1
491,Cê Que Sabe,musica491,musica491_trecho3,"Já é tarde, tá frio, é noite, eu sozinho Minhas mãos tão comichando pra ligar Final 15-04 pra falar",Cristiano Araújo,2014,19,https://www.letras.mus.br/cristiano-araujo/ce-que-sabe/,-1
491,Cê Que Sabe,musica491,musica491_trecho4,"Oh-oh, cê que sabe, amor Se a gente fica junto ou dá um tempo Mesmo assim eu te espero, eu te espero Oh-oh, cê que sabe, amor Nossa relação tem tudo pra dar certo Nós já estamos tão perto, tão perto, coração",Cristiano Araújo,2014,42,https://www.letras.mus.br/cristiano-araujo/ce-que-sabe/,-1
491,Cê Que Sabe,musica491,musica491_trecho6,"Oh-oh, cê que sabe, amor Se a gente fica junto ou dá um tempo Mesmo assim eu te espero, eu te espero Oh-oh, cê que sabe, amor Nossa relação tem tudo pra dar certo Nós já estamos tão perto, tão perto",Cristiano Araújo,2014,41,https://www.letras.mus.br/cristiano-araujo/ce-que-sabe/,-1
491,Cê Que Sabe,musica491,musica491_trecho7,"Oh-oh, cê que sabe, amor Se a gente fica junto ou dá um tempo Ooh, eu te espero Oh-oh, cê que sabe, amor Nossa relação tem tudo pra dar certo Nós já estamos tão perto, tão perto, coração",Cristiano Araújo,2014,38,https://www.letras.mus.br/cristiano-araujo/ce-que-sabe/,-1
827,Cê Topa?,musica827,musica827_trecho1,"Já pensou se a gente for Um pouco mais ousado nesse nosso lance Já pensou, transformar A nossa amizade num lindo romance",Luan Santana,2013,22,https://www.letras.mus.br/luan-santana/ce-topa/,-1
1515,Celebridade,musica1515,musica1515_trecho2,"Se quer aparecer, vira atriz de novela Faz foto sensual, sobe na passarela Se quer aparecer, raspa o cabelo no zero Vai pra um reality show, dá o golpe no cara certo Se quer aparecer, me tira fora dessa Esse seu jeito de maluca não me interessa",Fernando e Sorocaba,2009,47,https://www.letras.mus.br/fernando-sorocaba/1602797/,-1
972,Cem Mil,musica972,musica972_trecho1,"Não fale mais o meu nome Não me telefone Por favor, não pergunte por mim",Gusttavo Lima,2018,15,https://www.letras.mus.br/gusttavo-lima/cem-mil/,-1
794,CERTEZA,musica794,musica794_trecho4,"Mas todas as dúvidas a gente tira de letra Tirando essas dúvidas, o resto é certeza",Luan Santana,2024,16,https://www.letras.mus.br/luan-santana/certeza/,-1
1477,Certos Detalhes,musica1477,musica1477_trecho2,"Razão te implora E pede pra você se afastar de mim Mas tem certos detalhes Que fazem o coração falar mais alto, sim",Conrado e Aleksandro,2013,23,https://www.letras.mus.br/conrado-aleksandro/1928633/,-1
1477,Certos Detalhes,musica1477,musica1477_trecho3,"Eu te conheço há pouco tempo, mas pro sentimento o tempo Não passa de uma palavra A luz do seu olhar me fez sonhar e se me acompanhar Criemos asas",Conrado e Aleksandro,2013,30,https://www.letras.mus.br/conrado-aleksandro/1928633/,-1
1477,Certos Detalhes,musica1477,musica1477_trecho4,"É complicado pra você viver a minha vida Mas se tá disposta eu vou, buscar outra saída Eu já tentei deixar rolar dizer que tanto faz Mas certos detalhes fazem eu te amar demais",Conrado e Aleksandro,2013,34,https://www.letras.mus.br/conrado-aleksandro/1928633/,-1
1477,Certos Detalhes,musica1477,musica1477_trecho5,É complicado pra você viver a minha vida Mas se tá disposta eu vou buscar outra saída Eu já tentei deixar rolar dizer que tanto faz Mas certos detalhes fazem eu te amar demais,Conrado e Aleksandro,2013,34,https://www.letras.mus.br/conrado-aleksandro/1928633/,-1
1477,Certos Detalhes,musica1477,musica1477_trecho9,É complicado pra você viver a minha vida Mas se tá disposta eu vou buscar outra saída Eu já tentei deixar rolar dizer que tanto faz Mas certos detalhes fazem eu te amar demais Eu te amar demais,Conrado e Aleksandro,2013,38,https://www.letras.mus.br/conrado-aleksandro/1928633/,-1
1360,Céu Particular,musica1360,musica1360_trecho2,"Bom dia, flor do dia, hoje tem café na cama Pensei que não ia chegar o fim de semana Esperei tanto pra ter ver, pedi pro tempo correr Até você chegar, agora rezo pra ele parar",Henrique & Juliano,2014,36,https://www.letras.mus.br/henrique-e-juliano/ceu-particular/,-1
1360,Céu Particular,musica1360,musica1360_trecho3,"Vamos fazer desse lugar, nosso céu particular Deixa o povo perguntar onde será que a gente tá Vamos fazer desse lugar, nosso céu particular Porque o melhor lugar é onde você está",Henrique & Juliano,2014,32,https://www.letras.mus.br/henrique-e-juliano/ceu-particular/,-1
299,Chá de Casa Nova,musica299,musica299_trecho4,Minha vontade era voltar no tempo Mesmo já sabendo que ia ser assim Sou parte da história de final feliz O amor da sua vida é esse cara aí,Henrique & Juliano,2021,29,https://www.letras.mus.br/henrique-e-juliano/cha-de-casa-nova/,-1
1174,Chega Mais Pra Cá (part. Gusttavo Lima),musica1174,musica1174_trecho3,E chega mais pra cá Pra perto do meu peito E traz o seu olhar E o sorriso perfeito Que hoje eu vou te amar Daquele nosso jeito,Humberto e Ronaldo,2012,28,https://www.letras.mus.br/humberto-ronaldo/1846775/,-1
1309,Cheirosa,musica1309,musica1309_trecho1,Se eu dissesse que tá tudo bem Eu estaria mentido pra vocês A marca de Sol da aliança no meu dedo mostra Que ela me deixou tem menos de um mês,Jorge & Mateus,2020,31,https://www.letras.mus.br/jorge-mateus/cheirosa/,-1
1309,Cheirosa,musica1309,musica1309_trecho5,E se eu dissesse que tá tudo bem Eu estaria mentido pra vocês A marca de Sol da aliança no meu dedo mostra Que ela me deixou tem menos de um mês,Jorge & Mateus,2020,32,https://www.letras.mus.br/jorge-mateus/cheirosa/,-1
1136,Chocolate,musica1136,musica1136_trecho1,"De chocolate nosso amor é feito Então não tem jeito, gruda em mim Isso não é só Confeti, me abraça, enlouquece Meu vício sem fim",Luan Santana,2009,25,https://www.letras.mus.br/luan-santana/1306429/,-1
1136,Chocolate,musica1136,musica1136_trecho2,"Alô Doçura, isso é mais que uma Serenata de Amor Com você tenho a Sensação Que o nosso Lance é para a vida inteira",Luan Santana,2009,24,https://www.letras.mus.br/luan-santana/1306429/,-1
1136,Chocolate,musica1136,musica1136_trecho4,Você é mais preciosa E bem mais brilhante Que um Diamante Negro Penso em você todo tempo E nesse seu Talento De me fazer feliz,Luan Santana,2009,25,https://www.letras.mus.br/luan-santana/1306429/,-1
1136,Chocolate,musica1136,musica1136_trecho6,"Isso não é só Confeti, me abraça, enlouquece Meu vício sem fim",Luan Santana,2009,12,https://www.letras.mus.br/luan-santana/1306429/,-1
417,"Chora, Me Liga",musica417,musica417_trecho2,Não vai ser tão fácil assim Você me ter nas mãos Logo você que era acostumada A brincar com outro coração,João Bosco & Vinícius,2009,21,https://www.letras.mus.br/joao-bosco-viniciusacustico/1334799/,-1
417,"Chora, Me Liga",musica417,musica417_trecho4,"Chora, me liga, implora Meu beijo de novo Me pede socorro Quem sabe eu vou te salvar Chora, me liga, implora Pelo meu amor Pede por favor Quem sabe um dia eu volto a te procurar",João Bosco & Vinícius,2009,36,https://www.letras.mus.br/joao-bosco-viniciusacustico/1334799/,-1
229,Choram as Rosas (Lloran las Rosas),musica229,musica229_trecho2,Chora minh'alma Como um pássaro de asas machucadas Nos meus sonhos te procuro Chora minh'alma,Bruno & Marrone,2005,15,https://www.letras.mus.br/bruno-e-marrone/747791/,-1
229,Choram as Rosas (Lloran las Rosas),musica229,musica229_trecho3,"Lágrimas que invadem meu coração Lágrimas, palavras da alma Lágrimas, a pura linguagem do amor",Bruno & Marrone,2005,15,https://www.letras.mus.br/bruno-e-marrone/747791/,-1
1127,"Chove, Chove",musica1127,musica1127_trecho1,"Chove quando você some Chove amor quando se esconde Chove só de te querer Chove, chove em mim você",Jorge & Mateus,2010,19,https://www.letras.mus.br/jorge-mateus/1701393/,-1
1127,"Chove, Chove",musica1127,musica1127_trecho4,"Juro, eu quero te tocar Em seu corpo deslizar, amor, te ter",Jorge & Mateus,2010,12,https://www.letras.mus.br/jorge-mateus/1701393/,-1
1127,"Chove, Chove",musica1127,musica1127_trecho11,Chove em mim você Chove em mim você Chove em mim você,Jorge & Mateus,2010,12,https://www.letras.mus.br/jorge-mateus/1701393/,-1
134,Chuva de Arroz,musica134,musica134_trecho1,"Não mudei de cidade, nem de telefone Só escolhi ser feliz É o mesmo endereço, o mesmo apartamento Em frente à igreja matriz",Luan Santana,2015,23,https://www.letras.mus.br/luan-santana/chuvas-de-arroz/,-1
134,Chuva de Arroz,musica134,musica134_trecho4,"Vai ser nossa cidade, nosso telefone Nosso endereço, nosso apartamento Sabe aquela igreja? Tô aqui na frente, imaginando chuva de arroz na gente!",Luan Santana,2015,23,https://www.letras.mus.br/luan-santana/chuvas-de-arroz/,-1
134,Chuva de Arroz,musica134,musica134_trecho5,"Não mudei de cidade, nem de telefone Só escolhi ser feliz É o mesmo endereço, o mesmo apartamento Em frente a igreja matriz",Luan Santana,2015,23,https://www.letras.mus.br/luan-santana/chuvas-de-arroz/,-1
134,Chuva de Arroz,musica134,musica134_trecho8,"Vai ser nossa cidade, nosso telefone Nosso endereço, nosso apartamento Sabe aquela igreja? Tô aqui na frente, imaginando chuvas",Luan Santana,2015,19,https://www.letras.mus.br/luan-santana/chuvas-de-arroz/,-1
206,Ciclo,musica206,musica206_trecho3,"A gente nasce, cresce, casa e sonha em ser feliz Por isso eu fui buscar no mundo tudo o que eu quis Todas as vezes, minha mãe, que alguém me disse não Você disse sim pro meu coração",Jorge & Mateus,2012,38,https://www.letras.mus.br/jorge-mateus/ciclo/,-1
206,Ciclo,musica206,musica206_trecho5,"Mãe, chegou o meu futuro e eu não tô só Em pouco tempo, alguém vai te chamar de vó O mundo em nove meses torna a renascer O tempo implacável vai continuar Deixando sua marca em nosso olhar E com meu filho isso também vai acontecer",Jorge & Mateus,2012,46,https://www.letras.mus.br/jorge-mateus/ciclo/,-1
67,Cidade Vizinha,musica67,musica67_trecho4,"Tomara que saia e dê tudo errado E volte mais cedo, sem ninguém do seu lado, oh Tomara que saia, dê tudo errado E sinta saudades aqui do meu quarto",Henrique & Juliano,2018,30,https://www.letras.mus.br/henrique-e-juliano/cidade-vizinha/,-1
330,Ciumeira,musica330,musica330_trecho1,"No começo, eu entendia Mas era só cama, não tinha amor Lembro quando você dizia Vou desligar porque ela chegou",Marília Mendonça,2019,20,https://www.letras.mus.br/marilia-mendonca/ciumeira/,-1
1100,Clichê (part. Jorge & Mateus),musica1100,musica1100_trecho1,"Criei canções e melodias pra te conquistar, Em cada verso, poesia pra me declarar. Mas só palavras não vão traduzir o que é Te olhar nos olhos e te ver sorrir.",João Neto e Frederico,2013,31,https://www.letras.mus.br/joao-neto-frederico/cliche/,-1
1100,Clichê (part. Jorge & Mateus),musica1100,musica1100_trecho3,"Você é o primeiro pensamento do meu dia, Se eu não te vejo quase morro de agonia. Sou dependente desse amor, seu beijo vicia, Eu quero todo dia!",João Neto e Frederico,2013,28,https://www.letras.mus.br/joao-neto-frederico/cliche/,-1
1100,Clichê (part. Jorge & Mateus),musica1100,musica1100_trecho4,"A noite cai, o meu sonho é você, Dizer te amo já tá virando clichê. Mas eu tô repetindo pra você saber, Que eu adoro amar você!",João Neto e Frederico,2013,27,https://www.letras.mus.br/joao-neto-frederico/cliche/,-1
919,CLONE,musica919,musica919_trecho2,"Sua amiga mais chata vai falar que agora acertou Churrasquin em família vai perder a graça se eu num for Agarra o amor e não deixa escapar Só pra garantir, vou passando aqui até você me agarrar",Luan Santana,2024,37,https://www.letras.mus.br/luan-santana/clone/,-1
919,CLONE,musica919,musica919_trecho3,"Ah-ah-ah, pensa nos fio bonito que a gente vai dar Eu vou soltar foguete se sair seu clone Cê entra com a beleza e eu com o sobrenome (vai!) Ah-ah-ah, pensa nos fio bonito que a gente vai dar Eu vou soltar foguete se sair seu clone Cê entra com a beleza e eu entro com o sobrenome",Luan Santana,2024,58,https://www.letras.mus.br/luan-santana/clone/,-1
919,CLONE,musica919,musica919_trecho6,"Ah-ah-ah, pensa nos fio bonito que a gente vai dar Eu vou soltar foguete se sair seu clone Cê entra com a beleza e eu com o sobrenome Ah-ah-ah, pensa nos fio bonito que a gente vai dar Eu vou soltar foguete se sair seu clone Cê entra com a beleza e eu entro com o sobrenome",Luan Santana,2024,57,https://www.letras.mus.br/luan-santana/clone/,-1
919,CLONE,musica919,musica919_trecho7,"Uou-uou-uou, eu vou soltar foguete se sair seu clone Cê entra com a beleza e eu entro com o sobrenome",Luan Santana,2024,20,https://www.letras.mus.br/luan-santana/clone/,-1
341,Cobaia (part. Maiara & Maraisa),musica341,musica341_trecho1,"Você tem um emprego pra mim? Olha aí Qualquer coisa que, que me mantenha perto de você Posso fazer cafuné no cabelo Vigio o seu sono, sei lá Até provo o seu beijo Pra ver se a barba vai me arranhar Eu posso ser fiscal do seu olhar Nem precisa pagar",Lauana Prado,2018,51,https://www.letras.mus.br/lauana-prado/cobaia/,-1
341,Cobaia (part. Maiara & Maraisa),musica341,musica341_trecho2,Pego sua toalha Pra quando você sair do banho Posso ser a cobaia Pra quando você fizer seus planos,Lauana Prado,2018,19,https://www.letras.mus.br/lauana-prado/cobaia/,-1
341,Cobaia (part. Maiara & Maraisa),musica341,musica341_trecho5,"Me prenda, me abraça e não saia Aceito esse emprego de cobaia Me prenda, me abraça e não saia Aceito esse emprego de cobaia",Lauana Prado,2018,24,https://www.letras.mus.br/lauana-prado/cobaia/,-1
1066,Coisas de Quem Ama,musica1066,musica1066_trecho2,Lembra que fui eu Não esquece que fui eu Que te amou demais Desde o dia em que te conheceu,Jorge & Mateus,2015,20,https://www.letras.mus.br/jorge-mateus/coisas-de-quem-ama/,-1
1066,Coisas de Quem Ama,musica1066,musica1066_trecho4,Mas o último filme não chegou ao final A gente apagou bem na briga do casal Que depois de discutir vários assuntos Deram um beijo de amor Deram um beijo de amor Deram um beijo de amor E terminaram juntos,Jorge & Mateus,2015,40,https://www.letras.mus.br/jorge-mateus/coisas-de-quem-ama/,-1
1066,Coisas de Quem Ama,musica1066,musica1066_trecho7,"Mas o último filme não chegou ao final A gente apagou bem na briga do casal Que depois de discutir vários assuntos Deram um beijo de amor, oh, oh Deram um beijo de amor Deram um beijo",Jorge & Mateus,2015,37,https://www.letras.mus.br/jorge-mateus/coisas-de-quem-ama/,-1
1066,Coisas de Quem Ama,musica1066,musica1066_trecho8,"Mas o último filme não chegou ao final A gente apagou bem na briga do casal Que depois de discutir vários assuntos Deram um beijo de amor, oh, oh E terminaram Um beijo de amor, oh, oh Deram um beijo de amor E terminaram juntos",Jorge & Mateus,2015,45,https://www.letras.mus.br/jorge-mateus/coisas-de-quem-ama/,-1
1148,Coitado,musica1148,musica1148_trecho5,"Antes de eu me esquecer Só para você saber Todos, todos que provaram São melhores que você",Naiara Azevedo,2016,17,https://www.letras.mus.br/naiara-azevedo/1850616/,-1
1148,Coitado,musica1148,musica1148_trecho7,"É o pente, é o pente, é o pente, é o pente É o pente, é o pente, é o pente, é o pente Defendendo a mulherada e dando sequência no pente É o pente, é o pente, é o pente, é o pente É o pente, é o pente Naiara Azevedo dando sequência no pente",Naiara Azevedo,2016,56,https://www.letras.mus.br/naiara-azevedo/1850616/,-1
1548,Coladinha Em Mim (part. Anitta),musica1548,musica1548_trecho1,"Às vezes, acho que Deus tava bem de boa Tava à toa quando decidiu criar você Caprichou tanto no teu sorriso Que Da Vinci fez a Monalisa só pra concorrer",Gustavo Mioto,2017,30,https://www.letras.mus.br/gustavo-mioto/coladinha-em-mim/,-1
1548,Coladinha Em Mim (part. Anitta),musica1548,musica1548_trecho4,Me dá um negócio só de imaginar Você fazendo assim Coladinha em mim Coladinha em mim A noite toda só em mim,Gustavo Mioto,2017,22,https://www.letras.mus.br/gustavo-mioto/coladinha-em-mim/,-1
1548,Coladinha Em Mim (part. Anitta),musica1548,musica1548_trecho5,"Me dá um negócio só de imaginar Você fazendo assim Coladinha em mim Coladinha em mim A noite toda, toda a noite só em mim",Gustavo Mioto,2017,25,https://www.letras.mus.br/gustavo-mioto/coladinha-em-mim/,-1
1548,Coladinha Em Mim (part. Anitta),musica1548,musica1548_trecho6,"Às vezes, acho que Deus tava bem de boa Tava à toa quando decidiu criar você Caprichou tanto nesse sorriso Que Da Vinci fez a Monalisa só pra concorrer",Gustavo Mioto,2017,29,https://www.letras.mus.br/gustavo-mioto/coladinha-em-mim/,-1
1548,Coladinha Em Mim (part. Anitta),musica1548,musica1548_trecho9,Me dá um negócio só de imaginar Você fazendo assim Coladinho em mim Coladinho em mim A noite toda só em mim,Gustavo Mioto,2017,22,https://www.letras.mus.br/gustavo-mioto/coladinha-em-mim/,-1
1548,Coladinha Em Mim (part. Anitta),musica1548,musica1548_trecho11,Me deu um negócio só de imaginar Você fazendo assim Coladinha em mim,Gustavo Mioto,2017,13,https://www.letras.mus.br/gustavo-mioto/coladinha-em-mim/,-1
385,Com Ou Sem Mim,musica385,musica385_trecho1,"Se você não me disser a verdade Não tem como eu ajudar, minha metade Se tem outro em meu lugar Se você quer colocar Te deixo livre pra viver",Gustavo Mioto,2020,29,https://www.letras.mus.br/gustavo-mioto/com-ou-sem-mim/,-1
385,Com Ou Sem Mim,musica385,musica385_trecho2,Não prometo te esperar Coração vai cicatrizar E uma hora eu sei que vou te esquecer Se era medo de me machucar Já tem o meu perdão Tá esperando o que?,Gustavo Mioto,2020,31,https://www.letras.mus.br/gustavo-mioto/com-ou-sem-mim/,-1
385,Com Ou Sem Mim,musica385,musica385_trecho3,Só quero que você seja feliz Com ou sem mim E quando der saudade e for dormir Com ou sem mim E quando perceber que eu não tô E que não vai achar um novo amor Vai ter que aceitar que é assim Com ou sem mim,Gustavo Mioto,2020,47,https://www.letras.mus.br/gustavo-mioto/com-ou-sem-mim/,-1
385,Com Ou Sem Mim,musica385,musica385_trecho4,"Se tem outro em meu lugar Ou se você quer colocar Te deixo livre, livre pra viver Não prometo te esperar Coração vai cicatrizar E uma hora eu sei que vou te esquecer Se era medo de me machucar Tá esperando o que?",Gustavo Mioto,2020,43,https://www.letras.mus.br/gustavo-mioto/com-ou-sem-mim/,-1
385,Com Ou Sem Mim,musica385,musica385_trecho5,Só quero que você seja feliz Com ou sem mim E quando der saudade e for dormir Com ou sem mim E quando perceber que eu não tô E que não vai achar um outro amor Vai ter que aceitar que é assim Com ou sem mim,Gustavo Mioto,2020,47,https://www.letras.mus.br/gustavo-mioto/com-ou-sem-mim/,-1
385,Com Ou Sem Mim,musica385,musica385_trecho6,Com ou sem mim Com ou sem mim,Gustavo Mioto,2020,8,https://www.letras.mus.br/gustavo-mioto/com-ou-sem-mim/,-1
1124,Com Você,musica1124,musica1124_trecho1,Conhece todos os meus segredos Sabe o ponto fraco do meu coração Me acalma quando eu sinto medo E minha segurança está em suas mãos,Henrique & Diego,2013,25,https://www.letras.mus.br/henrique-diego/com-voce/,-1
1124,Com Você,musica1124,musica1124_trecho2,É com você que o amor é intenso É com você que o sonho é tão real É nos teus braços que amanheço o dia Me faz sentir fora do normal,Henrique & Diego,2013,31,https://www.letras.mus.br/henrique-diego/com-voce/,-1
664,Como É Que a Gente Fica,musica664,musica664_trecho2,"Eu esbarrei no seu olhar Tropecei no seu beijo Colei no seu rosto Eu queimei a língua Foi na ponta do queixo, me acertou de jeito Olha eu na sua vida Pensa, explica, como é que a gente fica?",Henrique & Juliano,2015,39,https://www.letras.mus.br/henrique-e-juliano/como-e-que-a-gente-fica/,-1
664,Como É Que a Gente Fica,musica664,musica664_trecho3,"Eu esbarrei no seu olhar Tropecei no seu beijo Colei no seu rosto Eu queimei a língua Foi na ponta do queixo, me acertou de jeito Olha eu na sua vida Pensa, explica, como é que a gente fica? Como é que a gente fica?",Henrique & Juliano,2015,45,https://www.letras.mus.br/henrique-e-juliano/como-e-que-a-gente-fica/,-1
386,Como Faz Com Ela,musica386,musica386_trecho3,"É saber se você faz amor comigo como faz com ela Se quando beija, morde a boca dela Fala besteira no ouvido, como faz comigo Tudo o que eu preciso É saber se você faz amor comigo como faz com ela",Marília Mendonça,2015,41,https://www.letras.mus.br/marilia-mendonca/como-faz-com-ela/,-1
386,Como Faz Com Ela,musica386,musica386_trecho4,"Se quando beija, morde a boca dela Fala besteira no ouvido, como faz comigo Tudo o que eu preciso É saber se você faz amor comigo como faz com ela, ôôô Se é melhor com ela",Marília Mendonça,2015,36,https://www.letras.mus.br/marilia-mendonca/como-faz-com-ela/,-1
386,Como Faz Com Ela,musica386,musica386_trecho8,"Saber se você faz amor comigo como faz com ela Se quando beija, morde a boca dela Fala besteira no ouvido, como faz comigo Tudo o que eu preciso É saber se você faz amor comigo como faz com ela, ôôô Se é melhor com ela",Marília Mendonça,2015,46,https://www.letras.mus.br/marilia-mendonca/como-faz-com-ela/,-1
386,Como Faz Com Ela,musica386,musica386_trecho9,Saber se você faz amor comigo como faz com ela,Marília Mendonça,2015,10,https://www.letras.mus.br/marilia-mendonca/como-faz-com-ela/,-1
1275,Como Não Me Apaixonar,musica1275,musica1275_trecho1,Por que fui andar Por caminhos de pedras Querendo encontrar Na noite buscar o amor De um amor que não ia me amar Você esteve tão perto Perfeita amiga eu não pude enxergar E era a exata pessoa E hoje eu na boa começo a gostar,Jorge & Mateus,2015,46,https://www.letras.mus.br/jorge-mateus/como-nao-me-apaixonar/,-1
1275,Como Não Me Apaixonar,musica1275,musica1275_trecho2,"Do seu olhar do sorriso lindo Do jeito de falar Quando me ligar, brinca Muda a voz pede pra adivinhar E no meu aniversário Virou meia noite é a primeira a lembrar E as minhas melhores risadas Somente você consegue arrancar Como não me apaixonar Como não me apaixonar",Jorge & Mateus,2015,49,https://www.letras.mus.br/jorge-mateus/como-nao-me-apaixonar/,-1
321,Como Um Anjo,musica321,musica321_trecho3,Linda menina Com olhar inocente e malícia Desejo e tentação Que me cobre de amor e carícia Vencendo a solidão Só você pra me fazer feliz Ai! Ai! ai! ai! ai!,César Menotti & Fabiano,2005,31,https://www.letras.mus.br/cesar-menotti-e-fabiano/235658/,-1
321,Como Um Anjo,musica321,musica321_trecho6,"Linda menina Com olhar e inocente, malícia Desejo e tentação Que me cobre de amor e carícia Vencendo a solidão Só você pra me fazer feliz Ai! Ai! ai! ai! ai!",César Menotti & Fabiano,2005,31,https://www.letras.mus.br/cesar-menotti-e-fabiano/235658/,-1
750,Compensa Me Amar,musica750,musica750_trecho4,E depois que a nossa cama esquentar Cê vai ver que compensa me amar E no chão da nossa sala vai rolar Cê vai ver que compensa me amar,Henrique & Juliano,2015,29,https://www.letras.mus.br/henrique-e-juliano/compensa-me-amar/,-1
750,Compensa Me Amar,musica750,musica750_trecho8,E no chão da nossa sala vai rolar Cê vai ver que compensa me amar E no chão da nossa sala vai rolar Cê vai ver que compensa me amar,Henrique & Juliano,2015,30,https://www.letras.mus.br/henrique-e-juliano/compensa-me-amar/,-1
1285,Complicados Demais,musica1285,musica1285_trecho5,Eu estarei aqui esperando você Se redimindo do teu erro pra ver Teus olhos rasos decidido a voltar Sem ter ciúme vem pra mim vem me amar,Paula Fernandes,2009,27,https://www.letras.mus.br/paula-fernandes/1498434/,-1
1450,Conquistando o Impossível,musica1450,musica1450_trecho1,"Acredite, é hora de vencer Essa força vem de dentro de você Você pode até tocar o céu se crer",Luan Santana,2011,20,https://www.letras.mus.br/luan-santana/1792480/,-1
1450,Conquistando o Impossível,musica1450,musica1450_trecho2,"Acredite que nenhum de nós Já nasceu com jeito pra super herói Nossos sonhos a gente é quem constrói É vencendo os limites, escalando as fortalezas Conquistando o impossível pela fé",Luan Santana,2011,31,https://www.letras.mus.br/luan-santana/1792480/,-1
1450,Conquistando o Impossível,musica1450,musica1450_trecho4,Acredite que nenhum de nós Já nasceu com jeito pra super herói Nossos sonhos a gente é quem constrói É vencendo os limites escalando as fortalezas Conquistando o impossível pela fé,Luan Santana,2011,31,https://www.letras.mus.br/luan-santana/1792480/,-1
1450,Conquistando o Impossível,musica1450,musica1450_trecho6,Tantos recordes você pode quebrar As barreiras você pode ultrapassar E vencer,Luan Santana,2011,12,https://www.letras.mus.br/luan-santana/1792480/,-1
1336,Contar Pra Quê?,musica1336,musica1336_trecho1,Deixa do jeito que tá Por mim tá tudo bem Mas deixa eu te perguntar Tá bom pra você também? Hein?,Henrique & Juliano,2015,21,https://www.letras.mus.br/henrique-e-juliano/contar-pra-que/,-1
1336,Contar Pra Quê?,musica1336,musica1336_trecho7,Deixa do jeito que tá Por mim tá tudo bem Mas deixa eu te perguntar Tá bom pra você também?,Henrique & Juliano,2015,20,https://www.letras.mus.br/henrique-e-juliano/contar-pra-que/,-1
444,Contramão,musica444,musica444_trecho3,E nas curvas do seu corpo Invadir a contramão Dar de frente com seu peito SOS coração,Gustavo Mioto,2017,17,https://www.letras.mus.br/gustavo-mioto/contramao/,-1
444,Contramão,musica444,musica444_trecho4,Conheci o amor Só de te olhar Tava quase congelando Você veio pra esquentar Conheci o amor E ele me fez ver Que eu voei tempo demais Deixa eu pousar em você,Gustavo Mioto,2017,32,https://www.letras.mus.br/gustavo-mioto/contramao/,-1
444,Contramão,musica444,musica444_trecho7,E nas curvas do seu corpo Invadir a contramão Dar de frente com teu peito SOS coração,Gustavo Mioto,2017,17,https://www.letras.mus.br/gustavo-mioto/contramao/,-1
444,Contramão,musica444,musica444_trecho8,Conheci o amor Só de te olhar Tava quase congelando Você veio pra esquentar Conheci o amor E ele me fez ver Que eu voei tempo demais Deixa eu pousar em você Deixa eu pousar em você Deixa eu pousar em você,Gustavo Mioto,2017,42,https://www.letras.mus.br/gustavo-mioto/contramao/,-1
967,Conveniência,musica967,musica967_trecho1,"Olha só onde eu fui te encontrar, não teve um pior lugar No posto, naquela conveniência, você tava lá Comprando chiclete, duas cervejas e um cigarro E tinha alguém do lado de fora, esperando no carro",Hugo & Guilherme,2018,36,https://www.letras.mus.br/hugo-guilherme/conveniencia/,-1
967,Conveniência,musica967,musica967_trecho2,"Será que não lembra mais da gente? Nem me olhou quando passou na frente Enlouqueci naquela hora Achei que seria diferente Entendi o porquê tá ausente E você nem aí, só entrou no carro e foi embora",Hugo & Guilherme,2018,37,https://www.letras.mus.br/hugo-guilherme/conveniencia/,-1
863,Conversa E Lençóis,musica863,musica863_trecho2,"O tal do homem, na primeira olhada, não procura sentimento De cara, cê vê o amor da sua vida, ele só vê cama batendo O processo é lento, pra amar leva um tempo Bota uma coisa na sua cabeça Que cê não vai sofrer mais na mão dos caras",Henrique & Juliano,2025,49,https://www.letras.mus.br/henrique-e-juliano/conversas-e-lencois/,-1
863,Conversa E Lençóis,musica863,musica863_trecho4,"O tal do homem, na primeira olhada, não procura sentimento De cara, cê vê o amor da sua vida, ele só vê cama batendo O processo é lento, pra amar leva um tempo",Henrique & Juliano,2025,33,https://www.letras.mus.br/henrique-e-juliano/conversas-e-lencois/,-1
1405,Copinho,musica1405,musica1405_trecho1,"Co-co-co-copinho descartável Me usou, amassou e jogou fora E agora, meu amor, o que é que eu faço Sem você o meu coração chora",Henrique & Diego,2013,24,https://www.letras.mus.br/henrique-diego/1805939/,-1
1405,Copinho,musica1405,musica1405_trecho3,"Aquela calça jeans, que você não usa mais O resto do perfume, que você deixou pra trás Sou eu, sou eu, sou eu Sou eu, sou eu, sou eu",Henrique & Diego,2013,29,https://www.letras.mus.br/henrique-diego/1805939/,-1
1405,Copinho,musica1405,musica1405_trecho4,"Aquele guarda chuva que você perdeu O troco do supermercado que você esqueceu Sou eu, sou eu, sou eu Sou eu, sou eu, sou eu",Henrique & Diego,2013,25,https://www.letras.mus.br/henrique-diego/1805939/,-1
1405,Copinho,musica1405,musica1405_trecho5,Mas tá difícil pra ganhar seu coração Tá difícil pra viver sem essa paixão Mas tá difícil pra ganhar seu coração Tá difícil pra viver sem essa paixão,Henrique & Diego,2013,28,https://www.letras.mus.br/henrique-diego/1805939/,-1
1576,Copo De Vinho (Você Você Você),musica1576,musica1576_trecho5,E vai descendo descento Perdendo a linha devagar E vai subindo subindo Ela não para de dançar,Zé Ricardo e Thiago,2012,17,https://www.letras.mus.br/ze-ricardo-thiago/1921616/,-1
1576,Copo De Vinho (Você Você Você),musica1576,musica1576_trecho6,E vai descendo descendo Perdendo a linha devagar E vai subindo subindo Ela não para de dançar,Zé Ricardo e Thiago,2012,17,https://www.letras.mus.br/ze-ricardo-thiago/1921616/,-1
379,Cor de Ouro,musica379,musica379_trecho2,Esse cabelo cor de ouro é que me deixa louco Esse sorriso nos seus lábios que eu me entrego todo Não sei mais ver minha vida sem você por perto Amor sem você comigo a vida é um deserto,Gusttavo Lima,2008,39,https://www.letras.mus.br/gusttavo-lima/1612175/,-1
379,Cor de Ouro,musica379,musica379_trecho3,"Esse cabelo cor de ouro é que me deixa louco Esse sorriso nos seus lábios que eu me entrego todo Não sei mais ver minha vida, sem você por perto Amor sem você comigo, a vida é um deserto",Gusttavo Lima,2008,39,https://www.letras.mus.br/gusttavo-lima/1612175/,-1
379,Cor de Ouro,musica379,musica379_trecho5,"Esse cabelo cor de ouro é que me deixa louco Esse sorriso nos seus lábios, que eu me entrego todo Não sei mais ver minha vida, sem você por perto Amor sem você comigo, a vida é um deserto",Gusttavo Lima,2008,39,https://www.letras.mus.br/gusttavo-lima/1612175/,-1
944,Coração Apertado,musica944,musica944_trecho3,E já é madrugada Já bate o desespero Não vou ficar em casa Pra ver se eu te esqueço,Thaeme e Thiago,2014,19,https://www.letras.mus.br/thaeme-thiago/coracao-apertado-2/,-1
44,Coração Bandido (part. Maiara & Maraisa),musica44,musica44_trecho2,Coração bandido esse meu Vive traindo você Coração ingênuo é o seu Todo esse tempo sem perceber,Marília Mendonça,2020,17,https://www.letras.mus.br/marilia-mendonca/coracao-bandido-part-maiara-e-maraisa/,-1
44,Coração Bandido (part. Maiara & Maraisa),musica44,musica44_trecho7,Coração bandido esse meu Vive traindo você Coração ingênuo é o teu Todo esse tempo sem perceber,Marília Mendonça,2020,17,https://www.letras.mus.br/marilia-mendonca/coracao-bandido-part-maiara-e-maraisa/,-1
1228,Coração Calejado,musica1228,musica1228_trecho1,"Meus fracassos amorosos me afastam de ti Tenho medo de me iludir Eu já tive alguns amores, mas não tive amor E foi isso que me deixou",Jorge & Mateus,2018,27,https://www.letras.mus.br/jorge-mateus/coracao-calejado/,-1
144,CORAÇÃO CIGANO (part. Luísa Sonza),musica144,musica144_trecho1,"É que eu queria tanto que você ficasse Que ao invés de me soltar, você me abraçasse Dá só mais um pouquinho desse amor cigano Que segue me iludindo, e eu acreditando",Luan Santana,2022,32,https://www.letras.mus.br/luan-santana/coracao-cigano-part-luisa-sonza/,-1
144,CORAÇÃO CIGANO (part. Luísa Sonza),musica144,musica144_trecho2,"Fazer o que se ela roubou o meu juízo? Fazer o que se eu tô me sentindo vivo? Tirou o meu chão, me levou pro colchão E fez acampamento em outro coração",Luan Santana,2022,32,https://www.letras.mus.br/luan-santana/coracao-cigano-part-luisa-sonza/,-1
144,CORAÇÃO CIGANO (part. Luísa Sonza),musica144,musica144_trecho3,"Coração cigano, cigano Segue me enganando, mudando De cheiro em cheiro, de beijo em beijo E aqui no meu olhar morando, oh",Luan Santana,2022,22,https://www.letras.mus.br/luan-santana/coracao-cigano-part-luisa-sonza/,-1
144,CORAÇÃO CIGANO (part. Luísa Sonza),musica144,musica144_trecho4,"Coração cigano, cigano Segue me enganando, mudando De cheiro em cheiro, de beijo em beijo E aqui no meu olhar morando",Luan Santana,2022,21,https://www.letras.mus.br/luan-santana/coracao-cigano-part-luisa-sonza/,-1
144,CORAÇÃO CIGANO (part. Luísa Sonza),musica144,musica144_trecho5,Yeah (coração cigano) Segue me enganando,Luan Santana,2022,6,https://www.letras.mus.br/luan-santana/coracao-cigano-part-luisa-sonza/,-1
144,CORAÇÃO CIGANO (part. Luísa Sonza),musica144,musica144_trecho6,"Do que você me dá, eu quero sempre mais Por uma hora ou duas noites, tanto faz Já leu minha mão, meu olhar, meu futuro Já sabe: Se manda mensagem, eu nem durmo Me leva pro céu, lá de cima me joga Esse amor cigano é um caminho sem volta",Luan Santana,2022,50,https://www.letras.mus.br/luan-santana/coracao-cigano-part-luisa-sonza/,-1
144,CORAÇÃO CIGANO (part. Luísa Sonza),musica144,musica144_trecho9,"Coração cigano, cigano Segue me enganando, mudando De cheiro em cheiro, de beijo em beijo E aqui no meu olhar, aqui no meu olhar",Luan Santana,2022,24,https://www.letras.mus.br/luan-santana/coracao-cigano-part-luisa-sonza/,-1
144,CORAÇÃO CIGANO (part. Luísa Sonza),musica144,musica144_trecho10,"Você não entra mais, chega Coração disse: Chega Mas por que meu Deus colocou numa só tanta beleza? E se eu chego à toa e vou tirando a roupa Se eu disser que não quero, ri, que essa piada é boa",Luan Santana,2022,41,https://www.letras.mus.br/luan-santana/coracao-cigano-part-luisa-sonza/,-1
144,CORAÇÃO CIGANO (part. Luísa Sonza),musica144,musica144_trecho11,"Coração cigano, cigano Segue me enganando, mudando De cheiro em cheiro, de beijo em beijo E aqui no meu olhar morando, coração cigano",Luan Santana,2022,23,https://www.letras.mus.br/luan-santana/coracao-cigano-part-luisa-sonza/,-1
144,CORAÇÃO CIGANO (part. Luísa Sonza),musica144,musica144_trecho12,"Coração cigano, cigano Segue me enganando, mudando De cheiro em cheiro, de beijo em beijo E aqui no meu olhar, e aqui no meu olhar morando",Luan Santana,2022,26,https://www.letras.mus.br/luan-santana/coracao-cigano-part-luisa-sonza/,-1
1330,Coração Só Vê Você,musica1330,musica1330_trecho3,Não consigo desviar meu olhar pra outro olhar Enxergar um novo amor Pode até acontecer Mas de tanto te querer coração só vê você,João Bosco & Vinícius,2009,24,https://www.letras.mus.br/joao-bosco-viniciusacustico/1451388/,-1
1330,Coração Só Vê Você,musica1330,musica1330_trecho7,"Não consigo desviar meu olhar pra outro olhar Enxergar um novo amor Pode até acontecer Mas de tanto te querer, coração só vê você",João Bosco & Vinícius,2009,24,https://www.letras.mus.br/joao-bosco-viniciusacustico/1451388/,-1
886,Cowboy Chora (part. Luan Pereira),musica886,musica886_trecho1,Deu frio na barriga A minha mão suou Foi rolando um clima E a gente se beijou,Rionegro & Solimões,2025,17,https://www.letras.mus.br/rio-negro-e-solimoes/cowboy-chora-part-luan-pereira/,-1
886,Cowboy Chora (part. Luan Pereira),musica886,musica886_trecho2,Eu criei o amor da minha vida na emoção do beijo Mas escapou o boi com a corda Quando ela falou que nós dois não combina Que a patricinha não quer boiadeiro,Rionegro & Solimões,2025,32,https://www.letras.mus.br/rio-negro-e-solimoes/cowboy-chora-part-luan-pereira/,-1
886,Cowboy Chora (part. Luan Pereira),musica886,musica886_trecho3,"Eu achei que eu tinha achado o beijo perfeito Mas a dona da boca que eu quero odeia rodeio Quando eu vi você, falei: Essa eu namoro na hora Mas peão não namora com moça que odeia roça",Rionegro & Solimões,2025,38,https://www.letras.mus.br/rio-negro-e-solimoes/cowboy-chora-part-luan-pereira/,-1
886,Cowboy Chora (part. Luan Pereira),musica886,musica886_trecho4,"E é por essas que o cowboy chora, chora E é por essas que o cowboy chora, chora",Rionegro & Solimões,2025,18,https://www.letras.mus.br/rio-negro-e-solimoes/cowboy-chora-part-luan-pereira/,-1
886,Cowboy Chora (part. Luan Pereira),musica886,musica886_trecho5,Eu criei o amor da minha vida na emoção do beijo Mas escapou o boi com a corda Quando ela falou que nós dois não combina Que a patricinha não quer o boiadeiro,Rionegro & Solimões,2025,33,https://www.letras.mus.br/rio-negro-e-solimoes/cowboy-chora-part-luan-pereira/,-1
886,Cowboy Chora (part. Luan Pereira),musica886,musica886_trecho6,"E eu achei que eu tinha achado o beijo perfeito Mas a dona da boca que eu quero odeia rodeio Quando eu vi você, falei: Essa eu namoro na hora Mas peão não namora com moça que odeia roça",Rionegro & Solimões,2025,39,https://www.letras.mus.br/rio-negro-e-solimoes/cowboy-chora-part-luan-pereira/,-1
1583,Criação Divina (part. Paula Fernandes),musica1583,musica1583_trecho3,E fez você pra mim Obra prima de um artista sonhador Deus fez você pra mim Criação divina que eu ganhei do criador,Zezé Di Camargo & Luciano,2012,23,https://www.letras.mus.br/zeze-di-camargo-e-luciano/criacao-divina/,-1
1583,Criação Divina (part. Paula Fernandes),musica1583,musica1583_trecho4,"Deus criou pra cada um seu próprio dom Junto com cada talento uma missão Pra uns a força, astúcia, a fama e o poder Pra outros deu a inquietude do saber",Zezé Di Camargo & Luciano,2012,31,https://www.letras.mus.br/zeze-di-camargo-e-luciano/criacao-divina/,-1
1583,Criação Divina (part. Paula Fernandes),musica1583,musica1583_trecho5,"Da pedra fez o diamante, a prata, o ouro E deu pra cada criatura um tesouro Ele guardou a jóia de maior valor Deu de presente pra este humilde cantador",Zezé Di Camargo & Luciano,2012,30,https://www.letras.mus.br/zeze-di-camargo-e-luciano/criacao-divina/,-1
512,Criança Pequena - Família,musica512,musica512_trecho1,"Sexta-feira, vinte e pouco Eu na fila de um cinema Pra quem era o filho da noite, o pai do problema Hoje pega leve porque tem criança pequena",Diego e Victor Hugo,2025,28,https://www.letras.mus.br/diego-victor-hugo/familia/,-1
512,Criança Pequena - Família,musica512,musica512_trecho2,"Idade chega, responsa chega, o tempo começa a voar Troca ingresso de festa Por lista de material escolar Muda demais A cabeça da gente depois que vira pai",Diego e Victor Hugo,2025,28,https://www.letras.mus.br/diego-victor-hugo/familia/,-1
848,Cronômetro,musica848,musica848_trecho2,Assim que cê sair da minha vida E a porta da sala fazer: Pá! Essa tampinha aqui vai fazer: Cleck! E os segundos pra você se arrepender Vão ser contados nos seiscentos ml,Matheus & Kauan,2024,33,https://www.letras.mus.br/matheus-kauan/cronometro/,-1
848,Cronômetro,musica848,musica848_trecho5,Assim que cê sair da minha vida E a porta da sala fazer: Pá! Essa tampinha aqui vai fazer: Cleck! E os segundos pra você se arrepender Vão ser contados nos seiscentos,Matheus & Kauan,2024,32,https://www.letras.mus.br/matheus-kauan/cronometro/,-1
27,Cuida Bem Dela,musica27,musica27_trecho2,Esse é meu único aviso Se ela quis ficar contigo Faça ela feliz Faça ela feliz,Henrique & Juliano,2014,16,https://www.letras.mus.br/henrique-e-juliano/cuida-bem-dela/,-1
1137,Cuidar Mais de Mim,musica1137,musica1137_trecho1,"Eu vim falar do que eu perdi Que eu já chorei, do que eu vivi Porque eu amei, me entreguei E quantas vezes eu sorri Eu vim contar pro seu coração Que eu já provei da desilusão De um amor",Paula Fernandes,2012,40,https://www.letras.mus.br/paula-fernandes/cuidar-mais-de-mim/,-1
1137,Cuidar Mais de Mim,musica1137,musica1137_trecho2,"Eu vim falar que eu também sofri E quantas vezes me desesperei Foi grande a dor que eu senti E, desde então, eu me toquei Que sem amor, sem ilusão A minha vida é em vão Isso é morrer",Paula Fernandes,2012,39,https://www.letras.mus.br/paula-fernandes/cuidar-mais-de-mim/,-1
1137,Cuidar Mais de Mim,musica1137,musica1137_trecho5,"Eu vim falar que eu também sofri E muitas vezes me desesperei Foi grande a dor que eu senti E, desde então, eu me toquei Que sem amor, sem ilusão A minha vida é em vão Isso é morrer",Paula Fernandes,2012,39,https://www.letras.mus.br/paula-fernandes/cuidar-mais-de-mim/,-1
1585,Curtição,musica1585,musica1585_trecho1,"Chega fazendo de conta que não me conhece, não Sorri pra todo mundo me olha por um segundo Pra ver se tem minha atenção",João Bosco & Vinícius,2009,24,https://www.letras.mus.br/joao-bosco-viniciusacustico/1481906/,-1
1585,Curtição,musica1585,musica1585_trecho2,Se falo contigo me ignora Não quer me dar razão E diz pra todo mundo que vive me dando fora Que sirvo só pra curtição,João Bosco & Vinícius,2009,25,https://www.letras.mus.br/joao-bosco-viniciusacustico/1481906/,-1
1585,Curtição,musica1585,musica1585_trecho5,"Quero pedir, menina, não brinque comigo Não deixe demais meu coração de castigo Você sabe que tem toda minha atenção E que não sirvo só pra curtição",João Bosco & Vinícius,2009,27,https://www.letras.mus.br/joao-bosco-viniciusacustico/1481906/,-1
1585,Curtição,musica1585,musica1585_trecho6,Quer me amar se entregar Não quer falar Que é meu seu coração E que não sirvo só pra curtição,João Bosco & Vinícius,2009,20,https://www.letras.mus.br/joao-bosco-viniciusacustico/1481906/,-1
1585,Curtição,musica1585,musica1585_trecho9,"Quero pedir, menina não brinque comigo Não deixe demais meu coração de castigo Você sabe que tem toda minha atenção E que não sirvo só pra curtição",João Bosco & Vinícius,2009,27,https://www.letras.mus.br/joao-bosco-viniciusacustico/1481906/,-1
1585,Curtição,musica1585,musica1585_trecho11,Não quer falar Que é meu seu coração E que não sirvo só pra curtição,João Bosco & Vinícius,2009,15,https://www.letras.mus.br/joao-bosco-viniciusacustico/1481906/,-1
970,Da Cor do Pecado,musica970,musica970_trecho3,"Falei pra ela que o lugar dela é do meu lado Mostrei pra ela que sou um homem apaixonado Vem ser só minha, beleza sobrenatural Você é linda, rainha do meu carnaval",Fernando e Sorocaba,2009,32,https://www.letras.mus.br/fernando-sorocaba/1439184/,-1
32,De Quem É a Culpa?,musica32,musica32_trecho3,"E que se dane a minha postura Se eu mudei, você não viu Eu só queria ter você por perto Mas você sumiu",Marília Mendonça,2017,23,https://www.letras.mus.br/marilia-mendonca/de-quem-e-a-culpa/,-1
32,De Quem É a Culpa?,musica32,musica32_trecho4,"É tipo um vício que não tem mais cura E agora, de quem é a culpa? A culpa é sua por ter esse sorriso Ou a culpa é minha por me apaixonar por ele? Só isso",Marília Mendonça,2017,36,https://www.letras.mus.br/marilia-mendonca/de-quem-e-a-culpa/,-1
32,De Quem É a Culpa?,musica32,musica32_trecho5,"Não finja que eu não tô falando com você Eu tô parado no meio da rua Eu tô entrando no meio dos carros Sem você, a vida não continua",Marília Mendonça,2017,29,https://www.letras.mus.br/marilia-mendonca/de-quem-e-a-culpa/,-1
32,De Quem É a Culpa?,musica32,musica32_trecho7,"Mas você sumiu É tipo um vício que não tem mais cura E agora, de quem é a culpa? A culpa é sua por ter esse sorriso Ou a culpa é minha por me apaixonar por ele? Só isso",Marília Mendonça,2017,39,https://www.letras.mus.br/marilia-mendonca/de-quem-e-a-culpa/,-1
489,De Tanto Te Querer,musica489,musica489_trecho3,Eu não desisto do que eu quero Mas não me desespero Te espero Na tarde quente ou madrugada fria Na tristeza ou na alegria,Jorge & Mateus,2007,24,https://www.letras.mus.br/jorge-mateus/1068908/,-1
489,De Tanto Te Querer,musica489,musica489_trecho4,Ficar sozinho não rola Mas amor não se implora Nem se joga fora O amor a gente conquista E não há quem desista Se o coração chora,Jorge & Mateus,2007,27,https://www.letras.mus.br/jorge-mateus/1068908/,-1
768,De Trás Pra Frente,musica768,musica768_trecho2,"Bobo, já sabendo que não vai dar certo Mas é bem pior não ter você por perto E se eu for errando assim, vai que eu acerto Vou adiando o fim só pra viver nesse presente incerto",Henrique & Juliano,2017,37,https://www.letras.mus.br/henrique-e-juliano/de-tras-pra-frente/,-1
1057,De Volta Pra Macambira,musica1057,musica1057_trecho1,"Já terminei meus estudos agora posso voltar Pra rever minha família, cuidar do gado e plantar Pra comer baião de dois Deitar na rede depois Tomar cana e namorar",Amado Edílson,2019,29,https://www.letras.mus.br/amado-edilson/de-volta-pra-macambira/,-1
1057,De Volta Pra Macambira,musica1057,musica1057_trecho2,"Vou deixando aqui na Sampa, na capital da garoa Um forte abraço e um beijo pra uma meiga pessoa Que me deu muita atenção Quis me dar seu coração Mas eu falei numa boa",Amado Edílson,2019,34,https://www.letras.mus.br/amado-edilson/de-volta-pra-macambira/,-1
774,Decide Aí,musica774,musica774_trecho1,"O relógio tá girando, tá girando Tá girando e eu aqui perdendo tempo Cheguei no meu limite, se não mudar sua postura Eu vou embora correndo",Matheus & Kauan,2016,26,https://www.letras.mus.br/matheus-kauan/decide-ai/,-1
774,Decide Aí,musica774,musica774_trecho6,"O relógio tá girando, tá girando Tá girando e você aí perdendo tempo, perdendo tempo Cheguei no meu limite, se não mudar sua postura Eu vou embora correndo",Matheus & Kauan,2016,28,https://www.letras.mus.br/matheus-kauan/decide-ai/,-1
1317,Deixa a Gente Quieto (part. Henrique & Juliano),musica1317,musica1317_trecho2,"Quem falou Que dois corpos não ocupam O mesmo espaço, nunca viu Nem de perto o nosso abraço",João Bosco & Vinícius,2016,18,https://www.letras.mus.br/joao-bosco-viniciusacustico/deixa-a-gente-quieto/,-1
1317,Deixa a Gente Quieto (part. Henrique & Juliano),musica1317,musica1317_trecho3,"Quer saber? Que se dane esse povo todo Nosso amor não precisa de plateia Do nosso jeito torto, fica tudo certo Ô povo curioso, deixa a gente quieto, uôô",João Bosco & Vinícius,2016,29,https://www.letras.mus.br/joao-bosco-viniciusacustico/deixa-a-gente-quieto/,-1
1320,Deixa Ela Saber,musica1320,musica1320_trecho4,O nosso pouco tempo é tão contado Não tem por que procurar um culpado Vamos com cuidado Se descobrirem ta tudo acabado Mas pensando bem,Henrique & Juliano,2015,25,https://www.letras.mus.br/henrique-e-juliano/deixa-ela-saber/,-1
1320,Deixa Ela Saber,musica1320,musica1320_trecho6,"Deixa ela saber Que agora eu vou ficar Se você me aceitar, nem pra casa eu vou voltar Nunca mais eu volto lá",Henrique & Juliano,2015,23,https://www.letras.mus.br/henrique-e-juliano/deixa-ela-saber/,-1
265,Deixa Eu,musica265,musica265_trecho4,Deixa eu Pra que que eu vou forçar um drama aqui se nem doeu? Foi mal aí se minha superação te ofendeu Cê me largou achando que eu ia cair no choro Mas o choro errou de olho,Murilo Huff,2025,38,https://www.letras.mus.br/murilo-huff/deixa-eu/,-1
265,Deixa Eu,musica265,musica265_trecho5,Deixa eu Pra que que eu vou forçar um drama aqui se nem doeu? Foi mal aí se minha superação te ofendeu Cê me largou achando que eu ia cair no choro Mas o choro errou de olho Deixa eu,Murilo Huff,2025,40,https://www.letras.mus.br/murilo-huff/deixa-eu/,-1
265,Deixa Eu,musica265,musica265_trecho11,Cê me largou achando que eu ia cair no choro Mas o choro errou de olho Deixa eu,Murilo Huff,2025,18,https://www.letras.mus.br/murilo-huff/deixa-eu/,-1
1208,Deixa Falar,musica1208,musica1208_trecho4,"Deixa falar Quanto mais o povo comenta Mais aumenta minha audiência Mais eu fico pop Quanto mais sobe o meu ibope Mais aumenta a minha sorte Tô solteiro, ligeiro, pegando as top",Fernando e Sorocaba,2013,32,https://www.letras.mus.br/fernando-sorocaba/deixa-falar-homens-e-anjos/,-1
1208,Deixa Falar,musica1208,musica1208_trecho9,"Deixa falar Quanto mais o povo comenta Mais aumenta minha audiência Mais eu fico pop Quanto mais sobe o meu ibope Mais aumenta a minha sorte Tô solteiro, ligeiro, pegando as top Deixa falar",Fernando e Sorocaba,2013,34,https://www.letras.mus.br/fernando-sorocaba/deixa-falar-homens-e-anjos/,-1
1208,Deixa Falar,musica1208,musica1208_trecho10,"Vai, mais eu fico pop Tô solteiro, ligeiro, pegando as top",Fernando e Sorocaba,2013,11,https://www.letras.mus.br/fernando-sorocaba/deixa-falar-homens-e-anjos/,-1
1561,Deixaria Tudo,musica1561,musica1561_trecho3,"Eu deixaria tudo se você ficasse Meus sonhos, meu passado, minha religião Depois de tudo, estás fugindo dos meus braços Deixando o silêncio dessa solidão Não sei mais o que eu faria Desejos, loucuras, todas fantasias Nada tenho a perder Diz pra mim O que mais você quer da minha vida?",João Bosco & Vinícius,2010,51,https://www.letras.mus.br/joao-bosco-viniciusacustico/1662573/,-1
1561,Deixaria Tudo,musica1561,musica1561_trecho6,"Eu deixaria tudo se você ficasse Meus sonhos, meu passado, minha religião Depois de tudo, estás fugindo dos meus braços Deixando o silêncio dessa solidão Não sei mais o que eu faria Desejos, loucuras, todas fantasias Nada tenho a perder Diz pra mim O que mais você quer?",João Bosco & Vinícius,2010,48,https://www.letras.mus.br/joao-bosco-viniciusacustico/1662573/,-1
1561,Deixaria Tudo,musica1561,musica1561_trecho7,"Por isso eu juro que Eu deixaria tudo se você ficasse Meus sonhos, meu passado, minha religião Depois de tudo, está fugindo dos meus braços Deixando o silêncio dessa solidão Não sei mais o que eu faria Desejos, loucuras, todas fantasias Nada tenho a perder Diz pra mim O que mais você quer da minha vida?",João Bosco & Vinícius,2010,56,https://www.letras.mus.br/joao-bosco-viniciusacustico/1662573/,-1
1154,Deixe o Tempo Ver,musica1154,musica1154_trecho1,"Foi tudo como eu sonhei Ter você nos meus braços, pequena Te desejei Eu vi crescer um amor de cinema",Humberto e Ronaldo,2009,20,https://www.letras.mus.br/humberto-ronaldo/1387917/,-1
544,DEJA VU (part. Ana Castela),musica544,musica544_trecho3,"Marca com outro Um barzinho na sexta, um motel no domingo Mas aguenta os déjà-vu comigo Sua vida vai ser isso aí Enquanto não admitir que",Luan Santana,2023,26,https://www.letras.mus.br/luan-santana/deja-vu-part-ana-castela/,-1
544,DEJA VU (part. Ana Castela),musica544,musica544_trecho7,É fácil pra você falar isso agora Mas deixa eu refrescar sua memória Nunca se esqueça o motivo do fim Eu não saí da sua vida porque eu quis,Luan Santana,2023,29,https://www.letras.mus.br/luan-santana/deja-vu-part-ana-castela/,-1
544,DEJA VU (part. Ana Castela),musica544,musica544_trecho8,"Você que não soube me amar e perdeu Cê não tem coração e quer cuidar do meu E o pior é que meu corpo ainda quer grudar no seu Se eu te desbloqueio agora, aí o erro vai ser meu",Luan Santana,2023,40,https://www.letras.mus.br/luan-santana/deja-vu-part-ana-castela/,-1
544,DEJA VU (part. Ana Castela),musica544,musica544_trecho9,"Marca com outro Um barzinho na sexta, um motel no domingo Mas aguenta os déjà-vu comigo Sua vida vai ser isso aí Enquanto não admitir",Luan Santana,2023,25,https://www.letras.mus.br/luan-santana/deja-vu-part-ana-castela/,-1
1378,Depende,musica1378,musica1378_trecho1,"Passou a unha no meu braço Me puxou pelo bolso que deixou rasgado Jeito de menina mimada Que é uma frescura pra sair de casa Tem corpo de adolescente Conversa de mulher que nunca foi carente Já sabe, vou perder o controle Quando eu estiver ai na sua frente Eu te falei, que dependia de você Que ia fazer de tudo para ir te ver Te prometi ôô E depois, se o amor acontecer Pode tornar um vicio, mas vai dar prazer Porque depende de mim e de você! ﻿",Israel Novaes,2012,90,https://www.letras.mus.br/israel-novaes/depende/,-1
860,Dependente,musica860,musica860_trecho2,"Eu não sei andar sozinho Com minhas forças eu não consigo Eu preciso ser guiado por ti, preciso ser ajudado por ti Preciso ser alimentado por ti, senão eu não vou conseguir",Alisson Santos,2019,32,https://www.letras.mus.br/alisson-santos/dependente/,-1
860,Dependente,musica860,musica860_trecho3,"Sou como, uma criança de colo, que precisa da mãe pra o alimentar Eu sou como uma criança de colo, que precisa ainda da mãe para andar Eu sou (eu sou) como uma criança de colo, que precisa (precisa) Da mãe para lhe proteger Eu sou como uma criança de colo, que precisa ainda da mãe pra criar",Alisson Santos,2019,58,https://www.letras.mus.br/alisson-santos/dependente/,-1
860,Dependente,musica860,musica860_trecho12,"E contemplando face a face todos nós cantaremos: Santo De dor, de angústia e de tristeza nunca mais Choraremos de novo",Alisson Santos,2019,21,https://www.letras.mus.br/alisson-santos/dependente/,-1
940,Desatino,musica940,musica940_trecho2,Sei que já é madrugada E o meu sono que não vem Será que me convém Sair assim cortando estrada,Daniel,2005,20,https://www.letras.mus.br/daniel/134999/,-1
940,Desatino,musica940,musica940_trecho4,"Se ontem, eu por lá passei Saudade me apertou Mas não parei Minhas mãos grudaram Firmes no volante E o carro acelerei",Daniel,2005,22,https://www.letras.mus.br/daniel/134999/,-1
571,Desbloqueado,musica571,musica571_trecho1,"É, não é que seu espelho anda diferente? Tá refletindo um sorriso muito mais atraente Notei que seu cabelo tem mais brilho e tá cheia de vida Seu olhar confirma que se sente muito mais bonita",Diego e Victor Hugo,2021,36,https://www.letras.mus.br/diego-victor-hugo/desbloqueado/,-1
571,Desbloqueado,musica571,musica571_trecho6,"Oi, aqui quem fala é o que tá sobrando Ela ainda não falou comigo Mas calma, ela já tá indo",Diego e Victor Hugo,2021,20,https://www.letras.mus.br/diego-victor-hugo/desbloqueado/,-1
249,Descer Pra BC (part. DJ Ari SL),musica249,musica249_trecho3,"Nóis vai descer, vai descer Descer lá pra BC no finalzin do ano Os bombonzin tão bronzeando pra eu chegar e morder Nóis vai descer, vai descer Descer lá pra BC no finalzin do ano Os cowboy vai litorando e vai torar você",Brenno & Matheus,2024,43,https://www.letras.mus.br/brenno-e-matheus/descer-pra-bc-part-dj-ari-sl/,-1
1584,Desculpas,musica1584,musica1584_trecho1,"Tô bravo, você sabe Eu quero a verdade, dá um tempo chega de brincar comigo Nem pensa pra inventar Ah tá, vou acreditar suas desculpas não fazem sentido",Luan Santana,2011,28,https://www.letras.mus.br/luan-santana/1854566/,-1
1147,Deserto,musica1147,musica1147_trecho1,Vou construir um edifício No meio do seu deserto Pra ver se chego perto De ter sua atenção,Thaeme e Thiago,2013,18,https://www.letras.mus.br/thaeme-thiago/deserto/,-1
1147,Deserto,musica1147,musica1147_trecho3,"Eu tô pintando a sua cara Em cada rosto, por esse universo Pra te fazer tá perto Em qualquer situação",Thaeme e Thiago,2013,20,https://www.letras.mus.br/thaeme-thiago/deserto/,-1
1147,Deserto,musica1147,musica1147_trecho12,Eu irei até o fim Mesmo sem ter direção Porque prometi pra mim Meus pés vão tocar seu chão,Thaeme e Thiago,2013,19,https://www.letras.mus.br/thaeme-thiago/deserto/,-1
1147,Deserto,musica1147,musica1147_trecho13,Vou construir um edifício No meio do seu deserto,Thaeme e Thiago,2013,9,https://www.letras.mus.br/thaeme-thiago/deserto/,-1
710,Desliga,musica710,musica710_trecho3,"Desliga, por Deus, eu não quero Cair na cilada do meu coração Matar a vontade da pele, da boca Do gosto do amor, do fogo da paixão",Bruno & Marrone,2009,27,https://www.letras.mus.br/bruno-e-marrone/1460892/,-1
710,Desliga,musica710,musica710_trecho6,"Desliga, por Deus, eu não quero Cair na cilada do meu coração Matar a vontade da pele, da boca Do gosto do amor do fogo da paixão",Bruno & Marrone,2009,27,https://www.letras.mus.br/bruno-e-marrone/1460892/,-1
431,Despedida de Casal,musica431,musica431_trecho1,"Mesa pra dois num restaurante chique Vinho chileno, na entrada um ceviche Toda cheirosa, fez até penteado Batom vermelho e vestido colado",Gustavo Mioto,2020,22,https://www.letras.mus.br/gustavo-mioto/despedida-de-casal/,-1
431,Despedida de Casal,musica431,musica431_trecho2,Ela passou a noite sorrindo Falou que eu tava lindo Queria que a noite fosse inesquecível E foi,Gustavo Mioto,2020,18,https://www.letras.mus.br/gustavo-mioto/despedida-de-casal/,-1
917,Destino,musica917,musica917_trecho11,Não foi amor E o que faltou? Foi o que então? Não me pergunte não,Lucas Lucco,2014,15,https://www.letras.mus.br/lucas-lucco/o-destino/,-1
694,Detalhe Bobo,musica694,musica694_trecho4,E acabou que a gente foi acabando Hoje eu sonhei com a gente E acordei chorando,Simone Mendes,2025,16,https://www.letras.mus.br/simone-mendes/detalhe-bobo/,-1
797,Deus Coloca O Chão (part. Deive Leonardo),musica797,musica797_trecho1,"Que graça teria se a vida sempre fosse do jeito que a gente quer? Que graça teria se a vida sempre fosse do jeito que a gente quer E não do jeito que Deus quer? Não teria graça, né? Por que que a gente ia ter fé?",Felipe Araújo,2025,47,https://www.letras.mus.br/felipe-araujo/deus-coloca-o-chao-part-deive-leonardo/,-1
797,Deus Coloca O Chão (part. Deive Leonardo),musica797,musica797_trecho2,Já reparou que o Sol brilha bem mais depois de uma chuva? Repara de novo que o olho brilha mais depois do choro Todo não que você escutar É pra você tá preparado quando o sim chegar,Felipe Araújo,2025,37,https://www.letras.mus.br/felipe-araujo/deus-coloca-o-chao-part-deive-leonardo/,-1
797,Deus Coloca O Chão (part. Deive Leonardo),musica797,musica797_trecho3,"Tudo, tudo que eu tenho hoje É bem mais que sonhei no início Deus nunca brinca em serviço Tudo, tudo que eu tenho hoje É bem mais que sonhei no início Deus nunca brinca em serviço",Felipe Araújo,2025,36,https://www.letras.mus.br/felipe-araujo/deus-coloca-o-chao-part-deive-leonardo/,-1
797,Deus Coloca O Chão (part. Deive Leonardo),musica797,musica797_trecho8,"Não existe nada mais extraordinário na vida Do que descobrir que há um Deus no céu que se importa comigo e com você Entre milhares de verdades passageiras, uma é pra sempre E conforme Jesus disse, tudo vai passar, mas a Minha palavra jamais irá passar",Felipe Araújo,2025,46,https://www.letras.mus.br/felipe-araujo/deus-coloca-o-chao-part-deive-leonardo/,-1
797,Deus Coloca O Chão (part. Deive Leonardo),musica797,musica797_trecho9,"E a verdade que está sobre mim e sobre você É que nós somos amados, amados por Jesus de maneira sobrenatural E por mais que você seja criativo, por mais que você seja inteligente Os seus planos são pequenos demais perto daquilo que Deus tem pra você",Felipe Araújo,2025,47,https://www.letras.mus.br/felipe-araujo/deus-coloca-o-chao-part-deive-leonardo/,-1
797,Deus Coloca O Chão (part. Deive Leonardo),musica797,musica797_trecho10,"Os nossos planos são pequenos, os nossos planos são frágeis Mas os planos do Senhor são extraordinários Os planos do Senhor são maiores que os nossos Os planos do Senhor vão além da nossa capacidade",Felipe Araújo,2025,35,https://www.letras.mus.br/felipe-araujo/deus-coloca-o-chao-part-deive-leonardo/,-1
797,Deus Coloca O Chão (part. Deive Leonardo),musica797,musica797_trecho13,"Tudo, tudo que eu tenho hoje É bem mais do que sonhei no início Deus nunca brinca em serviço Tudo, tudo que eu tenho hoje É bem mais que sonhei no início Deus nunca brinca em serviço",Felipe Araújo,2025,37,https://www.letras.mus.br/felipe-araujo/deus-coloca-o-chao-part-deive-leonardo/,-1
1036,Deus É Caipira,musica1036,musica1036_trecho3,E Ele deve amar um cafezinho E gostar de um queijinho Derretido no pão E mesmo Ele sendo onipotente Deve amar ver a semente Brotando no chão,Eduardo Costa,2025,27,https://www.letras.mus.br/eduardo-costa/deus-e-caipira/,-1
1036,Deus É Caipira,musica1036,musica1036_trecho4,"Tudo foi Ele quem arquitetou E o Espírito Santo executou E viu que tudo isso era bão Foi lá pro sertão E por lá, descansou",Eduardo Costa,2025,25,https://www.letras.mus.br/eduardo-costa/deus-e-caipira/,-1
1036,Deus É Caipira,musica1036,musica1036_trecho7,Ele deve amar um cafezinho E gostar de um queijinho Derretido no pão E mesmo Ele sendo onipotente Deve amar ver a semente Brotando no chão,Eduardo Costa,2025,26,https://www.letras.mus.br/eduardo-costa/deus-e-caipira/,-1
1036,Deus É Caipira,musica1036,musica1036_trecho10,"E viu que tudo isso era bão Foi lá pro sertão E por lá, descansou",Eduardo Costa,2025,15,https://www.letras.mus.br/eduardo-costa/deus-e-caipira/,-1
1036,Deus É Caipira,musica1036,musica1036_trecho11,"E viu que tudo isso era bão Veio pro meu sertão E aqui, descansou",Eduardo Costa,2025,14,https://www.letras.mus.br/eduardo-costa/deus-e-caipira/,-1
670,DEUS É MUITO BOM,musica670,musica670_trecho2,"Se eu sou quem eu sou É porque você chegou e arrumou A bagunça, o caos Meu milagre mais real",Luan Santana,2023,20,https://www.letras.mus.br/luan-santana/deus-e-muito-bom/,-1
670,DEUS É MUITO BOM,musica670,musica670_trecho6,"Se eu sou quem eu sou É porque você chegou e arrumou A bagunça, o caos, mm Meu milagre mais real",Luan Santana,2023,21,https://www.letras.mus.br/luan-santana/deus-e-muito-bom/,-1
528,"Dia, Lugar e Hora",musica528,musica528_trecho4,"Aí eu disse Quer que eu faça um café? Ou faça minha vida Se encaixar na sua? Aqui mesmo na rua Era pra ser agora Quando é pra acontecer Tem dia, lugar e tem hora",Luan Santana,2016,35,https://www.letras.mus.br/luan-santana/dia-lugar-e-hora/,-1
528,"Dia, Lugar e Hora",musica528,musica528_trecho8,"Eu disse Quer que eu faça um café? Ou faça minha vida Se encaixar na sua? Aqui mesmo na rua Era pra ser agora Quando é pra acontecer Tem dia, lugar e tem hora",Luan Santana,2016,34,https://www.letras.mus.br/luan-santana/dia-lugar-e-hora/,-1
933,Diga Sim,musica933,musica933_trecho1,"Cuspa o ódio que os seus olhos têm de mim E engula o desejo que você tem de me provar Diga sim, diga sim, sim pra mim Diga não, diga não, diga não Diga sim, que meu amor por ti é puro Diga não, não pro seu orgulho",Jorge & Mateus,2012,48,https://www.letras.mus.br/jorge-mateus/diga-sim/,-1
933,Diga Sim,musica933,musica933_trecho2,A vida vai nos dar o chão Pra gente pisar Um tempo pra viver Um sonho pra sonhar,Jorge & Mateus,2012,18,https://www.letras.mus.br/jorge-mateus/diga-sim/,-1
933,Diga Sim,musica933,musica933_trecho3,A vida vai nos dar o chão Se a gente quiser Depende de você Deixar o sol brilhar,Jorge & Mateus,2012,18,https://www.letras.mus.br/jorge-mateus/diga-sim/,-1
362,Discurso,musica362,musica362_trecho1,"Agradeço a presença de todos Pela decoração, pelo bolo A gente começa a fazer conta da idade Depois de uns trinta e poucos O meu discurso até que era outro",Henrique & Juliano,2025,30,https://www.letras.mus.br/henrique-e-juliano/discurso/,-1
362,Discurso,musica362,musica362_trecho2,Mas antes de cortar o bolo Preciso explicar pra esse povo O motivo da água no olho,Henrique & Juliano,2025,17,https://www.letras.mus.br/henrique-e-juliano/discurso/,-1
362,Discurso,musica362,musica362_trecho3,"Aquele moleque que vivia empinando bicicleta Hoje caiu no choro vendo seus filhos crescendo depressa Olhando daqui, vejo vários motivos de festa Pessoas que eu amo, sorrindo E, do meu lado, ela, sempre ela",Henrique & Juliano,2025,34,https://www.letras.mus.br/henrique-e-juliano/discurso/,-1
362,Discurso,musica362,musica362_trecho4,"Quando eu soprar essa vela Eu vou fazer um pedido Se tiver outras vidas, que em todas elas, essas pessoas estejam comigo Saúde pra mim e pros meus Que eu viva o máximo possível Obrigado por ter me dado exatamente tudo que eu preciso",Henrique & Juliano,2025,44,https://www.letras.mus.br/henrique-e-juliano/discurso/,-1
147,Diz Pra Mim (Just Give Me a Reason),musica147,musica147_trecho3,Diz o que é preciso pra te ter aqui comigo Pra fazer o nosso amor reviver Pra não te perder O que é preciso pra te ter aqui comigo E a velha chama reacender Pra não te perder,Gusttavo Lima,2014,38,https://www.letras.mus.br/gusttavo-lima/diz-pra-mim/,-1
147,Diz Pra Mim (Just Give Me a Reason),musica147,musica147_trecho7,"Não posso aceitar, não é nosso fim Está escrito nas estrelas você nasceu pra mim Depende de nós tudo mudar Eu quero e sei que você também (Diz pra mim)",Gusttavo Lima,2014,30,https://www.letras.mus.br/gusttavo-lima/diz-pra-mim/,-1
147,Diz Pra Mim (Just Give Me a Reason),musica147,musica147_trecho9,O que é preciso pra te ter aqui comigo Pra fazer o nosso amor reviver Pra não te perder O que é preciso pra te ter aqui comigo E a velha chama reacender Pra não te perder Pra não te perder,Gusttavo Lima,2014,41,https://www.letras.mus.br/gusttavo-lima/diz-pra-mim/,-1
641,Dois Enganados (part. Marília Mendonça),musica641,musica641_trecho1,Tô ficando com alguém Que terminou faz pouco tempo E ainda guarda sentimento,Murilo Huff,2021,13,https://www.letras.mus.br/murilo-huff/dois-enganados-part-marilia-mendonca/,-1
641,Dois Enganados (part. Marília Mendonça),musica641,musica641_trecho2,Olha eu aqui também Ainda tô me remoendo Por causa do meu antigo relacionamento,Murilo Huff,2021,14,https://www.letras.mus.br/murilo-huff/dois-enganados-part-marilia-mendonca/,-1
641,Dois Enganados (part. Marília Mendonça),musica641,musica641_trecho3,Dois enganados Dando uma chance pro amor Eu quero voltar no passado Ela sonha em ter de volta o que passou,Murilo Huff,2021,21,https://www.letras.mus.br/murilo-huff/dois-enganados-part-marilia-mendonca/,-1
641,Dois Enganados (part. Marília Mendonça),musica641,musica641_trecho5,"Respiro, fecho os olhos E já que eu não esqueço Lembro de quem eu amo E só assim eu compareço",Murilo Huff,2021,20,https://www.letras.mus.br/murilo-huff/dois-enganados-part-marilia-mendonca/,-1
418,Dois Fugitivos,musica418,musica418_trecho2,Eu beijei um solteiro De aliança no bolso Ninguém me contou E eu me enrolei no rolo,Simone Mendes,2023,17,https://www.letras.mus.br/simone-mendes/dois-fugitivos/,-1
418,Dois Fugitivos,musica418,musica418_trecho3,Só fui descobrir Quando já tava gostoso Quando já tava atolada no pecado Até o pescoço,Simone Mendes,2023,16,https://www.letras.mus.br/simone-mendes/dois-fugitivos/,-1
418,Dois Fugitivos,musica418,musica418_trecho4,Mas cansei É o fim de nós dois Depois de um ano e pouco,Simone Mendes,2023,14,https://www.letras.mus.br/simone-mendes/dois-fugitivos/,-1
418,Dois Fugitivos,musica418,musica418_trecho5,Cê vem me buscar Só manda um: Tô indo Cansei de te beijar no carro Sem baixar o vidro,Simone Mendes,2023,19,https://www.letras.mus.br/simone-mendes/dois-fugitivos/,-1
418,Dois Fugitivos,musica418,musica418_trecho6,É na hora que dá É sempre corrido Amor num quarto de BR Igual dois fugitivos,Simone Mendes,2023,16,https://www.letras.mus.br/simone-mendes/dois-fugitivos/,-1
418,Dois Fugitivos,musica418,musica418_trecho11,E é na hora que dá É sempre corrido Amor num quarto de BR Igual dois fugitivos,Simone Mendes,2023,17,https://www.letras.mus.br/simone-mendes/dois-fugitivos/,-1
26,Dois Tristes,musica26,musica26_trecho2,"Ontem saímos de novo, e você emburrada, com a cara fechada Tinha um casal do lado, curtindo de boa Quando eu pedi alguém pra Deus Eu queria esse tipo de pessoa",Simone Mendes,2024,31,https://www.letras.mus.br/simone-mendes/dois-tristes/,-1
26,Dois Tristes,musica26,musica26_trecho3,Nós somos dois tristes Que nunca serão felizes,Simone Mendes,2024,8,https://www.letras.mus.br/simone-mendes/dois-tristes/,-1
26,Dois Tristes,musica26,musica26_trecho4,"Tô com a sensação de que escolhi errado quem tá do meu lado Quanto mais eu saio e conheço gente, isso fica mais claro Todo casal que eu vejo, bebe junto, tem assunto, tá feliz, beija de língua E a gente só briga, briga, briga, briga, briga",Simone Mendes,2024,47,https://www.letras.mus.br/simone-mendes/dois-tristes/,-1
46,Domingo de Manhã,musica46,musica46_trecho4,"Mas eu, eu, eu Prefiro estar aqui te perturbando Domingo de manhã É que eu prefiro ouvir Sua voz de sono Domingo de manhã Domingo de manhã",Marcos & Belutti,2014,27,https://www.letras.mus.br/marcos-belutti/domingo-de-manha/,-1
366,DONA,musica366,musica366_trecho1,"Tem segunda intenção nesse: Não, não para, não No selinho no fim do beijo que você insiste em me dar Isso é coisa de quem quer amar Cê me conheceu depois que deixei de ser dois e voltei a ser só um Você não tem culpa, isso é um erro comum",Luan Santana,2025,51,https://www.letras.mus.br/luan-santana/dona/,-1
366,DONA,musica366,musica366_trecho3,O coração que cê quer entrar tem dona O te amo que cê quer escutar tem dona Eu posso te emprestar meu corpo porque ele ainda é meu Mas o sentimento ela não me devolveu,Luan Santana,2025,35,https://www.letras.mus.br/luan-santana/dona/,-1
366,DONA,musica366,musica366_trecho4,O coração que cê quer entrar tem dona O te amo que cê quer escutar tem dona Eu posso te emprestar meu corpo porque ele ainda é meu Mas o sentimento ela não me devolveu Ela não me devolveu,Luan Santana,2025,39,https://www.letras.mus.br/luan-santana/dona/,-1
366,DONA,musica366,musica366_trecho5,"Cê me conheceu depois que deixei de ser dois e voltei a ser só um Você não tem culpa, isso é um erro comum",Luan Santana,2025,24,https://www.letras.mus.br/luan-santana/dona/,-1
686,DONA DE MIM,musica686,musica686_trecho1,"Palhaço, decepção em cima de decepção Eita amor que dá coice no coração Acreditei que era herói, mas é bandido Por que você fez isso comigo?",Ana Castela,2022,26,https://www.letras.mus.br/ana-castela/dona-de-mim/,-1
686,DONA DE MIM,musica686,musica686_trecho3,Eu criei filha minha pra ser boiadeira Na volta desse mundo não ficar por baixo Não vai ter frescurinha pra abrir porteira E nunca nessa vida depender de macho,Ana Castela,2022,29,https://www.letras.mus.br/ana-castela/dona-de-mim/,-1
686,DONA DE MIM,musica686,musica686_trecho10,Na volta desse mundo Não vai ter frescurinha pra abrir porteira E nunca nessa vida depender de macho,Ana Castela,2022,18,https://www.letras.mus.br/ana-castela/dona-de-mim/,-1
686,DONA DE MIM,musica686,musica686_trecho11,Eu criei filha minha pra ser boiadeira Na volta desse mundo não ficar por baixo Não vai ter frescurinha pra abrir porteira E nunca nessa vida depender de macho E nunca nessa vida depender de macho,Ana Castela,2022,36,https://www.letras.mus.br/ana-castela/dona-de-mim/,-1
744,Dona Maria (part. Jorge),musica744,musica744_trecho1,Me desculpe vir aqui desse jeito Me perdoe o traje de maloqueiro De camisa larga e boné pra trás Bem na hora da novela que a senhora gosta mais,Thiago Brava,2017,29,https://www.letras.mus.br/thiago-brava/um-violao-e-uma-catuaba/,-1
744,Dona Maria (part. Jorge),musica744,musica744_trecho5,Me desculpa vir aqui desse jeito Me perdoa o traje de maloqueiro De camisa larga e boné pra trás Bem na hora da novela que a senhora gosta mais,Thiago Brava,2017,29,https://www.letras.mus.br/thiago-brava/um-violao-e-uma-catuaba/,-1
916,Dou a Vida Por Um Beijo,musica916,musica916_trecho1,Difícil demais Te amar assim Minha timidez Tem que ter um fim Preciso perder O medo de falar Pra não te perder Vou me declarar,Zezé Di Camargo,2022,25,https://www.letras.mus.br/zeze-di-camargo/dou-a-vida-por-um-beijo/,-1
916,Dou a Vida Por Um Beijo,musica916,musica916_trecho3,Pra me sentir feliz Só tem uma saída Fazer você ficar De vez na minha vida Perto dos meus olhos E do coração,Zezé Di Camargo,2022,23,https://www.letras.mus.br/zeze-di-camargo/dou-a-vida-por-um-beijo/,-1
916,Dou a Vida Por Um Beijo,musica916,musica916_trecho5,Eu te amo É paixão que não tem fim Dou a vida por um beijo Quero ter você pra mim,Zezé Di Camargo,2022,20,https://www.letras.mus.br/zeze-di-camargo/dou-a-vida-por-um-beijo/,-1
843,Duas Cicatrizes,musica843,musica843_trecho2,Você ainda não tá bem E eu também não tô Igualmente desvalorizados por pessoas que um dia chamamos de amor,Simone Mendes,2025,20,https://www.letras.mus.br/simone-mendes/duas-cicatrizes/,-1
843,Duas Cicatrizes,musica843,musica843_trecho4,"Melhor você chamar o Uber E dormir na sua casa Vai que cê dorme na minha e acorda com uma saudade a mais do que cê tava Eu também não tô cem por cento Tô colando as quebrada de cara Nós somos dois disponíveis, mas com cicatrizes não cicatrizadas O medo que eu tô de outros traumas",Simone Mendes,2025,57,https://www.letras.mus.br/simone-mendes/duas-cicatrizes/,-1
843,Duas Cicatrizes,musica843,musica843_trecho5,"Nós somos dois disponíveis, mas com cicatrizes não cicatrizadas",Simone Mendes,2025,9,https://www.letras.mus.br/simone-mendes/duas-cicatrizes/,-1
843,Duas Cicatrizes,musica843,musica843_trecho8,"Melhor você chamar o Uber E dormir na sua casa E vai que cê dorme na minha e acorda com uma saudade a mais do que cê tava Eu também não tô cem por cento Tô colando as quebrada de cara Nós somos dois disponíveis, mas com cicatrizes não cicatrizadas O medo que eu tô de outros traumas",Simone Mendes,2025,58,https://www.letras.mus.br/simone-mendes/duas-cicatrizes/,-1
843,Duas Cicatrizes,musica843,musica843_trecho9,"Nós somos dois disponíveis, mas com cicatrizes não cicatrizadas O medo que eu tô de outros traumas",Simone Mendes,2025,17,https://www.letras.mus.br/simone-mendes/duas-cicatrizes/,-1
140,Duas Metades,musica140,musica140_trecho3,"O que de um grande amor se espera É que tenha fogo Que domine o pensamento E traga sentido novo Que tenha paixão, desejo Que tenha abraço e beijo E seja a melhor sensação",Jorge & Mateus,2012,34,https://www.letras.mus.br/jorge-mateus/duas-metades/,-1
140,Duas Metades,musica140,musica140_trecho4,"Que preencha a vida vazia Mande embora a agonia E que traga paz pro coração É você, é você",Jorge & Mateus,2012,19,https://www.letras.mus.br/jorge-mateus/duas-metades/,-1
140,Duas Metades,musica140,musica140_trecho5,Que preencha a vida vazia Mande embora a agonia E que trouxe paz pro coração,Jorge & Mateus,2012,15,https://www.letras.mus.br/jorge-mateus/duas-metades/,-1
140,Duas Metades,musica140,musica140_trecho6,"Que preencha a vida vazia Mande embora a agonia E que é dona do meu coração É você, é você",Jorge & Mateus,2012,20,https://www.letras.mus.br/jorge-mateus/duas-metades/,-1
140,Duas Metades,musica140,musica140_trecho10,"Que preenche a vida vazia Manda embora a agonia E que traga paz pro coração É você, é você",Jorge & Mateus,2012,19,https://www.letras.mus.br/jorge-mateus/duas-metades/,-1
140,Duas Metades,musica140,musica140_trecho11,Que preenche a vida vazia Manda embora a agonia E que trouxe paz pro coração,Jorge & Mateus,2012,15,https://www.letras.mus.br/jorge-mateus/duas-metades/,-1
140,Duas Metades,musica140,musica140_trecho12,"Que preenche a vida Manda embora a agonia E que é dona do meu coração É você, é você",Jorge & Mateus,2012,19,https://www.letras.mus.br/jorge-mateus/duas-metades/,-1
1363,Duas Vidas,musica1363,musica1363_trecho3,Me diz como explicar Seus gostos sendo os mesmos que os meus O que acontece toda vez que eu olho nesses olhos seus?,Henrique & Juliano,2013,23,https://www.letras.mus.br/henrique-e-juliano/duas-vidas/,-1
1363,Duas Vidas,musica1363,musica1363_trecho4,Faço mais de mil perguntas E às vezes até acredito Que as nossas duas vidas já viveram juntas,Henrique & Juliano,2013,18,https://www.letras.mus.br/henrique-e-juliano/duas-vidas/,-1
1363,Duas Vidas,musica1363,musica1363_trecho7,Faço um monte de perguntas E às vezes até acredito Que as nossas duas vidas já viveram juntas,Henrique & Juliano,2013,18,https://www.letras.mus.br/henrique-e-juliano/duas-vidas/,-1
1516,Dupla Traição,musica1516,musica1516_trecho3,Ela entrou dentro da minha casa Fingia ser minha amiga E eu caí nessa roubada Ela conseguiu Levar o meu homem Ele se arrependeu e a saudade lhe consome Isso pra mim foi dupla traição Você e minha amiga Vão morrer sem meu perdão,Simone & Simaria,2012,44,https://www.letras.mus.br/simone-simaria-as-coleguinhas/dupla-traicao/,-1
1504,Duvido Você Não Tomar Uma,musica1504,musica1504_trecho5,Eu duvido você não tomar uma,Simone & Simaria,2016,6,https://www.letras.mus.br/simone-simaria-as-coleguinhas/duvido-voce-nao-tomar-uma/,-1
1384,E Aí Tempo,musica1384,musica1384_trecho1,"Meu calendário mostra que hoje é dia 26 Meu relógio diz que agora são Quinze pras três da manhã É verdade, o tempo tá passando Mas aqui nada mudou",Chitãozinho & Xororó,2013,29,https://www.letras.mus.br/chitaozinho-e-xororo/e-ai-tempo/,-1
1384,E Aí Tempo,musica1384,musica1384_trecho5,"E aí, tempo? De tudo que me prometeu Nada cumpriu Me prometeu o Sol Mas só trouxe mais frio Ah, seu pudesse voltar no tempo",Chitãozinho & Xororó,2013,25,https://www.letras.mus.br/chitaozinho-e-xororo/e-ai-tempo/,-1
621,É Amor,musica621,musica621_trecho1,Quando fico pensando em você Eu esqueço do mundo pra te ter Seu amor assumiu meu coração Eu não fico um segundo sem te ver,Jorge & Mateus,2015,25,https://www.letras.mus.br/jorge-mateus/e-amor/,-1
621,É Amor,musica621,musica621_trecho3,"Vale a pena sonhar Ter você pra amar Eu quero colo, a vida inteira Vou te amar",Jorge & Mateus,2015,17,https://www.letras.mus.br/jorge-mateus/e-amor/,-1
621,É Amor,musica621,musica621_trecho8,"Ô-ô-ô-ô, é amor, ô-ô Ô-ô-ô-ô, é amor, ô-ô Eu quero colo, a vida inteira Vou te amar Eu quero colo, a vida inteira Vou te amar Eu quero colo, a vida inteira",Jorge & Mateus,2015,32,https://www.letras.mus.br/jorge-mateus/e-amor/,-1
1345,É Amor Demais,musica1345,musica1345_trecho2,Tô cansado de te ver sofrer Por alguém que não soube te amar Vendo tudo isso acontecer É o momento de me declarar,Edson & Hudson,2005,23,https://www.letras.mus.br/edson-e-hudson/132733/,-1
1345,É Amor Demais,musica1345,musica1345_trecho3,"É amor demais! É coisa de Deus Verdadeiro e profundo são os sonhos meus É amor! Sem maldade Sentimento nasceu da mais pura amizade Desculpa, não quero te assustar Mas se quer um amor de verdade Tô aqui pra te dar",Edson & Hudson,2005,41,https://www.letras.mus.br/edson-e-hudson/132733/,-1
275,É Com Ela Que Eu Estou,musica275,musica275_trecho3,Então senta e escuta calada e vê se não chora Ela quis o amor que um dia você jogou fora,Cristiano Araújo,2014,20,https://www.letras.mus.br/cristiano-araujo/e-com-ela-que-eu-estou/,-1
275,É Com Ela Que Eu Estou,musica275,musica275_trecho4,Foi ela quem pegou na minha mão quando você soltou Foi ela quem me aceitou do jeito que eu sou Do jeito que você deixou,Cristiano Araújo,2014,25,https://www.letras.mus.br/cristiano-araujo/e-com-ela-que-eu-estou/,-1
275,É Com Ela Que Eu Estou,musica275,musica275_trecho5,"Foi ela quem me ajudou a levantar quando eu caí Foi ela que enxugou as minhas lágrimas, me fez sorrir Ela me aceitou do jeito que eu sou E é com ela que eu estou",Cristiano Araújo,2014,35,https://www.letras.mus.br/cristiano-araujo/e-com-ela-que-eu-estou/,-1
275,É Com Ela Que Eu Estou,musica275,musica275_trecho10,"Foi ela quem me ajudou a levantar quando eu caí Foi ela que enxugou as minhas lágrimas, me fez sorrir Ela me aceitou do jeito que eu sou E é com ela que eu estou É com ela que eu estou",Cristiano Araújo,2014,41,https://www.letras.mus.br/cristiano-araujo/e-com-ela-que-eu-estou/,-1
1089,E Daí?,musica1089,musica1089_trecho1,E daí se eu quiser farrear Tomar todas num bar Sair pra namorar O que é que tem? Foi você quem falou Que a paixão acabou Que eu me lembre Eu não sou de ninguém,Guilherme & Santiago,2010,35,https://www.letras.mus.br/guilherme-e-santiago/1587074/,-1
1089,E Daí?,musica1089,musica1089_trecho2,E daí que você me deixou Mais um dia passou E o mundo não parou Tô aqui Confesso fraquejei Muito tempo chorei Só Deus sabe o quanto eu sofri,Guilherme & Santiago,2010,29,https://www.letras.mus.br/guilherme-e-santiago/1587074/,-1
1089,E Daí?,musica1089,musica1089_trecho3,Mas não fui me humilhar Te pedir pra voltar O que você tá fazendo aqui? Se ainda não me quer Então sai do meu pé Eu faço o que eu quiser,Guilherme & Santiago,2010,31,https://www.letras.mus.br/guilherme-e-santiago/1587074/,-1
1089,E Daí?,musica1089,musica1089_trecho5,Se eu quiser farrear Tomar todas num bar Sair pra namorar O que é que tem? Foi você quem falou Que a paixão acabou Que eu me lembre Eu não sou de ninguém,Guilherme & Santiago,2010,33,https://www.letras.mus.br/guilherme-e-santiago/1587074/,-1
1132,É Fato,musica1132,musica1132_trecho2,"Ficou em mim a chama e não apaga de uma vez Leva algum tempo, pode crer que não é só um mês Mas se já me esqueceu não te culpo E nem peço pra voltar",Cristiano Araújo,2011,35,https://www.letras.mus.br/cristiano-araujo/1847634/,-1
1257,É Pra Cabá,musica1257,musica1257_trecho1,É pra cabá com o pequi do Goiás É pra roer todo o queijo de Minas É pra beber todas pinga do Brasil A paixão que eu sinto nessa menina,João Carreiro & Capataz,2010,30,https://www.letras.mus.br/joao-carreiro-capataz/1690716/,-1
1257,É Pra Cabá,musica1257,musica1257_trecho4,Essa paixão é quente Parece até Cuiabá Tô faceiro igual criança Que tá conhecendo o mar Tô feliz demais da conta Agora o peito desconta as dores que já sofreu É fogo na gasolina O amor dessa menina em mim bateu e valeu,João Carreiro & Capataz,2010,43,https://www.letras.mus.br/joao-carreiro-capataz/1690716/,-1
1125,É Tenso,musica1125,musica1125_trecho2,"Beijar: eu gosto Beber: adoro Qualquer lugar pra mim tá bom Qualquer paixão me diverte Tem farra, tô pronto! Se é festa, me chama! Sou sem frescura e sem limites",Fernando e Sorocaba,2012,30,https://www.letras.mus.br/fernando-sorocaba/1989834/,-1
1299,Eh Tudo Toiss,musica1299,musica1299_trecho2,Já faz uma semana Que a gente não se vê Prepara o nosso ninho Que hoje eu quero com você,Henrique & Diego,2013,20,https://www.letras.mus.br/henrique-diego/e-tudo-tois/,-1
1263,"Ei, Psiu! Beijo Me Liga (part. João Bosco e Vinícius)",musica1263,musica1263_trecho2,"Agora você vem me procurar Eu sei, cê tá querendo é já Me esnobou e mudou de ideia Me deixou olhando pra plateia",Michel Teló,2010,23,https://www.letras.mus.br/michel-telo/1504900/,-1
760,Ele e Ela (part. Grupo Menos É Mais),musica760,musica760_trecho2,"Ele com saudade dela No meio de uns pega, foi abrir a tela E deu de cara, com a cara dela Mensagem dela Aí já era",Hugo & Guilherme,2025,26,https://www.letras.mus.br/hugo-guilherme/ele-e-ela-part-grupo-menos-e-mais/,-1
760,Ele e Ela (part. Grupo Menos É Mais),musica760,musica760_trecho3,"Ela mandou um vem Ele mal viu, já foi Ele no caso é eu Que idiota eu fui",Hugo & Guilherme,2025,18,https://www.letras.mus.br/hugo-guilherme/ele-e-ela-part-grupo-menos-e-mais/,-1
760,Ele e Ela (part. Grupo Menos É Mais),musica760,musica760_trecho4,"Pensei: Só mais uma ficada, não tem como dar em nada Mas ninguém ganha de mim quando é pra se lascar Pra não sair de lá sem nada Trouxe a saudade pra casa E umas terapia cara pra eu pagar",Hugo & Guilherme,2025,40,https://www.letras.mus.br/hugo-guilherme/ele-e-ela-part-grupo-menos-e-mais/,-1
935,Elevador,musica935,musica935_trecho1,"Todo fim de briga é assim Cê fecha a cara, arruma as malas Aperta o elevador, nem espera subir Muda de ideia, volta e dorme aqui",Hugo & Guilherme,2023,26,https://www.letras.mus.br/hugo-guilherme/elevador/,-1
935,Elevador,musica935,musica935_trecho2,"Mas dessa vez, desceu O trouxa esperou Nem sinal dela no corredor Eu tava confiante que ela voltaria E ela tava mais que decidida",Hugo & Guilherme,2023,24,https://www.letras.mus.br/hugo-guilherme/elevador/,-1
935,Elevador,musica935,musica935_trecho3,"O prédio inteiro sabe que a gente acabou Não foi só eu, até o porteiro chorou E de você o que sobrou Só a saudade Seu cheiro no elevador",Hugo & Guilherme,2023,29,https://www.letras.mus.br/hugo-guilherme/elevador/,-1
1181,Enamorado,musica1181,musica1181_trecho3,"Chega perto, minha cabeça gira Sua voz é uma poesia Um beijo pra fazer meu mundo parar E te amar",Eduardo Costa,2013,20,https://www.letras.mus.br/eduardo-costa/enamorado/,-1
738,Enquanto Houver Razões,musica738,musica738_trecho1,"Eu já fiz de tudo pra te convencer Mandei rosas vermelhas lindas pra você Falei de amor, fiz uma canção",Jorge & Mateus,2012,20,https://www.letras.mus.br/jorge-mateus/enquanto-houver-razoes/,-1
883,Então Valeu,musica883,musica883_trecho2,"Ao encontrar você eu me perdi de mim O que é que eu fui querer? Por que te amei assim? Sem alma e coração, você é tão ruim E agora que eu tô bem, cê quer voltar pra mim",Jorge & Mateus,2022,39,https://www.letras.mus.br/jorge-mateus/entao-valeu/,-1
883,Então Valeu,musica883,musica883_trecho4,"Então valeu te ver, mas eu preciso te falar Tô bem melhor e alguém no seu lugar me faz feliz E sabe me amar, então valeu demais te encontrar",Jorge & Mateus,2022,29,https://www.letras.mus.br/jorge-mateus/entao-valeu/,-1
1553,Entre Quatro Paredes,musica1553,musica1553_trecho1,"Sabe, nosso problema é igualdade Já estamos conscientes Que por mais que a gente tente Não dá certo, mas quem sabe o certo é assim",Marília Mendonça,2015,25,https://www.letras.mus.br/marilia-mendonca/entre-quatro-paredes/,-1
785,Entregador de Flor,musica785,musica785_trecho2,Meu coração se acostumou Que de sete em sete dias eu mando um novo Porque o outro murchou,Diego e Victor Hugo,2019,18,https://www.letras.mus.br/diego-victor-hugo/entregador-de-flor/,-1
785,Entregador de Flor,musica785,musica785_trecho3,Pra não dar tempo dela me esquecer Toda semana eu mando um buquê,Diego e Victor Hugo,2019,13,https://www.letras.mus.br/diego-victor-hugo/entregador-de-flor/,-1
139,Equivocada (part. Gusttavo Lima),musica139,musica139_trecho1,"Eu Dentro do meu carro, indo pro trabalho Dando play no áudio que ela me mandou na madrugada Quando ela tava bêba e desbocada Sem filtro nenhum na suas palavras Fechei o vidro e enxuguei as lágrimas",Traia Véia,2025,37,https://www.letras.mus.br/traia-veia/equivocada-part-gusttavo-lima/,-1
139,Equivocada (part. Gusttavo Lima),musica139,musica139_trecho2,"E o sinal abria, fechava Eu engasguei no choro, na marcha Ao som de buzinada, do nada a ficha caiu Que ela me traiu, se distraiu Mandou um áudio equivocada e dormiu",Traia Véia,2025,32,https://www.letras.mus.br/traia-veia/equivocada-part-gusttavo-lima/,-1
601,Erro Planejado (part. Henrique e Juliano),musica601,musica601_trecho3,"A culpa é sempre de uma briga, de umas pinga De uma amiga que te arrasta pra rua Mas as perna é sua Você é sempre inocente, mente que nem sente E sempre erra como nunca, uô",Luan Santana,2022,37,https://www.letras.mus.br/luan-santana/erro-planejado/,-1
601,Erro Planejado (part. Henrique e Juliano),musica601,musica601_trecho4,"A culpa é sempre de uma briga, de umas pinga De uma amiga que te arrasta pra rua Mas as perna é sua Você é sempre inocente, mente que nem sente Sempre erra como nunca",Luan Santana,2022,35,https://www.letras.mus.br/luan-santana/erro-planejado/,-1
453,Escolhas,musica453,musica453_trecho2,Do portão pra fora Pessoas e decepções que vão acontecer São coisas que a gente não pode prever,Zé Neto e Cristiano,2023,18,https://www.letras.mus.br/ze-neto-cristiano/escolhas/,-1
453,Escolhas,musica453,musica453_trecho11,"Eu escolho perdoar Com você, evoluir E o que passou, deixar passar Eu escolho ser feliz",Zé Neto e Cristiano,2023,16,https://www.letras.mus.br/ze-neto-cristiano/escolhas/,-1
378,Escondendo o Ouro,musica378,musica378_trecho1,"Eu já peguei, gostei, fiquei Larguei, nem sei Em quantas bocas eu errei Mas tem uma que eu acertei",Zé Neto e Cristiano,2025,19,https://www.letras.mus.br/ze-neto-cristiano/escondendo-o-ouro/,-1
378,Escondendo o Ouro,musica378,musica378_trecho3,"Eu já tive paixões jurando que eram amores Eu já mandei errado alguns buquês de flores Deus tava me preparando esse tempo todo Te deixou pro final, tava escondendo o ouro Eu já tive paixões jurando que eram amores Eu já mandei errado alguns buquês de flores Deus tava me preparando esse tempo todo Te deixou pro final, tava escondendo o ouro Te deixou pro final, tava escondendo o ouro",Zé Neto e Cristiano,2025,70,https://www.letras.mus.br/ze-neto-cristiano/escondendo-o-ouro/,-1
378,Escondendo o Ouro,musica378,musica378_trecho5,"Eu já tive paixões jurando que eram amores Eu já mandei errado alguns buquês de flores Deus tava me preparando esse tempo todo Te deixou pro final, tava escondendo o ouro Eu já tive paixões jurando que eram amores Eu já mandei errado alguns buquês de flores Deus tava me preparando esse tempo todo Te deixou pro final, tava escondendo o ouro Te deixou pro final Tava escondendo o ouro",Zé Neto e Cristiano,2025,70,https://www.letras.mus.br/ze-neto-cristiano/escondendo-o-ouro/,-1
61,Escreve Aí,musica61,musica61_trecho1,"Te falo tanta coisa enquanto tento segurar a lágrima Que insiste em cair Entro no meu carro, abro o vidro e, antes de ir embora Eu te digo: Olha aqui, ainda vou te esquecer Escreve aí",Luan Santana,2015,36,https://www.letras.mus.br/luan-santana/escreve-ai/,-1
61,Escreve Aí,musica61,musica61_trecho2,"Chego em casa, dou de cara com a sua foto Uma ducha e um vinho pra acalmar E eu penso: Vou partir pra outra logo Mas quem é que eu tô tentando enganar? Mas quem é que eu tô tentando enganar?",Luan Santana,2015,41,https://www.letras.mus.br/luan-santana/escreve-ai/,-1
1425,Espaçosa Demais,musica1425,musica1425_trecho3,"Não aperta o povo, não Tem mais gente no meu coração Mamãe tá num cantinho Papai, apertadinho Tem amigo indo parar lá no pulmão",Felipe Araújo,2019,24,https://www.letras.mus.br/felipe-araujo/espacosa-demais/,-1
1425,Espaçosa Demais,musica1425,musica1425_trecho11,Espaçosa demais Espaçosa demais Já tomou meu coração e tá subindo pra cabeça,Felipe Araújo,2019,13,https://www.letras.mus.br/felipe-araujo/espacosa-demais/,-1
1152,Espelho,musica1152,musica1152_trecho2,"Como num espelho, te olhando vejo O meu próprio medo, minha indecisão Mesmo te amando não estou seguro Será que é verdade ou uma ilusão?",Jorge & Mateus,2009,25,https://www.letras.mus.br/jorge-mateus/1444404/,-1
1287,Esperando Na Janela,musica1287,musica1287_trecho1,"Quando me perdi, você apareceu Me fazendo rir, do que aconteceu E de medo olhei tudo ao meu redor Só assim enxerguei que agora estou melhor",César Menotti & Fabiano,2005,26,https://www.letras.mus.br/cesar-menotti-e-fabiano/566161/,-1
1287,Esperando Na Janela,musica1287,musica1287_trecho3,"E a dor saiu, foi você quem me curou Quando o mal partiu, vi que algo em mim mudou No momento em que quis ficar junto de ti E agora sou feliz, pois lhe tenho bem aqui",César Menotti & Fabiano,2005,37,https://www.letras.mus.br/cesar-menotti-e-fabiano/566161/,-1
448,Esqueça-Me Se For Capaz (part. Maiara & Maraisa),musica448,musica448_trecho1,"Já que devolveu minhas roupas Já que arquivou nossas fotos Deve ter outra pessoa, aposto",Marília Mendonça,2021,15,https://www.letras.mus.br/marilia-mendonca/esqueca-me-se-for-capaz/,-1
448,Esqueça-Me Se For Capaz (part. Maiara & Maraisa),musica448,musica448_trecho8,Esqueça-me se for capaz Esqueça-me se for capaz (Esqueça-me se for capaz),Marília Mendonça,2021,12,https://www.letras.mus.br/marilia-mendonca/esqueca-me-se-for-capaz/,-1
1215,Esqueci de Te Esquecer,musica1215,musica1215_trecho1,Eu sei que já não tenho idade pra ficar tão dependente Mas eu mudei quanto te olhei Você me fez pensar pra frente Por mais que eu tente desviar Tô sempre em sua direção Parece que soltei do mundo E segurei só na sua mão,Luan Santana,2012,45,https://www.letras.mus.br/luan-santana/1917738/,-1
1215,Esqueci de Te Esquecer,musica1215,musica1215_trecho2,Tava pensando em te roubar Fugir pra longe do país Morar num lugarzinho em cancún Não é o que você sempre quis,Luan Santana,2012,22,https://www.letras.mus.br/luan-santana/1917738/,-1
1215,Esqueci de Te Esquecer,musica1215,musica1215_trecho4,"Porque se me perguntar Quem eu respiro é você, você, você Se for pra escolher O céu ou terra, eu respondo você",Luan Santana,2012,22,https://www.letras.mus.br/luan-santana/1917738/,-1
709,Esta Noite Foi Maravilhosa (Wonderful Tonight),musica709,musica709_trecho3,Esta noite eu sou O homem mais feliz que o amor já fez Meu silêncio quer dizer Pra você mais uma vez Como eu te amo,Leonardo,2006,26,https://www.letras.mus.br/leonardo/487499/,-1
709,Esta Noite Foi Maravilhosa (Wonderful Tonight),musica709,musica709_trecho4,"As luzes se apagam, a festa acabou Sobre o banco do carro fazemos amor Maravilhosa! Seu sorriso me diz Mais uma noite em que a gente foi feliz",Leonardo,2006,28,https://www.letras.mus.br/leonardo/487499/,-1
618,Estranho,musica618,musica618_trecho1,"Deixa eu perguntar uma coisa Não tá dando certo entre a gente? Quem cala, consente Eu acho que deu pra entender",Marília Mendonça,2018,21,https://www.letras.mus.br/marilia-mendonca/estranho/,-1
618,Estranho,musica618,musica618_trecho2,Minha mão já não tá mais na sua A gente anda pela rua separados Nem parecemos namorados,Marília Mendonça,2018,17,https://www.letras.mus.br/marilia-mendonca/estranho/,-1
618,Estranho,musica618,musica618_trecho3,"A aliança virou enfeite do dedo Nossa cama agora é só pra dormir mesmo E, no carro, parece que eu tô levando um simples passageiro",Marília Mendonça,2018,25,https://www.letras.mus.br/marilia-mendonca/estranho/,-1
241,Estrelinha (part. Di Paullo & Paulino),musica241,musica241_trecho1,"Enxugue esse rosto E venha aqui fora, como de costume Vamos conversar Pra te alegrar tem até vaga-lumes",Marília Mendonça,2018,18,https://www.letras.mus.br/marilia-mendonca/estrelinha-part-di-paullo-e-paulino/,-1
241,Estrelinha (part. Di Paullo & Paulino),musica241,musica241_trecho4,"Daqui não é diferente Te beijo, mas você não sente",Marília Mendonça,2018,10,https://www.letras.mus.br/marilia-mendonca/estrelinha-part-di-paullo-e-paulino/,-1
241,Estrelinha (part. Di Paullo & Paulino),musica241,musica241_trecho7,"Enxugue esse rosto E venha aqui fora, como de costume Vamos conversar Pra te alegrar tem até vaga-lume",Marília Mendonça,2018,18,https://www.letras.mus.br/marilia-mendonca/estrelinha-part-di-paullo-e-paulino/,-1
1364,Estressada,musica1364,musica1364_trecho1,Quando a gente começou Estava tudo tão bem Você só pensava em mim Eu não pensava em ninguém,César Menotti & Fabiano,2012,18,https://www.letras.mus.br/cesar-menotti-e-fabiano/estressada/,-1
1364,Estressada,musica1364,musica1364_trecho2,"Era só carinho, era só amor Era só beijinho e paixão Era tudo flor, não existia dor Era a mais perfeita emoção",César Menotti & Fabiano,2012,22,https://www.letras.mus.br/cesar-menotti-e-fabiano/estressada/,-1
1364,Estressada,musica1364,musica1364_trecho5,"Êta, mulher estressada Eu não consigo entender Mesmo chata e complicada Eu ainda amo você",César Menotti & Fabiano,2012,15,https://www.letras.mus.br/cesar-menotti-e-fabiano/estressada/,-1
1562,Eu Aposto,musica1562,musica1562_trecho2,Eu aposto que a sua paz Vai guerrear com a saudade Seu coração vai descobrir Toda verdade Na minha falta Vai buscar ajuda em Deus,Eduardo Costa,2008,25,https://www.letras.mus.br/eduardo-costa/1280568/,-1
1562,Eu Aposto,musica1562,musica1562_trecho3,Ah eu aposto que as suas noites Vão ser longas e vazias Vai me lembrar Chorar e até contar os dias A solidão não vai caber Em nossa casa,Eduardo Costa,2008,29,https://www.letras.mus.br/eduardo-costa/1280568/,-1
1562,Eu Aposto,musica1562,musica1562_trecho4,"Se eu perder, vai doer menos Do que está doendo agora Quando você me disse: Chega, tô indo embora Meu coração me disse: Aposta, que ela volta",Eduardo Costa,2008,27,https://www.letras.mus.br/eduardo-costa/1280568/,-1
519,Eu Era,musica519,musica519_trecho3,"Aí lembrou de mim, não teve jeito Aí lembrou de mim, não teve jeito",Marcos & Belutti,2017,14,https://www.letras.mus.br/marcos-belutti/eu-era/,-1
519,Eu Era,musica519,musica519_trecho5,"Aí você se lembra que a gente se completa E vai voltar pra mim, se for um pouco esperta Porque esse alguém perfeito que você tanto espera Eu era, eu era Eu era",Marcos & Belutti,2017,33,https://www.letras.mus.br/marcos-belutti/eu-era/,-1
519,Eu Era,musica519,musica519_trecho10,"Aí você se lembra que a gente se completa E vai voltar pra mim, se for um pouco esperta Porque esse alguém perfeito que você tanto espera Eu era, eu era",Marcos & Belutti,2017,31,https://www.letras.mus.br/marcos-belutti/eu-era/,-1
519,Eu Era,musica519,musica519_trecho12,"Aí você se lembra que a gente se completa E vai voltar pra mim, se for um pouco esperta Porque esse alguém perfeito que você tanto espera Eu era, eu era, eu era Eu era",Marcos & Belutti,2017,35,https://www.letras.mus.br/marcos-belutti/eu-era/,-1
405,Eu Gosto Assim (part. Mari Fernandez),musica405,musica405_trecho1,Tem gente que não quer amor Só gosta do calor Que faz embaixo do lençol Que chega ainda tem Lua Passa a noite toda nua E vaza no nascer do Sol,Gustavo Mioto,2024,31,https://www.letras.mus.br/gustavo-mioto/eu-gosto-assim-part-mari-fernandez/,-1
405,Eu Gosto Assim (part. Mari Fernandez),musica405,musica405_trecho5,Olha o que me aconteceu Achei alguém igual eu A gente se entende assim Porque nenhum dos dois é de pra sempre,Gustavo Mioto,2024,22,https://www.letras.mus.br/gustavo-mioto/eu-gosto-assim-part-mari-fernandez/,-1
999,Eu Ligo Pra Você,musica999,musica999_trecho3,Tô gritando socorro Meu único pedido Aquele amor gostoso Faz de novo comigo Quero sentir seu cheiro Ver o seu corpo suar Então atende o celular,Zé Neto e Cristiano,2015,26,https://www.letras.mus.br/ze-neto-cristiano/eu-ligo-pra-voce/,-1
558,Eu Menti,musica558,musica558_trecho2,"Eu menti Quando a minha boca falava: Te amo Vou te confessar que todos esses anos Eu menti Por muitas vezes eu fiz amor sem vontade Não mereço perdão, mas é a realidade Eu menti",Simone Mendes,2025,35,https://www.letras.mus.br/simone-mendes/eu-menti/,-1
1243,Eu Não Merecia Isso,musica1243,musica1243_trecho2,"Que burrice você fez Foi bem mais que desumano O nosso casamento era tão lindo Eu não esperava isso de você, não",Luan Santana,2015,22,https://www.letras.mus.br/luan-santana/eu-nao-merecia-isso/,-1
1243,Eu Não Merecia Isso,musica1243,musica1243_trecho4,"Te amei, fui sincero, te quis E você sabe disso Eu não merecia isso Eu não merecia isso",Luan Santana,2015,18,https://www.letras.mus.br/luan-santana/eu-nao-merecia-isso/,-1
1243,Eu Não Merecia Isso,musica1243,musica1243_trecho5,"Te amei, fui sincero, te quis E você sabe disso Eu não merecia isso Eu não merecia isso Eu não merecia isso",Luan Santana,2015,22,https://www.letras.mus.br/luan-santana/eu-nao-merecia-isso/,-1
1168,Eu Não Quero Casar,musica1168,musica1168_trecho1,"Eu tenho um amigo que chora e reclama Que, de sexta a domingo, sua balada é na cama Vendo os seus amigos que ainda estão solteiros Saindo todo dia, bebendo o dia inteiro, uôuô",Thiago Matheus,2017,34,https://www.letras.mus.br/thiagomatheus/eu-nao-quero-casar/,-1
1168,Eu Não Quero Casar,musica1168,musica1168_trecho2,"Mas não adianta avisar, pois quem quer casar Não quer escutar e quer pagar o preço Depois não adianta chorar e nem reclamar Quem quer casar escuta este conselho",Thiago Matheus,2017,29,https://www.letras.mus.br/thiagomatheus/eu-nao-quero-casar/,-1
1168,Eu Não Quero Casar,musica1168,musica1168_trecho3,"Eu não quero casar, eu não quero casar Eu não quero casar, eu não quero casar Eu vou pro bar, bar bar bar bar bar bar bar bar bar bar bar bar Eu vou pro bar, bar bar bar bar bar bar bar bar bar bar bar bar",Thiago Matheus,2017,48,https://www.letras.mus.br/thiagomatheus/eu-nao-quero-casar/,-1
1168,Eu Não Quero Casar,musica1168,musica1168_trecho4,"Agora é golaço Chega pra cá, nosso craque Daniel Alves Tô chegando, Thiago Matheus",Thiago Matheus,2017,14,https://www.letras.mus.br/thiagomatheus/eu-nao-quero-casar/,-1
1168,Eu Não Quero Casar,musica1168,musica1168_trecho6,"Mas não adianta avisar, pois quem quer casar Não quer escutar e quer pagar o preço Depois não adianta chorar e nem reclamar Pois quem quer casar escuta este conselho",Thiago Matheus,2017,30,https://www.letras.mus.br/thiagomatheus/eu-nao-quero-casar/,-1
1168,Eu Não Quero Casar,musica1168,musica1168_trecho11,"Eu não quero casar, eu não quero casar Eu não quero casar, eu não quero casar",Thiago Matheus,2017,16,https://www.letras.mus.br/thiagomatheus/eu-nao-quero-casar/,-1
1264,Eu Não Sou de Ninguém,musica1264,musica1264_trecho3,Sete dias da semana Sete festa pra curtir Sete bocas pra beijar Sete noites sem dormir,Humberto e Ronaldo,2012,16,https://www.letras.mus.br/humberto-ronaldo/eu-nao-sou-de-ninguem/,-1
1264,Eu Não Sou de Ninguém,musica1264,musica1264_trecho4,Sete namoradas Sete mil no bolso Sete carros na garagem Sete amigos loucos,Humberto e Ronaldo,2012,13,https://www.letras.mus.br/humberto-ronaldo/eu-nao-sou-de-ninguem/,-1
1264,Eu Não Sou de Ninguém,musica1264,musica1264_trecho5,"Meu coração criou asas E voou, voou, voou, voou Tô livre da tristeza E a felicidade me encontrou",Humberto e Ronaldo,2012,18,https://www.letras.mus.br/humberto-ronaldo/eu-nao-sou-de-ninguem/,-1
1563,Eu Não Vou Aceitar,musica1563,musica1563_trecho1,"Aceito tudo de você, Tiro de mim só pra te dar prazer Troco meu jogo por novela Meu futebol por cem mil rosas amarelas Perde a cabeça sempre que eu esqueço O dia e o mês do primeiro beijo E no banheiro sempre reclama Do meu jeito de menino que só te ama Meu sentimento não te engana...",Bruno & Marrone,2012,58,https://www.letras.mus.br/bruno-e-marrone/eu-nao-vou-aceitar/,-1
1138,Eu Quero Ser Teu Sol,musica1138,musica1138_trecho1,Inesquecível foi o seu olhar Meu coração só quer você pra amar Imprevisível seu jeito de ser Eu sem você não dá pra imaginar,Jorge & Mateus,2012,24,https://www.letras.mus.br/jorge-mateus/eu-quero-ser-o-teu-sol/,-1
1138,Eu Quero Ser Teu Sol,musica1138,musica1138_trecho2,Eu quero você descobrindo os meus sentidos Revelando os motivos do meu pensamento Eu quero você sussurrando aos meus ouvidos Refazendo os caminhos Do nosso momento,Jorge & Mateus,2012,26,https://www.letras.mus.br/jorge-mateus/eu-quero-ser-o-teu-sol/,-1
1138,Eu Quero Ser Teu Sol,musica1138,musica1138_trecho7,A fonte desse amor Veio do seu olhar Direto pro coração,Jorge & Mateus,2012,11,https://www.letras.mus.br/jorge-mateus/eu-quero-ser-o-teu-sol/,-1
646,Eu Quero Só Você,musica646,musica646_trecho1,O que todos querem é só separar nós dois Você é o que eu quero e vou continuar te amando Eu não tô nem aí pro que os outros vão dizer O que a gente sente ninguém tem nada a ver,Jorge & Mateus,2012,41,https://www.letras.mus.br/jorge-mateus/1938456/,-1
646,Eu Quero Só Você,musica646,musica646_trecho2,"Sei que andam falando que eu não sirvo pra você Dizem que eu não presto, só me meto em confusão Querem nos afastar e acabar com nosso amor Tirar você de mim",Jorge & Mateus,2012,32,https://www.letras.mus.br/jorge-mateus/1938456/,-1
1150,Eu Respiro Você,musica1150,musica1150_trecho2,"Quando eu te chamo, você responde E eu me perco se você se esconde Se tenho forças, são todas suas Eu sem você sou como um céu sem lua",Jorge & Mateus,2009,29,https://www.letras.mus.br/jorge-mateus/1486840/,-1
1150,Eu Respiro Você,musica1150,musica1150_trecho3,"Mas é tão bom o que estou sentindo Tudo é tão bom te vendo sorrindo Preciso de você, te fazer feliz me faz viver",Jorge & Mateus,2009,24,https://www.letras.mus.br/jorge-mateus/1486840/,-1
1150,Eu Respiro Você,musica1150,musica1150_trecho4,"Sigo vivendo você Vivo pra poder te ter Meu ar, tô precisando respirar Mas sem você não consigo",Jorge & Mateus,2009,18,https://www.letras.mus.br/jorge-mateus/1486840/,-1
68,Eu Sei de Cor,musica68,musica68_trecho1,"É Já tá ficando chato, né? A encheção de saco, pois é Prepara, que eu já tô me preparando Enquanto cê tá indo, eu tô voltando",Marília Mendonça,2017,26,https://www.letras.mus.br/marilia-mendonca/eu-sei-de-cor/,-1
68,Eu Sei de Cor,musica68,musica68_trecho2,"E todo esse caminho eu sei de cor Se eu não me engano, agora vai me deixar só O segundo passo é não me atender O terceiro é se arrepender Se o que dói em mim doesse em você",Marília Mendonça,2017,39,https://www.letras.mus.br/marilia-mendonca/eu-sei-de-cor/,-1
68,Eu Sei de Cor,musica68,musica68_trecho3,"Deixa, deixa mesmo de ser importante Vai deixando a gente pra outra hora Vai tentar abrir a porta desse amor Quando eu tiver jogado a chave fora",Marília Mendonça,2017,27,https://www.letras.mus.br/marilia-mendonca/eu-sei-de-cor/,-1
68,Eu Sei de Cor,musica68,musica68_trecho4,"Deixa, deixa mesmo de ser importante Vai deixando a gente pra outra hora E quando se der conta, já passou Quando olhar pra trás, já fui embora",Marília Mendonça,2017,27,https://www.letras.mus.br/marilia-mendonca/eu-sei-de-cor/,-1
68,Eu Sei de Cor,musica68,musica68_trecho5,"E todo esse caminho, eu sei de cor Se eu não me engano, agora vai me deixar só O segundo passo é não me atender O terceiro é se arrepender Se o que dói em mim doesse em você",Marília Mendonça,2017,39,https://www.letras.mus.br/marilia-mendonca/eu-sei-de-cor/,-1
68,Eu Sei de Cor,musica68,musica68_trecho8,"E quando se der conta, já passou Quando olhar pra trás, já fui embora",Marília Mendonça,2017,14,https://www.letras.mus.br/marilia-mendonca/eu-sei-de-cor/,-1
1227,Eu Te Achei,musica1227,musica1227_trecho1,"Se queres saber Só vivo por existir você Pare de esconder Somos corpo e alma, pode crer",Gusttavo Lima,2011,17,https://www.letras.mus.br/gusttavo-lima/1763752/,-1
1227,Eu Te Achei,musica1227,musica1227_trecho3,Dizer que ser só meu amor não vai rolar Na vida às vezes a gente tem que mostrar No mundo eu te achei e você me escolheu Não jogue fora o seu destino Se o seu amor sou eu,Gusttavo Lima,2011,39,https://www.letras.mus.br/gusttavo-lima/1763752/,-1
1472,Eu Te Amo e Open Bar,musica1472,musica1472_trecho1,Tudo o que eu quero ouvir: Eu te amo e open bar,Michel Teló,2011,12,https://www.letras.mus.br/michel-telo/1993671/,-1
1472,Eu Te Amo e Open Bar,musica1472,musica1472_trecho3,"Eee, eê Eee, eá Tudo o que eu quero ouvir: Eu te amo e open bar",Michel Teló,2011,16,https://www.letras.mus.br/michel-telo/1993671/,-1
1290,Eu Te Esperarei,musica1290,musica1290_trecho2,"Sem me dar conta, eu regresso, paro e penso E eu confesso, espero que o perdão esteja em sua mente Por isso eu rezo Eu sou sincero, eu te prometo, não me olha Depois que abrir essa porta Aí te digo: Se for, não volta E 7 de setembro a tua amiga me ligou me dizendo Que você tava morando perto dela E eu confesso, eu só queria te ver, ficar com você Pra te dizer, pra te dizer",Simone & Simaria,2013,79,https://www.letras.mus.br/simone-simaria-as-coleguinhas/eu-te-esperarei-1/,-1
41,Eu Te Seguro,musica41,musica41_trecho2,"Só hoje, eu falei mais de 50 eu te amos pra ela Eu falei que não tem mais ninguém no mundo Que me congela além dela Só ela, ela",Panda Cantor,2025,29,https://www.letras.mus.br/panda-cantor/eu-te-seguro/,-1
1366,Eu Tentei (part. Mateus),musica1366,musica1366_trecho2,"Tudo que a brisa leva Um dia volta com o vento Sinto uma coisa muito forte É o fim do sofrimento Por muito tempo eu tentei Eu corri contra o tempo, eu sei Só de saudades eu vou vivendo E assim eu não aguento, eu tentei",Matheus & Kauan,2012,46,https://www.letras.mus.br/matheus-kauan/1746810/,-1
1366,Eu Tentei (part. Mateus),musica1366,musica1366_trecho4,"Por muito tempo eu tentei Eu corri contra o tempo, eu sei Só de saudades eu vou vivendo E assim eu não aguento, eu tentei Tudo que a brisa leva Um dia volta com o vento Sinto uma coisa muito forte É o fim do sofrimento",Matheus & Kauan,2012,46,https://www.letras.mus.br/matheus-kauan/1746810/,-1
1577,Eu Tô Jogando Verde,musica1577,musica1577_trecho3,Eu tô jogando verde Foi pra testar você Caiu bem direitinho E agora vai me perder Eu tô jogando verde Você acreditou Caiu bem direitinho Você mesmo se entregou,Luan Santana,2009,29,https://www.letras.mus.br/luan-santana/1546174/,-1
1577,Eu Tô Jogando Verde,musica1577,musica1577_trecho4,"Eu tô jogando verde Foi pra testar você Caiu bem direitinho E agora vai me perder Eu tô jogando verde Você acreditou Caiu bem direitinho Você mesmo se entregou Dançou, dançou!",Luan Santana,2009,31,https://www.letras.mus.br/luan-santana/1546174/,-1
1353,"Eu Vou Contar Procêis (part. Jorge e Mateus, Gusttavo Lima e Israel Novaes)",musica1353,musica1353_trecho1,"Eu vou contar pro cêis, eu vou contar pro cêis A história de um amor, de tudo que ela me fez Eu vou contar pro cêis, eu vou contar pro cêis A história de um amor, de tudo que ela me fez",Humberto e Ronaldo,2012,42,https://www.letras.mus.br/humberto-ronaldo/eu-vou-contar-pro-ceis/,-1
1353,"Eu Vou Contar Procêis (part. Jorge e Mateus, Gusttavo Lima e Israel Novaes)",musica1353,musica1353_trecho2,Pensa no tanto que eu sofri Pensa no tanto que eu chorei Quando ela me disse eu vou embora Vou sair por essa porta Nunca mais tu vai me ver,Humberto e Ronaldo,2012,30,https://www.letras.mus.br/humberto-ronaldo/eu-vou-contar-pro-ceis/,-1
1353,"Eu Vou Contar Procêis (part. Jorge e Mateus, Gusttavo Lima e Israel Novaes)",musica1353,musica1353_trecho10,"Eu vou contar pro cêis, eu vou contar pro cêis A história de um amor, de tudo que ela me fez Eu vou contar pro cêis, eu vou contar pro cêis A história de um amor, de tudo que ela me fez A história de um amor, de tudo que ela me fez",Humberto e Ronaldo,2012,53,https://www.letras.mus.br/humberto-ronaldo/eu-vou-contar-pro-ceis/,-1
1353,"Eu Vou Contar Procêis (part. Jorge e Mateus, Gusttavo Lima e Israel Novaes)",musica1353,musica1353_trecho11,Pensa o tanto que eu sofri Pensa o tanto que eu chorei Quando ela me disse eu vou embora Vou sair por essa porta Nunca mais tu vai me ver,Humberto e Ronaldo,2012,30,https://www.letras.mus.br/humberto-ronaldo/eu-vou-contar-pro-ceis/,-1
1552,Eu Vou Te Buscar (part. Hungria),musica1552,musica1552_trecho1,Fernando de Noronha não tem mais o mesmo brilho sem você aqui As noites de Goiânia ficam até sem graça com você longe de mim,Gusttavo Lima,2018,25,https://www.letras.mus.br/gusttavo-lima/eu-vou-te-buscar/,-1
1552,Eu Vou Te Buscar (part. Hungria),musica1552,musica1552_trecho2,"Amazonas fica preto e branco Até o Rio de Janeiro perde o seu calor Fica triste até o carnaval de Salvador Sem você, sem você",Gusttavo Lima,2018,25,https://www.letras.mus.br/gusttavo-lima/eu-vou-te-buscar/,-1
1552,Eu Vou Te Buscar (part. Hungria),musica1552,musica1552_trecho3,"Cha-la-la-la-la Você rouba a beleza de qualquer lugar Cha-la-la-la-la Você volta, ou eu vou aí te buscar Cha-la-la-la-la Já tentei, fiz de tudo, sem você não dá Cha-la-la-la-la Você volta, ou eu vou aí te buscar",Gusttavo Lima,2018,36,https://www.letras.mus.br/gusttavo-lima/eu-vou-te-buscar/,-1
1552,Eu Vou Te Buscar (part. Hungria),musica1552,musica1552_trecho5,"E Amazonas fica preto e branco Até o Rio de Janeiro perde o seu calor Fica triste até o carnaval de Salvador (sem graça) Sem você, sem você",Gusttavo Lima,2018,28,https://www.letras.mus.br/gusttavo-lima/eu-vou-te-buscar/,-1
1552,Eu Vou Te Buscar (part. Hungria),musica1552,musica1552_trecho6,"Cha-la-la-la-la Você rouba a beleza de qualquer lugar (de qualquer lugar) Cha-la-la-la-la Você volta, ou eu vou aí te buscar (olha que eu vou, olha que eu vou) Cha-la-la-la-la Já tentei, fiz de tudo, sem você não dá Cha-la-la-la-la Você volta, ou eu vou aí te buscar Eu vou te buscar",Gusttavo Lima,2018,51,https://www.letras.mus.br/gusttavo-lima/eu-vou-te-buscar/,-1
1552,Eu Vou Te Buscar (part. Hungria),musica1552,musica1552_trecho7,"Cha-la-la-la-la Já tentei, fiz de tudo, sem você não dá Cha-la-la-la-la Você volta, ou eu vou aí te buscar Eu vou te buscar",Gusttavo Lima,2018,23,https://www.letras.mus.br/gusttavo-lima/eu-vou-te-buscar/,-1
957,Eu Vou Te Levantar,musica957,musica957_trecho9,"Então canta, descansa e anda",Lucas Roque e Gabriel,2020,5,https://www.letras.mus.br/lucas-rock-e-gabriel/eu-vou-te-levantar/,-1
1086,Eu Vou Tentando Te Agarrar,musica1086,musica1086_trecho1,"Eu vou tentando te agarrar, e você diz: Chega pra cá E o desejo só aumenta olhando em teu olhar Eu tava quase desistindo, e você chega sorrindo Me pedindo pra te amar",Gusttavo Lima,2011,33,https://www.letras.mus.br/gusttavo-lima/1810824/,-1
1086,Eu Vou Tentando Te Agarrar,musica1086,musica1086_trecho5,"Eu vou tentando te agarrar, e você diz: Chega pra cá E o desejo só aumenta olhando em seu olhar Eu tava quase desistindo, e você chega sorrindo Me pedindo pra te amar",Gusttavo Lima,2011,33,https://www.letras.mus.br/gusttavo-lima/1810824/,-1
478,"Eu, Você, o Mar e Ela",musica478,musica478_trecho2,"Eu só quero uma noite de amor Como as outras, só mais uma que passou",Luan Santana,2016,15,https://www.letras.mus.br/luan-santana/eu-voce-o-mar-e-ela/,-1
478,"Eu, Você, o Mar e Ela",musica478,musica478_trecho3,Mas foi só a porta fechar Pra mudar minha cabeça A sua boca vale o preço Pra perder o sossego que eu tinha,Luan Santana,2016,23,https://www.letras.mus.br/luan-santana/eu-voce-o-mar-e-ela/,-1
53,Evento Cancelado,musica53,musica53_trecho3,Dói saber Que os nossos filhos nem vão nascer Dói saber Que não vai ter festa e nem briga pelo seu buquê,Henrique & Juliano,2022,22,https://www.letras.mus.br/henrique-e-juliano/evento-cancelado/,-1
1214,Everest (part. Luan Santana),musica1214,musica1214_trecho1,Eu vou contar meu segredo Falar pro mundo inteiro Tatuar seu nome Roubar o seu beijo Porque eu te amo sem medo Quer saber Faço de tudo pra te merecer Quer saber O impossível é pouco pra você,Fernando e Sorocaba,2012,38,https://www.letras.mus.br/fernando-sorocaba/1980905/,-1
1570,Ex do Seu Atual,musica1570,musica1570_trecho3,Ela precisa saber que ele não presta E que é infiel Eu já sofri nas mãos deste homem Meu Deus do céu,Naiara Azevedo,2016,22,https://www.letras.mus.br/naiara-azevedo/ex-do-seu-atual/,-1
1570,Ex do Seu Atual,musica1570,musica1570_trecho4,Preciso avisar que ela corre perigo Que mais cedo ou mais tarde Vai fazer com ela o que fez comigo,Naiara Azevedo,2016,20,https://www.letras.mus.br/naiara-azevedo/ex-do-seu-atual/,-1
1570,Ex do Seu Atual,musica1570,musica1570_trecho5,"Prazer, eu sou a ex do seu atual Não me leve a mal Cê tá num beco sem saída Ele vai ferrar com a sua vida",Naiara Azevedo,2016,26,https://www.letras.mus.br/naiara-azevedo/ex-do-seu-atual/,-1
1570,Ex do Seu Atual,musica1570,musica1570_trecho6,"Prazer, eu sou a ex do seu atual Não me leve a mal Mas só pra você saber Ele me chamava de amor E me traía com você",Naiara Azevedo,2016,28,https://www.letras.mus.br/naiara-azevedo/ex-do-seu-atual/,-1
1570,Ex do Seu Atual,musica1570,musica1570_trecho7,Já bebi todas mesmo E todos os segredos dele eu vou contar,Naiara Azevedo,2016,12,https://www.letras.mus.br/naiara-azevedo/ex-do-seu-atual/,-1
1570,Ex do Seu Atual,musica1570,musica1570_trecho11,"Prazer, eu sou a ex do seu atual Não me leve a mal Mas só pra você saber Ele me chamava de amor",Naiara Azevedo,2016,23,https://www.letras.mus.br/naiara-azevedo/ex-do-seu-atual/,-1
1489,Exclusividade,musica1489,musica1489_trecho2,"Que eu fiquei sabendo que cê não tá bem Que tá sentindo minha falta também Do meu calor, do meu carinho E dos beijos quentes que eu te dava",Matheus & Kauan,2017,29,https://www.letras.mus.br/matheus-kauan/exclusividade/,-1
1489,Exclusividade,musica1489,musica1489_trecho3,"Pensando bem, não foi um bom negócio Andar de boca em boca por aí Mas eu não tô aqui pra te julgar Pois, nesse tempo, eu também me diverti",Matheus & Kauan,2017,29,https://www.letras.mus.br/matheus-kauan/exclusividade/,-1
1489,Exclusividade,musica1489,musica1489_trecho5,"E longe de você Eu peço socorro Mas é só te ver O tempo para, a boca seca, o peito pega fogo",Matheus & Kauan,2017,22,https://www.letras.mus.br/matheus-kauan/exclusividade/,-1
779,Fã Clube (part. Marília Mendonça),musica779,musica779_trecho1,"Ah, se meus olhos tirassem fotos Das poses que você faz Eu nem piscaria mais",Maiara & Maraisa,2021,15,https://www.letras.mus.br/maiara-maraisa/fa-clube/,-1
779,Fã Clube (part. Marília Mendonça),musica779,musica779_trecho3,Quando mais eu te provo Mais ainda te aprovo E pra mim é difícil dizer não Pra esse vício Espetáculo te conhecer Festival de amor e prazer,Maiara & Maraisa,2021,27,https://www.letras.mus.br/maiara-maraisa/fa-clube/,-1
43,Facas (part. Bruno & Marrone),musica43,musica43_trecho4,Como se duas facas se riscassem procurando o corte São dois corações disputando quem é o mais forte,Diego e Victor Hugo,2021,18,https://www.letras.mus.br/diego-victor-hugo/facas-part-bruno-e-marrone/,-1
43,Facas (part. Bruno & Marrone),musica43,musica43_trecho12,Como se duas facas se riscassem procurando o corte São dois corações disputando quem é o mais forte São dois corações disputando quem é o mais forte,Diego e Victor Hugo,2021,27,https://www.letras.mus.br/diego-victor-hugo/facas-part-bruno-e-marrone/,-1
978,Fala,musica978,musica978_trecho1,Fala que entendi errado Que não teve A intenção de terminar Fala que foi sem querer Foi da boca prá fora Um ato sem pensar...,Edson & Hudson,2007,25,https://www.letras.mus.br/edson-e-hudson/1102114/,-1
978,Fala,musica978,musica978_trecho4,Fala que entendi errado Que não teve A intenção de terminar Fala que foi sem querer Foi da boca pra fora Um ato sem pensar...,Edson & Hudson,2007,25,https://www.letras.mus.br/edson-e-hudson/1102114/,-1
1072,Fala Comigo,musica1072,musica1072_trecho1,"É, você já sabe, me conhece muito bem Eu não preciso esconder para ninguém Por muito tempo o que eu sinto",Gusttavo Lima,2021,21,https://www.letras.mus.br/gusttavo-lima/fala-comigo/,-1
911,"Farra, Pinga e Foguete",musica911,musica911_trecho1,"Hoje eu quero um dia de sossego, eu quero paz Sentir o cheiro dela, o que eu nem me lembro mais É tudo que eu planejo, acordar cedo e trabalhar Pegar o mesmo ônibus, ir pra casa descansar Mas todo fim de tarde a galera me aciona Era pra tomar uma, mas de novo deu em zona",Bruno e Barretto,2015,57,https://www.letras.mus.br/bruno-e-barretto/pinga-farra-e-foguete/,-1
381,Faz de Conta,musica381,musica381_trecho1,"Chega fazendo de conta que não me conhece não Sorri pra todo mundo, Me olha por um segundo Pra ver se tem minha atenção.",Luan Santana,2008,24,https://www.letras.mus.br/luan-santana/1129633/,-1
381,Faz de Conta,musica381,musica381_trecho2,Se falo contigo me ignora Não quer me dar razão ! Diz pra todo mundo que vive me dando fora Que eu sirvo só pra curtição !,Luan Santana,2008,27,https://www.letras.mus.br/luan-santana/1129633/,-1
381,Faz de Conta,musica381,musica381_trecho4,Quer me amar Se entregar Não quer falar Que é meu o seu coração E que eu não sirvo só pra curtição,Luan Santana,2008,22,https://www.letras.mus.br/luan-santana/1129633/,-1
1499,Faz do Seu Jeito,musica1499,musica1499_trecho2,"Nós dois tá bom demais Que chega a dar medo Eu já amo você, mas se achar que ainda é cedo",Henrique & Juliano,2017,21,https://www.letras.mus.br/henrique-e-juliano/no-seu-tempo/,-1
1499,Faz do Seu Jeito,musica1499,musica1499_trecho3,"Eu vou no seu tempo Que seja em segredo De sexta a domingo Pra mim tá perfeito Não precisa mudar o status Deixa do jeito que tá Se eu já tenho você do meu lado Tá lindo, pra que complicar?",Henrique & Juliano,2017,40,https://www.letras.mus.br/henrique-e-juliano/no-seu-tempo/,-1
619,Fazenda São Francisco (Maior Proeza) (part. Zé Camillo),musica619,musica619_trecho2,"O mestiço era bravo, que até na sombra investia A filha do fazendeiro molhando os lábios, dizia Eu nunca beijei ninguém, juro pela luz do dia Mas quem montar nesse boi e tirar a valentia Ganha meu primeiro beijo que darei com alegria",Daniel,2023,43,https://www.letras.mus.br/daniel/238694/,-1
619,Fazenda São Francisco (Maior Proeza) (part. Zé Camillo),musica619,musica619_trecho3,"Vendo a beleza da moça, meu sangue ferveu na veia Eu calcei um par de esporas e passei a mão na peia Peguei o mestiço à unha, rolei com ele na areia Enquanto ele esperneava, fui apertando a correia Mas quando sentei no lombo foi que eu vi a coisa feia",Daniel,2023,51,https://www.letras.mus.br/daniel/238694/,-1
619,Fazenda São Francisco (Maior Proeza) (part. Zé Camillo),musica619,musica619_trecho4,"O boi saltou a porteira no primeiro corcoveado Numa ladeira de pedras desceu pulando furtado Saía língua de fogo, cheirava chifre queimado Quando os cascos do mestiço batiam no lajeado Parou berrando na espora, ajoelhando derrotado",Daniel,2023,36,https://www.letras.mus.br/daniel/238694/,-1
619,Fazenda São Francisco (Maior Proeza) (part. Zé Camillo),musica619,musica619_trecho5,"Pra cumprir sua promessa a moça veio ligeiro Me disse: Você provou ser peão e boiadeiro Dos prêmios que vou lhe dar, o beijo é o primeiro Sua boca foi abrindo, seu olhar ficou morteiro Nesta hora eu acordei abraçando o travesseiro",Daniel,2023,42,https://www.letras.mus.br/daniel/238694/,-1
771,FAZENDEIRO,musica771,musica771_trecho8,"Ela se amarra num cowboy porque playboy não tem dinheiro (Fazendeiro) quem gostou, dá um grito!",Luan Pereira,2025,16,https://www.letras.mus.br/luan-pereira/fazendeiro/,-1
731,Fecha o Porta Malas,musica731,musica731_trecho2,No outro lado encosta um carro E o desgramado já desce aumentando o volume Meu ponto fraco é essa moda Que você chegou tocando,Israel & Rodolffo,2016,24,https://www.letras.mus.br/israel-rodolfo/fecha-o-porta-malas/,-1
1134,Férias Em Salvador,musica1134,musica1134_trecho1,Tudo errado Eu joguei Os meus sonhos pro alto No momento em que te deixei,Fernando e Sorocaba,2012,15,https://www.letras.mus.br/fernando-sorocaba/1945414/,-1
1134,Férias Em Salvador,musica1134,musica1134_trecho2,Quatro anos de paixão Só serviram pra mostrar Que não se brinca com o coração E o desespero bate forte,Fernando e Sorocaba,2012,20,https://www.letras.mus.br/fernando-sorocaba/1945414/,-1
1134,Férias Em Salvador,musica1134,musica1134_trecho3,Te envio nossas fotos Das férias em Salvador Te mando mil mensagens Pra falar do meu amor,Fernando e Sorocaba,2012,17,https://www.letras.mus.br/fernando-sorocaba/1945414/,-1
1134,Férias Em Salvador,musica1134,musica1134_trecho5,Procuro em outros olhos Encontrar o brilho seu No som do carro Ainda toca o CD que me deu,Fernando e Sorocaba,2012,19,https://www.letras.mus.br/fernando-sorocaba/1945414/,-1
1134,Férias Em Salvador,musica1134,musica1134_trecho8,"Aventura, sem sentido Só me fez perder você Minhas lágrimas estão caindo E o desespero bate forte",Fernando e Sorocaba,2012,17,https://www.letras.mus.br/fernando-sorocaba/1945414/,-1
1449,Ferida Curada,musica1449,musica1449_trecho3,"É que o frio na barriga, a saudade esquentou O amor que tinha, a distância zerou Não sobrou nada Você é a minha ferida curada",Zé Neto e Cristiano,2020,25,https://www.letras.mus.br/ze-neto-cristiano/ferida-curada/,-1
1449,Ferida Curada,musica1449,musica1449_trecho4,"É que o frio na barriga, a saudade esquentou O amor que tinha, a distância zerou Não sobrou nada Você é a minha ferida curada Preocupa não que essa dor aí logo passa",Zé Neto e Cristiano,2020,33,https://www.letras.mus.br/ze-neto-cristiano/ferida-curada/,-1
1391,Festa Boa (part. Gusttavo Lima),musica1391,musica1391_trecho2,Que do meu lado você beija sem noção Que do meu lado você bebe Tequila pura com limão Que do meu lado dança o arrocha sem parar Que quando vai embora leva duas pra pra pra pra,Henrique & Diego,2013,37,https://www.letras.mus.br/henrique-diego/festa-boa/,-1
1071,Ficha Limpa,musica1071,musica1071_trecho1,"Quando você me toca não arrepia a pele Suas palavras não me cortam, mas me ferem",Gusttavo Lima,2021,16,https://www.letras.mus.br/gusttavo-lima/ficha-limpa/,-1
1071,Ficha Limpa,musica1071,musica1071_trecho2,"Eu não tô feliz, você também A gente tá enganando quem? Tá tudo fora do normal No momento, a gente pode ser tudo Tudo, tudo, menos um casal",Gusttavo Lima,2021,28,https://www.letras.mus.br/gusttavo-lima/ficha-limpa/,-1
1560,Fico Com Você,musica1560,musica1560_trecho1,Te ver e não te ter Me dá um desespero Me afastei de você Só porque tenho medo,Bruninho e Davi,2014,18,https://www.letras.mus.br/bruninho-davi/fico-com-voce/,-1
1560,Fico Com Você,musica1560,musica1560_trecho4,Me faço de difícil à toa Mas se é pra ficar na boa Eu fico com você Eu fico com você,Bruninho e Davi,2014,21,https://www.letras.mus.br/bruninho-davi/fico-com-voce/,-1
593,Fim de Namoro,musica593,musica593_trecho1,"Chegou a hora, eu vou ter que tomar uma decisão por nós dois Mesmo não tendo a certeza do que vai acontecer depois",Henrique & Juliano,2025,23,https://www.letras.mus.br/henrique-e-juliano/fim-de-namoro/,-1
593,Fim de Namoro,musica593,musica593_trecho3,"Esse é o fim do nosso namoro Devolve a aliança de prata e toma aliança de ouro Esse é o fim do nosso namoro Vai lá no meu contato e apaga: Namorado, e escreve: Meu Noivo",Henrique & Juliano,2025,36,https://www.letras.mus.br/henrique-e-juliano/fim-de-namoro/,-1
593,Fim de Namoro,musica593,musica593_trecho4,Te ver chorar com a sensação de me perder É o sim que cê falou pra mim sem me dizer Te ver chorar com a sensação de me perder É o sim que cê falou pra mim sem me dizer,Henrique & Juliano,2025,40,https://www.letras.mus.br/henrique-e-juliano/fim-de-namoro/,-1
1166,Fiorino,musica1166,musica1166_trecho5,"Se a coisa ficar quente, meu amor, não se esquece Que lá no fundo tem, tem uma colchonete Se a coisa ficar quente, meu amor, não se esquece Que lá no fundo tem, tem uma colchonete",Gabriel Gava,2012,36,https://www.letras.mus.br/gabriel-gava/fiorino/,-1
64,Flor,musica64,musica64_trecho2,"Flor, pra onde foi você, flor? Com seu perfume de amor O que é que eu fiz de ruim? Eu não achei outra flor com a beleza e a cor Que tem você pra mim",Jorge & Mateus,2012,35,https://www.letras.mus.br/jorge-mateus/flor/,-1
64,Flor,musica64,musica64_trecho6,"Flor, pra onde foi você, flor? Com seu perfume de amor O que é que eu fiz de ruim? Eu não achei outra flor Com a beleza e a cor Que tem você pra mim",Jorge & Mateus,2012,35,https://www.letras.mus.br/jorge-mateus/flor/,-1
736,Flor de Plástico (part. Jorge e Mateus),musica736,musica736_trecho1,Fui só um troféu para você Fingiu fazer por merecer Uma flor era você A mais bela do buquê Palavras artificiais Valores superficiais Demorei para perceber A verdade sobre você,Fred & Fabrício,2023,30,https://www.letras.mus.br/fred-e-fabricio/flor-de-plastico-part-jorge-e-mateus/,-1
736,Flor de Plástico (part. Jorge e Mateus),musica736,musica736_trecho3,Olhando de longe é tão linda Mas me diz Por que me encantou depois matou meu amor Bem me quer mal me quis Com seu perfume você me enganou Foi tudo falso Foi vista na primavera mas na verdade era Flor de plástico,Fred & Fabrício,2023,43,https://www.letras.mus.br/fred-e-fabricio/flor-de-plastico-part-jorge-e-mateus/,-1
160,Fogueira,musica160,musica160_trecho3,"Eu quero o seu amor Eu quero ser seu homem, se você quiser Se eu tiver seu amor Juro, não preciso amar outra mulher Não deixe apagar a fogueira do meu coração",Jorge & Mateus,2007,32,https://www.letras.mus.br/jorge-mateus/774531/,-1
160,Fogueira,musica160,musica160_trecho6,"Eu quero o seu amor Eu quero ser seu homem, se você quiser Se eu tiver seu amor Juro, não preciso amar outra mulher",Jorge & Mateus,2007,24,https://www.letras.mus.br/jorge-mateus/774531/,-1
160,Fogueira,musica160,musica160_trecho7,"Eu quero o seu amor Eu quero ser seu homem, se você quiser Se eu tiver seu amor Juro, não preciso amar outra mulher Não deixe apagar a fogueira do meu coração Não deixe apagar a fogueira do meu coração",Jorge & Mateus,2007,40,https://www.letras.mus.br/jorge-mateus/774531/,-1
250,Foi por Conveniência,musica250,musica250_trecho2,"Água mole na pedra bateu De tão dura, a pedra cedeu Ela achou que era amor Ele achou confortável, ficou",Marília Mendonça,2021,20,https://www.letras.mus.br/marilia-mendonca/conveniencia/,-1
1310,Folgado,musica1310,musica1310_trecho1,"Não venha, não Eu vivo do jeito que eu quero, não pedi opinião Você chegou agora e tá querendo mandar em mim Da minha vida cuido eu Deitou na minha cama e quer dormir com o travesseiro",Marília Mendonça,2015,37,https://www.letras.mus.br/marilia-mendonca/folgado/,-1
1310,Folgado,musica1310,musica1310_trecho3,"Não venha, não Tá querendo pegar no pé, você nunca me deu a mão Eu não sou obrigada a viver dando satisfação Da minha vida cuido eu Tô vendo, se continuar assim, cê vai morrer solteiro",Marília Mendonça,2015,36,https://www.letras.mus.br/marilia-mendonca/folgado/,-1
1310,Folgado,musica1310,musica1310_trecho4,"Eu nunca tive lei E nem horário pra sair nem pra voltar Se lembra que eu mandei você acostumar? Tô te mandando embora, melhor sair agora Não vem me controlar",Marília Mendonça,2015,30,https://www.letras.mus.br/marilia-mendonca/folgado/,-1
1079,Fora do Comum,musica1079,musica1079_trecho3,"Você brincou com fogo e depois caiu fora Saiu da minha vida, o que é que eu faço agora? Menina, estou a ponto de enlouquecer Fora do comum, não posso te esquecer",Gusttavo Lima,2011,32,https://www.letras.mus.br/gusttavo-lima/1831161/,-1
762,Fotos,musica762,musica762_trecho2,Finjo que o tempo não passou Busco em outros olhos ver você Fotos do que foi o nosso amor Não revelam outra pessoa pra ser,Victor & Leo,2007,25,https://www.letras.mus.br/victor-leo/1088823/,-1
138,Fronteira (part. Gustavo Mioto),musica138,musica138_trecho1,"Não emociona eu, não Cê não brinca comigo Que meu coração tá quieto Tá longe de qualquer risco Sabe aquele placa de aviso? Cuidado, perigo, cê ultrapassou Então pensa bem nas consequências Desse eu te amo que você falou",Ana Castela,2024,39,https://www.letras.mus.br/ana-castela/fronteira-part-gustavo-mioto/,-1
138,Fronteira (part. Gustavo Mioto),musica138,musica138_trecho3,"Cê tá cruzando a fronteira Esquece não Que mais um passo cê abre a porteira Do coração Vai dar namoro, vai ter igreja Você e meu pai tomando cerveja Se quer isso, bora, se não, nem me beija",Ana Castela,2024,38,https://www.letras.mus.br/ana-castela/fronteira-part-gustavo-mioto/,-1
138,Fronteira (part. Gustavo Mioto),musica138,musica138_trecho5,"Não emociona eu, não Cê não brinca comigo Que meu coração tá quieto Tá longe de qualquer risco Sabe aquela placa de aviso? Cuidado, perigo, cê ultrapassou Então pensa bem nas consequências Desse eu te amo que você falou",Ana Castela,2024,39,https://www.letras.mus.br/ana-castela/fronteira-part-gustavo-mioto/,-1
1087,Fugidinha,musica1087,musica1087_trecho4,"Sempre tem aquela pessoa especial Que fica na dela, sabe seu potencial E mexe comigo, isso é um perigo Logo agora que eu fiquei legal",Michel Teló,2010,25,https://www.letras.mus.br/michel-telo/1679247/,-1
1087,Fugidinha,musica1087,musica1087_trecho5,Tô morrendo de vontade de te agarrar Não sei quanto tempo mais vou suportar Mas pra gente se encontrar ninguém pode saber Já pensei e sei o que devo fazer,Michel Teló,2010,30,https://www.letras.mus.br/michel-telo/1679247/,-1
1087,Fugidinha,musica1087,musica1087_trecho6,"O jeito é dar uma fugidinha com você O jeito é dar uma fugida com você Se você quer saber o que vai acontecer Primeiro a gente foge, depois a gente vê O jeito é dar uma fugidinha com você O jeito é dar uma fugida com você Se você quer saber o que vai acontecer Primeiro a gente foge, depois a gente vê",Michel Teló,2010,64,https://www.letras.mus.br/michel-telo/1679247/,-1
1087,Fugidinha,musica1087,musica1087_trecho10,Tô morrendo de vontade de te agarrar Não sei quanto tempo mais vou suportar Mas pra gente se encontrar ninguém pode saber Já pensei e sei o que devo fazer O jeito é dar uma fugidinha com você O jeito é dar uma fugida com você Se você quer saber o que vai acontecer Primeiro a gente foge (e o quê?),Michel Teló,2010,61,https://www.letras.mus.br/michel-telo/1679247/,-1
1087,Fugidinha,musica1087,musica1087_trecho11,"O jeito é dar uma fugidinha com você O jeito é dar uma fugida com você Se você quer saber o que vai acontecer Primeiro a gente foge, depois a gente vê O jeito é dar uma fugidinha com você O jeito é dar uma fugida com você Se você quer saber o que vai acontecer Primeiro a gente foge, depois a gente vê Vamo lá",Michel Teló,2010,66,https://www.letras.mus.br/michel-telo/1679247/,-1
629,Fui Fiel,musica629,musica629_trecho1,"Foi bonito, foi, foi intenso Foi verdadeiro, mas sincero Sei que fui capaz, fiz até demais Te quis do teu jeito",Gusttavo Lima,2014,21,https://www.letras.mus.br/gusttavo-lima/fui-fiel/,-1
629,Fui Fiel,musica629,musica629_trecho2,"Te amei, te mostrei que o meu amor Foi o mais profundo Me doei, me entreguei, fui fiel Chorei, chorei",Gusttavo Lima,2014,20,https://www.letras.mus.br/gusttavo-lima/fui-fiel/,-1
629,Fui Fiel,musica629,musica629_trecho5,"Foi bonito, foi, foi intenso Foi verdadeiro, mais sincero Sei que fui capaz, fiz até demais Te quis do teu jeito",Gusttavo Lima,2014,21,https://www.letras.mus.br/gusttavo-lima/fui-fiel/,-1
850,Fumo da Noite,musica850,musica850_trecho2,O amor da minha vida me largou E agora já tá desfilando com outro Jogou na cara que superou E eu procurando o motivo do rolo,Danilo e Davi,2023,26,https://www.letras.mus.br/danilo-e-davi/fumo-da-noite/,-1
850,Fumo da Noite,musica850,musica850_trecho3,"Nesse trânsito parado Assumo que me distraí Ela postou foto nova com alguém Quando eu vi, bati",Danilo e Davi,2023,17,https://www.letras.mus.br/danilo-e-davi/fumo-da-noite/,-1
850,Fumo da Noite,musica850,musica850_trecho4,"Desci do carro pra ver o estrago Puto, estressado, recém largado Mas o fumo da noite não foi a batida, só vai escutando Do nada, desce minha ex e o cara que ela tá pegando",Danilo e Davi,2023,35,https://www.letras.mus.br/danilo-e-davi/fumo-da-noite/,-1
850,Fumo da Noite,musica850,musica850_trecho5,"Desci do carro pra ver o estrago Puto, estressado, recém-largado Mas o fumo da noite não foi a batida, só vai escutando Do nada, desce minha ex e o cara que ela tá pegando Delegado, passa o pano",Danilo e Davi,2023,38,https://www.letras.mus.br/danilo-e-davi/fumo-da-noite/,-1
850,Fumo da Noite,musica850,musica850_trecho10,"Mas o fumo da noite não foi a batida, só vai escutando Do nada, desce minha ex e o cara que ela tá pegando Delegado, passa o pano",Danilo e Davi,2023,28,https://www.letras.mus.br/danilo-e-davi/fumo-da-noite/,-1
116,Garotas Não Merecem Chorar,musica116,musica116_trecho2,"Garotas querem mais amor de verdade, mais sinceridade Garotos são todos iguais: Têm necessidade, não passam vontade Mas tô aqui pra provar",Luan Santana,2013,22,https://www.letras.mus.br/luan-santana/garotas-nao-merecem-chorar/,-1
116,Garotas Não Merecem Chorar,musica116,musica116_trecho3,"Eu não te deixaria por uma aventura à toa (oh) E nem te trocaria por qualquer outra pessoa (oh) Só pra matar a vontade, o crime não compensa Garotas inocentes não merecem chorar (oh) Por garotos que não têm a verdade no olhar (oh) Escolhi ser diferente, amor Só pra te amar (Oh, oh)",Luan Santana,2013,54,https://www.letras.mus.br/luan-santana/garotas-nao-merecem-chorar/,-1
116,Garotas Não Merecem Chorar,musica116,musica116_trecho6,"Eu não te deixaria por uma aventura à toa (oh) E nem te trocaria por qualquer outra pessoa (oh) Só pra matar a vontade, o crime não compensa Garotas inocentes não merecem chorar (oh) Por garotos que não têm a verdade no olhar (oh) Escolhi ser diferente, amor",Luan Santana,2013,48,https://www.letras.mus.br/luan-santana/garotas-nao-merecem-chorar/,-1
116,Garotas Não Merecem Chorar,musica116,musica116_trecho7,"Eu não te deixaria por uma aventura à toa (oh) E nem te trocaria por qualquer outra pessoa (oh) O crime não compensa Garotas inocentes não merecem chorar (oh) Por garotos que não têm a verdade no olhar (oh) Escolhi ser diferente, amor Só pra te amar",Luan Santana,2013,47,https://www.letras.mus.br/luan-santana/garotas-nao-merecem-chorar/,-1
1153,Gatinha Assanhada,musica1153,musica1153_trecho1,"Gatinha assanhada, cê tá querendo o quê? Eu quero mexer, eu quero mexer",Gusttavo Lima,2012,13,https://www.letras.mus.br/gusttavo-lima/gatinha-assanhada/,-1
1153,Gatinha Assanhada,musica1153,musica1153_trecho2,"DJ aumenta o som e bota pra fritar Que ela já tá louca, louca pra dançar DJ aumenta o som e deixa acontecer Tô curtindo parado, vendo ela mexer",Gusttavo Lima,2012,29,https://www.letras.mus.br/gusttavo-lima/gatinha-assanhada/,-1
1153,Gatinha Assanhada,musica1153,musica1153_trecho3,"E tá perdendo a linha, descendo na balada Com dedinho na boca, ela tá pirada",Gusttavo Lima,2012,15,https://www.letras.mus.br/gusttavo-lima/gatinha-assanhada/,-1
1130,Gaveta,musica1130,musica1130_trecho1,Quando a praia se esquecer do mar E o mar desistir das ondas As ondas vão se acalmar E aos poucos vão deixar a prancha Nesse dia eu vou te esquecer,Fernando e Sorocaba,2014,31,https://www.letras.mus.br/fernando-sorocaba/gaveta/,-1
1130,Gaveta,musica1130,musica1130_trecho2,Quando a prancha esquecer dos pés E os pés não deixarem pegadas Pegadas não serão vestígios De alguém que cruzou nossa estrada Nesse dia eu vou te esquecer,Fernando e Sorocaba,2014,28,https://www.letras.mus.br/fernando-sorocaba/gaveta/,-1
1130,Gaveta,musica1130,musica1130_trecho3,"Tá duvidando, é? Cuidado Que eu te esqueço e você cai do cavalo Tá se achando, é? Aproveita Que um dia eu te esqueço na gaveta Que um dia eu te esqueço na gaveta",Fernando e Sorocaba,2014,34,https://www.letras.mus.br/fernando-sorocaba/gaveta/,-1
1130,Gaveta,musica1130,musica1130_trecho4,Quando a lua se esquecer do sol O sol não der chance pra sombra E a sombra deixar o coqueiro Bem onde a rede balança Nesse dia eu vou te esquecer,Fernando e Sorocaba,2014,31,https://www.letras.mus.br/fernando-sorocaba/gaveta/,-1
1130,Gaveta,musica1130,musica1130_trecho5,Quando a rede se esquecer da bola A bola que o goleiro não alcança O grito esquecer do gol E o gol parar bem na garganta Nesse dia eu vou te esquecer,Fernando e Sorocaba,2014,32,https://www.letras.mus.br/fernando-sorocaba/gaveta/,-1
1130,Gaveta,musica1130,musica1130_trecho7,"Tá duvidando, é? Cuidado Que eu te esqueço e você cai do cavalo Tá se achando, é? Aproveita Que um dia eu te esqueço na gaveta Na gaveta",Fernando e Sorocaba,2014,28,https://www.letras.mus.br/fernando-sorocaba/gaveta/,-1
1130,Gaveta,musica1130,musica1130_trecho8,Quando a praia se esquecer do mar E o mar desistir das ondas,Fernando e Sorocaba,2014,13,https://www.letras.mus.br/fernando-sorocaba/gaveta/,-1
1177,Girassol,musica1177,musica1177_trecho2,Não tô querendo me envolver Mas eu já me envolvi com você Eu tô querendo te falar E você vai me ouvir te dizer,João Bosco & Vinícius,2014,24,https://www.letras.mus.br/joao-bosco-viniciusacustico/girassol/,-1
1177,Girassol,musica1177,musica1177_trecho3,"Que meu sentimento é puro e sincero Que o seu amor é tudo que eu quero Cê fica fazendo charminho E eu tentando com jeitinho, querendo dizer",João Bosco & Vinícius,2014,27,https://www.letras.mus.br/joao-bosco-viniciusacustico/girassol/,-1
1177,Girassol,musica1177,musica1177_trecho4,"Meu coração é como um girassol que fica só Ele não quer me entender, só sabe amar você Meu coração é como um girassol que fica só Corre o risco de enlouquecer, de tanto te querer",João Bosco & Vinícius,2014,36,https://www.letras.mus.br/joao-bosco-viniciusacustico/girassol/,-1
1373,Gordinho Saliente,musica1373,musica1373_trecho4,"Ê, gordinho saliente, que moleque pra frente Desculpe, esse é meu jeito e ninguém vai me mudar Gordinho saliente, que moleque pra frente Eu sou a ferramenta de fazer mulher pirar",Henrique & Juliano,2014,31,https://www.letras.mus.br/henrique-e-juliano/gordinho-saliente/,-1
1373,Gordinho Saliente,musica1373,musica1373_trecho5,"Gordinho saliente, que moleque pra frente Desculpe, esse é meu jeito e ninguém vai me mudar Gordinho saliente, que moleque pra frente Eu sou a ferramenta de fazer mulher pirar",Henrique & Juliano,2014,30,https://www.letras.mus.br/henrique-e-juliano/gordinho-saliente/,-1
503,Gosta de Rua,musica503,musica503_trecho4,Já que cê gosta tanto de rua Pega suas coisas e vaza Hoje cê dorme em qualquer fim de mundo Menos aqui em casa,Felipe e Rodrigo,2024,24,https://www.letras.mus.br/felipe-e-rodrigo/gosta-de-rua/,-1
401,Graveto,musica401,musica401_trecho1,Vou ser sincero com você Acho que pra mim já deu Faz um tempinho que não sou seu Até a cama percebeu Que esfriou demais E o seu toque não traz,Marília Mendonça,2020,31,https://www.letras.mus.br/marilia-mendonca/graveto/,-1
401,Graveto,musica401,musica401_trecho2,"Não adianta pôr graveto Na fogueira que não pega mais Não pega mais, não pega mais",Marília Mendonça,2020,16,https://www.letras.mus.br/marilia-mendonca/graveto/,-1
401,Graveto,musica401,musica401_trecho3,"Você virou saudade aqui dentro de casa Se eu te chamo pro colchão, você foge pra sala E nem se importa mais saber do que eu sinto Poucos metros quadrados, virou um labirinto",Marília Mendonça,2020,33,https://www.letras.mus.br/marilia-mendonca/graveto/,-1
481,Hackearam-Me (part. Tierry),musica481,musica481_trecho1,Joguei as nossas fotos na lixeira Pergunte se depois esvaziei Não tive coragem Tô vendo sempre que me bate saudade,Marília Mendonça,2020,20,https://www.letras.mus.br/marilia-mendonca/hackearam-me-part-tierry/,-1
481,Hackearam-Me (part. Tierry),musica481,musica481_trecho4,"Se acaso, de madrugada Chegar algum: Volta pra mim Hackearam-me, hackearam-me",Marília Mendonça,2020,11,https://www.letras.mus.br/marilia-mendonca/hackearam-me-part-tierry/,-1
481,Hackearam-Me (part. Tierry),musica481,musica481_trecho10,"Se acaso, de madrugada Chegar algum: Volta para mim Hackearam-me, hackearam-me",Marília Mendonça,2020,11,https://www.letras.mus.br/marilia-mendonca/hackearam-me-part-tierry/,-1
1572,Halls Preto,musica1572,musica1572_trecho3,Assim tá bom demais Eu atraso o relógio A gente fica mais,Conrado e Aleksandro,2013,12,https://www.letras.mus.br/conrado-aleksandro/halls-preto/,-1
1572,Halls Preto,musica1572,musica1572_trecho12,"Pra esfriar a cabeça Diz que tem Halls Preto Tem, tem Se quiser tenho também Diz que tem, tem, tem É gostoso, vem que vem Diz que tem, tem E se quiser",Conrado e Aleksandro,2013,32,https://www.letras.mus.br/conrado-aleksandro/halls-preto/,-1
1572,Halls Preto,musica1572,musica1572_trecho13,"Pra esfriar a cabeça Diz que tem Halls Preto Tem, tem Tem, tem, tem, tem Diz que tem, tem, tem É gostoso, vem que vem Diz que tem, tem Se quiser",Conrado e Aleksandro,2013,31,https://www.letras.mus.br/conrado-aleksandro/halls-preto/,-1
121,Haverá Sinais (part. Lauana Prado),musica121,musica121_trecho3,"Cada foto minha que chega pra você Só mostra o que cê pode ver Cê acha mesmo que eu só sei virar noite, virar copo? Mal cê sabe que quem tá virando nada pra mim é você",Jorge & Mateus,2024,37,https://www.letras.mus.br/jorge-mateus/havera-sinais-part-lauana-prado/,-1
121,Haverá Sinais (part. Lauana Prado),musica121,musica121_trecho4,Ninguém vai saber que eu te esqueci Mas haverá sinais Tipo a minha boca por aí Tipo eu não te ligando mais,Jorge & Mateus,2024,22,https://www.letras.mus.br/jorge-mateus/havera-sinais-part-lauana-prado/,-1
1343,Hoje Eu Tô Terrível,musica1343,musica1343_trecho2,"Sei que sou gostoso, pode conferir, meu bem Eu já peguei sua amiga, mas quero você também Tem pra todo mundo, não precisa preocupar Minha casa tá sozinha e hoje não vai prestar",Cristiano Araújo,2014,33,https://www.letras.mus.br/cristiano-araujo/hoje-eu-to-terrivel/,-1
1343,Hoje Eu Tô Terrível,musica1343,musica1343_trecho3,"Pra romance é off, pra balada é disponível Hoje eu tô terrível, hoje eu tô terrível Pra romance é off, pra balada é disponível Hoje eu tô terrível, hoje eu tô terrível",Cristiano Araújo,2014,32,https://www.letras.mus.br/cristiano-araujo/hoje-eu-to-terrivel/,-1
1343,Hoje Eu Tô Terrível,musica1343,musica1343_trecho6,"Pra romance é off, pra balada é disponível Hoje eu tô terrível, hoje eu tô terrível Pra romance é off, pra balada é disponível Hoje eu tô terrível, hoje eu tô terrível Eu tô terrível",Cristiano Araújo,2014,35,https://www.letras.mus.br/cristiano-araujo/hoje-eu-to-terrivel/,-1
1398,Hoje Não (part. Thaeme e Thiago),musica1398,musica1398_trecho1,"Hoje não, sou mais seu Hoje não, me perdeu Hoje não vai rolar Não, não, não, não",Luan Santana,2013,17,https://www.letras.mus.br/luan-santana/hoje-nao/,-1
1398,Hoje Não (part. Thaeme e Thiago),musica1398,musica1398_trecho3,"Hoje não, sou mais seu Hoje não, me perdeu Hoje não vai rolar Hoje não vai me pegar Hoje não, sou mais seu Hoje não, me perdeu Hoje não, vai rolar Não, não, não, não",Luan Santana,2013,35,https://www.letras.mus.br/luan-santana/hoje-nao/,-1
1398,Hoje Não (part. Thaeme e Thiago),musica1398,musica1398_trecho7,"Hoje não, sou mais seu Hoje não, me perdeu Hoje não vai rolar Hoje não vai me pegar Hoje não sou mais seu Hoje não, me perdeu Hoje não vai rolar Não, não, não, não",Luan Santana,2013,35,https://www.letras.mus.br/luan-santana/hoje-nao/,-1
1398,Hoje Não (part. Thaeme e Thiago),musica1398,musica1398_trecho10,"Hoje não sou mais seu Hoje não, me perdeu Hoje não vai rolar Não, não, não, não",Luan Santana,2013,17,https://www.letras.mus.br/luan-santana/hoje-nao/,-1
1482,Hoje Somos Só Metade,musica1482,musica1482_trecho2,A gente falava de amor Que pena que a nossa voz já se calou E a cama que dormimos não tem mais calor Dois estranhos perdidos Tão perto e distantes do amor,Marília Mendonça,2015,32,https://www.letras.mus.br/marilia-mendonca/hoje-somos-so-metade/,-1
1482,Hoje Somos Só Metade,musica1482,musica1482_trecho3,Que pena que a nossa voz já se calou E a cama que dormimos não tem mais calor Dois estranhos perdidos,Marília Mendonça,2015,21,https://www.letras.mus.br/marilia-mendonca/hoje-somos-so-metade/,-1
1482,Hoje Somos Só Metade,musica1482,musica1482_trecho4,"Fomos dois, viramos um Hoje, somos só metade Chegamos em lugar nenhum Hoje, somos só metade",Marília Mendonça,2015,16,https://www.letras.mus.br/marilia-mendonca/hoje-somos-so-metade/,-1
348,Homem de Família,musica348,musica348_trecho1,"Te olhei, você me olhou Agora minha vida acredita Nunca acreditei em amor a primeira vista",Gusttavo Lima,2016,16,https://www.letras.mus.br/gusttavo-lima/homem-de-familia/,-1
348,Homem de Família,musica348,musica348_trecho3,"E quem me viu, se visse hoje não acreditaria Que o cachaceiro virou homem de família Troquei a noite pelo dia",Gusttavo Lima,2016,21,https://www.letras.mus.br/gusttavo-lima/homem-de-familia/,-1
348,Homem de Família,musica348,musica348_trecho4,"E quem me viu, se visse hoje não acreditaria Troquei o bar, agora é só sorveteria Só eu e ela quem diria Que o cachaceiro virou homem de família",Gusttavo Lima,2016,29,https://www.letras.mus.br/gusttavo-lima/homem-de-familia/,-1
348,Homem de Família,musica348,musica348_trecho7,"E quem me viu, se visse hoje não acreditaria Deixei o bar, agora é só sorveteria Só eu e ela quem diria Que o cachaceiro virou homem de família",Gusttavo Lima,2016,29,https://www.letras.mus.br/gusttavo-lima/homem-de-familia/,-1
348,Homem de Família,musica348,musica348_trecho8,"Acreditaria, que o cachaceiro virou homem de família Troquei a noite pelo dia",Gusttavo Lima,2016,13,https://www.letras.mus.br/gusttavo-lima/homem-de-familia/,-1
348,Homem de Família,musica348,musica348_trecho10,"Só eu e ela quem diria Que o cachaceiro virou homem de família, de família",Gusttavo Lima,2016,15,https://www.letras.mus.br/gusttavo-lima/homem-de-familia/,-1
1118,Humilde Residência,musica1118,musica1118_trecho4,"Agora tá mudada, se formou na faculdade No meu cursinho eu não cheguei nem na metade Você tá muito diferente Eu vou atrás, você na frente Tô louco pra te pegar",Michel Teló,2011,31,https://www.letras.mus.br/michel-telo/1993728/,-1
1121,I Love You,musica1121,musica1121_trecho2,"Olha só o que o amor é capaz de fazer Em várias línguas vou me declarar para você I love you, te quiero, te amo, te espero Please, por favor, merci beaucoup Me ame como eu amo tu!",Marcos & Belutti,2012,38,https://www.letras.mus.br/marcos-belutti/i-love-you/,-1
1121,I Love You,musica1121,musica1121_trecho5,"Mas olha só o que o amor é capaz de fazer Em várias línguas vou me declarar só pra você I love you, te quiero, te amo, te espero Please, por favor, merci beaucoup Me ame como eu amo tu!",Marcos & Belutti,2012,40,https://www.letras.mus.br/marcos-belutti/i-love-you/,-1
1409,Idas e Voltas,musica1409,musica1409_trecho1,"Se eu não te fizer chorar Se eu não te fizer sofrer Fica comigo essa noite o tempo que quiser Enquanto se sentir bem Adoro quando você fica, fica, fica E vai ficando Me desacostumando a ficar sem",Jorge & Mateus,2015,38,https://www.letras.mus.br/jorge-mateus/idas-e-voltas/,-1
1409,Idas e Voltas,musica1409,musica1409_trecho5,"E adoro quando você fica, fica, fica E vai ficando Desacostumando a ficar sem",Jorge & Mateus,2015,14,https://www.letras.mus.br/jorge-mateus/idas-e-voltas/,-1
278,ILHA,musica278,musica278_trecho3,"Vou transformar decepção em novo começo O passado é um erro, o presente é só acerto O amor eu te prometo",Luan Santana,2025,21,https://www.letras.mus.br/luan-santana/ilha/,-1
278,ILHA,musica278,musica278_trecho4,"Também vou procurar outro amor em outro planeta Guardo seu ciúme em qualquer gaveta Primeiro a gente peita, depois a gente aceita Que amores vem, amores vão Cê vai pro céu, volta pro chão",Luan Santana,2025,34,https://www.letras.mus.br/luan-santana/ilha/,-1
278,ILHA,musica278,musica278_trecho5,"E quando tá pra se afogar no mar da vida Vem alguém, vem alguém E se torna ilha",Luan Santana,2025,18,https://www.letras.mus.br/luan-santana/ilha/,-1
278,ILHA,musica278,musica278_trecho9,"E quando tá pra se afogar no mar da vida Vem alguém, vem alguém",Luan Santana,2025,14,https://www.letras.mus.br/luan-santana/ilha/,-1
211,Ilusão De Ótica (part. Ana Castela),musica211,musica211_trecho9,Não era só drama Eu não tenho as manha de ficar sem você,Matheus & Kauan,2025,13,https://www.letras.mus.br/matheus-kauan/ilusao-de-otica-part-ana-castela/,-1
211,Ilusão De Ótica (part. Ana Castela),musica211,musica211_trecho10,Eu não tenho as manha de ficar sem você,Matheus & Kauan,2025,9,https://www.letras.mus.br/matheus-kauan/ilusao-de-otica-part-ana-castela/,-1
870,Impasse (part. Henrique & Juliano),musica870,musica870_trecho1,"Eu só queria entender seus pensamentos E o que realmente tá rolando E o que te faz fugir de mim Te juro, estou tentando ler seus olhos Mas percebo que disfarça E não consegue me encarar",Marília Mendonça,2015,36,https://www.letras.mus.br/marilia-mendonca/impasse/,-1
303,Impressionando Os Anjos,musica303,musica303_trecho1,"Hoje foi tudo bem, só um pouco cansativo Dia duro no trabalho que acabou comigo Tô aqui com os pés pra cima pronto pra dormir",Gustavo Mioto,2017,25,https://www.letras.mus.br/gustavo-mioto/impressionando-os-anjos/,-1
303,Impressionando Os Anjos,musica303,musica303_trecho4,"Ah, falando nisso, terminei o livro que você pediu pra eu ler E só na página 70, entendi você Naquela parte onde diz que o amor é fogo que arde sem se ver",Gustavo Mioto,2017,33,https://www.letras.mus.br/gustavo-mioto/impressionando-os-anjos/,-1
303,Impressionando Os Anjos,musica303,musica303_trecho8,"Falando nisso, terminei o livro que você pediu pra eu ler E só na página 70, entendi você Naquela parte onde diz que o amor é fogo que arde sem se ver",Gustavo Mioto,2017,32,https://www.letras.mus.br/gustavo-mioto/impressionando-os-anjos/,-1
505,Incondicional,musica505,musica505_trecho1,"Eu vou pedir ao Sol pra iluminar nosso caminho E todas as estrelas pra enfeitar nosso destino Me leve onde for, segure a minha mão Pois sei que você vai ser a minha direção",Luan Santana,2012,34,https://www.letras.mus.br/luan-santana/incondicional/,-1
505,Incondicional,musica505,musica505_trecho7,"Em minhas digitais já tem um pouco de você Eu sigo os seus sinais, assim nunca vou te perder É incondicional, você tem a forma exata pra me prender Em você",Luan Santana,2012,31,https://www.letras.mus.br/luan-santana/incondicional/,-1
706,Inesperado,musica706,musica706_trecho1,Entrei pra ver se dava pé nesse amor Mergulhei Que atire a primeira pedra quem não se entregou Como eu me entreguei,Jorge & Mateus,2018,22,https://www.letras.mus.br/jorge-mateus/inesperado/,-1
706,Inesperado,musica706,musica706_trecho2,"Se jogar de primeira e fazer besteira Entrar de cabeça, sem nada a perder É tão bom quando a gente encontra a metade da gente Assim, de repente O inesperado aconteceu",Jorge & Mateus,2018,31,https://www.letras.mus.br/jorge-mateus/inesperado/,-1
895,Infarto,musica895,musica895_trecho2,Eu tenho uma doença Que tem um metro e sessenta E acabou de entrar ali naquela porta Fecha a conta Tá aumentando os sintomas,Diego e Victor Hugo,2018,24,https://www.letras.mus.br/diego-victor-hugo/infarto/,-1
895,Infarto,musica895,musica895_trecho3,"E o peito tá doendo Tomara que seja infarto Se for amor, eu tô ferrado Aí vai ser pior o estrago",Diego e Victor Hugo,2018,21,https://www.letras.mus.br/diego-victor-hugo/infarto/,-1
18,Infiel,musica18,musica18_trecho3,"Com certeza ele vai atrás, mas com outra intenção Tá sem casa, sem rumo e você é a única opção E agora, será que aguenta a barra sozinha? Se sabia de tudo, se vira, a culpa não é minha",Marília Mendonça,2015,39,https://www.letras.mus.br/marilia-mendonca/infiel/,-1
18,Infiel,musica18,musica18_trecho5,"Iê-ê-ê, infiel Eu quero ver você morar num motel Estou te expulsando do meu coração Assuma as consequências dessa traição",Marília Mendonça,2015,20,https://www.letras.mus.br/marilia-mendonca/infiel/,-1
18,Infiel,musica18,musica18_trecho6,"Iê, iê, iê, infiel Agora ela vai fazer o meu papel Daqui um tempo você vai se acostumar E aí vai ser a ela a quem vai enganar Você não vai mudar",Marília Mendonça,2015,32,https://www.letras.mus.br/marilia-mendonca/infiel/,-1
18,Infiel,musica18,musica18_trecho10,"Iê-ê-ê, infiel Agora ela vai fazer o meu papel Daqui um tempo você vai se acostumar E aí vai ser a ela a quem vai enganar Você não vai mudar",Marília Mendonça,2015,30,https://www.letras.mus.br/marilia-mendonca/infiel/,-1
527,Instinto Animal,musica527,musica527_trecho1,"Dizem que o homem tem instinto animal Só sei dizer que o homem que ama uma mulher Não cai, não trai o seu amor Fica frágil, bobo, e de caçador é caça É assim que eu sou",Zé Henrique & Gabriel,2005,37,https://www.letras.mus.br/ze-henrique-gabriel/172965/,-1
527,Instinto Animal,musica527,musica527_trecho2,Um homem pra ser homem Não precisa provar que é homem conquistando um harém Mas precisa várias vezes conquistar o amor da mulher que tem Sonhar teus sonhos,Zé Henrique & Gabriel,2005,28,https://www.letras.mus.br/ze-henrique-gabriel/172965/,-1
527,Instinto Animal,musica527,musica527_trecho3,"Tem que ter o dom de apaixonar Não ter vergonha de falar que é louco por ela Quando uma mulher te ama, ama pra valer Não duvide dela",Zé Henrique & Gabriel,2005,28,https://www.letras.mus.br/ze-henrique-gabriel/172965/,-1
527,Instinto Animal,musica527,musica527_trecho5,Não tem segredos no amor Não tem mistério a paixão De uma costela foi gerado um ser original Pra ela dou a vida e sei que tenho só por ela Esse instinto animal,Zé Henrique & Gabriel,2005,33,https://www.letras.mus.br/ze-henrique-gabriel/172965/,-1
527,Instinto Animal,musica527,musica527_trecho6,Homem pra ser homem Não precisa provar que é homem conquistando um harém Mas precisa várias vezes conquistar o amor da mulher que tem Sonhar teus sonhos,Zé Henrique & Gabriel,2005,27,https://www.letras.mus.br/ze-henrique-gabriel/172965/,-1
527,Instinto Animal,musica527,musica527_trecho10,Pra ela dou a vida e sei que tenho só por ela Esse instinto animal,Zé Henrique & Gabriel,2005,15,https://www.letras.mus.br/ze-henrique-gabriel/172965/,-1
556,Intenção (part. Gaab),musica556,musica556_trecho1,Desculpa o meu tom de voz É que não estamos a sós Tô falando baixinho pra ninguém sacar minha intenção,Marília Mendonça,2019,20,https://www.letras.mus.br/marilia-mendonca/intencao-part-gaab/,-1
556,Intenção (part. Gaab),musica556,musica556_trecho6,"Fala baixinho, vamo pra minha suíte, vixe Altos fetiche, ah, imagina a gente no 220 Tomando um vinho Hoje você vai ser a minha taça Pode ficar em paz, amor, relaxa Que hoje você tá aqui em casa",Marília Mendonça,2019,38,https://www.letras.mus.br/marilia-mendonca/intencao-part-gaab/,-1
556,Intenção (part. Gaab),musica556,musica556_trecho11,"Fala baixinho, vamo pra minha suíte, vixe Altos fetiche, já imagina a gente ligado no 220 Tomando um vinho Hoje você, amor, vai ser a minha taça Pode ficar em paz e relaxa, meu amor Você está aqui em casa",Marília Mendonça,2019,40,https://www.letras.mus.br/marilia-mendonca/intencao-part-gaab/,-1
1251,Invasões,musica1251,musica1251_trecho3,Eu não tenho forças pra evitar as invasões Foi forte o que houve entre nós dois Eu já não posso mais escutar certas canções Que lembranças da gente vem depois,Jorge & Mateus,2012,30,https://www.letras.mus.br/jorge-mateus/invasoes/,-1
602,Inventor Dos Amores,musica602,musica602_trecho1,Eu já não sei mais o que faço com meu coração Eu não tenho mais o controle da situação Todo caminho que eu sigo me leva a você,Gusttavo Lima,2010,28,https://www.letras.mus.br/gusttavo-lima/1700642/,-1
602,Inventor Dos Amores,musica602,musica602_trecho3,"E se eu me entregar, será que vai rolar? Sou um doente apaixonado e ela tem razão Se for pra ser assim, eu vou cuidar de mim Eu penso em desistir e ela diz que não",Gusttavo Lima,2010,36,https://www.letras.mus.br/gusttavo-lima/1700642/,-1
602,Inventor Dos Amores,musica602,musica602_trecho4,"Meu coração apaixonado, atormentado em dores Procura entre os outros, o inventor dos amores Espero que essa paixão nunca me deixe mal Eu quero te amar e também quero ser amado Desejo ser o seu amor e não o seu escravo Espero que essa paixão não tenha ponto final Senão adeus, tchau, tchau!",Gusttavo Lima,2010,53,https://www.letras.mus.br/gusttavo-lima/1700642/,-1
602,Inventor Dos Amores,musica602,musica602_trecho7,"Meu coração apaixonado atormentado em dores Procura entre os outros, o inventor dos amores Espero que essa paixão nunca me deixe mal Eu quero te amar e quero também ser amado Desejo ser o seu amor e não o seu escravo Espero que essa paixão não tenha ponto final Senão adeus, tchau, tchau!",Gusttavo Lima,2010,53,https://www.letras.mus.br/gusttavo-lima/1700642/,-1
1250,Irracional,musica1250,musica1250_trecho2,"Basta um cheiro ou apenas um sorriso Pra eu perder meu ar e o juízo Seu domínio em mim é fatal Eu me sinto tão irracional Mas não tem jeito é assim Nunca vai mudar, vou me declarar",Marcos & Belutti,2014,38,https://www.letras.mus.br/marcos-belutti/irracional/,-1
1250,Irracional,musica1250,musica1250_trecho3,"Com rosas Perfume, uma declaração Com beijos Canções de amor, um violão Quer saber por que, eu amo você Quero sempre te surpreender",Marcos & Belutti,2014,23,https://www.letras.mus.br/marcos-belutti/irracional/,-1
1250,Irracional,musica1250,musica1250_trecho4,"Com rosas Perfume, uma declaração Com beijos Canções de amor, um violão Quer saber por que, eu amo você Quero sempre te surpreender Ooooo Ooooo Ooooooou",Marcos & Belutti,2014,26,https://www.letras.mus.br/marcos-belutti/irracional/,-1
1250,Irracional,musica1250,musica1250_trecho7,"Com rosas Com beijos Canções de amor, um violão Quer saber por que, eu amo você Quero sempre te surpreender",Marcos & Belutti,2014,20,https://www.letras.mus.br/marcos-belutti/irracional/,-1
1110,Já Não Sei Mais Nada (Yo No Se Mañana),musica1110,musica1110_trecho5,Seu café derrama no sofá Distraída não sabe o que faz Não consegue ver que acabou Não quer desistir mais deste amor Mas tudo que vê é o que sou Não me peça mais do que eu te dou Não!,Bruno & Marrone,2011,40,https://www.letras.mus.br/bruno-e-marrone/1958200/,-1
1110,Já Não Sei Mais Nada (Yo No Se Mañana),musica1110,musica1110_trecho7,Essa vida é como um livro Cada página é um dia vivido Que não podemos escrever e apagar Essa noite eu preciso Eu preciso tanto te beijar!,Bruno & Marrone,2011,27,https://www.letras.mus.br/bruno-e-marrone/1958200/,-1
1000,Jet em Balneário (part. MC PH),musica1000,musica1000_trecho3,"Vento batendo Solzão na cara, no movimento Jet na água Toma que toma, que toma Na beira da praia Toma que toma, que toma Toma, vai não para",Ana Castela,2024,28,https://www.letras.mus.br/ana-castela/jet-em-balneario-part-mc-ph/,-1
397,Jogado Na Rua,musica397,musica397_trecho2,"Me deixou assim Sombra na escuridão Arrancou de mim a paz O sorriso e a razão Uôu, uôu, uôu, uôu, ai",Guilherme & Santiago,2014,21,https://www.letras.mus.br/guilherme-e-santiago/jogado-na-rua/,-1
1192,Jogo do Amor,musica1192,musica1192_trecho2,"Mas o jogo do amor é mais difícil que pensei Você é tudo o que eu sempre sonhei Olha pra mim Linda, deusa, fada Nuvem de amor, pura magia Quero você meu sol Minha luz, a minha alegria Com você sinto de volta a minha paz Ninguém me faz tão feliz como você me faz",Luan Santana,2008,55,https://www.letras.mus.br/luan-santana/1155512/,-1
1192,Jogo do Amor,musica1192,musica1192_trecho3,"Mas o jogo do amor é mais difícil que pensei Você é tudo o que eu sempre sonhei Olha pra mim Linda, deusa, fada Nuvem de amor pura magia Quero você meu sol Minha luz, a minha alegria Com você sinto de volta a minha paz Ninguém me faz tão feliz como você me faz",Luan Santana,2008,55,https://www.letras.mus.br/luan-santana/1155512/,-1
560,José Ou Maria,musica560,musica560_trecho2,"Os sintomas já começaram aparecer Tontura, enjoo, estresse E, sem perceber A barriguinha, de longe, já dá pra ver Tá cada vez mais linda Junto com você",Zé Felipe,2020,27,https://www.letras.mus.br/ze-felipe/jose-ou-maria/,-1
560,José Ou Maria,musica560,musica560_trecho3,"Prepara, que seu corpo vai se modificar Por dois agora vai ter que se alimentar Acordar na madruga vai virar rotina Apenas uma fase, um ciclo da vida",Zé Felipe,2020,28,https://www.letras.mus.br/ze-felipe/jose-ou-maria/,-1
560,José Ou Maria,musica560,musica560_trecho4,"Eu não vou sair do seu lado, não Dentro de você bate mais que um coração E a pergunta que não quer calar Carrinho ou boneca? José ou Maria?",Zé Felipe,2020,29,https://www.letras.mus.br/ze-felipe/jose-ou-maria/,-1
560,José Ou Maria,musica560,musica560_trecho5,"Eu não vou sair do seu lado, não Dentro de você bate mais que um coração E a pergunta que não quer calar Carrinho ou boneca? José ou Maria? Menino ou menina?",Zé Felipe,2020,32,https://www.letras.mus.br/ze-felipe/jose-ou-maria/,-1
1600,Juliana,musica1600,musica1600_trecho2,Me abrace Não vá embora Eu te quero toda hora Oh Juliana Me dê a mão Me segure Que seja eterno enquanto dure amor Oh Juliana Oh Juliana,Fernando e Sorocaba,2008,28,https://www.letras.mus.br/fernando-sorocaba/1132810/,-1
1600,Juliana,musica1600,musica1600_trecho4,Me abrace Não vá embora Eu te quero toda hora Oh Juliana Me dê a mão Me segure Que seja eterno enquanto dure amor Oh Juliana aa Oh Juliana,Fernando e Sorocaba,2008,29,https://www.letras.mus.br/fernando-sorocaba/1132810/,-1
906,Juras de Amor,musica906,musica906_trecho2,São lembranças e momentos tão marcantes Tão difíceis de apagar Coisas simples e não menos importantes Como posso não lembrar,Bruno & Marrone,2011,20,https://www.letras.mus.br/bruno-e-marrone/1955761/,-1
906,Juras de Amor,musica906,musica906_trecho4,Não quero lembrar Que tudo acabou Só quero lembrar Dos momentos de amor,Bruno & Marrone,2011,13,https://www.letras.mus.br/bruno-e-marrone/1955761/,-1
1422,Lágrimas,musica1422,musica1422_trecho1,"Tantos planos, tantos sonhos Tantos erros, era cedo",Victor & Leo,2011,8,https://www.letras.mus.br/victor-leo/1979152/,-1
1422,Lágrimas,musica1422,musica1422_trecho3,Não procure lágrimas no meu olhar Eu não vou perguntar o que aconteceu Seus olhos dizem tudo que eu preciso ouvir Mas não vejo em você o que está em mim (em mim),Victor & Leo,2011,33,https://www.letras.mus.br/victor-leo/1979152/,-1
1307,Larga de Bobeira,musica1307,musica1307_trecho2,Chega de me controlar aceite como eu sou Chega de falar que eu tenho outro amor Te quero só pra mim,Michel Teló,2010,21,https://www.letras.mus.br/michel-telo/1525685/,-1
1307,Larga de Bobeira,musica1307,musica1307_trecho5,Será que não percebe o quanto que eu te quero Cansei dessa ilusão faz tempo que eu te espero Eu já tentei mas não consigo te esquecer,Michel Teló,2010,27,https://www.letras.mus.br/michel-telo/1525685/,-1
1082,Lê Lê Lê,musica1082,musica1082_trecho2,Você no camarote E eu rodado no pedaço Caçando um jeitinho De invadir o seu espaço,João Neto e Frederico,2012,16,https://www.letras.mus.br/joao-neto-frederico/1972478/,-1
34,Leão,musica34,musica34_trecho2,Que o Sol da manhã te dissolva Seu vampiro de filmes pastelão Mas quem vai nos julgar? Sou seu despenteado leão,Marília Mendonça,2023,21,https://www.letras.mus.br/marilia-mendonca/leao/,-1
34,Leão,musica34,musica34_trecho4,"Sua linda, tão louca Minha Mona Lisa, tira a minha roupa Me fascina, me assassina, me beija na boca Minha mulher, menina, me ensina a ser vida louca Teu olho piscina me afoga e faz boca a boca Renova minha rima, vem de garfo que hoje é sopa, menina",Marília Mendonça,2023,49,https://www.letras.mus.br/marilia-mendonca/leao/,-1
34,Leão,musica34,musica34_trecho7,"Sou fato ou hipótese Sou rei, cigano ou nômade Desculpe esse meu jeito soberano Mas hoje é por você que eu canto É por você que eu canto",Marília Mendonça,2023,28,https://www.letras.mus.br/marilia-mendonca/leao/,-1
1128,Lei do Desapego,musica1128,musica1128_trecho8,Que tô feliz Sem você do meu lado Hoje eu tô livre Leve e desapegado,Thiago Brava,2012,15,https://www.letras.mus.br/thiago-brava/lei-do-desapego/,-1
1128,Lei do Desapego,musica1128,musica1128_trecho15,Que tô feliz Sem você do meu lado Hoje eu tô livre Leve,Thiago Brava,2012,13,https://www.letras.mus.br/thiago-brava/lei-do-desapego/,-1
177,Leilão,musica177,musica177_trecho2,Quero a minha liberdade Posso até sentir saudades Sei que custa dominar o coração Mas meu amor não dá mais Pra você tanto faz Eu me entrego Eu já fui,César Menotti & Fabiano,2005,30,https://www.letras.mus.br/cesar-menotti-e-fabiano/839008/,-1
177,Leilão,musica177,musica177_trecho4,Eu vou fazer um leilão Quem dá mais pelo meu coração Me ajude voltar a viver Eu prefiro que seja você,César Menotti & Fabiano,2005,21,https://www.letras.mus.br/cesar-menotti-e-fabiano/839008/,-1
177,Leilão,musica177,musica177_trecho5,Eu vou fazer um leilão Quem dá mais pelo meu coração Me ajude voltar a viver Estou aqui tão perto Me arremate pra você,César Menotti & Fabiano,2005,24,https://www.letras.mus.br/cesar-menotti-e-fabiano/839008/,-1
383,Lembrança Boa,musica383,musica383_trecho2,"Me fala que não vai Passar a noite só sorrindo Me tira daqui Me leva pro seu paraíso Não quero voltar Pra casa imaginando o que poderia rolar Com você, quero fazer agora",Henrique & Juliano,2018,33,https://www.letras.mus.br/henrique-e-juliano/lembranca-boa/,-1
383,Lembrança Boa,musica383,musica383_trecho3,Vai que vira uma lembrança boa Vai que vira uma lembrança boa,Henrique & Juliano,2018,12,https://www.letras.mus.br/henrique-e-juliano/lembranca-boa/,-1
383,Lembrança Boa,musica383,musica383_trecho5,"Me fala que não vai Passar a noite só sorrindo Me tira daqui Me leva pro seu paraíso Não quero voltar Pra casa imaginando o que poderia rolar Com você, quero fazer (quero fazer)",Henrique & Juliano,2018,34,https://www.letras.mus.br/henrique-e-juliano/lembranca-boa/,-1
271,Lembranças de Amor,musica271,musica271_trecho1,"Veja só Sei que palavras não consertam nada, mas eu acho que é melhor A gente conversar",Victor & Leo,2007,17,https://www.letras.mus.br/victor-leo/797041/,-1
271,Lembranças de Amor,musica271,musica271_trecho3,Eu já sofri demais Mas longe de você Sofrerei bem mais,Victor & Leo,2007,11,https://www.letras.mus.br/victor-leo/797041/,-1
271,Lembranças de Amor,musica271,musica271_trecho4,"Preciso te dizer o que acontece com meu sentimento Chego em casa, não te vejo, o meu desejo é te ligar correndo E pouco a pouco, a solidão e o silêncio me abraçam Minha alegria passou, só as lembranças de amor, não passam",Victor & Leo,2007,43,https://www.letras.mus.br/victor-leo/797041/,-1
551,LENÇOL DE SEDA (part. Lauana Prado),musica551,musica551_trecho4,"Senhoras e senhores Com vocês: LP e LP Lauana Prado (e aí, Luan Pereira? E aí, Maringá?)",Luan Pereira,2025,17,https://www.letras.mus.br/luan-pereira/lencol-de-seda-part-lauana-prado/,-1
263,Liberdade Provisória,musica263,musica263_trecho5,E eu implorei pra você voltar E ela me matou na unha Disse que eu tava solteiro Eu tava solteiro porra nenhuma,Henrique & Juliano,2020,22,https://www.letras.mus.br/henrique-e-juliano/liberdade-provisoria/,-1
263,Liberdade Provisória,musica263,musica263_trecho6,Implorei pra voltar Não me manda embora Sou preso na sua vida Era só liberdade provisória,Henrique & Juliano,2020,16,https://www.letras.mus.br/henrique-e-juliano/liberdade-provisoria/,-1
263,Liberdade Provisória,musica263,musica263_trecho10,E eu implorei pra voltar E ela me matou na unha Disse que eu tava solteiro Eu tava solteiro porra nenhuma,Henrique & Juliano,2020,21,https://www.letras.mus.br/henrique-e-juliano/liberdade-provisoria/,-1
263,Liberdade Provisória,musica263,musica263_trecho13,Eu implorei pra voltar E ela me matou na unha Disse que eu tava solteiro Eu tava solteiro porra nenhuma,Henrique & Juliano,2020,20,https://www.letras.mus.br/henrique-e-juliano/liberdade-provisoria/,-1
263,Liberdade Provisória,musica263,musica263_trecho14,Eu implorei pra voltar Não me manda embora Sou preso na sua vida Era só liberdade provisória,Henrique & Juliano,2020,17,https://www.letras.mus.br/henrique-e-juliano/liberdade-provisoria/,-1
1533,Litrão,musica1533,musica1533_trecho2,"Eu tenho certeza, vai ser de primeira Se a gente ficar, é menos uma solteira nesse mundo E menos um vagabundo!",Matheus & Kauan,2020,21,https://www.letras.mus.br/matheus-kauan/litrao/,-1
1533,Litrão,musica1533,musica1533_trecho3,"Você decide, a minha boca ou a do litrão Cê quer dançar comigo ou descer até o chão, sozinha? Você quer ser da bagaceira ou quer ser minha?",Matheus & Kauan,2020,28,https://www.letras.mus.br/matheus-kauan/litrao/,-1
1533,Litrão,musica1533,musica1533_trecho5,Tá na sua mão Vai escolher amanhecer na farra Ou no meu colchão?,Matheus & Kauan,2020,13,https://www.letras.mus.br/matheus-kauan/litrao/,-1
1533,Litrão,musica1533,musica1533_trecho10,Tá na sua mão Vai escolher amanhecer na farra Ou no meu colchão? Vai escolher amanhecer na farra Ou no meu colchão?,Matheus & Kauan,2020,22,https://www.letras.mus.br/matheus-kauan/litrao/,-1
1388,Livre,musica1388,musica1388_trecho1,"Vamos girar, girar Até o dia clarear A vida é muito curta Não vou parar",Fernando e Sorocaba,2013,15,https://www.letras.mus.br/fernando-sorocaba/livre/,-1
1388,Livre,musica1388,musica1388_trecho6,"Livre, é o meu jeito de amar Eu quero ser a sua liberdade Seu segredo mais selvagem Quem te faz sonhar",Fernando e Sorocaba,2013,21,https://www.letras.mus.br/fernando-sorocaba/livre/,-1
1388,Livre,musica1388,musica1388_trecho7,"Vamos girar, girar Abra as asas pra voar Não existem limites Vem se entregar",Fernando e Sorocaba,2013,14,https://www.letras.mus.br/fernando-sorocaba/livre/,-1
591,Locutor,musica591,musica591_trecho1,"Tô no celular Falando de um bar Bebi todas pra poder ligar Perdi um grande amor Não sei o que fazer Amigo locutor, liguei pra te dizer Manda um recado e um beijo meu Sei que ela não perde um programa seu Mas não abre a porta nem atende o celular Então só tem um jeito dela me escutar",Léo Magalhães,2014,59,https://www.letras.mus.br/leo-magalhaes/1069047/,-1
484,Logo Eu,musica484,musica484_trecho1,Eu te vi e já te quis Me vi tão feliz Um amor que pra mim era sonho Surpreendente provar Do que eu só ouvi falar E você resolveu me mostrar,Jorge & Mateus,2015,31,https://www.letras.mus.br/jorge-mateus/logo-eu/,-1
484,Logo Eu,musica484,musica484_trecho3,Te vi e já te quis Me vi tão feliz Um amor que pra mim era sonho Surpreendente provar Do que eu só ouvi falar E você resolveu me mostrar,Jorge & Mateus,2015,30,https://www.letras.mus.br/jorge-mateus/logo-eu/,-1
51,Logo Logo,musica51,musica51_trecho2,"Se for verdade, eu acertei bonito Se for mentira, eu tô errando feio Porque eu já tô acelerando na suave e tá faltando quase nada Pra eu perder de vez meu freio",Henrique & Juliano,2025,32,https://www.letras.mus.br/henrique-e-juliano/logo-logo/,-1
51,Logo Logo,musica51,musica51_trecho3,"Se eu fugir agora Eu não vou saber o final dessa história E conviver com a dúvida é foda Então, se arruma pra me iludir ou não Se for além desse tesão, vou descobrir na hora Ah, ah, ah, ah",Henrique & Juliano,2025,40,https://www.letras.mus.br/henrique-e-juliano/logo-logo/,-1
51,Logo Logo,musica51,musica51_trecho4,"Se amanhã vou chorar? Aposto Mas que hoje eu vou suar, certeza Se der certo, eu compro as aliança Se der errado Compro uns remédio pra dor de cabeça Se for pra errar, então que eu erre logo Que logo, logo outra pessoa chega Se der certo, eu compro as aliança Se der errado Compro uns remédio pra dor de cabeça, ai, ai, ai, ai",Henrique & Juliano,2025,65,https://www.letras.mus.br/henrique-e-juliano/logo-logo/,-1
51,Logo Logo,musica51,musica51_trecho5,"Se der certo, eu compro as aliança Se der errado Compro uns remédio pra dor de cabeça",Henrique & Juliano,2025,17,https://www.letras.mus.br/henrique-e-juliano/logo-logo/,-1
51,Logo Logo,musica51,musica51_trecho7,"Se amanhã vou chorar? Aposto Mas que hoje eu vou suar, certeza Se der certo, eu compro as aliança Se der errado Compro uns remédio pra dor de cabeça Se for pra errar, então que eu erre logo Que logo, logo outra pessoa chega Se der certo, eu compro as aliança E se der errado Compro uns remédio pra dor de cabeça, ai, ai, ai, ai",Henrique & Juliano,2025,66,https://www.letras.mus.br/henrique-e-juliano/logo-logo/,-1
977,Loka (part. Anitta),musica977,musica977_trecho8,"Esquece ele e fica louca, louca, louca Agora chora no colo da patroa, louca, louca Esquece ele e fica louca, louca, louca Agora chora no colo da patroa, louca, louca",Simone & Simaria,2017,30,https://www.letras.mus.br/simone-simaria-as-coleguinhas/loka/,-1
1531,Longe Daqui (part. Luan Santana),musica1531,musica1531_trecho3,Eu te levo pra gente se amar Eu te levo pra gente se amar Pra bem longe daqui Agora se preferir Eu te levo pra gente se amar Eu te levo pra gente se amar Pra bem longe,Munhoz & Mariano,2014,38,https://www.letras.mus.br/munhoz-mariano/longe-daqui/,-1
1531,Longe Daqui (part. Luan Santana),musica1531,musica1531_trecho5,Eu te levo pra gente se amar Eu te levo pra gente se amar Pra bem longe,Munhoz & Mariano,2014,17,https://www.letras.mus.br/munhoz-mariano/longe-daqui/,-1
1531,Longe Daqui (part. Luan Santana),musica1531,musica1531_trecho7,Eu te levo pra gente se amar Eu te levo pra gente se amar Pra bem longe daqui Agora se preferir Eu te levo pra gente se amar Eu te levo pra gente se amar Pra bem longe daqui,Munhoz & Mariano,2014,39,https://www.letras.mus.br/munhoz-mariano/longe-daqui/,-1
55,Louca de Saudade,musica55,musica55_trecho1,"Se uma canção me lembrar Troque o CD, não ouça mais Se um perfume me recordar Troque de marca, não use mais",Jorge & Mateus,2016,22,https://www.letras.mus.br/jorge-mateus/louca-de-saudade/,-1
55,Louca de Saudade,musica55,musica55_trecho4,"Se algum lugar me lembrar Troque de rota, não passe lá Se um filme me recordar Troque o canal, é só desligar",Jorge & Mateus,2016,22,https://www.letras.mus.br/jorge-mateus/louca-de-saudade/,-1
55,Louca de Saudade,musica55,musica55_trecho7,Eu quero ver então Se vai poder trocar Eu quero ver então Se vai poder trocar de coração,Jorge & Mateus,2016,18,https://www.letras.mus.br/jorge-mateus/louca-de-saudade/,-1
707,Mágica,musica707,musica707_trecho2,"Quando eu perguntava, me chamava de doido Quando não falava: Ih, vai começar de novo? Ela falou: Acha Achei sem fazer muito esforço",Hugo & Guilherme,2023,23,https://www.letras.mus.br/hugo-guilherme/magica-part-gusttavo-lima/,-1
707,Mágica,musica707,musica707_trecho3,"Não teve grito, nem rolo, nem nada Apertei um pouco, cê entregou ligeiro Já sei o dia, a hora E se não bastasse, até o nome do companheiro Cê plantou isso e vai morrer de fome Faz uma mágica aí pra gente e some",Hugo & Guilherme,2023,44,https://www.letras.mus.br/hugo-guilherme/magica-part-gusttavo-lima/,-1
707,Mágica,musica707,musica707_trecho6,"Não teve grito, nem rolo, nem nada Apertei um pouco, cê entregou ligeiro Já sei o dia, a hora E se não bastasse, até o nome do companheiro Cê plantou isso e vai morrer de fome Faz uma mágica aí pra gente",Hugo & Guilherme,2023,42,https://www.letras.mus.br/hugo-guilherme/magica-part-gusttavo-lima/,-1
1266,Mais Amor e Menos Drama,musica1266,musica1266_trecho2,"Quando eu tento ir devagar, daí cê vem pra cima Basta uma mensagem e olha você virando a esquina Na minha intimidade, você foi entrando Meus pais já te aprovaram e a gente tá só ficando",Henrique & Juliano,2017,36,https://www.letras.mus.br/henrique-e-juliano/mais-amor-e-menos-drama/,-1
1266,Mais Amor e Menos Drama,musica1266,musica1266_trecho3,"Mas antes de te entregar meu coração Eu preciso saber da sua intenção Se é só fogo de palha, qualquer boca apaga Se for por aí, a gente para",Henrique & Juliano,2017,29,https://www.letras.mus.br/henrique-e-juliano/mais-amor-e-menos-drama/,-1
1266,Mais Amor e Menos Drama,musica1266,musica1266_trecho4,"Antes de te entregar meu coração Eu preciso saber da sua intenção Se é só fogo de palha, qualquer boca apaga Se for por aí, a gente para",Henrique & Juliano,2017,28,https://www.letras.mus.br/henrique-e-juliano/mais-amor-e-menos-drama/,-1
1266,Mais Amor e Menos Drama,musica1266,musica1266_trecho6,"E quando eu tento ir devagar, daí cê vem pra cima Basta uma mensagem e olha você virando a esquina Na minha intimidade, você foi entrando Meus pais já te aprovaram e a gente tá só ficando",Henrique & Juliano,2017,37,https://www.letras.mus.br/henrique-e-juliano/mais-amor-e-menos-drama/,-1
1241,Mais Que Pai e Filho,musica1241,musica1241_trecho1,"Pai, tô aqui pra dizer que valeu Olha o quanto o seu filho cresceu Pai, olha seu sonho aqui",Rick & Renner,2008,19,https://www.letras.mus.br/rick-e-renner/1304408/,-1
1241,Mais Que Pai e Filho,musica1241,musica1241_trecho2,"Filho, eu às vezes, nem sei se mereço Mesmo assim, todo dia agradeço A magia de te ver sorrir",Rick & Renner,2008,19,https://www.letras.mus.br/rick-e-renner/1304408/,-1
1241,Mais Que Pai e Filho,musica1241,musica1241_trecho3,"Pai, tô deixando de ser um menino Mas não quero que o meu destino Venha nos distanciar",Rick & Renner,2008,17,https://www.letras.mus.br/rick-e-renner/1304408/,-1
1241,Mais Que Pai e Filho,musica1241,musica1241_trecho4,"Filho, não importa onde o destino vá Saiba que o meu amor de pai Sempre irá te acompanhar",Rick & Renner,2008,18,https://www.letras.mus.br/rick-e-renner/1304408/,-1
1241,Mais Que Pai e Filho,musica1241,musica1241_trecho5,Que bom que Deus fez de nós dois mais do que pai e filho Permitiu que a gente dividisse o brilho do Sol Que pra muitos jamais vai nascer,Rick & Renner,2008,29,https://www.letras.mus.br/rick-e-renner/1304408/,-1
1241,Mais Que Pai e Filho,musica1241,musica1241_trecho6,Que bom que Deus deu para esse filme um lindo final Transformando um sonho em vida real Vida que a gente só tem que viver,Rick & Renner,2008,25,https://www.letras.mus.br/rick-e-renner/1304408/,-1
1241,Mais Que Pai e Filho,musica1241,musica1241_trecho7,"Pai, sua voz hoje é minha voz (o nosso amor) Tem um elo de paz entre nós Que nada poderá romper",Rick & Renner,2008,21,https://www.letras.mus.br/rick-e-renner/1304408/,-1
1241,Mais Que Pai e Filho,musica1241,musica1241_trecho8,"Filho, nesse mundo azul que é tão seu Hoje tem um pai que compreendeu O amor quando te viu nascer",Rick & Renner,2008,20,https://www.letras.mus.br/rick-e-renner/1304408/,-1
1241,Mais Que Pai e Filho,musica1241,musica1241_trecho9,"Pai, você é o meu grande amigo (muito mais que um amigo) Quando você conversa comigo Me sinto seguro e melhor",Rick & Renner,2008,21,https://www.letras.mus.br/rick-e-renner/1304408/,-1
1241,Mais Que Pai e Filho,musica1241,musica1241_trecho10,"Filho, pode apostar na vida com fé Que por Deus todo homem já é Uma luz a brilhar por si só",Rick & Renner,2008,21,https://www.letras.mus.br/rick-e-renner/1304408/,-1
1241,Mais Que Pai e Filho,musica1241,musica1241_trecho12,Que bom que Deus deu pra esse filme um lindo final Transformando um sonho em vida real Vida que a gente só tem que viver,Rick & Renner,2008,25,https://www.letras.mus.br/rick-e-renner/1304408/,-1
1441,Mais Um Ano Juntos,musica1441,musica1441_trecho8,"Tem mais uma coisinha, quase eu me esqueci Um cartãozinho lindo, nele eu escrevi Que o meu maior tesouro é seu amor querida Muito obrigado por você existir na minha vida",Marcos & Belutti,2017,31,https://www.letras.mus.br/marcos-belutti/mais-um-ano-juntos/,-1
1441,Mais Um Ano Juntos,musica1441,musica1441_trecho9,"E quando eu for bem velhinho eu vou contar Essa história pros netinhos na sombra de um pomar Bolo de chocolate, suco de laranja bem fresquinho Meu plano é envelhecer do seu ladinho",Marcos & Belutti,2017,33,https://www.letras.mus.br/marcos-belutti/mais-um-ano-juntos/,-1
292,Mal Feito (part. Marília Mendonça),musica292,musica292_trecho1,"Essa música eu fiz pra você Nem perder seu tempo tentando me convencer Peço paciência, escuta até o fim Vai ficar claro pra você como ficou claro pra mim",Hugo & Guilherme,2022,29,https://www.letras.mus.br/hugo-guilherme/mal-feito-part-marilia-mendonca/,-1
292,Mal Feito (part. Marília Mendonça),musica292,musica292_trecho3,"Você começou a me tratar mal E na hora de fazer amor Sempre diz que não tá bem, não tá legal Lembra quando eu perguntei se tinha outro alguém? Você negou, chegou na parte principal",Hugo & Guilherme,2022,35,https://www.letras.mus.br/hugo-guilherme/mal-feito-part-marilia-mendonca/,-1
252,Mala,musica252,musica252_trecho3,Ouvi falar que vai se mudar daqui E vai levar minha alegria e meu sorriso na tua mala Ouvi falar que vai se mudar daqui E eu não tô bem Será que não cabe eu nessa mala aí também?,Hugo Henrique,2017,39,https://www.letras.mus.br/hugo-henrique/mala/,-1
783,Malú,musica783,musica783_trecho2,"Pedi a conta e saí, na avenida ouvi: Me espere, também vou No agito da noite urbana, sem trauma e sem drama, sua história contou Em silêncio no carro ficamos, quando suas mãos o meu corpo tocou Num abraço, mil beijos trocamos, me levando para o céu azul Com o Sol me aquecendo, acordei, onde mora não sei, o seu nome é Malu",Di Paullo e Paulino,2011,63,https://www.letras.mus.br/di-paulo-e-paulino/malu/,-1
783,Malú,musica783,musica783_trecho3,"Pedi a conta e saí, na avenida ouvi Me espere, também vou! No agito da noite urbana Sem trauma e sem drama, sua história contou",Di Paullo e Paulino,2011,25,https://www.letras.mus.br/di-paulo-e-paulino/malu/,-1
783,Malú,musica783,musica783_trecho4,"Em silêncio no carro ficamos Quando suas mãos o meu corpo tocou Num abraço, mil beijos trocamos Me levando para o céu azul Com o Sol me aquecendo, acordei, onde mora não sei O seu nome é Malu",Di Paullo e Paulino,2011,38,https://www.letras.mus.br/di-paulo-e-paulino/malu/,-1
305,Manda um Oi (part. Simone Mendes),musica305,musica305_trecho2,Mas um detalhe não escapou do seu olho Ela cismou com um contato diferente e disse Fala com ela agora na minha frente,Guilherme & Benuto,2024,23,https://www.letras.mus.br/guilherme-e-benuto/manda-um-oi-part-simone-mendes/,-1
305,Manda um Oi (part. Simone Mendes),musica305,musica305_trecho6,Mas um detalhe não escapou do seu olho Ele cismou com um contato diferente e disse Fala com ele agora na minha frente,Guilherme & Benuto,2024,23,https://www.letras.mus.br/guilherme-e-benuto/manda-um-oi-part-simone-mendes/,-1
576,Marca Evidente,musica576,musica576_trecho1,"Sentimento dividido no tempo perdido buscando te ter Sinto no ar que respiro seu cheiro e prefiro não lembrar você Ficou marca evidente que vive presente no meu coração Por caminho diferente, o amor entre a gente não teve razão",Israel & Rodolffo,2012,40,https://www.letras.mus.br/israel-rodolfo/1793990/,-1
230,Maus Bocados,musica230,musica230_trecho2,"Sei que seu coração gritou por mim Na última moda sertaneja que o DJ tocou Pra piorar era aquela que a gente dançava A saudade bateu e você chorou É, eu sei, tá difícil E se me perguntar Como sei tudo isso",Cristiano Araújo,2013,42,https://www.letras.mus.br/cristiano-araujo/maus-bocados/,-1
230,Maus Bocados,musica230,musica230_trecho4,"Também passei E te liguei bêbado fora de hora Que nem cê tá fazendo agora Ligando a cobrar Chorando, querendo me amar",Cristiano Araújo,2013,22,https://www.letras.mus.br/cristiano-araujo/maus-bocados/,-1
395,Me Ama Ou Me Larga,musica395,musica395_trecho4,"Se você quer que eu fique Me pega, faça, aqui no chão da sala Me entrelaça Até eu pedir água (diga!) (Me ama ou me larga) Se você quer que eu fique Me pega, faça, aqui no chão da sala Me entrelaça Até eu pedir água Me ama ou me larga",Simone Mendes,2025,51,https://www.letras.mus.br/simone-mendes/me-ama-ou-me-larga/,-1
395,Me Ama Ou Me Larga,musica395,musica395_trecho7,"Se você quer que eu fique Me pega, faça, aqui no chão da sala Me entrelaça Até eu pedir água Me ama ou me larga Se você quer que eu fique Me pega, faça, aqui no chão da sala Me entrelaça Até eu pedir água Me ama ou me larga",Simone Mendes,2025,50,https://www.letras.mus.br/simone-mendes/me-ama-ou-me-larga/,-1
380,Me Apaixonei (A Primeira Vez Que Eu Te Vi),musica380,musica380_trecho1,"A primeira vez que eu te vi Pensei até que fosse uma miragem Ao me aproximar, tentei falar Faltou coragem",Eduardo Costa,2006,20,https://www.letras.mus.br/eduardo-costa/502244/,-1
380,Me Apaixonei (A Primeira Vez Que Eu Te Vi),musica380,musica380_trecho2,"A primeira vez que eu te vi Gamei, apaixonei, senti que era amor de verdade A primeira vez que eu te vi Gamei, apaixonei, senti que era amor de verdade",Eduardo Costa,2006,30,https://www.letras.mus.br/eduardo-costa/502244/,-1
380,Me Apaixonei (A Primeira Vez Que Eu Te Vi),musica380,musica380_trecho4,Pensei que nunca mais ia te ver Chorei sem querer E eu sem uma chance pra dizer O quanto estava apaixonado por você,Eduardo Costa,2006,23,https://www.letras.mus.br/eduardo-costa/502244/,-1
380,Me Apaixonei (A Primeira Vez Que Eu Te Vi),musica380,musica380_trecho5,A primeira vez que eu te vi No peito o coração bateu a mil e explodiu Ao me aproximar senti no corpo um arrepio,Eduardo Costa,2006,24,https://www.letras.mus.br/eduardo-costa/502244/,-1
380,Me Apaixonei (A Primeira Vez Que Eu Te Vi),musica380,musica380_trecho6,"A primeira vez que eu te vi Gamei, apaixonei, sonhei, tentei falar, a voz não saiu A primeira vez que eu te vi Gamei, apaixonei, sonhei, tentei falar, a voz não saiu",Eduardo Costa,2006,32,https://www.letras.mus.br/eduardo-costa/502244/,-1
380,Me Apaixonei (A Primeira Vez Que Eu Te Vi),musica380,musica380_trecho8,Pensei que nunca mais ia te ver Chorei sem querer E eu sem uma chance pra dizer O quanto estava apaixonado por você Chorei sem querer,Eduardo Costa,2006,26,https://www.letras.mus.br/eduardo-costa/502244/,-1
1101,Me Apego,musica1101,musica1101_trecho1,"A sua voz me segue junto ao som do vento Teu cheiro me persegue, afio pelo ar Em flashes te desenho em meu pensamento Até de olhos fechados vejo o seu olhar Ah, o teu olhar",Cristiano Araújo,2012,36,https://www.letras.mus.br/cristiano-araujo/2003141/,-1
1101,Me Apego,musica1101,musica1101_trecho2,"Quando acontece não tem pra que, nem por que Eu admito, me enlouqueço por você Não quero nem saber",Cristiano Araújo,2012,19,https://www.letras.mus.br/cristiano-araujo/2003141/,-1
636,Me Bloqueia,musica636,musica636_trecho1,"Seu corpo tá aí Mas a cabeça tá aqui Lutando contra o sentimento Rindo, mas chorando por dentro",Zé Neto e Cristiano,2023,18,https://www.letras.mus.br/ze-neto-cristiano/me-bloqueia/,-1
636,Me Bloqueia,musica636,musica636_trecho2,E quando toca a nossa música É a canção do desespero Vai pro banheiro da balada E chora em frente ao espelho,Zé Neto e Cristiano,2023,22,https://www.letras.mus.br/ze-neto-cristiano/me-bloqueia/,-1
225,Me Leva Pra Casa / Escrito Nas Estrelas / Saudade,musica225,musica225_trecho6,"Agora eu sei muito bem Que eu nasci só pra ser Sua parceira, meu bem E só morrer de prazer",Lauana Prado,2023,20,https://www.letras.mus.br/lauana-prado/me-leva-pra-casa-escrito-nas-estrelas-saudade/,-1
225,Me Leva Pra Casa / Escrito Nas Estrelas / Saudade,musica225,musica225_trecho8,Você sempre fez dos meus sonhos Sempre soube dos meus segredos Isso já faz muito tempo Eu nem me lembro quanto tempo faz,Lauana Prado,2023,23,https://www.letras.mus.br/lauana-prado/me-leva-pra-casa-escrito-nas-estrelas-saudade/,-1
476,Média Boa,musica476,musica476_trecho5,"Não é me achando, mas nota 7 Passa tranquilo de ano",Felipe e Rodrigo,2023,11,https://www.letras.mus.br/felipe-e-rodrigo/media-boa/,-1
476,Média Boa,musica476,musica476_trecho9,"Não é me achando, mas nota 7 Passa tranquilo de ano Mas nota 7 passa tranquilo de ano",Felipe e Rodrigo,2023,18,https://www.letras.mus.br/felipe-e-rodrigo/media-boa/,-1
22,Medo Bobo,musica22,musica22_trecho1,"Ah, esse tom de voz eu reconheço Mistura de medo e desejo Tô aplaudindo a sua coragem de me ligar",Maiara & Maraisa,2016,20,https://www.letras.mus.br/maiara-maraisa/medo-bobo/,-1
22,Medo Bobo,musica22,musica22_trecho3,"Tanto amor guardado, tanto tempo A gente se prendendo à toa Por conta de outra pessoa Só dá pra saber se acontecer",Maiara & Maraisa,2016,22,https://www.letras.mus.br/maiara-maraisa/medo-bobo/,-1
109,MEIO TERMO,musica109,musica109_trecho4,"Se cê não quiser nada sério, eu espero Que não se arrependa de me devolver pra rua Não tem meio-termo, eu não sou bagunça Ou ama pra porra ou porra nenhuma Se não quer nada sério, eu espero Que não se arrependa de me devolver pra rua Não tem meio-termo, eu não sou bagunça Ou ama pra porra ou porra nenhuma",Luan Santana,2023,61,https://www.letras.mus.br/luan-santana/meio-termo/,-1
109,MEIO TERMO,musica109,musica109_trecho9,"Se não quer nada sério, eu espero Que não se arrependa de me devolver pra rua Não tem meio-termo, eu não sou bagunça Ou ama pra porra ou porra nenhuma Se não quer nada sério, eu espero Que não se arrependa de me devolver pra rua Não tem meio-termo, eu não sou bagunça Ou ama pra porra ou porra nenhuma",Luan Santana,2023,60,https://www.letras.mus.br/luan-santana/meio-termo/,-1
1046,Melhor Trair Agora,musica1046,musica1046_trecho1,"Foi com um cheiro E voltou com outro pra casa Me fala por que seu cabelo voltou molhado Se nem chovendo tava Cê tá pedindo calma, tô calma",Marília Tavares,2025,28,https://www.letras.mus.br/marilia-tavares/melhor-trair-agora/,-1
1046,Melhor Trair Agora,musica1046,musica1046_trecho2,Eu espero que tenha valido a pena O seu momento de prazer Porque tudo que cê ganhou lá Vai ter que compensar o que cê vai perder,Marília Tavares,2025,27,https://www.letras.mus.br/marilia-tavares/melhor-trair-agora/,-1
934,Mensagem Pra Ela,musica934,musica934_trecho2,Resolvi abrir meu coração E falar tudo que eu senti Na verdade eu me apaixonei Na primeira vez que eu te vi,César Menotti & Fabiano,2005,22,https://www.letras.mus.br/cesar-menotti-e-fabiano/566162/,-1
934,Mensagem Pra Ela,musica934,musica934_trecho4,Pois só desse jeito eu tive coragem De abrir o jogo nessa ligação,César Menotti & Fabiano,2005,13,https://www.letras.mus.br/cesar-menotti-e-fabiano/566162/,-1
1593,Mentalmente (part. MC Kevinho),musica1593,musica1593_trecho1,"Quando você passa, tudo fica diferente Tava sem graça, mas agora ficou envolvente Vi sua boca gostosa na minha e senti o seu corpo tão quente Sua boca gostosa na minha e senti o seu corpo tão quente Olhei pro seu sorriso e viajei de repente",Naiara Azevedo,2017,46,https://www.letras.mus.br/naiara-azevedo/mentalmente/,-1
1593,Mentalmente (part. MC Kevinho),musica1593,musica1593_trecho2,Tô sarrando em você mentalmente Tô sarrando em você mentalmente Tô sarrando em você Olhei pro seu sorriso e viajei de repente,Naiara Azevedo,2017,22,https://www.letras.mus.br/naiara-azevedo/mentalmente/,-1
1593,Mentalmente (part. MC Kevinho),musica1593,musica1593_trecho3,Tô sarrando em você lentamente E tô sarrando em você lentamente Tô sarrando em você lentamente Tô sarrando em você lentamente,Naiara Azevedo,2017,21,https://www.letras.mus.br/naiara-azevedo/mentalmente/,-1
1593,Mentalmente (part. MC Kevinho),musica1593,musica1593_trecho6,Tô sarrando em você lentamente Tô sarrando em você lentamente Tô sarrando em você lentamente,Naiara Azevedo,2017,15,https://www.letras.mus.br/naiara-azevedo/mentalmente/,-1
1593,Mentalmente (part. MC Kevinho),musica1593,musica1593_trecho7,Tô sarrando em você lentamente Eu tô sarrando em você lentamente Tô sarrando em você lentamente Tô sarrando em você lentamente,Naiara Azevedo,2017,21,https://www.letras.mus.br/naiara-azevedo/mentalmente/,-1
272,Mente Pra Mim,musica272,musica272_trecho1,Olha dentro dos meus olhos E me conta umas mentiras só pra me agradar Fala que hoje eu tô bonito Que ainda pensa em mim quando vai se deitar,Cristiano Araújo,2012,29,https://www.letras.mus.br/cristiano-araujo/mente-pra-mim/,-1
272,Mente Pra Mim,musica272,musica272_trecho2,Diz que quando acorda todo dia Seu primeiro pensamento pode ser que seja eu Mente pra esse cara inocente Fala que ele ainda vai ser seu,Cristiano Araújo,2012,26,https://www.letras.mus.br/cristiano-araujo/mente-pra-mim/,-1
272,Mente Pra Mim,musica272,musica272_trecho3,"O amor da sua vida era eu Não era verdade Eu vou amar doendo, eu vou amar sofrendo Mesmo sabendo que tudo pode acabar (vai)",Cristiano Araújo,2012,25,https://www.letras.mus.br/cristiano-araujo/mente-pra-mim/,-1
272,Mente Pra Mim,musica272,musica272_trecho4,"Mente pra mim, é o que eu gosto Quanto mais você me ilude, mais eu te adoro Menina indecente, que finge ser carente E é desse jeito que eu te provoco",Cristiano Araújo,2012,31,https://www.letras.mus.br/cristiano-araujo/mente-pra-mim/,-1
70,Mentes Tão Bem,musica70,musica70_trecho1,"Me promete amor sincero, uma vida inteira Com você, o meu inverno vira primavera Vive me jurando estar apaixonada Prometeu o mundo e nunca me deu nada Você não cumpre nada",Zezé Di Camargo,2022,31,https://www.letras.mus.br/zeze-di-camargo/mentes-tao-bem/,-1
70,Mentes Tão Bem,musica70,musica70_trecho3,"Quando você fala, tão apaixonada Meu amor, eu sempre estarei contigo Olho nos seus olhos, me emociono e choro Sei que é mentira, mas me sinto vivo Mesmo sendo falso o ar, sinto que respiro",Zezé Di Camargo,2022,35,https://www.letras.mus.br/zeze-di-camargo/mentes-tao-bem/,-1
1348,Mentirosa,musica1348,musica1348_trecho1,Tá espalhando pra galera que tudo acabou Que foi tempo perdido a história que a gente ficou Ainda diz pra todo mundo que você que terminou Mentirosa!,Marcos & Belutti,2014,27,https://www.letras.mus.br/marcos-belutti/mentirosa/,-1
1348,Mentirosa,musica1348,musica1348_trecho3,"Mentirosa, barraqueira, fofoqueira Cê fica tirando onda com minha cara, se achando Mentirosa, barraqueira, fofoqueira Foi você que deu bobeira quando tava me enganando",Marcos & Belutti,2014,24,https://www.letras.mus.br/marcos-belutti/mentirosa/,-1
425,Mentirosa (part. Wesley Safadão),musica425,musica425_trecho3,"Sumiu de mim ontem na festa Só de manhã foi dar o ar da graça (Bandida, hein?) Onde cê tava? Que olheira é essa? Que bom que cê já veio aqui pra casa",Hugo & Guilherme,2025,33,https://www.letras.mus.br/hugo-guilherme/mentirosa-part-wesley-safadao/,-1
425,Mentirosa (part. Wesley Safadão),musica425,musica425_trecho4,Porque eu já arrumei suas coisas Tá tudo dentro desse saco preto Mas antes de ir embora Me responde primeiro,Hugo & Guilherme,2025,20,https://www.letras.mus.br/hugo-guilherme/mentirosa-part-wesley-safadao/,-1
425,Mentirosa (part. Wesley Safadão),musica425,musica425_trecho5,Por que que cê é assim tão mentirosa? O povo lá de casa te detesta Se eu chegar com essa notícia agora Vai ser pelo menos três dias de festa,Hugo & Guilherme,2025,30,https://www.letras.mus.br/hugo-guilherme/mentirosa-part-wesley-safadao/,-1
425,Mentirosa (part. Wesley Safadão),musica425,musica425_trecho7,Por que que cê é assim tão mentirosa?,Hugo & Guilherme,2025,8,https://www.letras.mus.br/hugo-guilherme/mentirosa-part-wesley-safadao/,-1
425,Mentirosa (part. Wesley Safadão),musica425,musica425_trecho12,(Por quê?) Por que que cê é assim tão mentirosa? O povo lá de casa te detesta Se eu chegar com essa notícia agora Vai ser pelo menos três dias de festa,Hugo & Guilherme,2025,32,https://www.letras.mus.br/hugo-guilherme/mentirosa-part-wesley-safadao/,-1
872,Mesmo Sem Estar (part. Sandy),musica872,musica872_trecho4,"Tô na solidão do elevador No teu cobertor, no filme de amor Seja onde for, eu tô aí Mesmo sem estar",Luan Santana,2016,21,https://www.letras.mus.br/luan-santana/mesmo-sem-estar/,-1
668,Metade da Estrada,musica668,musica668_trecho1,Olha aqui pra mim Pra cá e pra lá no quarto Nesse breu danado Eu não levantei e nem vou levantar É desesperador Essa situação Cadê o bom senso do seu coração? Já dá pra parar,Henrique & Juliano,2018,36,https://www.letras.mus.br/henrique-e-juliano/metade-da-estrada/,-1
668,Metade da Estrada,musica668,musica668_trecho2,"Vai me largar aqui? Ah tá E resolve sumir? Então tá Você só não levou essa casa Porque não dava pra carregar Nunca pensou em mim, nunca Só me deixou o eco e mais nada Me prometeu vida toda E me deixou na metade da estrada",Henrique & Juliano,2018,46,https://www.letras.mus.br/henrique-e-juliano/metade-da-estrada/,-1
668,Metade da Estrada,musica668,musica668_trecho5,"Nunca pensou em mim, nunca Só me deixou o eco e mais nada Me prometeu vida toda E me deixou na metade da estrada",Henrique & Juliano,2018,24,https://www.letras.mus.br/henrique-e-juliano/metade-da-estrada/,-1
1114,Mete Sua Boca,musica1114,musica1114_trecho3,"Chega de besteira e paixão mesquinha Quero sentir seu calor, meu amor Mete sua boca na minha Quero sentir seu calor, meu amor Mete sua boca na minha",Guilherme & Santiago,2010,28,https://www.letras.mus.br/guilherme-e-santiago/1630466/,-1
498,Meteoro,musica498,musica498_trecho2,Depois que eu te conheci fui mais feliz Você é exatamente o que eu sempre quis Ela se encaixa perfeitamente em mim O nosso quebra-cabeça teve fim,Luan Santana,2009,27,https://www.letras.mus.br/luan-santana/1407542/,-1
498,Meteoro,musica498,musica498_trecho8,"Tão veloz quanto a luz Pelo universo eu viajei Vem! Me guia, me conduz E pra sempre te amarei",Luan Santana,2009,19,https://www.letras.mus.br/luan-santana/1407542/,-1
1312,Meu Amor,musica1312,musica1312_trecho1,"Um dia, eu saí de casa cedo Pra encontrar você Morri de medo Porque da última vez que te vi Só tinha dezesseis",Henrique & Juliano,2017,23,https://www.letras.mus.br/henrique-e-juliano/meu-amor/,-1
1312,Meu Amor,musica1312,musica1312_trecho3,Tive que quebrar a cara por aí Comprar buquê de flores Que murcharam no outro dia Sem ter valor Nenhum valor pro outro alguém,Henrique & Juliano,2017,24,https://www.letras.mus.br/henrique-e-juliano/meu-amor/,-1
1312,Meu Amor,musica1312,musica1312_trecho4,"E aí, meu amor Tô mais maduro e mais seguro do que eu quero Ganhei uns quilos e, na aparência, eu tô mais velho E ainda te gosto tanto, te amo o mesmo tanto",Henrique & Juliano,2017,34,https://www.letras.mus.br/henrique-e-juliano/meu-amor/,-1
155,Meu Destino,musica155,musica155_trecho1,Parece que o mundo parou de girar Quando você me olhou e me fez sonhar Me apaixonei,Luan Santana,2008,17,https://www.letras.mus.br/luan-santana/1264252/,-1
684,Meu Eu Em Você,musica684,musica684_trecho3,"Eu sou a tua sombra, eu sou teu guia Sou teu luar em plena luz do dia Sou tua pele, proteção, sou teu calor Eu sou teu cheiro a perfumar o nosso amor Eu sou tua saudade reprimida Sou teu sangrar ao ver minha partida Sou teu peito a apelar, gritar de dor Ao se ver ainda mais distante do meu amor",Paula Fernandes,2005,62,https://www.letras.mus.br/paula-fernandes/1286842/,-1
684,Meu Eu Em Você,musica684,musica684_trecho4,"Sou teu ego, tua alma Sou teu céu, o teu inferno, a tua calma Eu sou teu tudo, sou teu nada Sou apenas a tua amada Eu sou teu mundo, sou teu poder Sou tua vida, sou meu eu em você",Paula Fernandes,2005,41,https://www.letras.mus.br/paula-fernandes/1286842/,-1
543,Meu Grito de Amor,musica543,musica543_trecho4,Dói demais o silêncio E o vazio frio dos lençóis Dói demais quando a noite Invade o nosso quarto e traz no vento O meu grito de amor,Zé Felipe,2025,28,https://www.letras.mus.br/ze-felipe/meu-grito-de-amor/,-1
1532,Meu Grito De Amor (part. Eduardo Costa),musica1532,musica1532_trecho5,Dói demais o silêncio E o vazio frio dos lençóis Dói demais quando a noite Invade o nosso quarto E traz no vento O meu grito de amor,Paula Fernandes,2014,28,https://www.letras.mus.br/paula-fernandes/1852896/,-1
1167,"Meu Menino, Minha Menina (part. Belinda)",musica1167,musica1167_trecho7,"Seu jeito, seu sorriso Sua forma de menina de me agradar Seu charme, seu pedido Sua voz tão constrangida ao se desculpar Sua timidez me encanta, e eu vou te confessar Que a ânsia de esperar você ligar me assusta!",Luan Santana,2011,40,https://www.letras.mus.br/luan-santana/1791040/,-1
1077,Meu Número (part. Jorge & Mateus),musica1077,musica1077_trecho2,Quando passar do portão Não se esqueça do seu coração Que ele vai te avisar a hora certa de você voltar pra mim,Hugo & Guilherme,2022,23,https://www.letras.mus.br/hugo-guilherme/meu-numero-part-jorge-e-mateus/,-1
1507,Meu Oxigênio,musica1507,musica1507_trecho5,"Você é o meu melhor momento Meu barulho, meu silêncio Você é o meu melhor lugar É o meu melhor lugar, oh",Matheus & Kauan,2015,22,https://www.letras.mus.br/matheus-kauan/meu-oxigenio/,-1
1507,Meu Oxigênio,musica1507,musica1507_trecho10,"Você é o meu melhor momento Meu barulho, meu silêncio Você é o meu melhor lugar É o meu melhor lugar",Matheus & Kauan,2015,21,https://www.letras.mus.br/matheus-kauan/meu-oxigenio/,-1
702,Meu Violão e o Nosso Cachorro,musica702,musica702_trecho4,"Fizemos tantos planos, compramos tantas coisas Mas o amor é longe disso Precisamos de um tempo em relação a nós dois Depois decidimos o final, espero que seja um final feliz",Simone & Simaria,2016,31,https://www.letras.mus.br/simone-simaria-as-coleguinhas/meu-violao-e-o-nosso-cachorro/,-1
458,Mil Anos,musica458,musica458_trecho1,Você fala demais Diz muitas besteiras da boca pra fora Mas sei que se arrepende Por jogar o que não era lixo fora,Jorge & Mateus,2010,23,https://www.letras.mus.br/jorge-mateus/1713699/,-1
458,Mil Anos,musica458,musica458_trecho2,"Você briga, me ignora Pisa na bola Sente saudade e chora Diz que é de raiva Pra não assumir que me adora Eu sei que um grande amor Não é fácil de se encontrar Mais difícil ainda é deixar de gostar",Jorge & Mateus,2010,41,https://www.letras.mus.br/jorge-mateus/1713699/,-1
458,Mil Anos,musica458,musica458_trecho3,"Se o clima tá pesado Não existe pecado Que não se possa perdoar Vai ver a gente não conhece o amor direito Prazer, eu sou um cara cheio de defeitos Igualzinho aquele que você aprendeu amar",Jorge & Mateus,2010,36,https://www.letras.mus.br/jorge-mateus/1713699/,-1
1221,Minha Boca Você Não Beija Mais,musica1221,musica1221_trecho1,Tá aí Se o que você queria Era me ver chorar Então pode sorrir,Luan Santana,2009,14,https://www.letras.mus.br/luan-santana/1427742/,-1
1221,Minha Boca Você Não Beija Mais,musica1221,musica1221_trecho4,Não bata na porta Pra mim não tem volta Já chega Se você foi incapaz Agora tanto faz Minha boca você não beija mais Nunca mais Oh não Nunca mais Nunca mais Oh oh Nunca mais,Luan Santana,2009,36,https://www.letras.mus.br/luan-santana/1427742/,-1
1221,Minha Boca Você Não Beija Mais,musica1221,musica1221_trecho5,"É, as vezes depois de um grande amor a Gente acaba se perdendo Mas agora chega Nunca mais você me tira do sério",Luan Santana,2009,23,https://www.letras.mus.br/luan-santana/1427742/,-1
84,Minha Herança,musica84,musica84_trecho5,Tempo que não volta O vô e a vó conversando e nós correndo em volta Ficar até tarde acordado escutando história Daria todo o meu dinheiro pra ter isso agora Tempo que não volta O vô e a vó conversando e nós correndo em volta Ficar até tarde acordado escutando história Daria todo o meu dinheiro pra ter isso agora,Ana Castela,2024,60,https://www.letras.mus.br/ana-castela/minha-heranca/,-1
84,Minha Herança,musica84,musica84_trecho6,Coisas que vivem pra sempre na minha lembrança Essa é minha herança,Ana Castela,2024,12,https://www.letras.mus.br/ana-castela/minha-heranca/,-1
918,Mistérios,musica918,musica918_trecho1,Não há disfarce nesse seu olhar Que incendeia o meu coração Esse desejo te revelará Em um simples gesto qual será sua intenção,Jorge & Mateus,2009,23,https://www.letras.mus.br/jorge-mateus/1396849/,-1
1105,Mistura Louca (part. Os Hawaianos),musica1105,musica1105_trecho2,"Não tô nem aí, eu não quero nem saber A vida é minha e é assim que eu quero viver Rodeado de mulher quase o tempo todo Estilo panicat, é claro, eu não sou bobo",Henrique & Juliano,2013,35,https://www.letras.mus.br/henrique-e-juliano/mistura-louca/,-1
1270,Mô Deuso,musica1270,musica1270_trecho1,Por causa dumas bestage tão besta Umas bobage tão boba Ocê me largô ieu Me deixô ieu na solidão Sofrendo tão só Quando ocê se escafedeu,Gino e Geno,2012,26,https://www.letras.mus.br/gino-e-geno/mo-deuso/,-1
1270,Mô Deuso,musica1270,musica1270_trecho2,"Com os ói que a terra há de comer Eu te vi indo embora E pedi pra mo deuso Mo deuso, excumunga essa muié Que num mais me quer Mata ela pra ieu!",Gino e Geno,2012,33,https://www.letras.mus.br/gino-e-geno/mo-deuso/,-1
1270,Mô Deuso,musica1270,musica1270_trecho3,Mo deuso excumunga essa muié Que num mais me quer Mata ela pra ieu!,Gino e Geno,2012,14,https://www.letras.mus.br/gino-e-geno/mo-deuso/,-1
1270,Mô Deuso,musica1270,musica1270_trecho5,Ó mo deuso Mande logo aí de riba Um caminhão de ripa Na cacunda dela Tomara que ela pegue dengue Fique bem perrengue E que quebre a espinhela,Gino e Geno,2012,28,https://www.letras.mus.br/gino-e-geno/mo-deuso/,-1
1270,Mô Deuso,musica1270,musica1270_trecho6,Ó mo deuso Mande logo esse castigo Ela brigô comigo E num mais me qué eu Tomara que a negócia dela Encha de pareba Pra num dá pr'otros homi O que antonte era meu,Gino e Geno,2012,34,https://www.letras.mus.br/gino-e-geno/mo-deuso/,-1
1270,Mô Deuso,musica1270,musica1270_trecho7,"A huuu mo deuso, ela cabo comigo Mas eu tô com raiva besurdo",Gino e Geno,2012,13,https://www.letras.mus.br/gino-e-geno/mo-deuso/,-1
1270,Mô Deuso,musica1270,musica1270_trecho8,Por causa de umas bestage tão besta Umas bobage tão boba Ocê me largô ieu Me deixô ieu na solidão Sofrendo tão só Quando ocê se escafedeu,Gino e Geno,2012,27,https://www.letras.mus.br/gino-e-geno/mo-deuso/,-1
1270,Mô Deuso,musica1270,musica1270_trecho9,"Com os ói que a terra há de comer Eu te vi indo embora E pedi pra mo deuso ""Mo deuso, excumunga essa muié Que num mais me quer Mata ela pra ieu!",Gino e Geno,2012,33,https://www.letras.mus.br/gino-e-geno/mo-deuso/,-1
451,Morena,musica451,musica451_trecho2,"O que eu dei pra você? Tudo, tudo que eu tinha pra dar E do quê que adiantou? Nada, você só queria brincar",Luan Santana,2021,23,https://www.letras.mus.br/luan-santana/morena/,-1
451,Morena,musica451,musica451_trecho4,"Me diz quê que eu posso fazer se ela rouba a cena? Se até deitado no colo da loira, eu lembro da morena?",Luan Santana,2021,23,https://www.letras.mus.br/luan-santana/morena/,-1
451,Morena,musica451,musica451_trecho8,"O que eu dei pra você? Tudo, tudo que eu tinha pra dar E do que que adiantou? Nada, você só queria brincar",Luan Santana,2021,23,https://www.letras.mus.br/luan-santana/morena/,-1
599,Morena Proibida,musica599,musica599_trecho1,Por causa de um par de olhos Negros de amedrontar Acho que a felicidade Violeiro foi buscar Que até sua viola não Parou mais de tocar No peito desse caboclo Felicidade é pouco Dá pra ver no seu cantar,Jorge & Mateus,2007,39,https://www.letras.mus.br/jorge-mateus/985048/,-1
599,Morena Proibida,musica599,musica599_trecho2,Por uma linda morena Violeiro apaixonou E aquela flor de açucena Coração enfeitiçou Não sabia violeiro Da família que ela vinha De pai rico endinheirado Cem mil cabeças de gado Era pouco pra que o tinha,Jorge & Mateus,2007,36,https://www.letras.mus.br/jorge-mateus/985048/,-1
599,Morena Proibida,musica599,musica599_trecho3,O pai daquela morena Tinha fama de ser duro E disse que o violeiro Na vida não tem futuro,Jorge & Mateus,2007,19,https://www.letras.mus.br/jorge-mateus/985048/,-1
599,Morena Proibida,musica599,musica599_trecho5,Violeiro foi embora Chegou na grande cidade No ponteio da viola Sobrou oportunidade De gravar aquela história Que falava de um amor Nas paradas de sucesso Violeiro estourou,Jorge & Mateus,2007,28,https://www.letras.mus.br/jorge-mateus/985048/,-1
901,Motel Afrodite (part. Maiara & Maraisa),musica901,musica901_trecho3,"E volta e meia, eu volto lá sozinho Eu tiro a roupa, eu choro e abro um vinho E a roupa de cama pode até mudar Mas juro que seu cheiro ainda tá lá",Marília Mendonça,2021,34,https://www.letras.mus.br/marilia-mendonca/motel-afrodite-part-maiara-e-maraisa/,-1
901,Motel Afrodite (part. Maiara & Maraisa),musica901,musica901_trecho4,"E volta e meia, eu volto lá sozinho Eu tiro a roupa, eu choro e abro um vinho Mas hoje a moça da cabine que adorava a gente Com dó de mim falou: Segue a sua vida, ele saiu no carro da frente",Marília Mendonça,2021,43,https://www.letras.mus.br/marilia-mendonca/motel-afrodite-part-maiara-e-maraisa/,-1
901,Motel Afrodite (part. Maiara & Maraisa),musica901,musica901_trecho8,"Mas hoje a moça da cabine que adorava a gente Com dó de mim falou: Segue a sua vida, ele saiu no carro da frente",Marília Mendonça,2021,25,https://www.letras.mus.br/marilia-mendonca/motel-afrodite-part-maiara-e-maraisa/,-1
878,Moto (part. Ana Castela),musica878,musica878_trecho3,"Cê deve ser casado, ter três filhos no interior de sei lá onde Ou vai sumir no mundão depois de tirar uma moto no meu nome Cê deve ser casado, ter três filhos no interior de sei lá onde Ou vai sumir no mundão depois de tirar uma moto no meu nome",Júlia & Rafaela,2024,52,https://www.letras.mus.br/julia-e-rafaela/moto-part-ana-castela/,-1
1088,Mozão,musica1088,musica1088_trecho1,"Oh mozão, cheguei à conclusão Já faz tempo que a gente fica Quase um namoro, sei lá, a gente enrola Eu sinto falta de você quando não está aqui",Lucas Lucco,2014,29,https://www.letras.mus.br/lucas-lucco/mozao/,-1
1088,Mozão,musica1088,musica1088_trecho3,"Eu sei, tô viajando Tô novo, mas o que custa sonhar? Se o tempo não para de passar E nunca vai parar",Lucas Lucco,2014,22,https://www.letras.mus.br/lucas-lucco/mozao/,-1
1365,Muda Minha Vida,musica1365,musica1365_trecho1,Estou aqui na tua casa Preciso ouvir tua voz Aos seus pés me lanço agora Eu sei que tu podes curar,Alex e Alex,2010,21,https://www.letras.mus.br/alex-alex/1725501/,-1
1365,Muda Minha Vida,musica1365,musica1365_trecho3,"Muda minha vida Muda minha sorte Preciso de uma chance, do teu favor Tu tens o remédio pra minha alma Preciso de um milagre, hoje Senhor!",Alex e Alex,2010,26,https://www.letras.mus.br/alex-alex/1725501/,-1
1365,Muda Minha Vida,musica1365,musica1365_trecho6,"Não vou sair daqui Enquanto não me abençoar Meu Deus, Deus meu Eu vou te tocar Custe o que custar",Alex e Alex,2010,20,https://www.letras.mus.br/alex-alex/1725501/,-1
1365,Muda Minha Vida,musica1365,musica1365_trecho7,"Muda minha vida Muda minha sorte Preciso de uma chance, do teu favor Tu tens o remédio pra minha alma Preciso de um milagre, hoje Senhor",Alex e Alex,2010,26,https://www.letras.mus.br/alex-alex/1725501/,-1
375,Mudando de Assunto,musica375,musica375_trecho2,"Chega a dar tremedeira, um nó na barriga Quem ama demais não suporta uma briga Ciúme demais faz a gente sofrer",Henrique & Juliano,2014,21,https://www.letras.mus.br/henrique-e-juliano/mudando-de-assunto/,-1
375,Mudando de Assunto,musica375,musica375_trecho3,"Mudando de assunto, cê tá tão bonita Que cheiro gostoso que vem de você E se eu te contar, você nem acredita Se eu tava brigando eu nem lembro o porquê",Henrique & Juliano,2014,31,https://www.letras.mus.br/henrique-e-juliano/mudando-de-assunto/,-1
375,Mudando de Assunto,musica375,musica375_trecho5,"Pra que brigar, chorar, embora Eu bem sei que nessa hora Vai me dar vontade de você",Henrique & Juliano,2014,17,https://www.letras.mus.br/henrique-e-juliano/mudando-de-assunto/,-1
1456,Mudou a Estação (part. Henrique & Juliano),musica1456,musica1456_trecho2,"Eu, que era livre para voar Cortei as minhas próprias asas Fiz de você a minha casa Fiquei aqui com você",Marília Mendonça,2017,21,https://www.letras.mus.br/marilia-mendonca/mudou-a-estacao/,-1
1456,Mudou a Estação (part. Henrique & Juliano),musica1456,musica1456_trecho4,Não sei se mudou a estação Sei que não é mais verão Estou deixando o nosso ninho Decidi voar sozinho,Marília Mendonça,2017,20,https://www.letras.mus.br/marilia-mendonca/mudou-a-estacao/,-1
1456,Mudou a Estação (part. Henrique & Juliano),musica1456,musica1456_trecho5,Vou em busca de outro amor Não tem mais doce a nossa flor Eu preciso de carinho Nem que seja um pouquinho,Marília Mendonça,2017,22,https://www.letras.mus.br/marilia-mendonca/mudou-a-estacao/,-1
1456,Mudou a Estação (part. Henrique & Juliano),musica1456,musica1456_trecho9,Se mudou a estação Sei que não é mais verão Estou deixando o nosso ninho Decidi voar sozinho,Marília Mendonça,2017,18,https://www.letras.mus.br/marilia-mendonca/mudou-a-estacao/,-1
1069,Mulher da Blusa Amarela,musica1069,musica1069_trecho1,"Vocês estão vendo aquela Mulher da blusa amarela e a saia de outra cor Vendo ela desprezada, lembraste que foi amada Já foi meu primeiro amor",Amado Edílson,2009,26,https://www.letras.mus.br/amado-edilson/1216757/,-1
1069,Mulher da Blusa Amarela,musica1069,musica1069_trecho4,Essa mulher me deixou Essa mulher me deixou,Amado Edílson,2009,8,https://www.letras.mus.br/amado-edilson/1216757/,-1
1069,Mulher da Blusa Amarela,musica1069,musica1069_trecho6,Ela me fez essa traição Ela me fez essa traição,Amado Edílson,2009,10,https://www.letras.mus.br/amado-edilson/1216757/,-1
1069,Mulher da Blusa Amarela,musica1069,musica1069_trecho7,"Por causa de uma falsa amiga Deixou uma boa vida, pra morar no cabaré Passando de mão em mão, se vendendo por tostão Pra ficar com quem quiser",Amado Edílson,2009,28,https://www.letras.mus.br/amado-edilson/1216757/,-1
1069,Mulher da Blusa Amarela,musica1069,musica1069_trecho9,"Não pensava que aquela mulher da blusa amarela Me fizesse essa traição Mas o destino é cruel, ela deixou de ser fiel Pra viver de mão em mão",Amado Edílson,2009,28,https://www.letras.mus.br/amado-edilson/1216757/,-1
1069,Mulher da Blusa Amarela,musica1069,musica1069_trecho11,"Minha família tentava, pra ver se eu me conformava Com o disgosto que passei Foi três anos de terror, acreditando no amor E ter passado o que eu passei",Amado Edílson,2009,29,https://www.letras.mus.br/amado-edilson/1216757/,-1
1069,Mulher da Blusa Amarela,musica1069,musica1069_trecho12,E ter passado o que eu passei E ter passado o que eu passei,Amado Edílson,2009,14,https://www.letras.mus.br/amado-edilson/1216757/,-1
1069,Mulher da Blusa Amarela,musica1069,musica1069_trecho13,"Não podia ver aquela mulher da blusa amarela Que eu pensava em me matar Meu disgosto era demais, comprei logo minha passagem E sai daquele lugar",Amado Edílson,2009,26,https://www.letras.mus.br/amado-edilson/1216757/,-1
1069,Mulher da Blusa Amarela,musica1069,musica1069_trecho17,"Doente em cima da cama, chorando meu nome chama Mas a vida continua Deixou de ser mulher casada, para ser mulher amada Dos malandrecos das ruas",Amado Edílson,2009,26,https://www.letras.mus.br/amado-edilson/1216757/,-1
1069,Mulher da Blusa Amarela,musica1069,musica1069_trecho18,Dos malandrecos das ruas Dos malandrecos das ruas,Amado Edílson,2009,8,https://www.letras.mus.br/amado-edilson/1216757/,-1
1069,Mulher da Blusa Amarela,musica1069,musica1069_trecho19,"Eu tenho pena daquela mulher da blusa amarela E a saia de outra cor A doença lhe venceu, seu corpo enfraqueceu Morreu sem ter um amor",Amado Edílson,2009,26,https://www.letras.mus.br/amado-edilson/1216757/,-1
449,Mulher Foda,musica449,musica449_trecho2,"É que eu não aceito colocar dedo na minha cara Eu sou mulher demais pra engolir sapo calada Vacilou, me perdeu, quer mudar, mas é tarde Vai embora da minha vida ou quer que eu chame um táxi?",Simone Mendes,2024,38,https://www.letras.mus.br/simone-mendes/mulher-foda/,-1
449,Mulher Foda,musica449,musica449_trecho3,"E conta pra ele o que você fez Que uma mulher foda virou sua ex Quis ser o bichão, agora engole calado Outro valorizando",Simone Mendes,2024,24,https://www.letras.mus.br/simone-mendes/mulher-foda/,-1
449,Mulher Foda,musica449,musica449_trecho4,"E conta pra ele o que você fez Que uma mulher foda virou sua ex Quis ser o bichão, agora engole calado Outro valorizando o que era pra você ter valorizado",Simone Mendes,2024,31,https://www.letras.mus.br/simone-mendes/mulher-foda/,-1
449,Mulher Foda,musica449,musica449_trecho6,"Conta pra ele o que você fez Que uma mulher foda virou sua ex Quis ser o bichão, agora engole calado Outro valorizando",Simone Mendes,2024,23,https://www.letras.mus.br/simone-mendes/mulher-foda/,-1
449,Mulher Foda,musica449,musica449_trecho8,"Quis ser o bichão, agora engole calado Outro valorizando o que era pra você ter valorizado",Simone Mendes,2024,16,https://www.letras.mus.br/simone-mendes/mulher-foda/,-1
125,Mulher Maravilha,musica125,musica125_trecho1,Tem brinquedo espalhado pela casa toda E as paredes rabiscadas com o giz de cera Mudou de tal maneira Nossa vida já não é a mesma,Zé Neto e Cristiano,2018,26,https://www.letras.mus.br/ze-neto-cristiano/mulher-maravilha/,-1
125,Mulher Maravilha,musica125,musica125_trecho2,A gente já não dorme mais a noite inteira Na mesa tem dois copos e uma mamadeira Mudou de tal maneira Nossa vida já não é a mesma,Zé Neto e Cristiano,2018,28,https://www.letras.mus.br/ze-neto-cristiano/mulher-maravilha/,-1
125,Mulher Maravilha,musica125,musica125_trecho4,"Sabe aquele amor que se multiplica? Quem nunca sonhou ter isso na vida? Ser herói de alguém e, melhor ainda Ter do lado a Mulher Maravilha",Zé Neto e Cristiano,2018,26,https://www.letras.mus.br/ze-neto-cristiano/mulher-maravilha/,-1
216,MULHER SEGURA,musica216,musica216_trecho1,"Ela começa, ela termina Ela não transa, ela ensina Se não for pra ser o amor da vida, ela nem vai Ela sabe a diferença O que não rola, o que compensa Ela é tensa, ela é intensa até demais",Luan Santana,2023,40,https://www.letras.mus.br/luan-santana/mulher-segura/,-1
216,MULHER SEGURA,musica216,musica216_trecho2,"Ela é princesa, ela é tranqueira Ela é segunda, sexta-feira Se ninguém fizer ela feliz, ela se faz Se ocê ama, ela te ama Se ocê trai, ela te trai",Luan Santana,2023,30,https://www.letras.mus.br/luan-santana/mulher-segura/,-1
1494,Mundo de Ilusões,musica1494,musica1494_trecho2,"Ei, será que você não consegue ser fiel? Tá falando comigo dentro de um motel Enganando ele como me enganou",Gusttavo Lima,2017,20,https://www.letras.mus.br/gusttavo-lima/mundo-de-ilusoes/,-1
1494,Mundo de Ilusões,musica1494,musica1494_trecho3,"Não vai ser dessa vez Que vai fazer com ele o que você me fez Por favor, me escute logo de uma vez Seu amor é um mundo de ilusões Brincando com dois corações",Gusttavo Lima,2017,34,https://www.letras.mus.br/gusttavo-lima/mundo-de-ilusoes/,-1
1494,Mundo de Ilusões,musica1494,musica1494_trecho4,"Será que dentro do seu peito não tem coração E a sua cabeça só pensa em traição? Sai pra lá com esse seu amor bandido E me traiu com ele, quer trair ele comigo",Gusttavo Lima,2017,34,https://www.letras.mus.br/gusttavo-lima/mundo-de-ilusoes/,-1
1328,Mundo Paralelo,musica1328,musica1328_trecho1,Hoje eu vi em seus olhos o medo que tem de me encontrar Percebi o desejo que você tem de me provar E o que te impede de estar feliz? Ainda é cedo pra dizer adeus,Matheus & Kauan,2013,36,https://www.letras.mus.br/matheus-kauan/mundo-paralelo/,-1
846,Na Conta da Loucura,musica846,musica846_trecho3,Quero Sua cama passageira A sua temperatura Traz a loucura pro quarto Deixa a razão na rua Temos uma noite inteira Pra fazer o que quiser,Bruno & Marrone,2017,26,https://www.letras.mus.br/bruno-e-marrone/na-conta-da-loucura/,-1
846,Na Conta da Loucura,musica846,musica846_trecho4,"Conte mais uma mentira Que sou diferente Que gosta da gente, eu vou acreditar Relaxa Não precisa estar nem aqui quando eu acordar",Bruno & Marrone,2017,23,https://www.letras.mus.br/bruno-e-marrone/na-conta-da-loucura/,-1
846,Na Conta da Loucura,musica846,musica846_trecho5,"Põe mais uma noite aí na conta da loucura Hoje o desejo é quem vai levar a culpa Do cabelo bagunçado, perfume misturado Meus olhos passeando no teu corpo todo",Bruno & Marrone,2017,30,https://www.letras.mus.br/bruno-e-marrone/na-conta-da-loucura/,-1
373,Na Hora da Raiva,musica373,musica373_trecho1,Encontrei Uma caixinha cheia de relatos Um monte de documentos tão falsos Nossas vidas,Henrique & Juliano,2015,14,https://www.letras.mus.br/henrique-e-juliano/foi-na-hora-da-raiva/,-1
373,Na Hora da Raiva,musica373,musica373_trecho3,Cometi a loucura de nossas fotos rasgar E uma por uma eu vou ter que colar Mas foi na hora da raiva Na hora na hora da raiva,Henrique & Juliano,2015,28,https://www.letras.mus.br/henrique-e-juliano/foi-na-hora-da-raiva/,-1
373,Na Hora da Raiva,musica373,musica373_trecho4,Naquele segundo eu pensei que até te odiava Mas respirei fundo e vi que eu te amava Mas foi na hora da raiva Na hora na hora da raiva,Henrique & Juliano,2015,29,https://www.letras.mus.br/henrique-e-juliano/foi-na-hora-da-raiva/,-1
373,Na Hora da Raiva,musica373,musica373_trecho8,Mas foi na hora da raiva Na hora na hora da raiva Naquele segundo eu pensei que até te odiava Mas respirei fundo e vi que eu te amava,Henrique & Juliano,2015,29,https://www.letras.mus.br/henrique-e-juliano/foi-na-hora-da-raiva/,-1
373,Na Hora da Raiva,musica373,musica373_trecho9,Mas foi na hora da raiva Na hora na hora da raiva,Henrique & Juliano,2015,12,https://www.letras.mus.br/henrique-e-juliano/foi-na-hora-da-raiva/,-1
235,Na Hora de Amar,musica235,musica235_trecho1,"Teu olhar sempre está muito longe Em um lugar que se chama solidão Chego a pensar, que você se esconde da minha paixão",Gusttavo Lima,2017,23,https://www.letras.mus.br/gusttavo-lima/na-hora-de-amar/,-1
235,Na Hora de Amar,musica235,musica235_trecho2,"Sempre a voar, pensamento distante E eu me pergunto: O que foi que fiz? Mas são palavras que ninguém responde, te vejo infeliz",Gusttavo Lima,2017,23,https://www.letras.mus.br/gusttavo-lima/na-hora-de-amar/,-1
235,Na Hora de Amar,musica235,musica235_trecho4,Eu vejo o Sol se afastando do horizonte Igual você que se escondeu Não sei porque um amor que era tão grande Foi ficando assim,Gusttavo Lima,2017,25,https://www.letras.mus.br/gusttavo-lima/na-hora-de-amar/,-1
235,Na Hora de Amar,musica235,musica235_trecho6,A gente sente quando tudo acabou Quando o encanto da paixão sumiu (oh oh) Um sentimento que só meu coração descobriu,Gusttavo Lima,2017,21,https://www.letras.mus.br/gusttavo-lima/na-hora-de-amar/,-1
1506,Na Hora Que Você Chamar,musica1506,musica1506_trecho3,"Eu tenho um dicionário de defeitos Desculpe, amor, esse é meu jeito Esse é o jeito meu Sem pensar, me deixou aqui Pra pensar no que te faz feliz Te faz sorrir",Jorge & Mateus,2024,32,https://www.letras.mus.br/jorge-mateus/na-hora-que-voce-chamar/,-1
33,Na Linha do Tempo,musica33,musica33_trecho4,"E nesses traços vou tentando descrever Que mil palavras é tão pouco pra dizer Que um sentimento muda tudo, muda o mundo Isso é o amor",Victor & Leo,2015,26,https://www.letras.mus.br/victor-leo/na-linha-do-tempo/,-1
717,Nada Normal,musica717,musica717_trecho2,"Dos nossos lábios todas as palavras nada dizem Aos nossos olhos, tudo que já vimos foi vertigem E é tudo tão real, mas nada normal",Victor & Leo,2008,25,https://www.letras.mus.br/victor-leo/1360046/,-1
717,Nada Normal,musica717,musica717_trecho3,"Te lembro e já me sinto ao seu lado, no seu mundo Me identifico com você de um jeito tão profundo E é tudo tão real, mas nada normal",Victor & Leo,2008,29,https://www.letras.mus.br/victor-leo/1360046/,-1
986,Não Casa Não,musica986,musica986_trecho5,"Por favor, não casa não",Marília Mendonça,2017,5,https://www.letras.mus.br/marilia-mendonca/nao-casa-nao/,-1
986,Não Casa Não,musica986,musica986_trecho10,"Casa não Então não casa, não Por favor, não casa não Por favor, não casa não",Marília Mendonça,2017,16,https://www.letras.mus.br/marilia-mendonca/nao-casa-nao/,-1
1076,Não Demora Perceber,musica1076,musica1076_trecho2,Vem me ver na madrugada Não demora quase nada Tudo fica sempre pra outra hora,Jorge & Mateus,2012,15,https://www.letras.mus.br/jorge-mateus/nao-demore-a-perceber/,-1
890,Não Era Eu,musica890,musica890_trecho5,"Não era eu, não era eu Tava em casa apaixonado Querendo os seus abraços Só pensando em você E eu vou negando até morrer",César Menotti & Fabiano,2012,24,https://www.letras.mus.br/cesar-menotti-e-fabiano/nao-era-eu/,-1
1044,Não Era Pra Ser,musica1044,musica1044_trecho3,"Não era pra ser, não, não, não Não ia rolar Já tivemos tantas chances Mas ninguém quis se entregar",Luan Santana,2011,19,https://www.letras.mus.br/luan-santana/1779417/,-1
1232,Não Fui Eu,musica1232,musica1232_trecho1,"Ei, escuta, para de agir feito criança Escuta, sinto em te dizer, mas foi você quem procurou Quem partiu um coração, não fui eu",Paula Fernandes,2013,24,https://www.letras.mus.br/paula-fernandes/nao-fui-eu/,-1
1232,Não Fui Eu,musica1232,musica1232_trecho2,"Ei, escuta, tudo nessa vida tem seu preço Escuta, se chegou a hora de colher o que plantou Você mesmo quem regou, não fui eu Não fui eu",Paula Fernandes,2013,28,https://www.letras.mus.br/paula-fernandes/nao-fui-eu/,-1
795,Não Importa Os KM (part. Léo Foguete),musica795,musica795_trecho3,Eu vi seus olhos verdes nas plantações do Goiás Vi suas pegadas pelas praias do Rio de Janeiro Eu vi suas curvas nas estradas de Minas Gerais Seu chapéu branco passeando em Barretos,Fernando e Sorocaba,2025,33,https://www.letras.mus.br/fernando-sorocaba/nao-importa-os-km-part-leo-foguete/,-1
795,Não Importa Os KM (part. Léo Foguete),musica795,musica795_trecho4,Em SP eu vi seu brilho por toda a cidade Vi seu cabelo loiro no pôr do Sol no Nordeste E na serra gaúcha tomei vinho com a saudade Pois não importa os KM quem ama não esquece,Fernando e Sorocaba,2025,38,https://www.letras.mus.br/fernando-sorocaba/nao-importa-os-km-part-leo-foguete/,-1
796,Não Me Perdoei,musica796,musica796_trecho2,"Eu só sei sonhar contigo Aceitando o meu regresso Tenho medo de perdê-la Te amo, confesso",Victor & Leo,2012,16,https://www.letras.mus.br/victor-leo/nao-me-perdoei/,-1
796,Não Me Perdoei,musica796,musica796_trecho3,"Aonde estão seus olhos Quando não estão em mim? Aonde estão seus passos Se não chegamos ao fim? Eu voltaria aonde te deixei Não queria que chorasse, chorei Queria que me perdoasse Não me perdoei",Victor & Leo,2012,35,https://www.letras.mus.br/victor-leo/nao-me-perdoei/,-1
334,Não Precisa (part. Victor & Leo),musica334,musica334_trecho1,Você diz que não precisa viver sonhando tanto Que vivo a fazer demais por você Diz que não precisa a cada vez que canto Uma canção a mais pra você,Paula Fernandes,2010,30,https://www.letras.mus.br/paula-fernandes/1756907/,-1
334,Não Precisa (part. Victor & Leo),musica334,musica334_trecho3,"Eu já sonhei com a vida, agora vivo um sonho Mas viver ou sonhar, com você, tanto faz Não diga: Não precisa, eu digo que é preciso A gente se amar demais, nada mais",Paula Fernandes,2010,34,https://www.letras.mus.br/paula-fernandes/1756907/,-1
1444,Não Sai da Minha Vida,musica1444,musica1444_trecho1,Sempre vou me lembrar de nós dois Quando a música tocar no rádio E a saudade dentro do meu carro Relembrar de quando começou,Jorge & Mateus,2009,24,https://www.letras.mus.br/jorge-mateus/1446998/,-1
1444,Não Sai da Minha Vida,musica1444,musica1444_trecho4,Vou te provar que vai ser diferente Me dá uma chance vai ser bom pra gente Nunca diga nunca pra esse nosso amor,Jorge & Mateus,2009,23,https://www.letras.mus.br/jorge-mateus/1446998/,-1
1444,Não Sai da Minha Vida,musica1444,musica1444_trecho5,"Não sai da minha vida Não vou sobreviver sem te ver Atende a ligação, escute o coração Não me deixa assim, não, não Não sai da minha vida Eu não mereço um ponto final Não dá pra esconder, não vivo sem você Meu coração não sabe te esquecer",Jorge & Mateus,2009,48,https://www.letras.mus.br/jorge-mateus/1446998/,-1
635,Não Sirvo (part. Luísa Sonza),musica635,musica635_trecho3,"Tá achando que é bagunça? Só porque me tirou da bagunça Mas, pra sua informação Depois da sua boca, só teve a sua Cê me tirou da rua, pô Sigilo porra nenhuma Se eu não sirvo pra namorar Então não sirvo só pra dar uma",Matheus & Kauan,2024,45,https://www.letras.mus.br/matheus-kauan/nao-sirvo-part-luisa-sonza/,-1
635,Não Sirvo (part. Luísa Sonza),musica635,musica635_trecho4,"Tá achando que é bagunça? Só porque me tirou da bagunça Mas, pra sua informação Depois da sua boca, só teve a sua Cê me tirou da rua, pô Sigilo porra nenhuma Se eu não sirvo pra namorar Então não sirvo só pra dar uma Tá achando que é bagunça?",Matheus & Kauan,2024,50,https://www.letras.mus.br/matheus-kauan/nao-sirvo-part-luisa-sonza/,-1
635,Não Sirvo (part. Luísa Sonza),musica635,musica635_trecho7,"Tá achando que é bagunça? Só porque me tirou da bagunça Mas, pra sua informação Depois da sua boca, só teve a sua Cê me tirou da rua, pô Sigilo porra nenhuma Se eu não sirvo pra namorar Eu não sirvo só pra dar uma",Matheus & Kauan,2024,45,https://www.letras.mus.br/matheus-kauan/nao-sirvo-part-luisa-sonza/,-1
635,Não Sirvo (part. Luísa Sonza),musica635,musica635_trecho8,"Tá achando que é bagunça? Só porque me tirou da bagunça Mas, pra sua informação Depois da sua boca, só teve a sua Cê me tirou da rua, pô Sigilo porra nenhuma Se eu não sirvo pra namorar Eu não sirvo só pra dar uma Tá achando que é bagunça?",Matheus & Kauan,2024,50,https://www.letras.mus.br/matheus-kauan/nao-sirvo-part-luisa-sonza/,-1
635,Não Sirvo (part. Luísa Sonza),musica635,musica635_trecho9,"Mas, pra sua informação (tá achando que é bagunça?) Depois da sua boca, só teve a sua Cê me tirou da rua, pô Sigilo porra nenhuma Se eu não sirvo pra namorar Eu não sirvo só pra dar uma Tá achando que é bagunça? Tá achando que é bagunça?",Matheus & Kauan,2024,49,https://www.letras.mus.br/matheus-kauan/nao-sirvo-part-luisa-sonza/,-1
546,Não Tente Me Impedir,musica546,musica546_trecho3,"Eu, jurar amor, para quê? Você não me engana mais Me anulei por você Só pra ter desilusão",Bruno & Marrone,2009,18,https://www.letras.mus.br/bruno-e-marrone/1444912/,-1
546,Não Tente Me Impedir,musica546,musica546_trecho6,Eu sempre fui tão fiel Você nem pensou em mim Me envolveu e mentiu Mas agora que acabou,Bruno & Marrone,2009,18,https://www.letras.mus.br/bruno-e-marrone/1444912/,-1
546,Não Tente Me Impedir,musica546,musica546_trecho7,Se recusa a entender Não aceita e não crê Mas de fato não dá mais Nem pra mim e pra você,Bruno & Marrone,2009,21,https://www.letras.mus.br/bruno-e-marrone/1444912/,-1
546,Não Tente Me Impedir,musica546,musica546_trecho8,"Nem que o mundo acabe eu vou partir Pro seu próprio bem, não tente me impedir Chega de amor unilateral Só vivi um sonho, nunca foi real",Bruno & Marrone,2009,27,https://www.letras.mus.br/bruno-e-marrone/1444912/,-1
546,Não Tente Me Impedir,musica546,musica546_trecho9,"Nem que o mundo acabe eu vou partir Pro seu próprio bem, não tente me impedir Você só me deu desilusão Agora te dou a solidão",Bruno & Marrone,2009,26,https://www.letras.mus.br/bruno-e-marrone/1444912/,-1
1200,Não Tô Valendo Nada (part. João Neto & Frederico),musica1200,musica1200_trecho5,"Ai, tô valendo nada Vish, a minha carne é fraca Nossa, assim você acaba me matando Cê nem faz ideia do que eu tô imaginando",Henrique & Juliano,2013,25,https://www.letras.mus.br/henrique-e-juliano/nao-to-valendo-nada/,-1
1200,Não Tô Valendo Nada (part. João Neto & Frederico),musica1200,musica1200_trecho6,"Ai, meu Deus do céu, não tô valendo nada Vish, como a minha carne anda fraca Nossa, assim você acaba me matando Você nem faz ideia do que eu tô imaginando",Henrique & Juliano,2013,31,https://www.letras.mus.br/henrique-e-juliano/nao-to-valendo-nada/,-1
669,Não Vitalício (Nunca Mais) (part. Mari Fernandez),musica669,musica669_trecho3,Juro que eu não volto nunca mais Olha eu beijando na boca do nunca mais Olha eu tirando a roupa do nunca mais Eu juro que eu nao corro mais atrás Olha eu correndo pra casa do nunca mais Olha eu me acabando na cama do nunca mais,Matheus & Kauan,2023,48,https://www.letras.mus.br/matheus-kauan/nao-vitalicio-nunca-mais-part-mari-fernandez/,-1
669,Não Vitalício (Nunca Mais) (part. Mari Fernandez),musica669,musica669_trecho6,Juro que eu não volto nunca mais Olha eu beijando na boca do nunca mais Olha eu tirando a roupa do nunca mais Juro que eu nao corro mais atrás Olha eu correndo pra casa do nunca mais Olha eu me acabando na cama do nunca mais,Matheus & Kauan,2023,47,https://www.letras.mus.br/matheus-kauan/nao-vitalicio-nunca-mais-part-mari-fernandez/,-1
669,Não Vitalício (Nunca Mais) (part. Mari Fernandez),musica669,musica669_trecho7,Eu juro que eu não volto nunca mais Olha eu beijando na boca do nunca mais Olha eu tirando a roupa do nunca mais Juro que eu nao corro mais atrás Olha eu correndo pra casa do nunca mais Olha eu me acabando na cama do nunca mais (do nunca mais) Nunca mais,Matheus & Kauan,2023,53,https://www.letras.mus.br/matheus-kauan/nao-vitalicio-nunca-mais-part-mari-fernandez/,-1
1607,Não Vou Mais Atrás De Você (Agora Eu Me Curei),musica1607,musica1607_trecho3,"Não vou mais atrás de você Eu não vou mais, não vou mais, não vou mais Você vai se arrepender De bater a porta na minha cara quando te procurei Agora eu me curei Agora eu me curei",Simone & Simaria,2016,38,https://www.letras.mus.br/simone-simaria-as-coleguinhas/nao-vou-mais-atras-de-voce-agora-eu-me-curei/,-1
1607,Não Vou Mais Atrás De Você (Agora Eu Me Curei),musica1607,musica1607_trecho6,"Não vou mais atrás de você Eu não vou mais, não vou mais, não vou mais E você vai se arrepender De bater a porta na minha cara quando te procurei",Simone & Simaria,2016,31,https://www.letras.mus.br/simone-simaria-as-coleguinhas/nao-vou-mais-atras-de-voce-agora-eu-me-curei/,-1
1607,Não Vou Mais Atrás De Você (Agora Eu Me Curei),musica1607,musica1607_trecho7,"Eu não vou mais atrás de você Eu não vou mais, não vou mais, não vou mais E você vai se arrepender De bater a porta na minha cara quando te procurei",Simone & Simaria,2016,32,https://www.letras.mus.br/simone-simaria-as-coleguinhas/nao-vou-mais-atras-de-voce-agora-eu-me-curei/,-1
1097,Não Vou Mais Chorar,musica1097,musica1097_trecho1,Te esquecer era o que eu mais queria O que fez comigo é covardia,João Neto e Frederico,2008,14,https://www.letras.mus.br/joao-neto-frederico/1543590/,-1
58,Narcisista,musica58,musica58_trecho4,"Já que eu não sei quem cê é de verdade Já que todo o dia cê é uma pessoa Já que cê tem várias personalidades Seu narcisista, seu covarde Tô terminando com todas suas partes A que me trai, a que é solteira A que cê não foi homem de verdade",Maiara & Maraisa,2023,51,https://www.letras.mus.br/maiara-maraisa/narcisista/,-1
58,Narcisista,musica58,musica58_trecho5,"Já que eu não sei quem cê é de verdade Já que todo o dia cê é uma pessoa Já que cê tem várias personalidades Seu narcisista, seu covarde Tô terminando com todas suas partes A que me trai, a que é solteira A que cê não foi homem de verdade De verdade",Maiara & Maraisa,2023,53,https://www.letras.mus.br/maiara-maraisa/narcisista/,-1
1269,Navegar Em Mim,musica1269,musica1269_trecho1,Assinando o fim Eu lamento tanto Palavras perdidas Sensações vividas,Paula Fernandes,2010,10,https://www.letras.mus.br/paula-fernandes/1750833/,-1
1269,Navegar Em Mim,musica1269,musica1269_trecho2,Eu anulo em mim A promessa feita Eu desfaço o sonho De amor por toda a vida,Paula Fernandes,2010,17,https://www.letras.mus.br/paula-fernandes/1750833/,-1
1080,Nega,musica1080,musica1080_trecho1,"Eu sei, você sofreu demais E sabe que eu não fui capaz Mas, mas, mas Aquele sonho que era meu Descobri não era seu É, não deu",Luan Santana,2012,27,https://www.letras.mus.br/luan-santana/1979110/,-1
1080,Nega,musica1080,musica1080_trecho2,Não deu certo quanto a gente planejou Mas o amor nos deu mais uma chance Volta e vem viver esse romance,Luan Santana,2012,21,https://www.letras.mus.br/luan-santana/1979110/,-1
1080,Nega,musica1080,musica1080_trecho3,"Nega, chega junto Vem me amar Vem cá Já tava arrumando a minha vida Mas tô doido procê bagunçar Nega",Luan Santana,2012,20,https://www.letras.mus.br/luan-santana/1979110/,-1
1080,Nega,musica1080,musica1080_trecho4,"Nega, a saudade não quer sossegar Só tá aumentando e o seu nego Tá indo aí pra te buscar Nega Eu tô pronto pra te amar",Luan Santana,2012,26,https://www.letras.mus.br/luan-santana/1979110/,-1
562,Nem Doeu,musica562,musica562_trecho1,Quando cê pediu pra terminar Quase que eu falei: Até que enfim Meti o dedo no olho pra chorar E por dentro querendo rir,Matheus & Kauan,2020,24,https://www.letras.mus.br/matheus-kauan/nem-doeu/,-1
562,Nem Doeu,musica562,musica562_trecho2,"Aí foi o suficiente pra inventar Que eu sofri feito um maluco por você E na madruga eu não parava de ligar Fala a verdade, quem não quis te atender?",Matheus & Kauan,2020,30,https://www.letras.mus.br/matheus-kauan/nem-doeu/,-1
562,Nem Doeu,musica562,musica562_trecho8,Eu tô bebendo é porque eu tô feliz Eu tô feliz porque acabou nós dois E aproveitando que eu tô solteiro Eu vou beijar primeiro e perguntar o nome depois,Matheus & Kauan,2020,30,https://www.letras.mus.br/matheus-kauan/nem-doeu/,-1
1258,Nem Te Conto,musica1258,musica1258_trecho1,"Xi... Tem um sogro bravo na parada Ele descobriu que sua filha amada já não é mais moça E o culpado disso tudo sou eu, sou eu, sou eu",Lucas Lucco,2013,29,https://www.letras.mus.br/lucas-lucco/nem-te-conto/,-1
1258,Nem Te Conto,musica1258,musica1258_trecho2,Já marcaram até a reunião Tão querendo saber qual minha intenção E que o papai só anda armado E que daquela casa eu só saio casado,Lucas Lucco,2013,26,https://www.letras.mus.br/lucas-lucco/nem-te-conto/,-1
1258,Nem Te Conto,musica1258,musica1258_trecho3,Que papo careta Esse de fazer amor só depois do casamento Assim eu não aguento Vai me desculpar Mas do bolo eu já provei há muito tempo,Lucas Lucco,2013,27,https://www.letras.mus.br/lucas-lucco/nem-te-conto/,-1
1258,Nem Te Conto,musica1258,musica1258_trecho5,"Sogrão, eu nem te conto Nem te conto, nem te conto Sogrão, eu nem te conto Nem te conto, nem te conto Sogrão, eu nem te conto Nem te conto , nem te conto Sogrão, eu nem te conto",Lucas Lucco,2013,39,https://www.letras.mus.br/lucas-lucco/nem-te-conto/,-1
1258,Nem Te Conto,musica1258,musica1258_trecho9,"""Mas e aí, linda, e se seu pai te perguntar O que a gente faz, hein?""",Lucas Lucco,2013,16,https://www.letras.mus.br/lucas-lucco/nem-te-conto/,-1
1258,Nem Te Conto,musica1258,musica1258_trecho11,"""Fala aí, sogrão, tá de parabéns, hein!""",Lucas Lucco,2013,7,https://www.letras.mus.br/lucas-lucco/nem-te-conto/,-1
1448,Ninguém Tem Nada Com Isso,musica1448,musica1448_trecho2,"Colado, enrolado Num rabo de saia Nem tô ligando",Hugo e Tiago,2011,9,https://www.letras.mus.br/hugo-e-tiago/1873656/,-1
1448,Ninguém Tem Nada Com Isso,musica1448,musica1448_trecho11,Se ela revoltar Me por fora de casa Tô vazando,Hugo e Tiago,2011,10,https://www.letras.mus.br/hugo-e-tiago/1873656/,-1
735,No Dia Do Seu Casamento,musica735,musica735_trecho2,"Que venha amargo, quente e me tire do pesadelo Eu desacreditei, me belisquei o dia inteiro Mas não acordo! Não acordo",Maiara & Maraisa,2014,21,https://www.letras.mus.br/maiara-maraisa/no-dia-do-seu-casamento/,-1
735,No Dia Do Seu Casamento,musica735,musica735_trecho3,"No dia do seu casamento Na igreja eu vou entrar correndo Que se exploda os convidados Essas flores, esses vasos Essa sua mentira Dane-se esse teatro",Maiara & Maraisa,2014,26,https://www.letras.mus.br/maiara-maraisa/no-dia-do-seu-casamento/,-1
735,No Dia Do Seu Casamento,musica735,musica735_trecho4,"Olha pro seu dedo agora E jogue essa aliança fora Eu sei bem quem você ama É a mim que você chama Na saúde, na tristeza Na alegria e na cama",Maiara & Maraisa,2014,31,https://www.letras.mus.br/maiara-maraisa/no-dia-do-seu-casamento/,-1
735,No Dia Do Seu Casamento,musica735,musica735_trecho11,"Na saúde, na tristeza Na alegria e na cama",Maiara & Maraisa,2014,9,https://www.letras.mus.br/maiara-maraisa/no-dia-do-seu-casamento/,-1
514,Nocaute,musica514,musica514_trecho2,"Recaí quando te vi, a paixão veio à tona Fui a nocaute, beijei a lona O meu corpo tremeu O tempo passou, a vida mudou, mas eu continuo seu",Jorge & Mateus,2015,29,https://www.letras.mus.br/jorge-mateus/nocaute/,-1
514,Nocaute,musica514,musica514_trecho3,"Ainda sou o mesmo bobo apaixonado Se eu estou errado, não quero nem saber Eu só sei que a vida é mais colorida com você, com você Iê, iê",Jorge & Mateus,2015,29,https://www.letras.mus.br/jorge-mateus/nocaute/,-1
514,Nocaute,musica514,musica514_trecho6,"Ainda sou o mesmo bobo apaixonado Se eu estou errado, não quero nem saber Eu só sei que a vida é mais colorida com você, com você",Jorge & Mateus,2015,27,https://www.letras.mus.br/jorge-mateus/nocaute/,-1
514,Nocaute,musica514,musica514_trecho7,"Ainda sou o mesmo bobo apaixonado Se eu estou errado, não quero nem saber Eu só sei que a vida é mais colorida com você, com você Com você Com você Iê, iê Com você Com você, com você Com você",Jorge & Mateus,2015,41,https://www.letras.mus.br/jorge-mateus/nocaute/,-1
42,Nome Proibido,musica42,musica42_trecho2,"Não me interessa se ela tá indo em festa Bebendo à beça, beijando à beça Cês sabem que eu gosto e falar dela não faz bem Mesmo assim cês falam, cês são amigos de quem?",Simone Mendes,2023,35,https://www.letras.mus.br/simone-mendes/nome-proibido/,-1
42,Nome Proibido,musica42,musica42_trecho3,"Não toca nesse assunto chato, por favor O nome dela é proibido aonde eu tô É que acabou o namoro e não acabou o amor É que acabou o namoro e não acabou o amor",Simone Mendes,2023,35,https://www.letras.mus.br/simone-mendes/nome-proibido/,-1
1413,Nossa Senhora Aparecida,musica1413,musica1413_trecho1,"Ó Senhora Aparecida, rainha da minha fé A força de quem é forte, escudo de quem não é Põe a sua mão sagrada sobre a cabeça da gente Consolo dos oprimidos, proteção dos inocentes Nos livre da ignorância que nesse mundo existe Miséria, violência e fome, nossa verdade mais triste",Rick & Renner,2005,50,https://www.letras.mus.br/rick-e-renner/339003/,-1
1413,Nossa Senhora Aparecida,musica1413,musica1413_trecho2,Ó Senhora Aparecida Nossa Senhora Aparecida És a luz do meu caminho Direção na minha vida,Rick & Renner,2005,16,https://www.letras.mus.br/rick-e-renner/339003/,-1
1413,Nossa Senhora Aparecida,musica1413,musica1413_trecho3,"Ó Senhora Aparecida, olha pra nossas crianças Nosso fruto inocente precisa de esperança Precisar crescer na vida em graça e sabedoria Dormir sono de menino e acordar um novo dia Não existe amanhã se o hoje morre agora Estamos de coração em tuas mãos, Virgem Senhora",Rick & Renner,2005,46,https://www.letras.mus.br/rick-e-renner/339003/,-1
1413,Nossa Senhora Aparecida,musica1413,musica1413_trecho5,"Ó Senhora Aparecida, não nos deixe perecer Somos um povo que sonha, um povo que reza e que crê Acenda a luz da esperança ao pobre que nada tem Mostre que a maior riqueza é viver fazendo o bem Não permita que o homem possa se afastar de Deus Cuida, mãe Aparecida, dos humildes filhos teus",Rick & Renner,2005,56,https://www.letras.mus.br/rick-e-renner/339003/,-1
1413,Nossa Senhora Aparecida,musica1413,musica1413_trecho7,"Ó Senhora Aparecida, que está tão perto do Pai Me responda, por favor, pra onde esse mundo vai Mostre a mágica da vida e a força do perdão O que devemos fazer pra ganhar a salvação Porque eu não sei rezar foi que eu fiz esta canção Ó mãe, aceite meu canto como minha oração",Rick & Renner,2005,55,https://www.letras.mus.br/rick-e-renner/339003/,-1
1094,Nosso Amor Já Era,musica1094,musica1094_trecho3,Depois não vá dizer que se enganou na decisão Não vá querer de volta o meu coração Aí se eu encontrar um novo alguém que me dê amor,Hugo Pena e Gabriel,2011,28,https://www.letras.mus.br/hugo-pena-e-gabriel/1740792/,-1
1094,Nosso Amor Já Era,musica1094,musica1094_trecho4,Depois não vá dizer que se enganou na decisão Não vá querer de volta o meu coração Aí se eu encontrar um novo alguém que me dê amor Eu vou te dizer não,Hugo Pena e Gabriel,2011,33,https://www.letras.mus.br/hugo-pena-e-gabriel/1740792/,-1
1357,Nosso Casamento,musica1357,musica1357_trecho3,"Eu tô na igreja! Te esperando em cima do altar Não demore muito pra chegar Depressa, tá passando o tempo",Léo Magalhães,2012,20,https://www.letras.mus.br/leo-magalhaes/1984185/,-1
1357,Nosso Casamento,musica1357,musica1357_trecho4,"Eu tô na igreja! Convidei, amor, toda cidade Seja feita nossa vontade Hoje é o nosso casamento",Léo Magalhães,2012,17,https://www.letras.mus.br/leo-magalhaes/1984185/,-1
1357,Nosso Casamento,musica1357,musica1357_trecho9,"Eu tô na igreja! Convidei, amor, toda cidade Seja feita nossa vontade Hoje é o nosso casamento Hoje é o nosso casamento",Léo Magalhães,2012,22,https://www.letras.mus.br/leo-magalhaes/1984185/,-1
120,Nosso Quadro,musica120,musica120_trecho4,Tem coisas que nem querendo a gente esquece Final do ano de 2017 Eu começando odonto e você na vet A sua camisa jeans na minha caminhonete,Ana Castela,2024,27,https://www.letras.mus.br/ana-castela/nosso-quadro/,-1
93,Notificação Preferida,musica93,musica93_trecho1,Já doeu Mas hoje não dói mais Tanto fiz Que agora tanto faz,Zé Neto e Cristiano,2018,13,https://www.letras.mus.br/ze-neto-cristiano/notificacao-preferida/,-1
93,Notificação Preferida,musica93,musica93_trecho3,Não tem mais eu e você Tá fácil de entender Você me deu aula de como aprender te esquecer,Zé Neto e Cristiano,2018,19,https://www.letras.mus.br/ze-neto-cristiano/notificacao-preferida/,-1
93,Notificação Preferida,musica93,musica93_trecho9,Já doeu Mas hoje não dói mais,Zé Neto e Cristiano,2018,7,https://www.letras.mus.br/ze-neto-cristiano/notificacao-preferida/,-1
1156,Nova Namorada,musica1156,musica1156_trecho1,"Não vou negar, sofri demais Quando você me deu um fora Mas o tempo passa, o mundo gira O mundo é uma bola",Marcos & Belutti,2011,23,https://www.letras.mus.br/marcos-belutti/1892018/,-1
1156,Nova Namorada,musica1156,musica1156_trecho3,"Pensou que eu ia chorar por você Que eu ia morrer de amor Que eu ia pedir pra voltar Aah, aah, aah Aah, aah, aah",Marcos & Belutti,2011,25,https://www.letras.mus.br/marcos-belutti/1892018/,-1
1156,Nova Namorada,musica1156,musica1156_trecho4,"Que eu ia chorar por você Que eu ia morrer de amor Que eu ia pedir pra voltar Aah, aah, aah Aah, aah, aah",Marcos & Belutti,2011,24,https://www.letras.mus.br/marcos-belutti/1892018/,-1
113,Novo Eu,musica113,musica113_trecho1,"Eu sei que essa boca aqui mentiu demais Que meu costume era fazer chorar Depois me desculpar e ficar tudo bem Eu sei da raiva que sua família pegou de mim Que o meu nome seus amigos não querem ouvir Que, pra tá na minha frente agora, pra um monte de gente Cê teve que mentir",Henrique & Juliano,2025,56,https://www.letras.mus.br/henrique-e-juliano/novo-eu/,-1
113,Novo Eu,musica113,musica113_trecho3,"Meu rosto não mudou, a barba só cresceu Por fora, ainda parece aquele eu Mas não sou o cara que seu choro conheceu Não sou mais um moleque de dezoito Quem te fez sofrer, sofreu em dobro Quem te fez chorar, pagou com choro e se arrependeu Aquele sem noção morreu Dá uma chance pra esse novo eu",Henrique & Juliano,2025,58,https://www.letras.mus.br/henrique-e-juliano/novo-eu/,-1
711,O Amor Coloriu,musica711,musica711_trecho1,"Quando alguém te enche de coragem pra seguir A busca interminável termina em um sorrir E o que era cinza frio o amor coloriu De um jeito assim, tão simples",Luan Santana,2013,30,https://www.letras.mus.br/luan-santana/o-amor-coloriu/,-1
711,O Amor Coloriu,musica711,musica711_trecho2,"Quando há dois caminhos e a escolha é toda sua Talvez nós perderemos numa esquina ou numa rua Mas no final da estrada, numa madrugada, vou te roubar pra mim",Luan Santana,2013,30,https://www.letras.mus.br/luan-santana/o-amor-coloriu/,-1
770,O Cavaco Vuou,musica770,musica770_trecho3,"Botei a saudade no brete, fiz tudo do jeito que faz peão duro Quando veio abrindo a porteira, já comi poeira no primeiro pulo Coloquei o arreio na paixão, com a rédea na mão, eu cheguei a chibata Mas no amor não existe peão, no pulo da paixão, quase que ela me mata",Gino e Geno,2017,53,https://www.letras.mus.br/gino-e-geno/o-cavaco-vuou/,-1
770,O Cavaco Vuou,musica770,musica770_trecho9,"Eu vendi um canário que canta e um que não canta eu vendi muito bem O que canta eu vendi por cinquenta e o que não canta eu vendi por cem Perguntaram qual a diferença, por que o que não canta teve mais valor? O que canta pega a moda pronta, mas o que não canta é o compositor",Gino e Geno,2017,59,https://www.letras.mus.br/gino-e-geno/o-cavaco-vuou/,-1
479,O Céu Explica Tudo,musica479,musica479_trecho1,"Eu amarrotei tantos lençóis Era só eu, nunca era nós Me dava bem no singular",Henrique & Juliano,2017,15,https://www.letras.mus.br/henrique-e-juliano/o-ceu-explica-tudo/,-1
269,O Defensor,musica269,musica269_trecho1,"Mais uma vez, ele te feriu É a última vez Que ele vai por a mão em você Te machucar, fazer sangrar Te humilhar, fazer chorar seu coração",Zezé Di Camargo & Luciano,2015,28,https://www.letras.mus.br/zeze-di-camargo-e-luciano/o-defensor/,-1
269,O Defensor,musica269,musica269_trecho2,"Não tenha medo, denuncie Deixa ele e vem morar comigo Deixa ele e vem morar comigo",Zezé Di Camargo & Luciano,2015,16,https://www.letras.mus.br/zeze-di-camargo-e-luciano/o-defensor/,-1
269,O Defensor,musica269,musica269_trecho3,"Estou aqui, seu defensor Eu vim pra te buscar, eu vou te amar E onde ele bateu, eu vou te beijar Eu só quero curar suas feridas",Zezé Di Camargo & Luciano,2015,27,https://www.letras.mus.br/zeze-di-camargo-e-luciano/o-defensor/,-1
915,O Gavião,musica915,musica915_trecho1,Ele disse que é gavião Que é gostosão e se acha bonito Ele disse que é gavião Que é gostosão e se acha bonito Gavião só dorme no pau Gavião só vive com o pinto no bico Gavião só dorme no pau Gavião só vive com o pinto no bico,Gino e Geno,2005,50,https://www.letras.mus.br/gino-e-geno/254442/,-1
915,O Gavião,musica915,musica915_trecho2,O gavião que voa baixo Tá querendo matar a fome O gavião que voa baixo Tá querendo matar a fome Na verdade todo gavião Quando pousa no chão é um pinto que some Na verdade todo gavião Quando pousa no chão é um pinto que some,Gino e Geno,2005,46,https://www.letras.mus.br/gino-e-geno/254442/,-1
915,O Gavião,musica915,musica915_trecho4,Gavião rei vai atrás da caça Carcará só fica na sola Gavião rei vai atraz da caça Carcará só fica na sola Quando você ve pena voando É gavião brigando por causa de cobra Quando você ve pena voando É gavião brigando por causa de cobra,Gino e Geno,2005,46,https://www.letras.mus.br/gino-e-geno/254442/,-1
915,O Gavião,musica915,musica915_trecho6,Gavião gosta de cobra grande Mais também pega pinto pequeno Gavião gosta de cobra grande Mais também pega pinto pequeno Pra matar gavião tem instinto É de cobra e de pinto que ele tá vivendo Pra matar gavião tem instinto É de cobra e de pinto que ele tá vivendo,Gino e Geno,2005,50,https://www.letras.mus.br/gino-e-geno/254442/,-1
1054,Ô Linda,musica1054,musica1054_trecho2,"Ô moça, o que é que cê tem? Que faz coração dar uns treco De perto parece que tô querendo De longe parece que eu tô de perto",Diego e Victor Hugo,2025,28,https://www.letras.mus.br/diego-victor-hugo/o-linda/,-1
672,O Menino da Porteira,musica672,musica672_trecho3,Nos caminhos desta vida muito espinho eu encontrei Mas nenhum calou mais fundo Do que isso que eu passei Na minha viagem de volta qualquer coisa eu cismei Vendo a porteira fechada o menino eu não avistei,Daniel,2009,37,https://www.letras.mus.br/daniel/1451336/,-1
672,O Menino da Porteira,musica672,musica672_trecho4,"Apeei do meu cavalo num ranchinho beira chão Vi uma mulher chorando, quis saber qual a razão Boiadeiro veio tarde, veja a cruz no estradão Quem matou o meu filhinho foi um boi sem coração",Daniel,2009,35,https://www.letras.mus.br/daniel/1451336/,-1
245,O Meu Coração Em Suas Mãos (Colgando en tus manos) (part. Maiara e Maraisa),musica245,musica245_trecho2,Não foi coincidência encontrar contigo Talvez seja o nosso destino Eu quero dormir outra vez em teu peito E depois acordar com seus beijos,Hugo & Guilherme,2024,24,https://www.letras.mus.br/hugo-guilherme/o-meu-coracao-em-suas-maos-part-maiara-e-maraisa/,-1
245,O Meu Coração Em Suas Mãos (Colgando en tus manos) (part. Maiara e Maraisa),musica245,musica245_trecho3,Teu sexto sentido ainda sonha comigo Sei que logo estaremos unidos Teu sorriso travesso ainda vive comigo Nós estamos no mesmo caminho,Hugo & Guilherme,2024,22,https://www.letras.mus.br/hugo-guilherme/o-meu-coracao-em-suas-maos-part-maiara-e-maraisa/,-1
245,O Meu Coração Em Suas Mãos (Colgando en tus manos) (part. Maiara e Maraisa),musica245,musica245_trecho5,"Te envio poemas de meu punho e letra Te envio canções pra que você entenda Te envio minhas fotos pra que você me veja Não estamos juntos, mas tenho certeza Assim, eu espero que nunca se esqueça Que o meu coração está em suas mãos",Hugo & Guilherme,2024,45,https://www.letras.mus.br/hugo-guilherme/o-meu-coracao-em-suas-maos-part-maiara-e-maraisa/,-1
723,O Mundo É Tão Pequeno,musica723,musica723_trecho1,"Pode brincar Eu te conheço, sei jogar teu jogo Sei que você vai se queimar Sei que não aguenta fogo e vai quebrar a cara Quando me ver escapando entre seus dedos Ou dividindo os meus segredos com outra pessoa Hoje eu acordei gostando mais de mim Vou cair fora numa boa",Jorge & Mateus,2009,52,https://www.letras.mus.br/jorge-mateus/1446997/,-1
656,O Que Cê Vai Fazer,musica656,musica656_trecho2,"Quando os corpos não quiserem mais se abraçar E os olhos desviarem quando ele te olhar, vai doer Talvez hoje seja tarde pra gente voltar Não quero estar na sua pele quando me encontrar, vai doer Vai doer",Fernando e Sorocaba,2013,38,https://www.letras.mus.br/fernando-sorocaba/o-que-ce-vai-fazer/,-1
656,O Que Cê Vai Fazer,musica656,musica656_trecho4,"Já não somos tão jovens pra enlouquecer Nem tão velhos pra ver nosso sonho morrer Vai saber, vai saber Não consegui te esquecer",Fernando e Sorocaba,2013,23,https://www.letras.mus.br/fernando-sorocaba/o-que-ce-vai-fazer/,-1
772,O Que Combina Comigo é Você,musica772,musica772_trecho1,O que combina com frio é cobertor O que combina com a noite é o luar Praia e mar só combinam com calor O que combina com festa é namorar,Zé Henrique & Gabriel,2010,30,https://www.letras.mus.br/ze-henrique-gabriel/1520525/,-1
874,O Que É Amor Pra Você,musica874,musica874_trecho1,"Respira fundo, eu tenho muito pra dizer Talvez você não consiga entender Mas dei o melhor de mim",Marília Mendonça,2015,18,https://www.letras.mus.br/marilia-mendonca/o-que-e-amor-pra-voce/,-1
874,O Que É Amor Pra Você,musica874,musica874_trecho2,Nunca pensei que o fim seria assim tão perto Mas pra seguir sendo sincero Já esperei demais,Marília Mendonça,2015,17,https://www.letras.mus.br/marilia-mendonca/o-que-e-amor-pra-voce/,-1
874,O Que É Amor Pra Você,musica874,musica874_trecho5,"Então me diz, o que é amor pra você? Até agora não consigo entender Se eu fui o que muitos procuram",Marília Mendonça,2015,21,https://www.letras.mus.br/marilia-mendonca/o-que-e-amor-pra-voce/,-1
874,O Que É Amor Pra Você,musica874,musica874_trecho6,"Então me diz, o que é amor pra você? Com quantos corações você vai ter que brincar? Quantos eu te amo você vai desperdiçar? Com seu amor aqui na sua frente Me diz o que é amor pra você",Marília Mendonça,2015,39,https://www.letras.mus.br/marilia-mendonca/o-que-e-amor-pra-voce/,-1
874,O Que É Amor Pra Você,musica874,musica874_trecho11,Me diz o que é amor pra você Com quantos corações você vai ter que brincar? Quantos eu te amo você vai desperdiçar? Com seu amor aqui na sua frente Me diz o que é amor pra você,Marília Mendonça,2015,38,https://www.letras.mus.br/marilia-mendonca/o-que-e-amor-pra-voce/,-1
329,O Que É Que Tem?,musica329,musica329_trecho3,E quando o Sol chegar A gente ama de novo A gente liga pro povo Fala que tá namorando E casa semana que vem,Jorge & Mateus,2012,24,https://www.letras.mus.br/jorge-mateus/o-que-e-que-tem/,-1
329,O Que É Que Tem?,musica329,musica329_trecho9,E pra deixar acontecer A gente liga pro povo Fala que tá namorando E casa semana que vem,Jorge & Mateus,2012,18,https://www.letras.mus.br/jorge-mateus/o-que-e-que-tem/,-1
1355,O Que É Que Você Viu em Mim? (part. Hugo Del Vecchio),musica1355,musica1355_trecho5,O que é que você viu em mim? Por que ainda me ama assim? Ainda me beija como antes Você nunca quis ficar,Marília Mendonça,2016,23,https://www.letras.mus.br/marilia-mendonca/o-que-e-que-voce-viu-em-mim/,-1
1355,O Que É Que Você Viu em Mim? (part. Hugo Del Vecchio),musica1355,musica1355_trecho7,O que é que você viu em mim? Por que ainda me ama assim? Ainda me beija como antes Você nunca quis ficar distante,Marília Mendonça,2016,24,https://www.letras.mus.br/marilia-mendonca/o-que-e-que-voce-viu-em-mim/,-1
1326,O Que Essa Moça Fez Aqui,musica1326,musica1326_trecho1,"Eu sou um caipira, não sei explicar O que estou sentindo, nunca fui de chorar O que essa moça fez aqui? O que essa moça fez aqui?",João Carreiro & Capataz,2010,27,https://www.letras.mus.br/joao-carreiro-capataz/1979189/,-1
1326,O Que Essa Moça Fez Aqui,musica1326,musica1326_trecho2,"Eu vivo no mato, só sei trabalhar Só lido com os bichos, não sei nem falar O que essa moça fez aqui? O que essa moça fez aqui?",João Carreiro & Capataz,2010,28,https://www.letras.mus.br/joao-carreiro-capataz/1979189/,-1
1326,O Que Essa Moça Fez Aqui,musica1326,musica1326_trecho3,"Ela é formada lá no exterior Tamanha beleza, parece uma flor E o que essa moça fez aqui? O que essa moça fez aqui?",João Carreiro & Capataz,2010,24,https://www.letras.mus.br/joao-carreiro-capataz/1979189/,-1
1326,O Que Essa Moça Fez Aqui,musica1326,musica1326_trecho7,E pra aumentar ainda mais a minha dor Já tá prometida pra um tal de doutor E o que essa moça fez aqui?,João Carreiro & Capataz,2010,23,https://www.letras.mus.br/joao-carreiro-capataz/1979189/,-1
213,O Que Falta Em Você Sou Eu,musica213,musica213_trecho2,Não sei se você está bem Se está gostando de outro alguém O corte do cabelo tá do mesmo jeito Aparentemente tudo igual,Marília Mendonça,2015,23,https://www.letras.mus.br/marilia-mendonca/o-que-falta-em-voce-sou-eu/,-1
213,O Que Falta Em Você Sou Eu,musica213,musica213_trecho3,Vi uma foto sua com aquela roupa Mas parecia que faltava alguma coisa Nos traços do sorriso deu pra perceber O que será que tá faltando em você?,Marília Mendonça,2015,28,https://www.letras.mus.br/marilia-mendonca/o-que-falta-em-voce-sou-eu/,-1
213,O Que Falta Em Você Sou Eu,musica213,musica213_trecho5,"O que falta em você sou eu Seu sorriso precisa do meu Sei que tá morrendo de saudade Vem buscar logo, vem, vem, vem",Marília Mendonça,2015,24,https://www.letras.mus.br/marilia-mendonca/o-que-falta-em-voce-sou-eu/,-1
1304,O Que Os Olhos Não Veem,musica1304,musica1304_trecho2,Não vou sorrir pra esconder a dor Quando se perde um amor se perde a direção Não vou fingir nem me fazer de forte Não fui eu quem tive a sorte de encontrar outra paixão,Jorge & Mateus,2009,35,https://www.letras.mus.br/jorge-mateus/1447009/,-1
1304,O Que Os Olhos Não Veem,musica1304,musica1304_trecho3,"E o que os olhos não veem, o coração não sente Não posso te encarar assim tão de repente Eu começo a lembrar, vou me descontrolar Chorar na sua frente",Jorge & Mateus,2009,30,https://www.letras.mus.br/jorge-mateus/1447009/,-1
1220,O Tempo Não Apaga,musica1220,musica1220_trecho2,"O tempo não apaga, não desfaz O beijo que eu desejo sempre mais Não posso esquecer o seu olhar no meu Eu sei que o nosso amor ainda não morreu",Victor & Leo,2013,30,https://www.letras.mus.br/victor-leo/o-tempo-nao-apaga/,-1
1503,Obrigado Deus,musica1503,musica1503_trecho1,"Já parou para pensar As coisas que vem planejando aonde Ele se encaixa E se agradece todo dia que sua vida passa Pois, pode ter certeza que Ele olha por você Já parou pra perceber",Henrique & Juliano,2015,35,https://www.letras.mus.br/henrique-e-juliano/obrigado-deus/,-1
1503,Obrigado Deus,musica1503,musica1503_trecho2,Que tudo que Ele faz por nós não pede nada em troca Que quando tudo te fechou te abre novas portas E quanto tempo do seu dia você tira pra poder agradecer Abra o seu olho e vê,Henrique & Juliano,2015,38,https://www.letras.mus.br/henrique-e-juliano/obrigado-deus/,-1
1503,Obrigado Deus,musica1503,musica1503_trecho3,"Que você hoje tem saúde, tem a paz Felicidade que nem todos podem ter E tem um Deus ali em cima Que até chora quando vê você sofrer Que escolheu sacrificar o filho Dele só pra te deixar viver",Henrique & Juliano,2015,39,https://www.letras.mus.br/henrique-e-juliano/obrigado-deus/,-1
1371,Obrigado por Estragar Tudo,musica1371,musica1371_trecho2,Você fechou os seus olhos Tampou os ouvidos Se fez de mudo E acordou em desespero Naufragou com os seus próprios erros,Marília Mendonça,2019,22,https://www.letras.mus.br/marilia-mendonca/obrigada-por-estragar-tudo/,-1
1371,Obrigado por Estragar Tudo,musica1371,musica1371_trecho5,Você foi a melhor coisa que eu nunca tive Por pouco eu não me iludo Obrigada por estragar tudo,Marília Mendonça,2019,19,https://www.letras.mus.br/marilia-mendonca/obrigada-por-estragar-tudo/,-1
1324,"Oh, Delícia",musica1324,musica1324_trecho2,"Ei, tá frio, que tal um beijo quente? Com gosto de pecado eu posso te fazer pirar Dança comigo, por favor, não se espante Não tenho compromisso Tô disponível pra ficar",Henrique & Diego,2013,31,https://www.letras.mus.br/henrique-diego/oh-delicia/,-1
1274,"Oh, Mamãe",musica1274,musica1274_trecho1,"Oh, mamãe, pode deixar e não precisa preocupar Eu volto cedo, quando o dia clarear Sou responsável e já sei o que fazer, ê ê",Thiago Brava,2013,25,https://www.letras.mus.br/thiago-brava/oh-mamae/,-1
1274,"Oh, Mamãe",musica1274,musica1274_trecho2,"Oh mamãe, hoje a certeza absolut, você vai ver Sou comportado e não posso dar PT Amanhã cedo eu preciso trabalhar E nem precisa perguntar como é que eu vou",Thiago Brava,2013,30,https://www.letras.mus.br/thiago-brava/oh-mamae/,-1
1274,"Oh, Mamãe",musica1274,musica1274_trecho3,"Eu vou, eu vou Tá indo eu, o Jhonny, o Black, o Red, o Zé Aquele mexicano que tá sempre com mulher Que deixa o povo louco sem saber aonde tá, ah ah",Thiago Brava,2013,33,https://www.letras.mus.br/thiago-brava/oh-mamae/,-1
1274,"Oh, Mamãe",musica1274,musica1274_trecho4,"Oh, mamãe, fica de boa que seu filho vai chegar E se por acaso o meu velho perguntar Fala que tá tudo sossegado e já cheguei",Thiago Brava,2013,26,https://www.letras.mus.br/thiago-brava/oh-mamae/,-1
837,Oi,musica837,musica837_trecho4,E toda vez que você me disser oi Eu vou responder só oi Com o meu peito gritando: Te amo (te amo) Toda vez que você me disser oi Eu vou responder só oi Com o meu peito gritando: Te amo,Léo Magalhães,2017,41,https://www.letras.mus.br/leo-magalhaes/oi/,-1
837,Oi,musica837,musica837_trecho7,E toda vez que você me disser oi Eu vou responder só oi Com o meu peito gritando: Te amo (te amo) E toda vez que você me disser oi Eu vou responder só oi Com o meu peito gritando: Te amo,Léo Magalhães,2017,42,https://www.letras.mus.br/leo-magalhaes/oi/,-1
86,Oi Balde,musica86,musica86_trecho3,"Oi, balde Desculpa a cara de pau, mas deu saudade Eu te chutei quando a raiva tava no auge Eu fui um trouxa, a gente sabe Que nunca foi falta de amor, foi só falta de maturidade",Zé Neto e Cristiano,2023,37,https://www.letras.mus.br/ze-neto-cristiano/oi-balde/,-1
86,Oi Balde,musica86,musica86_trecho4,"Oi, balde Desculpa a cara de pau, mas deu saudade Eu te chutei quando a raiva tava no auge Eu fui um trouxa, a gente sabe Que nunca foi falta de amor, foi só falta de maturidade Fala que pra te buscar ainda não é tarde",Zé Neto e Cristiano,2023,46,https://www.letras.mus.br/ze-neto-cristiano/oi-balde/,-1
733,Oi Deus,musica733,musica733_trecho4,Ela me largou E eu não sei rezar Mas prometo tudo se ela voltar,Hugo & Guilherme,2022,14,https://www.letras.mus.br/hugo-guilherme/oi-deus/,-1
1467,Oitava Dose,musica1467,musica1467_trecho3,"Esperando a saudade sair do meu peito Ou alguém vir puxar a cadeira pra me consolar Mas tá demorando Eu já tô na sétima dose, pedindo a oitava sem gelo Pra ver se arranco um terço de você de mim",Matheus & Kauan,2017,40,https://www.letras.mus.br/matheus-kauan/oitava-dose/,-1
1467,Oitava Dose,musica1467,musica1467_trecho4,"E a parte de você que sobrar vai me acompanhar Eu vou deixando um pouco em cada mesa que eu sentar Cada dose que eu tomar, cada boca que eu beijar Pode demorar, mas",Matheus & Kauan,2017,34,https://www.letras.mus.br/matheus-kauan/oitava-dose/,-1
1467,Oitava Dose,musica1467,musica1467_trecho5,"E a parte de você que sobrar vai me acompanhar Eu vou deixando um pouco em cada mesa que eu sentar Cada dose que eu tomar, cada boca que eu beijar Pode demorar, mas ainda deixo de te amar",Matheus & Kauan,2017,39,https://www.letras.mus.br/matheus-kauan/oitava-dose/,-1
107,Olha Onde Eu Tô,musica107,musica107_trecho3,"Ele falou que se eu botasse o meu chapéu, acabou Ele queria fazer eu mudar lá do interior Ele falou pra eu escolher entre o rodeio e o amor Olha onde eu tô, olha onde eu tô Ele falou que se eu botasse o meu chapéu, acabou Ele queria fazer eu mudar lá do interior Ele falou pra eu escolher entre o rodeio e o amor Olha onde eu tô, olha onde eu tô",Ana Castela,2025,74,https://www.letras.mus.br/ana-castela/olha-onde-eu-to/,-1
1514,Olhares Sinceros,musica1514,musica1514_trecho1,"E deixa a tristeza de lado Dê um abraço apertado na primeira pessoa Celebre o amor com quem tá do seu lado Faça o bem sem olhar a quem Simplesmente faça o bem, faça o bem, faça o bem",Jorge & Mateus,2018,39,https://www.letras.mus.br/jorge-mateus/amores-sinceros/,-1
195,Onde Anda Meu Amor,musica195,musica195_trecho1,"Onde anda, meu amor? Diga, por favor O que está fazendo agora Será que nunca me amou Também se enganou Está sozinha, agora chora",Léo Magalhães,2012,24,https://www.letras.mus.br/leo-magalhaes/onde-anda-meu-amor/,-1
195,Onde Anda Meu Amor,musica195,musica195_trecho3,"Volta, meu amor Vem completar nossa cama Volta, meu amor, meu amor Meu coração por ti chama Volta, meu amor Vem me adoçar com seus beijos Volta, meu amor, meu amor Se também for seu desejo",Léo Magalhães,2012,36,https://www.letras.mus.br/leo-magalhaes/onde-anda-meu-amor/,-1
969,Onde Haja Sol,musica969,musica969_trecho3,Veja só Eu podia estar ao seu lado Mas não deu Eu não vou ficar aqui parado,Jorge & Mateus,2009,17,https://www.letras.mus.br/jorge-mateus/1423226/,-1
822,Online,musica822,musica822_trecho1,"Quatro horas da manhã Tá online há vinte minutos Tô hipnotizado aqui Esperando um movimento seu Se não jogar agora, você me perdeu",Henrique & Juliano,2020,23,https://www.letras.mus.br/henrique-e-juliano/online/,-1
822,Online,musica822,musica822_trecho2,"Se depender do que eu sinto agora Se depender do que tô sofrendo Se eu for seguir as regras do jogo O seu online nunca vai ver meu escrevendo Oh, uh, oh-oh",Henrique & Juliano,2020,32,https://www.letras.mus.br/henrique-e-juliano/online/,-1
822,Online,musica822,musica822_trecho4,"Aí, se me manda um sorriso Já era todo meu juízo E a conversa termina Na minha cama ou na sua",Henrique & Juliano,2020,21,https://www.letras.mus.br/henrique-e-juliano/online/,-1
1155,Os 10 Mandamentos do Amor,musica1155,musica1155_trecho1,"Os dez mandamentos do amor Para conquistar uma mulher Tem que ter carinho, tem que ter jeitinho Tem que dar aquilo que ela quer",Eduardo Costa,2013,24,https://www.letras.mus.br/eduardo-costa/os-10-mandamentos-do-amor/,-1
1155,Os 10 Mandamentos do Amor,musica1155,musica1155_trecho3,Terceiro é um cheiro pra sentir o seu perfume Olhando as outras pra ela sentir ciúmes O quarto é brincar no escurinho Ser o lobo mau e ela o chapeuzinho O quinto tem que ser bem safadinho,Eduardo Costa,2013,37,https://www.letras.mus.br/eduardo-costa/os-10-mandamentos-do-amor/,-1
97,Os Anjos Cantam,musica97,musica97_trecho2,É que nos meus sonhos você é linda Pessoalmente é mais linda ainda Nosso amor veio de outras vidas Eu vou te amar nas outras vidas que virão,Jorge & Mateus,2015,28,https://www.letras.mus.br/jorge-mateus/os-anjos-cantam-nosso-amor/,-1
97,Os Anjos Cantam,musica97,musica97_trecho6,É que nos meus sonhos você era linda Pessoalmente é mais linda ainda Nosso amor veio de outras vidas Eu vou te amar nas outras vidas que virão,Jorge & Mateus,2015,28,https://www.letras.mus.br/jorge-mateus/os-anjos-cantam-nosso-amor/,-1
1297,Ou Some Ou Soma,musica1297,musica1297_trecho2,"Quando eu olho, você já sumiu Meu mundo desaba e a ficha caiu Tô sozinho chorando, sofrendo, por sua ausência",Jorge & Mateus,2016,20,https://www.letras.mus.br/jorge-mateus/ou-soma-ou-some/,-1
1297,Ou Some Ou Soma,musica1297,musica1297_trecho3,"De repente, você aparece e o coração não obedece Se é pra sofrer, não quero te ver Sai da minha vida e vê se me esquece",Jorge & Mateus,2016,26,https://www.letras.mus.br/jorge-mateus/ou-soma-ou-some/,-1
1297,Ou Some Ou Soma,musica1297,musica1297_trecho4,"Ou some ou soma, deixe de drama Eu já tô cansado de arriscar E quando eu começo a gostar",Jorge & Mateus,2016,19,https://www.letras.mus.br/jorge-mateus/ou-soma-ou-some/,-1
106,Outro Personagem,musica106,musica106_trecho2,Se eu disser que eu não tremi Eu tô mentindo e cê sabe Não é falta de vontade São outras prioridades Acho que cê voltou tarde,Henrique & Juliano,2025,26,https://www.letras.mus.br/henrique-e-juliano/outro-personagem/,-1
1344,Pac Man,musica1344,musica1344_trecho1,Agora cê me atende Responde minhas mensagens Diz que tá sozinha e tá morrendo de saudade Antes de ficar comigo nunca me deu moral Agora tô bombando e com a pegada elas passam mal,Lucas Lucco,2013,34,https://www.letras.mus.br/lucas-lucco/pac-man/,-1
1344,Pac Man,musica1344,musica1344_trecho4,"Antes de ficar comigo Nunca me deu moral Agora conhecido, eu tô lindo, pegando geral Todos já sabem, tô estilo Pac Man Correndo atrás das lindas e Nhec nhec nhec",Lucas Lucco,2013,30,https://www.letras.mus.br/lucas-lucco/pac-man/,-1
1179,Paga Pau,musica1179,musica1179_trecho1,"Você diz que não me ama, você diz que não me quer Mas fica pagando pau, qual é que é Todo dia seu teatro é exatamente igual Você finge que me odeia, mas no fundo paga pau",Fernando e Sorocaba,2010,37,https://www.letras.mus.br/fernando-sorocaba/1439183/,-1
1179,Paga Pau,musica1179,musica1179_trecho2,"Ela é atriz, ela faz cena, ela mete uma pressão Se joga na minha frente, me engana não Feito cobra mal matada, ela rebola, eu passo mal Com o nariz empinado, ela é a tal",Fernando e Sorocaba,2010,35,https://www.letras.mus.br/fernando-sorocaba/1439183/,-1
1179,Paga Pau,musica1179,musica1179_trecho3,"Se eu mando um xaveco, ela finge não ouvir Mas se eu grito: ""Olha a bruxa!"", vem discutir Sua psicologia tá um tanto quanto errada Ou me aceita de uma vez, ou tá danada!",Fernando e Sorocaba,2010,34,https://www.letras.mus.br/fernando-sorocaba/1439183/,-1
1179,Paga Pau,musica1179,musica1179_trecho5,"Ela é atriz, ela faz cena, ela mete uma pressão Se joga na minha frente, me engana não Feito cobra mal matada, ela rebola eu passo mal Com o nariz empinado, ela é a tal",Fernando e Sorocaba,2010,35,https://www.letras.mus.br/fernando-sorocaba/1439183/,-1
866,Palácios e Castelos,musica866,musica866_trecho2,"Li, reli seu manual inteiro Descobri todos os seus segredos Desenhei o mapa que me leva a você",Luan Santana,2011,18,https://www.letras.mus.br/luan-santana/1779426/,-1
866,Palácios e Castelos,musica866,musica866_trecho3,"A gente se conheceu na escola Eu pegando onda e jogando bola Você era modelo e adorava dançar Praia, cinema, festinhas no ar!",Luan Santana,2011,23,https://www.letras.mus.br/luan-santana/1779426/,-1
866,Palácios e Castelos,musica866,musica866_trecho4,"Se tá com dor, eu sou doutor Tá com frio, eu sou calor Mando flores, dou beijinho em sua mão Se quer brincar de se esconder No escurinho eu e você É só pedir com o coração",Luan Santana,2011,37,https://www.letras.mus.br/luan-santana/1779426/,-1
511,Palavras de Perdão,musica511,musica511_trecho1,"Culpada Eu mereço adjetivo de culpada Eu fui incompreensível, até chamei de drama os seus traumas",Marília Tavares,2024,16,https://www.letras.mus.br/marilia-tavares/palavras-de-perdao/,-1
511,Palavras de Perdão,musica511,musica511_trecho2,Desculpa o meu ciúme em excesso E as vergonhas que te fiz passar no meio do povo Todas as vezes que eu te pisei com meu ego O que doeu em você Pode ter certeza que tá doendo em mim em dobro,Marília Tavares,2024,42,https://www.letras.mus.br/marilia-tavares/palavras-de-perdao/,-1
511,Palavras de Perdão,musica511,musica511_trecho3,"Mesmo sabendo que eu tava bloqueada Digitei essas palavras de perdão com eu te amo Do nada, mensagem visualizada E gelei quando eu vi um digitando e recebi um",Marília Tavares,2024,29,https://www.letras.mus.br/marilia-tavares/palavras-de-perdao/,-1
998,Palhaça (part. Ana Castela),musica998,musica998_trecho3,E tem A dançarina que até nos modão Quica no chão Quica no chão,Naiara Azevedo,2023,14,https://www.letras.mus.br/naiara-azevedo/palhaca-part-ana-castela/,-1
1218,Pantera Cor-de-rosa,musica1218,musica1218_trecho2,Sabe se vestir do jeito que o homem gosta Vestido apertadinho da pantera cor-de-rosa Pra que?,Munhoz & Mariano,2014,16,https://www.letras.mus.br/munhoz-mariano/pantera-cor-de-rosa/,-1
1218,Pantera Cor-de-rosa,musica1218,musica1218_trecho3,Pada pada pada pada Pada pada pada pada Pra dar o que falar,Munhoz & Mariano,2014,13,https://www.letras.mus.br/munhoz-mariano/pantera-cor-de-rosa/,-1
1218,Pantera Cor-de-rosa,musica1218,musica1218_trecho5,"Não importa se é preto Branco, verde ou cor-de-rosa Se for apertadinho pode pôr, que o pai gosta",Munhoz & Mariano,2014,18,https://www.letras.mus.br/munhoz-mariano/pantera-cor-de-rosa/,-1
988,Par De Olhos,musica988,musica988_trecho3,"E foi por causa de um par de olhos castanhos Que eu vim parar nesse ambiente aqui Era pra amenizar, mas só tá aumentando E é por isso que eu choro assim",Lauana Prado,2025,32,https://www.letras.mus.br/lauana-prado/par-de-olhos/,-1
988,Par De Olhos,musica988,musica988_trecho4,"Foi por causa de um par de olhos castanhos Que eu vim parar nesse ambiente aqui Era pra amenizar, mas só tá aumentando E é por isso que eu choro assim",Lauana Prado,2025,31,https://www.letras.mus.br/lauana-prado/par-de-olhos/,-1
988,Par De Olhos,musica988,musica988_trecho8,"Era pra amenizar, mas só tá aumentando E é por isso que eu choro assim",Lauana Prado,2025,15,https://www.letras.mus.br/lauana-prado/par-de-olhos/,-1
671,PARECE,musica671,musica671_trecho2,"Quem era só pra dar uns amasso, eu dei um curto espaço Ela nem deu a mão, eu dei o braço O empolgado aqui achou que ia virar alguma coisa Os eu te amo de olho virado",Luan Santana,2024,37,https://www.letras.mus.br/luan-santana/parece/,-1
671,PARECE,musica671,musica671_trecho3,"Cê parece o amor da minha vida, mas não é De longe, copo de Coca também parece café O álcool parece água, o açúcar parece sal O que parece que faz bem pode fazer mal Cê parece o amor da minha vida, mas não é De longe, copo de Coca também parece café O álcool parece água, o açúcar parece sal A gente parece de tudo, só não parece um casal Só não parece um casal",Luan Santana,2024,76,https://www.letras.mus.br/luan-santana/parece/,-1
1242,Parece Namoro,musica1242,musica1242_trecho1,"Você sempre vem, você sempre volta É um vai e vem que não sai de órbita Me acostumei, nem tranco a porta Eita vida torta, não sai de moda",Marília Mendonça,2018,29,https://www.letras.mus.br/marilia-mendonca/parece-namoro/,-1
1242,Parece Namoro,musica1242,musica1242_trecho9,A gente é tão um do outro,Marília Mendonça,2018,7,https://www.letras.mus.br/marilia-mendonca/parece-namoro/,-1
1279,Parece Piada,musica1279,musica1279_trecho3,"Longe um do outro o coração pede socorro E a boca pede o gosto da noite passada A gente não se assume, não Mas também não se larga, não Num dia dá pause, no outro dá play E parece piada",Henrique & Juliano,2015,40,https://www.letras.mus.br/henrique-e-juliano/parece-piada/,-1
1279,Parece Piada,musica1279,musica1279_trecho4,"Longe um do outro, coração pede socorro E a boca pede o gosto da noite passada A gente não se assume, não Mas também não se larga, não Num dia dá pause, no outro dá play E parece piada Só dando risada de nós dois",Henrique & Juliano,2015,45,https://www.letras.mus.br/henrique-e-juliano/parece-piada/,-1
876,Paredes,musica876,musica876_trecho1,"Despertador tocou, cadê o meu amor Pra me dar o primeiro beijo do dia? Na hora do café, cadê minha mulher Que os meu desejos de cor sabia?",Jorge & Mateus,2016,28,https://www.letras.mus.br/jorge-mateus/paredes/,-1
876,Paredes,musica876,musica876_trecho2,"Eu tentei trabalhar, tá difícil concentrar Fim de tarde é pior, nasce o pôr o Sol Ela me esperava com o sorriso estampado na cara Hoje o dia tá passando, a saudade apertando E eu sozinho nessa casa",Jorge & Mateus,2016,38,https://www.letras.mus.br/jorge-mateus/paredes/,-1
876,Paredes,musica876,musica876_trecho3,"Ah, se essas paredes não falassem Ah, se o travesseiro não contasse Todas as noites de amor Que eu vivi com você",Jorge & Mateus,2016,22,https://www.letras.mus.br/jorge-mateus/paredes/,-1
875,Passa Mal,musica875,musica875_trecho2,"O tempo passou, passou Tudo mudou, mudou Da sua boca, eu já nem lembro do sabor Mundo girou, girou Girou, rodou, rodou Desaprendi a te chamar de meu amor",Marília Mendonça,2019,29,https://www.letras.mus.br/marilia-mendonca/passa-mal/,-1
875,Passa Mal,musica875,musica875_trecho3,"Na minha vida, o seu coração serviu de degrau Te ver sofrendo não é bom, é sensacional Agora passa mal, agora passa mal, agora passa mal",Marília Mendonça,2019,26,https://www.letras.mus.br/marilia-mendonca/passa-mal/,-1
756,Pássaro Noturno,musica756,musica756_trecho1,"Procurei e encontrei Meu amor, minha cara metade Me entreguei, te mostrei (Quem eu sou) quem eu sou, a minha verdade",Simone & Simaria,2014,21,https://www.letras.mus.br/simone-simaria-as-coleguinhas/passaro-noturno/,-1
756,Pássaro Noturno,musica756,musica756_trecho2,"Sou pássaro noturno, quer ser meu par? Procuro entender por que, iê Eu, sem você, já não durmo, nem sei voar Sonhar, viver, ê",Simone & Simaria,2014,24,https://www.letras.mus.br/simone-simaria-as-coleguinhas/passaro-noturno/,-1
756,Pássaro Noturno,musica756,musica756_trecho3,"Todo dia eu quero, todo dia espero Todo dia eu chamo, todo dia eu amo Só você, iê, iê E vai valer a pena mudar essa cena Viver meu roteiro, amo o tempo inteiro Só você",Simone & Simaria,2014,36,https://www.letras.mus.br/simone-simaria-as-coleguinhas/passaro-noturno/,-1
756,Pássaro Noturno,musica756,musica756_trecho6,"Que eu, eu Sou pássaro noturno, quer ser meu par? Procuro entender por que, iê Eu, sem você, já não durmo, nem sei voar (Sonhar) sonhar, viver, ê",Simone & Simaria,2014,28,https://www.letras.mus.br/simone-simaria-as-coleguinhas/passaro-noturno/,-1
756,Pássaro Noturno,musica756,musica756_trecho7,"Todo dia eu quero, todo dia espero Todo dia eu chamo, todo dia eu amo (eu amo) Só você, iê, iê E vai valer a pena mudar essa cena Viver o meu roteiro, amo o tempo inteiro Só você",Simone & Simaria,2014,39,https://www.letras.mus.br/simone-simaria-as-coleguinhas/passaro-noturno/,-1
745,Pátio do Posto,musica745,musica745_trecho1,"Enquanto eu pago a conta do quarto Cê vai secando seu cabelo molhado Logo em seguida, a gente vai sentido ao posto Onde você deixou seu carro",Zé Neto e Cristiano,2023,27,https://www.letras.mus.br/ze-neto-cristiano/patio-do-posto/,-1
745,Pátio do Posto,musica745,musica745_trecho10,Enquanto eu pago a conta do quarto Cê vai secando seu cabelo molhado,Zé Neto e Cristiano,2023,13,https://www.letras.mus.br/ze-neto-cristiano/patio-do-posto/,-1
965,Pecado de Amor,musica965,musica965_trecho1,"Me deixe aqui com a cabeça cheia de problemas Vou me resolver Sou complicada, louca, inconsequente Meus defeitos você finge que não vê Por me ver chorar Por me ver sofrer",Fátima Leão,2012,31,https://www.letras.mus.br/fatima-leao/1726286/,-1
477,Pedras,musica477,musica477_trecho4,"Por isso, para e pense Dá um tempo, se ajeite aqui comigo Não caminhe contra o vento Para não correr perigo Se essa dor doer em mim A metade é sua",Zezé Di Camargo,2022,31,https://www.letras.mus.br/zeze-di-camargo/pedras/,-1
521,Pega Esse Carro,musica521,musica521_trecho3,"Pega esse carro acelera fundo Vem na direção que dá direto pro meu mundo A cada pensada a gente perde um segundo Vem sem tomar banho, a gente toma banho junto Pega esse carro acelera fundo Vem na direção que dá direto pro meu mundo A cada pensada a gente perde um segundo Vem sem tomar banho, a gente toma banho junto",Marcos & Belutti,2025,62,https://www.letras.mus.br/marcos-belutti/pega-esse-carro/,-1
521,Pega Esse Carro,musica521,musica521_trecho7,Fala que cê já tá no caminho No Waze tá dando cinco Meu portão já tá abrindo E você já tá subindo igual minha libido Só não me deixa passar a vontade sozinho,Marcos & Belutti,2025,33,https://www.letras.mus.br/marcos-belutti/pega-esse-carro/,-1
521,Pega Esse Carro,musica521,musica521_trecho8,"Pega esse carro acelera fundo Vem na direção que dá direto pro meu mundo A cada pensada a gente perde um segundo Vem sem tomar banho, a gente toma banho junto Vem sem tomar banho, a gente toma banho junto",Marcos & Belutti,2025,40,https://www.letras.mus.br/marcos-belutti/pega-esse-carro/,-1
1385,Pegada Que Desgrama,musica1385,musica1385_trecho1,Não quero mais Tô vendo que a gente não tá dando certo Fala demais E ainda joga na cara que eu nunca presto,Naiara Azevedo,2017,23,https://www.letras.mus.br/naiara-azevedo/pegada-que-desgrama/,-1
1385,Pegada Que Desgrama,musica1385,musica1385_trecho2,"Até que eu tento não ser trouxa Mas o problema é que cê tem, tem",Naiara Azevedo,2017,15,https://www.letras.mus.br/naiara-azevedo/pegada-que-desgrama/,-1
958,Pelo Bem da Minha Saudade,musica958,musica958_trecho2,"O semblante que tô bem no rosto Sexta-feira, umas 10 e pouco Lá tá indo ela Lá tá indo ela",Gusttavo Lima,2025,20,https://www.letras.mus.br/gusttavo-lima/pelo-bem-da-minha-saudade/,-1
958,Pelo Bem da Minha Saudade,musica958,musica958_trecho4,"Já deve ter colocado o seu nome Numa lista de balada Porque ela tá bem melhor sem eu É o que as amigas dela fala Infelizmente, eu não posso fazer nada, mas",Gusttavo Lima,2025,32,https://www.letras.mus.br/gusttavo-lima/pelo-bem-da-minha-saudade/,-1
958,Pelo Bem da Minha Saudade,musica958,musica958_trecho7,"Já deve ter colocado o seu nome Numa lista de balada Porque ela tá bem melhor sem eu É o que as amigas dela fala Infelizmente, eu não posso fazer nada",Gusttavo Lima,2025,31,https://www.letras.mus.br/gusttavo-lima/pelo-bem-da-minha-saudade/,-1
1186,Pense Em Mim (part. Lucas e Luan),musica1186,musica1186_trecho5,"O tempo que passamos juntos vai ficar pra sempre Intimidades, brincadeiras, só a gente entende Pra quem fala que namorar é perder tempo, eu digo Há muito tempo eu não cresci o que eu cresci contigo",Jorge & Mateus,2012,36,https://www.letras.mus.br/jorge-mateus/1602117/,-1
1546,Perdeu o Cara Errado,musica1546,musica1546_trecho1,Nesses dias chuvosos de frio É aí que o vazio da tua ausência aumenta mais E o silêncio desse telefone tá me deixando doente Será que você também sente? Não há ser humano que aguente,Cristiano Araújo,2014,35,https://www.letras.mus.br/cristiano-araujo/perdeu-o-cara-errado/,-1
1582,Perdoa Amor,musica1582,musica1582_trecho3,Você se foi Já faz muito tempo que eu estou sofrendo Ainda continuo te querendo E essa vontade de você aumenta mais e mais a cada dia Coração que chora dor que não melhora Solidão castiga o peito toda hora E a minha consciência me faz ver que eu errei Naquele dia,Marcos & Belutti,2009,52,https://www.letras.mus.br/marcos-belutti/1504018/,-1
1549,Perfeitinha,musica1549,musica1549_trecho1,"Ela é uma princesa que não usa coroa Ela usa boné Não precisa de salto, ela para o baile Só de tênis no pé",Enzo Rabelo,2020,24,https://www.letras.mus.br/enzo-rabelo/perfeitinha/,-1
1549,Perfeitinha,musica1549,musica1549_trecho3,"Ela é toda, toda, toda perfeitinha E o melhor é que ela é toda, toda minha Ela é toda, toda, toda perfeitinha Dá vontade de guardar numa caixinha",Enzo Rabelo,2020,28,https://www.letras.mus.br/enzo-rabelo/perfeitinha/,-1
1549,Perfeitinha,musica1549,musica1549_trecho4,"Ela é toda, toda, toda perfeitinha E o melhor é que ela é toda, toda minha Ela é toda, toda, toda perfeitinha Dá vontade de guardar numa caixinha Pra ninguém roubar",Enzo Rabelo,2020,31,https://www.letras.mus.br/enzo-rabelo/perfeitinha/,-1
308,Pergunta Boba,musica308,musica308_trecho2,"Você com esse cabelo preto, sorriso sem jeito Foi chegando perto, chegou perto demais Em três ou quatro dias, tava tudo tão perfeito Dos meus problemas, eu já nem me lembrava mais Só queria você, só pensava em você Mas ainda tem coisas pra me arrepender E eu vou dizer",Jorge & Mateus,2016,50,https://www.letras.mus.br/jorge-mateus/pergunta-boba/,-1
308,Pergunta Boba,musica308,musica308_trecho3,Me arrependi de não ter te abraçado outra vez Não ter te beijado uma última vez Não ter te olhado outra vez Ficar acordado até depois das seis Só pra ver o Sol nascer Sonhar os sonhos mais loucos com você E eu vou dizer,Jorge & Mateus,2016,45,https://www.letras.mus.br/jorge-mateus/pergunta-boba/,-1
1301,Perto de Mim,musica1301,musica1301_trecho1,Aonde você quer chegar Se eu tô bem aqui Aonde você não está Não preciso ir E quando eu não te encontrar E quando eu não te encontrar Eu vou te sentir,Thaeme e Thiago,2013,32,https://www.letras.mus.br/thaeme-thiago/perto-de-mim/,-1
1301,Perto de Mim,musica1301,musica1301_trecho2,"Eu tô com medo de sair e você voltar Eu não posso me permitir Não vou me perdoar Afinal, afinal te esperei tantos anos",Thaeme e Thiago,2013,24,https://www.letras.mus.br/thaeme-thiago/perto-de-mim/,-1
1301,Perto de Mim,musica1301,musica1301_trecho3,Meu corpo tá arrepiado Há meia hora eu tô chorando Eu vejo o vulto dos seus passos Acho que tô delirando Tô sentindo que você tá perto de mim,Thaeme e Thiago,2013,29,https://www.letras.mus.br/thaeme-thiago/perto-de-mim/,-1
347,Pior Parte,musica347,musica347_trecho1,Não tá me fazendo bem Não tô certo em fazer isso Tô colocando o futuro de alguém que não é meu Em risco,Simone Mendes,2023,23,https://www.letras.mus.br/simone-mendes/pior-parte/,-1
347,Pior Parte,musica347,musica347_trecho4,"Parte dessa culpa é dela, que ligou pra mim E a pior parte vai ser minha por não resistir Parte dessa culpa é dela, que ligou pra mim E a pior parte vai ser minha por não resistir",Simone Mendes,2023,38,https://www.letras.mus.br/simone-mendes/pior-parte/,-1
1394,Piradinha,musica1394,musica1394_trecho3,"Ela não anda, ela desfila Quando chega na festa Arrasa na pista",Gabriel Valim,2013,12,https://www.letras.mus.br/gabriel/piradinha/,-1
1394,Piradinha,musica1394,musica1394_trecho5,Mas depois de um tempo Bebe e fica piradinha Ela desce do salto A gatinha perde a linha,Gabriel Valim,2013,18,https://www.letras.mus.br/gabriel/piradinha/,-1
1280,Pirraça,musica1280,musica1280_trecho1,Vou pagar promessa de joelhos Só pra esquecer você Vou passar uns dias lá na Lua Eu não quero mais te ver,Jorge & Mateus,2012,22,https://www.letras.mus.br/jorge-mateus/1198518/,-1
1280,Pirraça,musica1280,musica1280_trecho2,"Vou falar pro meu coração bater o pé Pra não morrer de paixão, não quero Mais esse amor que me faz tão mal Chega de sofrer, adeus, ponto final",Jorge & Mateus,2012,29,https://www.letras.mus.br/jorge-mateus/1198518/,-1
748,Pitoco,musica748,musica748_trecho3,"Liguei pra lá, Pitoco atendeu Tem alguém aí? (Au, au, au) ele respondeu É algum marmanjo? (Au, au, au) assim confirmou Ele tá na sala? (Au, au) Pitoco negou Ele tá no quarto? (Au, au, au) assim confirmou Faz tempo? Au (Pitoco uivou) Que que eles tão fazendo Pitoco? Pitoco fungou, a casa caiu É mais um caso que acontece no Brasil",Teodoro e Sampaio,2009,62,https://www.letras.mus.br/teodoro-e-sampaio/1529400/,-1
748,Pitoco,musica748,musica748_trecho5,"Liguei pra lá, Pitoco atendeu Tem alguém aí? (Au, au, au) ele respondeu É algum marmanjo? (Au, au, au) assim confirmou Ele tá na sala? (Au, au) Pitoco negou Ele tá no quarto? (Au, au, au) assim confirmou Faz tempo? (Au) Pitoco uivou Que que eles tão fazendo Pitoco? Pitoco fungou, a casa caiu É mais um caso que acontece no Brasil",Teodoro e Sampaio,2009,62,https://www.letras.mus.br/teodoro-e-sampaio/1529400/,-1
1296,Plano B,musica1296,musica1296_trecho1,Meu plano sempre foi ter Um relacionamento sério com você E conquistar seu coração Te levar lá em casa Te apresentar para os meus pais Tomar sorvete e dar a mão Coisa da imaginação Você não tá querendo se amarrar Só tá afim de curtição Ainda bem que eu tenho o plano A e o plano B O plano C nunca existiu Não vou chorar por você,Lucas Lucco,2013,67,https://www.letras.mus.br/lucas-lucco/plano-b/,-1
1296,Plano B,musica1296,musica1296_trecho2,Eu já tentei o plano A E o plano de amar você falhou Agora eu vou tentar o plano B Eu já tentei o plano A E o plano de amar você falhou Agora eu vou tentar o plano B,Lucas Lucco,2013,40,https://www.letras.mus.br/lucas-lucco/plano-b/,-1
902,Planos Impossíveis,musica902,musica902_trecho2,Como é que eu faço pra escapar Dessa vontade que eu tenho de falar Toda hora com você Faço planos impossíveis pra te ver Mas pra mim são tão reais E o que aconteceu eu nem me lembro mais,Jads e Jadson,2013,39,https://www.letras.mus.br/jads-e-jadson/planos-impossiveis/,-1
902,Planos Impossíveis,musica902,musica902_trecho3,Eu poderia escrever mil canções só pra você Poderia te falar meus motivos pra gostar tanto de você Me diz quando a gente vai se ver Pra eu poder te abraçar E tentar te explicar a falta que você me faz Eu não aguento mais ficar tão longe de você!,Jads e Jadson,2013,50,https://www.letras.mus.br/jads-e-jadson/planos-impossiveis/,-1
902,Planos Impossíveis,musica902,musica902_trecho6,Eu poderia escrever mil canções só pra você Poderia te falar meus motivos pra gostar tanto de você Me diz quando a gente vai se ver Pra eu poder te abraçar E tentar te explicar a falta que você me faz Eu não aguento mais ficar tão longe de você,Jads e Jadson,2013,50,https://www.letras.mus.br/jads-e-jadson/planos-impossiveis/,-1
879,Pode Chorar,musica879,musica879_trecho1,"Quase que acabo com a minha vida Você me pôs num beco sem saída Por que fez isso comigo? Me dediquei somente a você Tudo o que eu podia eu tentei fazer Mas não, não adiantou",Jorge & Mateus,2007,36,https://www.letras.mus.br/jorge-mateus/1050892/,-1
879,Pode Chorar,musica879,musica879_trecho2,"Você não sabe o que é amar Você não sabe o que é amor Acha que é somente ficar, ficar, ficar E se rolar, rolou Não se maltrata o coração De quem não merece sofrer Não vou ficar na solidão de mão em mão Assim como você",Jorge & Mateus,2007,47,https://www.letras.mus.br/jorge-mateus/1050892/,-1
879,Pode Chorar,musica879,musica879_trecho6,"Você não sabe o que é amar Você não sabe o que é amor Acha que é só mesmo ficar, ficar, ficar E se rolar, rolou Não se maltrata o coração De quem não merece sofrer Não vou ficar na solidão de mão em mão Assim como você",Jorge & Mateus,2007,48,https://www.letras.mus.br/jorge-mateus/1050892/,-1
1411,Pode Ir Embora,musica1411,musica1411_trecho2,"O amor é assim Chega de repente e faz a gente se perder Tá marcado em mim Não sai do pensamento, querendo me enlouquecer",Bruno & Marrone,2009,24,https://www.letras.mus.br/bruno-e-marrone/1460073/,-1
1411,Pode Ir Embora,musica1411,musica1411_trecho4,"Vai, fecha a porta Faz como se tudo não passasse de ilusão Me ignora Destrói o sentimento e vai atrás de outra paixão Esquece tudo Prometo não chorar e nem tentar te convencer Que um dia amei você",Bruno & Marrone,2009,38,https://www.letras.mus.br/bruno-e-marrone/1460073/,-1
596,Ponto Final,musica596,musica596_trecho1,"Olha, quero te dizer, que precisamos conversar, antes que",Di Paullo e Paulino,2011,9,https://www.letras.mus.br/di-paulo-e-paulino/ponto-final/,-1
596,Ponto Final,musica596,musica596_trecho2,"Antes que alguém lhe conte a verdade, eu mesmo abro o jogo Faz muito tempo que eu não quero nada do que você quer O que eu sentia por você na fase que nós começamos Agora eu sinto dez vezes mais forte por outra mulher",Di Paullo e Paulino,2011,45,https://www.letras.mus.br/di-paulo-e-paulino/ponto-final/,-1
596,Ponto Final,musica596,musica596_trecho5,"Nós dois compomos a trilha sonora de um filme real A nossa história já passou do tempo, do ponto final",Di Paullo e Paulino,2011,20,https://www.letras.mus.br/di-paulo-e-paulino/ponto-final/,-1
226,Ponto G,musica226,musica226_trecho2,Passe comigo um final de semana Em uma cabana presa aos meus abraços E até duvido que segunda-feira Você ainda queira dormir em outros braços,Edy Britto & Samuel,2014,25,https://www.letras.mus.br/edy-brito-e-samuel/ponto-g/,-1
226,Ponto G,musica226,musica226_trecho3,E até duvido que segunda-feira Você ainda queira dormir em outros braços,Edy Britto & Samuel,2014,12,https://www.letras.mus.br/edy-brito-e-samuel/ponto-g/,-1
226,Ponto G,musica226,musica226_trecho7,"Sinta meu gosto, se aqueça em meu corpo Receba o título de minha mulher Tornar possível o quase impossível Só será possível se você quiser",Edy Britto & Samuel,2014,25,https://www.letras.mus.br/edy-brito-e-samuel/ponto-g/,-1
226,Ponto G,musica226,musica226_trecho8,Juro por Deus que se eu ouvir um sim Você será por mim eternamente amada Eu sei de muito e se eu fizer com calma Até sua alma fica apaixonada,Edy Britto & Samuel,2014,30,https://www.letras.mus.br/edy-brito-e-samuel/ponto-g/,-1
805,Por Nossos Filhos,musica805,musica805_trecho1,"Duas famílias, uma cidade Uma disputa por vaidade Colocando o poder e ódio à frente do amor",Zé Neto e Cristiano,2017,17,https://www.letras.mus.br/ze-neto-cristiano/por-nossos-filhos/,-1
805,Por Nossos Filhos,musica805,musica805_trecho4,E olha a gente aqui agora A sua filha é minha nora Não adianta ir contra o destino De novo a vida está nos unindo,Zé Neto e Cristiano,2017,25,https://www.letras.mus.br/ze-neto-cristiano/por-nossos-filhos/,-1
1164,Por Quê?,musica1164,musica1164_trecho2,"Eu vejo o tempo passando E cada vez me apaixonando mais Mas você não percebe, por quê? Invente uma história",Jorge & Mateus,2012,20,https://www.letras.mus.br/jorge-mateus/porque/,-1
1164,Por Quê?,musica1164,musica1164_trecho3,Me diz qualquer coisa Mas fala comigo Gosto de ouvir tua voz De olhar teus olhos tão lindos,Jorge & Mateus,2012,18,https://www.letras.mus.br/jorge-mateus/porque/,-1
742,Por Um Gole a Mais,musica742,musica742_trecho1,"Paguei, eu assumo, eu admito que foi ilusão, errei Um descuido, um deslize do meu coração, te magoei Fiz exatamente o que devia pra te ver chorar, e me ver chorar",Bruno & Marrone,2005,31,https://www.letras.mus.br/bruno-e-marrone/193833/,-1
742,Por Um Gole a Mais,musica742,musica742_trecho2,"Não sei, se te imploro de joelhos o perdão ou se te deixo ir Mas eu vou lutar, te procurar, tentar me redimir De um erro, uma loucura dessas que a gente faz Por um gole a mais",Bruno & Marrone,2005,38,https://www.letras.mus.br/bruno-e-marrone/193833/,-1
742,Por Um Gole a Mais,musica742,musica742_trecho4,"E foi embora Foi levando a minha paz, o meu sorriso e desapareceu Já não sei mais o que faço dessa vida, já não sou mais eu Se tiver um jeito, me perdoa, pelo amor de Deus",Bruno & Marrone,2005,37,https://www.letras.mus.br/bruno-e-marrone/193833/,-1
742,Por Um Gole a Mais,musica742,musica742_trecho7,"E foi embora Foi levando a minha paz, o meu sorriso e desapareceu Eu não sei mais o que faço dessa vida, já não sou mais eu Se tiver um jeito, me perdoa, pelo amor de Deus",Bruno & Marrone,2005,37,https://www.letras.mus.br/bruno-e-marrone/193833/,-1
792,Pra Não Lembrar De Mim (part. Zezé Di Camargo & Luciano),musica792,musica792_trecho4,Busca nas suas lembranças Os seus melhores momentos Se me achar apaga tudo Que esse é o único jeito,Guilherme & Santiago,2025,19,https://www.letras.mus.br/guilherme-e-santiago/pra-nao-lembrar-de-mim-part-zeze-di-camargo-e-luciano/,-1
792,Pra Não Lembrar De Mim (part. Zezé Di Camargo & Luciano),musica792,musica792_trecho5,Mas eu já te adianto Tô tentando faz um tempo Pra te arrancar da minha vida É só arrancando o peito,Guilherme & Santiago,2025,21,https://www.letras.mus.br/guilherme-e-santiago/pra-nao-lembrar-de-mim-part-zeze-di-camargo-e-luciano/,-1
792,Pra Não Lembrar De Mim (part. Zezé Di Camargo & Luciano),musica792,musica792_trecho6,Então boa sorte aí Porque eu não consegui Te esquecer sem esquecer de mim,Guilherme & Santiago,2025,14,https://www.letras.mus.br/guilherme-e-santiago/pra-nao-lembrar-de-mim-part-zeze-di-camargo-e-luciano/,-1
1282,Pra Nunca Dizer Adeus,musica1282,musica1282_trecho2,"É tão grande essa paixão que tenho no meu peito Tanto amor guardado no meu coração Quantas vezes for preciso, gritarei ao mundo que te amo E você vai se orgulhar de mim",Jorge & Mateus,2009,33,https://www.letras.mus.br/jorge-mateus/1486857/,-1
1282,Pra Nunca Dizer Adeus,musica1282,musica1282_trecho3,"Vem, amor, me abra de uma vez Arranque todos os segredos meus Ocupe a solidão de um coração que te pertence Pra nunca mais me dizer adeus",Jorge & Mateus,2009,27,https://www.letras.mus.br/jorge-mateus/1486857/,-1
1282,Pra Nunca Dizer Adeus,musica1282,musica1282_trecho6,"Vem, amor, me abra de uma vez Arranque todos os segredos meus Ocupe a solidão de um coração que te pertence Pra nunca mais me dizer adeus Pra nunca mais me dizer adeus",Jorge & Mateus,2009,33,https://www.letras.mus.br/jorge-mateus/1486857/,-1
1443,Pra Que Conversar?,musica1443,musica1443_trecho3,Já descobri porque você se foi O tal motivo pra você deixar Um dia você se apaixonou Mas sei que não aprendeu a me amar Me diz agora pra que conversar,Paula Fernandes,2010,31,https://www.letras.mus.br/paula-fernandes/1824359/,-1
1443,Pra Que Conversar?,musica1443,musica1443_trecho4,"Se foi você quem me abandonou? Me liga aqui, tenta me consolar E na verdade sei que será melhor A gente não se falar",Paula Fernandes,2010,24,https://www.letras.mus.br/paula-fernandes/1824359/,-1
910,Pra Que Entender?,musica910,musica910_trecho1,"O que tem por trás desse sorriso Que me deixa fissurado em você? É um misto de desejo e vício Já tentei, mas não consigo entender",Jorge & Mateus,2012,26,https://www.letras.mus.br/jorge-mateus/1901815/,-1
910,Pra Que Entender?,musica910,musica910_trecho2,Toda vez que eu te encontro Sinto os pés fora do chão Toda vez que eu te olho Não consigo dizer não,Jorge & Mateus,2012,22,https://www.letras.mus.br/jorge-mateus/1901815/,-1
910,Pra Que Entender?,musica910,musica910_trecho3,"Por mais que eu queira Não consigo mais pensar em nada (nada) Quando eu notei, já era amor Eu não imaginava Por mais que eu queira Não consigo mais pensar em nada (nada) Quando eu notei, já era amor Eu não imaginava",Jorge & Mateus,2012,42,https://www.letras.mus.br/jorge-mateus/1901815/,-1
1367,Pra Que Juízo,musica1367,musica1367_trecho1,Tomar juízo pra que Se eu quero é você Pra que juízo?,Henrique & Juliano,2014,12,https://www.letras.mus.br/henrique-e-juliano/pra-que-juizo/,-1
1367,Pra Que Juízo,musica1367,musica1367_trecho3,Pra que juízo se eu já perdi o meu E o meu desejo é que você perca o seu Foi tentando evitar seu olhar Foi tentando fugir de você Foi querendo a vontade ocultar Foi tentando querer me conter Foi pensando no medo de errar Foi lutando pra não me perder Enlouqueci,Henrique & Juliano,2014,52,https://www.letras.mus.br/henrique-e-juliano/pra-que-juizo/,-1
1367,Pra Que Juízo,musica1367,musica1367_trecho4,"Pra que juízo se eu já perdi o meu E eu tô querendo, tô sempre esperando Que você também perca o seu",Henrique & Juliano,2014,22,https://www.letras.mus.br/henrique-e-juliano/pra-que-juizo/,-1
1367,Pra Que Juízo,musica1367,musica1367_trecho5,Pra que juízo se eu já perdi o meu Eu tô querendo é que também perca o seu,Henrique & Juliano,2014,18,https://www.letras.mus.br/henrique-e-juliano/pra-que-juizo/,-1
1367,Pra Que Juízo,musica1367,musica1367_trecho7,"Pra que juízo se eu já perdi o meu E eu tô querendo, é que você perca o seu Pra que juízo (pra que juízo) Se eu já perdi o meu E eu tô querendo, tô sempre esperando Que você também perca o seu",Henrique & Juliano,2014,44,https://www.letras.mus.br/henrique-e-juliano/pra-que-juizo/,-1
374,Pra Sempre Com Você,musica374,musica374_trecho1,A gente se conheceu há pouco tempo Mas a gente já está falando em casamento Tô correndo um risco sério de viver pra sempre com você,Jorge & Mateus,2016,26,https://www.letras.mus.br/jorge-mateus/pra-sempre-com-voce/,-1
666,Pra Ser Feliz,musica666,musica666_trecho2,Já imaginou de onde vem A luz de um cego Já cogitou descer De cima do seu ego Tem tanta gente por aí Na exclusão e ainda sorri Tenho me perguntado,Daniel,2011,31,https://www.letras.mus.br/daniel/1964931/,-1
666,Pra Ser Feliz,musica666,musica666_trecho3,"Pra ser feliz Do que o ser humano necessita? O que é que faz a vida ser bonita? A resposta, onde é que está escrita?",Daniel,2011,25,https://www.letras.mus.br/daniel/1964931/,-1
666,Pra Ser Feliz,musica666,musica666_trecho4,Pra ser feliz O quanto de dinheiro eu preciso Como é que se conquista o paraíso Quanto custa Pro verdadeiro sorriso Brotar do coração,Daniel,2011,24,https://www.letras.mus.br/daniel/1964931/,-1
1061,Pra Te Fazer Lembrar,musica1061,musica1061_trecho1,"Tá tão difícil pra você também, né? Com o coração vazio, mas sempre de pé Buscando alguma direção Quantas vezes você me escreveu e não mandou Pegou o telefone e não ligou Partiu seu próprio coração",Lucas Lucco,2013,36,https://www.letras.mus.br/lucas-lucco/so-pra-te-fazer-lembrar/,-1
1061,Pra Te Fazer Lembrar,musica1061,musica1061_trecho2,"Eu tenho uma má notícia pra te dar Isso não vai passar tão cedo, não adianta esperar Às vezes ficamos bem, mas depois vem o desespero Eu tento esconder, mas vi que pensei em você o dia inteiro",Lucas Lucco,2013,38,https://www.letras.mus.br/lucas-lucco/so-pra-te-fazer-lembrar/,-1
1061,Pra Te Fazer Lembrar,musica1061,musica1061_trecho3,"Mas sempre haverá uma data, palavra, um olhar Um filme, uma música, pra te fazer lembrar Um perfume, um abraço, um sorriso só pra atrapalhar Só pra te fazer lembrar de mim",Lucas Lucco,2013,32,https://www.letras.mus.br/lucas-lucco/so-pra-te-fazer-lembrar/,-1
1061,Pra Te Fazer Lembrar,musica1061,musica1061_trecho6,"Mas sempre haverá uma data, palavra, um olhar Um filme, uma música, pra te fazer lembrar Um perfume, um abraço, um sorriso só pra atrapalhar Só pra te fazer Mas sempre haverá uma data, palavra, um olhar Um filme, uma música, pra te fazer lembrar Um perfume, um abraço, um sorriso só pra atrapalhar Só pra te fazer lembrar de mim Só pra te fazer lembrar de mim",Lucas Lucco,2013,68,https://www.letras.mus.br/lucas-lucco/so-pra-te-fazer-lembrar/,-1
1061,Pra Te Fazer Lembrar,musica1061,musica1061_trecho7,"Mas sempre haverá uma data, palavra, um olhar Um filme, uma música, pra te fazer lembrar Um perfume, um abraço, um sorriso só pra atrapalhar Só pra te fazer lembrar de mim Só pra te fazer lembrar de mim Só pra te fazer lembrar de mim",Lucas Lucco,2013,46,https://www.letras.mus.br/lucas-lucco/so-pra-te-fazer-lembrar/,-1
180,Pra Ter o Seu Amor,musica180,musica180_trecho2,"Você é frio, é calor É febre de amor Saudade de paixão Eu sigo sempre rumo ao seu coração",Jorge & Mateus,2010,19,https://www.letras.mus.br/jorge-mateus/1734491/,-1
180,Pra Ter o Seu Amor,musica180,musica180_trecho3,Pra ter o seu amor Eu viajei pelo seu mundo Me vi com seus olhos Descobri quem sou Ai ai ai,Jorge & Mateus,2010,21,https://www.letras.mus.br/jorge-mateus/1734491/,-1
1165,Presente de Deus,musica1165,musica1165_trecho3,Você é meu presente de Deus História de amor numa canção Escrevi teu nome junto ao meu E colei dentro de um coração,Maria Cecília e Rodolfo,2010,23,https://www.letras.mus.br/maria-cecilia-rodolfo/1641350/,-1
643,Presepada (part. Marília Mendonça),musica643,musica643_trecho1,(Vem cá E se eu te dissesse Que você tá perdendo o amor da sua vida? Você ainda abriria mais uma?),Maiara & Maraisa,2021,21,https://www.letras.mus.br/maiara-maraisa/presepada/,-1
643,Presepada (part. Marília Mendonça),musica643,musica643_trecho5,É hora de parar com a presepada Respeita a sua namorada Agarra essa mulher e casa Agarra ela e casa,Maiara & Maraisa,2021,20,https://www.letras.mus.br/maiara-maraisa/presepada/,-1
643,Presepada (part. Marília Mendonça),musica643,musica643_trecho11,Respeita a sua namorada Agarra essa mulher e casa Agarra ela e casa,Maiara & Maraisa,2021,13,https://www.letras.mus.br/maiara-maraisa/presepada/,-1
643,Presepada (part. Marília Mendonça),musica643,musica643_trecho15,"(Sabe aquela pessoa fantástica, diferente Especial, incomparável, acima da média? Tá aí do seu lado)",Maiara & Maraisa,2021,15,https://www.letras.mus.br/maiara-maraisa/presepada/,-1
1173,Preta,musica1173,musica1173_trecho1,"Preta Nessa canção que fiz especialmente pra você Tentei expressar tudo o que sinto Espero que você goste Pois você é minha vida, amo você",João Carreiro & Capataz,2009,25,https://www.letras.mus.br/joao-carreiro-capataz/1061566/,-1
1173,Preta,musica1173,musica1173_trecho2,"Quero escrever carta, mandar flores Pois nada se assemelha ao seus valores Quero te provar que sou seu fã Quero te acordar todas manhãs, beijando tua boca Quero tornar seus dias inesquecíveis Eu quero te dar todas as provas de amor possíveis Quero realizar os sonhos seus Eu quero passar os dias meus, todos contigo Eu quero te dar meu coração Minha vida está em suas mãos",João Carreiro & Capataz,2009,67,https://www.letras.mus.br/joao-carreiro-capataz/1061566/,-1
1436,Preto e Branco,musica1436,musica1436_trecho2,"Mas você chegou e trouxe a paz Pro coração eu sei Transformou meu mundo E me mostrou o amor que eu deixei Sorte a minha, que a vida muda Muita coisa o tempo cura E me fez viver",Bruninho e Davi,2014,38,https://www.letras.mus.br/bruninho-davi/preto-e-branco/,-1
1436,Preto e Branco,musica1436,musica1436_trecho3,"Vem amor, e traz a cor pro que era preto e branco Eu vou te desenhando Vem amor e traz calor pro frio que vem chegando Eu tô te esperando",Bruninho e Davi,2014,30,https://www.letras.mus.br/bruninho-davi/preto-e-branco/,-1
1436,Preto e Branco,musica1436,musica1436_trecho5,"Mas você chegou e trouxe a paz Pro coração, eu sei Transformou meu mundo E me mostrou o amor que eu deixei Sorte a minha que a vida muda Muita coisa o tempo cura E me fez viver",Bruninho e Davi,2014,38,https://www.letras.mus.br/bruninho-davi/preto-e-branco/,-1
1436,Preto e Branco,musica1436,musica1436_trecho6,Vem amor e traz a cor pro que era preto e branco Eu vou te desenhando Vem amor e traz calor pro frio que vem chegando Eu tô te esperando Vem amor e traz a cor pro que era preto e branco Eu vou te desenhando Vem amor e traz calor pro frio que vem chegando Eu tô te esperando Vem amor e traz calor pro frio que vem chegando Eu tô te esperando,Bruninho e Davi,2014,74,https://www.letras.mus.br/bruninho-davi/preto-e-branco/,-1
693,Primeiro de Abril,musica693,musica693_trecho2,"Se alguém falou Que andei mostrando o seu retrato, isso é conversa A sua vida, quer saber? Não me interessa Eu te asseguro, eu nem me lembro de você",Léo Magalhães,2008,29,https://www.letras.mus.br/leo-magalhaes/1405071/,-1
693,Primeiro de Abril,musica693,musica693_trecho4,Deve ser outra pessoa Ou um caso parecido Deve ser alguém querendo Só brincar contigo,Léo Magalhães,2008,15,https://www.letras.mus.br/leo-magalhaes/1405071/,-1
693,Primeiro de Abril,musica693,musica693_trecho6,"Hoje é o Dia da Mentira Eu brinquei, e você caiu Na verdade, hoje é primeiro De abril",Léo Magalhães,2008,18,https://www.letras.mus.br/leo-magalhaes/1405071/,-1
5,Princesa (part. Ana Castela),musica5,musica5_trecho3,"Me fala onde é que tá doendo Me mostra onde foi que machucou Que eu vou soprar, beijar Beijar, te amar até curar a dor Me fala onde é que tá doendo Me mostra onde foi que machucou Que eu vou soprar, beijar Beijar, te amar até curar a dor",Gustavo Mioto,2025,50,https://www.letras.mus.br/gustavo-mioto/princesa-part-ana-castela/,-1
1143,Princesinha (part. Mr. Catra),musica1143,musica1143_trecho5,"A noite passou, e o que restou? Passou da conta ela bebeu demais Batom rebocado, cabelo bagunçado Bem mais safada que o normal Já desceu do salto, tá bem mais humilde Bebinha que só, começa a delirar Princesa",Lucas Lucco,2013,38,https://www.letras.mus.br/lucas-lucco/princesinha/,-1
1143,Princesinha (part. Mr. Catra),musica1143,musica1143_trecho6,Chega princesinha e sai mendiga Com o sapato na mão e o vestido lá em cima No começo da balada é a top sem igual Mas agora princesinha vai embora,Lucas Lucco,2013,30,https://www.letras.mus.br/lucas-lucco/princesinha/,-1
1143,Princesinha (part. Mr. Catra),musica1143,musica1143_trecho13,"Chega princesinha e sai mendiga Com o sapato na mão e o vestido lá em cima No começo da balada é a top sem igual Mas agora princesinha, vai embora hein",Lucas Lucco,2013,31,https://www.letras.mus.br/lucas-lucco/princesinha/,-1
1416,Príncipe,musica1416,musica1416_trecho1,"E aí? Olá Você me esperava, né? Prazer, sou seu príncipe Cheio de defeitos",Lucas Lucco,2014,14,https://www.letras.mus.br/lucas-lucco/principe/,-1
1416,Príncipe,musica1416,musica1416_trecho4,"Quero escrever a nossa história Você, princesa, vamo agora Será que rola? Sem final, o que me diz? Só ser feliz",Lucas Lucco,2014,21,https://www.letras.mus.br/lucas-lucco/principe/,-1
1416,Príncipe,musica1416,musica1416_trecho5,Eu quero ser seu príncipe encantado Seu eterno namorado Te acordar com um beijo meu Só meu,Lucas Lucco,2014,17,https://www.letras.mus.br/lucas-lucco/principe/,-1
1416,Príncipe,musica1416,musica1416_trecho6,"Eu quero ser seu príncipe perfeito Se não for, eu dou um jeito Você sabe, eu sempre dou um jeito",Lucas Lucco,2014,20,https://www.letras.mus.br/lucas-lucco/principe/,-1
268,Prisão Sem Grade,musica268,musica268_trecho2,Quando o amor invade é sempre natural Bateu dentro do peito um clique fora do normal E agora só resta deixar acontecer,Jorge & Mateus,2012,22,https://www.letras.mus.br/jorge-mateus/prisao-sem-grades/,-1
268,Prisão Sem Grade,musica268,musica268_trecho3,"Você me seduziu, me hipnotizou Eu me apaixonei, a cabeça virou Eu sigo a minha vida numa prisão sem grade Eu sigo te amando e todo mundo sabe Todo mundo sabe Todo mundo sabe Todo mundo sabe",Jorge & Mateus,2012,37,https://www.letras.mus.br/jorge-mateus/prisao-sem-grades/,-1
268,Prisão Sem Grade,musica268,musica268_trecho5,"Você me seduziu, me hipnotizou Eu me apaixonei, a cabeça virou Eu sigo minha vida numa prisão sem grade E todo mundo sabe Todo mundo sabe Todo mundo sabe",Jorge & Mateus,2012,29,https://www.letras.mus.br/jorge-mateus/prisao-sem-grades/,-1
268,Prisão Sem Grade,musica268,musica268_trecho6,"Você me seduziu, me hipnotizou, a cabeça virou Eu sigo minha vida numa prisão sem grade E todo mundo sabe Todo mundo sabe Todo mundo sabe Todo mundo sabe",Jorge & Mateus,2012,29,https://www.letras.mus.br/jorge-mateus/prisao-sem-grades/,-1
648,Pro Nosso Bem,musica648,musica648_trecho1,Tira uma dúvida aqui O tempo que passou longe de mim Fez bem ou não te fez tão bem assim? O que eu sei é que tá bad por aqui,Gustavo Mioto,2019,30,https://www.letras.mus.br/gustavo-mioto/pro-nosso-bem/,-1
648,Pro Nosso Bem,musica648,musica648_trecho2,"Será que já se acostumou A dormir com os dois travesseiros Não disputar espaço no chuveiro E acordar sem o meu beijo chato de despertador? Será que já se acostumou? (Então, me fala a verdade)",Gustavo Mioto,2019,35,https://www.letras.mus.br/gustavo-mioto/pro-nosso-bem/,-1
648,Pro Nosso Bem,musica648,musica648_trecho3,"Como é que tá seu coração sozin sem mim? E se tiver igual ao meu, que dó, tadin Pro nosso bem, escuta a dica Pega a sua vida e traz de volta pra minha E traz de volta",Gustavo Mioto,2019,38,https://www.letras.mus.br/gustavo-mioto/pro-nosso-bem/,-1
648,Pro Nosso Bem,musica648,musica648_trecho4,"Como é que tá seu coração sozin sem mim? E se tiver igual ao meu, que dó, tadin Pro nosso bem, escuta a dica Pega a sua vida e traz de volta pra minha (E traz de volta pra minha)",Gustavo Mioto,2019,40,https://www.letras.mus.br/gustavo-mioto/pro-nosso-bem/,-1
648,Pro Nosso Bem,musica648,musica648_trecho5,Será que já se acostumou A dormir com os dois travesseiros Não disputar espaço no chuveiro E acordar sem o meu beijo chato de despertador? Será que já se acostumou?,Gustavo Mioto,2019,30,https://www.letras.mus.br/gustavo-mioto/pro-nosso-bem/,-1
648,Pro Nosso Bem,musica648,musica648_trecho6,"Como é que tá seu coração sozin sem mim? E se tiver igual ao meu, que dó, tadin Pro nosso bem, escuta a dica Pega a sua vida e traz de volta",Gustavo Mioto,2019,32,https://www.letras.mus.br/gustavo-mioto/pro-nosso-bem/,-1
648,Pro Nosso Bem,musica648,musica648_trecho7,"Como é que tá seu coração sozin sem mim? E se tiver igual ao meu, que dó, tadin Pro nosso bem, escuta a dica Pega a sua vida e traz de volta pra minha",Gustavo Mioto,2019,34,https://www.letras.mus.br/gustavo-mioto/pro-nosso-bem/,-1
1595,Problema,musica1595,musica1595_trecho1,"Eu queria sumir e não te responder nunca mais Deixar nossa história pra trás, dizer que quem perdeu foi você Eu queria esquecer o bem que a sua boca me faz E com todas as letras dizer: então vai E em qualquer paixão me perder",Jorge & Mateus,2016,45,https://www.letras.mus.br/jorge-mateus/problema/,-1
60,Proibido Terminar,musica60,musica60_trecho1,"Vai ter dias que eu vou acordar querendo menos Neste dia, cê acorda me querendo mais Vai ter dia que você só vai tá dez por cento Te completo com os noventa, fica tudo em paz",Gusttavo Lima,2025,36,https://www.letras.mus.br/gusttavo-lima/so-ta-proibido-terminar/,-1
60,Proibido Terminar,musica60,musica60_trecho3,"Tá liberado acordar de mau humor Normal um dia ou outro não fazer amor Ciúme existe, é só saber lidar Só tá proibido terminar Nesse mundão, eu por você, você por mim Casais felizes também têm dias ruins São dois adultos, é só conversar Só tá proibido terminar",Gusttavo Lima,2025,48,https://www.letras.mus.br/gusttavo-lima/so-ta-proibido-terminar/,-1
1351,Promete,musica1351,musica1351_trecho2,Eu te amarei por 1001 motivos Vou perguntar baixinho ao pé do ouvido Promete que vai ser só minha Que vai me entender num olhar? Promete que vai visitar os meus sonhos de noite À luz do luar?,Luan Santana,2012,38,https://www.letras.mus.br/luan-santana/promete/,-1
1351,Promete,musica1351,musica1351_trecho3,Promete ler meus pensamentos? Decifrar o meu coração? Porque só assim vai saber Que minha vida inteira está em suas mãos,Luan Santana,2012,21,https://www.letras.mus.br/luan-santana/promete/,-1
509,Propaganda,musica509,musica509_trecho1,"Ela queima o arroz Quebra copo na pia Tropeça no sofá, machuca o dedinho E a culpa ainda é minha",Jorge & Mateus,2018,20,https://www.letras.mus.br/jorge-mateus/propaganda/,-1
509,Propaganda,musica509,musica509_trecho3,É isso que eu falo pros outros Mas você sabe que o esquema é outro Só faço isso pra malandro não querer crescer o olho,Jorge & Mateus,2018,25,https://www.letras.mus.br/jorge-mateus/propaganda/,-1
509,Propaganda,musica509,musica509_trecho4,"Tá doido que eu vou Fazer propaganda de você Isso não é medo de te perder, amor É pavor, é pavor",Jorge & Mateus,2018,21,https://www.letras.mus.br/jorge-mateus/propaganda/,-1
509,Propaganda,musica509,musica509_trecho5,"Tá doido que eu vou Fazer propaganda de você Isso não é medo de te perder, amor É pavor É minha, cuido mesmo, pronto e acabou",Jorge & Mateus,2018,26,https://www.letras.mus.br/jorge-mateus/propaganda/,-1
509,Propaganda,musica509,musica509_trecho8,É isso que eu falo pros outros Mas você sabe que o esquema é outro Só falo isso pra malandro não querer crescer o olho,Jorge & Mateus,2018,25,https://www.letras.mus.br/jorge-mateus/propaganda/,-1
345,Pulei Na Piscina,musica345,musica345_trecho2,"Pode vir, tá de boa que hoje ela não vem Disse um amigo meu pra me tranquilizar Cê tá precisando sair, precisando esquecer Hoje é piscina e churrasco Só traz o que cê for beber",Guilherme & Benuto,2021,35,https://www.letras.mus.br/guilherme-e-benuto/pulei-na-piscina/,-1
345,Pulei Na Piscina,musica345,musica345_trecho3,Chegando lá Algum filho da mãe também chamou ela pra ir E ela foi com outro E eu que não sou de levar sofrimento pra casa Quando ela foi dar um beijo nele A vista embaçou e eu não vi mais nada,Guilherme & Benuto,2021,42,https://www.letras.mus.br/guilherme-e-benuto/pulei-na-piscina/,-1
345,Pulei Na Piscina,musica345,musica345_trecho5,"Pulei na piscina, chorei disfarçado Só pra ninguém ver os meus olhos molhados Pulei na piscina tão desesperado Que quando eu caí, foi mágoa pra todo lado",Guilherme & Benuto,2021,27,https://www.letras.mus.br/guilherme-e-benuto/pulei-na-piscina/,-1
345,Pulei Na Piscina,musica345,musica345_trecho6,"Pulei na piscina, chorei disfarçado Só pra ninguém ver os meus olhos molhados Pulei na piscina tão desesperado Que quando eu caí, foi mágoa pra todo lado Pra ver se esse amor morre afogado",Guilherme & Benuto,2021,34,https://www.letras.mus.br/guilherme-e-benuto/pulei-na-piscina/,-1
345,Pulei Na Piscina,musica345,musica345_trecho10,"Pulei, chorei disfarçado Só pra ninguém ver os meus olhos molhados Pulei na piscina tão desesperado Que quando eu caí, foi mágoa",Guilherme & Benuto,2021,22,https://www.letras.mus.br/guilherme-e-benuto/pulei-na-piscina/,-1
345,Pulei Na Piscina,musica345,musica345_trecho11,"Pulei na piscina, chorei disfarçado Só pra ninguém ver os meus olhos molhados Pulei na piscina tão desesperado Quando eu caí, foi mágoa pra todo lado Pra ver se esse amor morre afogado",Guilherme & Benuto,2021,33,https://www.letras.mus.br/guilherme-e-benuto/pulei-na-piscina/,-1
345,Pulei Na Piscina,musica345,musica345_trecho12,"Oh, oh Será que ele morre afogado? Será que eu esqueço dela dessa vez?",Guilherme & Benuto,2021,14,https://www.letras.mus.br/guilherme-e-benuto/pulei-na-piscina/,-1
1338,quando a bad bater,musica1338,musica1338_trecho2,"Para pra ver o quanto a gente cresceu E tudo que eu te dei de bom Lembra da gente no seu quarto, no breu Debaixo do seu edredom",Luan Santana,2019,28,https://www.letras.mus.br/luan-santana/quando-a-bad-bater/,-1
1338,quando a bad bater,musica1338,musica1338_trecho9,Vai ver quando a bad bater Quando essa bad bater E o silêncio trazer minha voz,Luan Santana,2019,16,https://www.letras.mus.br/luan-santana/quando-a-bad-bater/,-1
1338,quando a bad bater,musica1338,musica1338_trecho10,Vai ver quando a bad bater Quando essa bad bater Vai ver que a sua sede é de nós,Luan Santana,2019,19,https://www.letras.mus.br/luan-santana/quando-a-bad-bater/,-1
1376,Quando A Chuva Passar (part. Marcus Vianna),musica1376,musica1376_trecho3,Só quero te lembrar De quando a gente Andava nas estrelas Nas horas lindas Que passamos juntos,Paula Fernandes,2009,17,https://www.letras.mus.br/paula-fernandes/1667434/,-1
1346,Quando O Mel É Bom,musica1346,musica1346_trecho5,Mas esperei a tua reação A verdade é que a noite passada Ficou tatuada em meu coração,Simone & Simaria,2016,17,https://www.letras.mus.br/simone-simaria-as-coleguinhas/quando-o-mel-e-bom/,-1
457,Quando Você Some (part. Zezé Di Camargo & Luciano),musica457,musica457_trecho1,Quando você some assim Queria não pensar que vai voltar Prefiro encarar que seja o fim Prefiro que não volte a me encontrar,Victor & Leo,2012,23,https://www.letras.mus.br/victor-leo/quando-voce-some/,-1
457,Quando Você Some (part. Zezé Di Camargo & Luciano),musica457,musica457_trecho3,"Preciso te olhar nos olhos E, sem chorar, dizer adeus Mas quando você chega perto Meus olhos e palavras Não são mais meus",Victor & Leo,2012,23,https://www.letras.mus.br/victor-leo/quando-voce-some/,-1
457,Quando Você Some (part. Zezé Di Camargo & Luciano),musica457,musica457_trecho4,Preciso dizer que preciso Sentir verdade no que você diz e faz Ou me leve a sério Ou vá embora E não volte mais,Victor & Leo,2012,24,https://www.letras.mus.br/victor-leo/quando-voce-some/,-1
457,Quando Você Some (part. Zezé Di Camargo & Luciano),musica457,musica457_trecho10,Ou me leve a sério Ou vá embora E não volte mais,Victor & Leo,2012,12,https://www.letras.mus.br/victor-leo/quando-voce-some/,-1
755,Quanto Custa?,musica755,musica755_trecho1,"Quanto custa cada segundo de uma vida toda? Agora, imagina se a gente junta No fim das contas, temos muita coisa",Murilo Huff,2024,21,https://www.letras.mus.br/murilo-huff/quanto-custa/,-1
755,Quanto Custa?,musica755,musica755_trecho2,Quanto custa ter um carinho do ano? Ter um abraço de grife? Ter na carteira da vida um amor sem limite?,Murilo Huff,2024,21,https://www.letras.mus.br/murilo-huff/quanto-custa/,-1
755,Quanto Custa?,musica755,musica755_trecho3,E o que é riqueza pra você? Me fala Pra mim são os pingos de gente bagunçando a sala Um abraço apertado toda vez que chega em casa Isso o dinheiro não paga,Murilo Huff,2024,33,https://www.letras.mus.br/murilo-huff/quanto-custa/,-1
755,Quanto Custa?,musica755,musica755_trecho4,E o que é riqueza pra você? Me fala Às vezes você já tem tudo e pensa que tem nada Olha pro lado e repara Que a felicidade é o caminho e não a chegada,Murilo Huff,2024,35,https://www.letras.mus.br/murilo-huff/quanto-custa/,-1
133,Quarta Cadeira (part. Jorge & Mateus),musica133,musica133_trecho5,Não adianta se iludir Seu copo já tá cheio aqui pra te acudir,Matheus & Kauan,2019,13,https://www.letras.mus.br/matheus-kauan/quarta-cadeira-part-jorge-e-mateus/,-1
133,Quarta Cadeira (part. Jorge & Mateus),musica133,musica133_trecho10,"Não adianta se iludir Seu copo já tá cheio aqui pra te acudir Não adianta se iludir Seu copo já tá cheio aqui pra te acudir Pra te acudir, pra te acudir",Matheus & Kauan,2019,32,https://www.letras.mus.br/matheus-kauan/quarta-cadeira-part-jorge-e-mateus/,-1
812,Quarto 67 (part. Luan Santana),musica812,musica812_trecho1,"Chegou querendo causar Fingiu que não me conhecia Me deu prazer de noite Oi, muito prazer, de dia Cê pode até enganar todo mundo no rolê Dizer que a gente não tem nada a ver Já faz um tempo",Guilherme & Benuto,2025,39,https://www.letras.mus.br/guilherme-e-benuto/quarto-67-part-luan-santana/,-1
812,Quarto 67 (part. Luan Santana),musica812,musica812_trecho2,Cê pode até fugir da minha boca Mas eu quero ver cê escapar do pensamento Cê pode até fugir da minha boca Mas eu quero ver cê escapar do pensamento,Guilherme & Benuto,2025,30,https://www.letras.mus.br/guilherme-e-benuto/quarto-67-part-luan-santana/,-1
812,Quarto 67 (part. Luan Santana),musica812,musica812_trecho3,"Se você soubesse que na minha mente Cê já tá sem roupa por cima de mim Altos flashback do quarto 67 Ô, lembrança boa lá daquele (vai, Luan) Se você soubesse que na minha mente Cê já tá sem roupa por cima de mim Altos flashback do quarto 67 Ô, lembrança boa lá daquele motelzin",Guilherme & Benuto,2025,55,https://www.letras.mus.br/guilherme-e-benuto/quarto-67-part-luan-santana/,-1
812,Quarto 67 (part. Luan Santana),musica812,musica812_trecho6,"Se você soubesse que na minha mente Cê já tá sem roupa por cima de mim Altos flashback do quarto 67 Ô, lembrança boa lá daquele motelzin Se você soubesse que na minha mente Cê já tá sem roupa por cima de mim Altos flashback do quarto 67 Ô, lembrança boa lá daquele motelzin",Guilherme & Benuto,2025,54,https://www.letras.mus.br/guilherme-e-benuto/quarto-67-part-luan-santana/,-1
812,Quarto 67 (part. Luan Santana),musica812,musica812_trecho7,"Altos flashback do quarto 67 Ô, lembrança boa lá daquele motelzin",Guilherme & Benuto,2025,11,https://www.letras.mus.br/guilherme-e-benuto/quarto-67-part-luan-santana/,-1
1204,Quase,musica1204,musica1204_trecho1,"Ela tentou usar uma roupa parecida Tentou o mesmo corte de cabelo Tentou, vou te contar aonde ela errou Ela errou quando o beijo não me arrepiou Quando o abraço dela não encaixou O erro dela é não ser você",Cleber e Cauan,2018,40,https://www.letras.mus.br/cleber-cauan/quase/,-1
1204,Quase,musica1204,musica1204_trecho3,"Se Deus fez outra de você Tá decorando a casa d'Ele Ele não vai deixar descer É uma minha, a outra d'Ele",Cleber e Cauan,2018,22,https://www.letras.mus.br/cleber-cauan/quase/,-1
539,Quase Algo,musica539,musica539_trecho1,Eu já tive alguns amores Uns terminaram por briga Outros terminaram de boa E até somos amigos ainda,Henrique & Juliano,2023,18,https://www.letras.mus.br/henrique-e-juliano/quase-algo/,-1
539,Quase Algo,musica539,musica539_trecho2,"Alguns eu pensei que eram pra vida Outros, claramente era só uma fase Alguns, me apeguei de verdade Outros eram comodidade",Henrique & Juliano,2023,21,https://www.letras.mus.br/henrique-e-juliano/quase-algo/,-1
539,Quase Algo,musica539,musica539_trecho3,Mas nenhum fim doeu igual Ao final desse quase,Henrique & Juliano,2023,9,https://www.letras.mus.br/henrique-e-juliano/quase-algo/,-1
539,Quase Algo,musica539,musica539_trecho5,Inventando possíveis defeitos Que eu nem cheguei a conhecer Pra ver se dói só um pouco menos Perder quem eu nem cheguei a ter,Henrique & Juliano,2023,24,https://www.letras.mus.br/henrique-e-juliano/quase-algo/,-1
539,Quase Algo,musica539,musica539_trecho8,Esquecer o ex já é puxado Tenta esquecer um quase algo,Henrique & Juliano,2023,11,https://www.letras.mus.br/henrique-e-juliano/quase-algo/,-1
539,Quase Algo,musica539,musica539_trecho12,Esquecer o ex já é puxado Tenta esquecer um quase algo Já é puxado Tenta esquecer um quase algo,Henrique & Juliano,2023,19,https://www.letras.mus.br/henrique-e-juliano/quase-algo/,-1
1095,Quatro Estações,musica1095,musica1095_trecho4,"Ser teu sonho, teu segredo Tua raiva, teu medo Teu desejo mais profundo Tua vida, teu mundo",Hugo Pena e Gabriel,2011,17,https://www.letras.mus.br/hugo-pena-e-gabriel/1799474/,-1
1064,Que Bicho Que É?,musica1064,musica1064_trecho5,"Eu já vi da grande, já vi da pequena Eu já vi da loira e já vi da morena Eu já vi mansinha, calminha me olhando Eu já vi nervosa, valente, babando",Gino e Geno,2005,32,https://www.letras.mus.br/gino-e-geno/224206/,-1
1064,Que Bicho Que É?,musica1064,musica1064_trecho6,"Eu já vi da velha e já vi da novinha Da mais enrugada até a mais lisinha Já vi bonitinha, muito bem cuidada Eu já vi feinha, muito mal tratada",Gino e Geno,2005,30,https://www.letras.mus.br/gino-e-geno/224206/,-1
1064,Que Bicho Que É?,musica1064,musica1064_trecho10,"Tem homem que gosta até de mais da sua Que tem uma em casa e outra na rua Mas há quem não gosta e foge da bichinha Prefere outra coisa, vê se adivinha",Gino e Geno,2005,33,https://www.letras.mus.br/gino-e-geno/224206/,-1
1451,Que Pena Que Acabou,musica1451,musica1451_trecho2,Ainda não tive coragem de arrumar a cama Que a gente fez amor pela última vez Pela última vez,Gusttavo Lima,2016,19,https://www.letras.mus.br/gusttavo-lima/que-pena-que-acabou/,-1
1451,Que Pena Que Acabou,musica1451,musica1451_trecho5,Independente da sua decisão Quero falar do fundo do meu coração Que valeu a pena tudo que a gente viveu,Gusttavo Lima,2016,20,https://www.letras.mus.br/gusttavo-lima/que-pena-que-acabou/,-1
942,Que Pescar Que Nada,musica942,musica942_trecho5,Que pescar que nada Vou beijar na boca Ver a mulherada na madrugada Ficando louca,Bruno & Marrone,2005,15,https://www.letras.mus.br/bruno-e-marrone/195710/,-1
942,Que Pescar Que Nada,musica942,musica942_trecho6,Que pescar que nada Vou matar a fome Lá ninguém se mete Lá vai ter sete pra cada homem,Bruno & Marrone,2005,19,https://www.letras.mus.br/bruno-e-marrone/195710/,-1
942,Que Pescar Que Nada,musica942,musica942_trecho17,Lá ninguém se mete Lá vai ter sete pra cada homem Lá ninguém se mete Lá vai ter sete pra cada homem,Bruno & Marrone,2005,22,https://www.letras.mus.br/bruno-e-marrone/195710/,-1
151,Que Sorte A Nossa,musica151,musica151_trecho2,Tô sabendo de tudo Tô lendo seus recados Minhas fotos que você curtiu Tô seguindo você,Matheus & Kauan,2015,16,https://www.letras.mus.br/matheus-kauan/que-sorte-a-nossa/,-1
151,Que Sorte A Nossa,musica151,musica151_trecho3,"E aí, o que é que a gente vai fazer? Diz aí, se você quer e eu também tô querendo você",Matheus & Kauan,2015,21,https://www.letras.mus.br/matheus-kauan/que-sorte-a-nossa/,-1
759,Quem Ama Sempre Entende,musica759,musica759_trecho3,Posso não ser o melhor em tudo Mas pra viver no seu mundo Eu posso ser quem você precisar,Henrique & Juliano,2014,19,https://www.letras.mus.br/henrique-e-juliano/quem-ama-sempre-entende/,-1
1129,"Quem Ama, Cuida",musica1129,musica1129_trecho1,"Não ligue se eu lhe perguntar Nem vá se estressar se eu quiser saber Com quem, aonde você tá Que hora vai voltar e o que vai fazer",Maria Cecília e Rodolfo,2009,28,https://www.letras.mus.br/maria-cecilia-rodolfo/1458701/,-1
1129,"Quem Ama, Cuida",musica1129,musica1129_trecho3,"Ei, não é ciúme, eu confio em você E vou tá sempre onde você estiver E mesmo estando ausente, eu vou estar presente Toda hora que você quiser",Maria Cecília e Rodolfo,2009,28,https://www.letras.mus.br/maria-cecilia-rodolfo/1458701/,-1
1129,"Quem Ama, Cuida",musica1129,musica1129_trecho13,"La, laia, laia, laia Só pra saber se tá pensando em mim",Maria Cecília e Rodolfo,2009,12,https://www.letras.mus.br/maria-cecilia-rodolfo/1458701/,-1
1359,Quem É?,musica1359,musica1359_trecho1,"Quem é a mulher mais linda desse universo? Quem é que não esconde nada e fala todos os versos? Quem é que de madrugada grita o seu nome? Que é seu amigo, amante seu homem?",Eduardo Costa,2011,35,https://www.letras.mus.br/eduardo-costa/1759218/,-1
248,Quem Sente Saudade Sou Eu,musica248,musica248_trecho1,"Você não tá na minha pele pra sentir Você não sabe de um terço pra julgar Na verdade, eu nem queria tá aqui Só tô porque tem alguém lá",Maiara & Maraisa,2025,29,https://www.letras.mus.br/maiara-maraisa/quem-sente-saudade-sou-eu/,-1
1478,Quer Casar Comigo?,musica1478,musica1478_trecho3,"Chegou chutando o balde Fazendo, fazendo Baderna no meu coração Mostrou que veio pra ficar E agora tô carente Tô xonado, tem jeito não",Bruno & Marrone,2005,24,https://www.letras.mus.br/bruno-e-marrone/88353/,-1
126,Querendo Te Amar,musica126,musica126_trecho3,Quando você chegar Vai se perder no meu olhar,Jorge & Mateus,2007,9,https://www.letras.mus.br/jorge-mateus/437717/,-1
260,Quero Camboriú,musica260,musica260_trecho2,"Eu conheci um boiadeiro Lá na arena de Barretos Ele disse que, por mim Viajaria o mundo inteiro",Ana Castela,2025,18,https://www.letras.mus.br/ana-castela/quero-camboriu/,-1
309,Quero Ser o Seu Amor,musica309,musica309_trecho4,Mas sempre tive fama de ser pegador Agora me ferrei o amor me pegou Eu quero é te amar,Simone & Simaria,2016,19,https://www.letras.mus.br/simone-simaria-as-coleguinhas/ce-sabe-que-eu-sou-seu-amor/,-1
309,Quero Ser o Seu Amor,musica309,musica309_trecho5,"Cê sabe que eu sou seu amor Eu quero te agarrar meu bem Ôh chega mais pra perto, vem vem Vem papai, vem",Simone & Simaria,2016,23,https://www.letras.mus.br/simone-simaria-as-coleguinhas/ce-sabe-que-eu-sou-seu-amor/,-1
309,Quero Ser o Seu Amor,musica309,musica309_trecho6,"Eu quero ser o seu amor Eu quero te agarrar meu bem E chega mais pra perto, vem vem Vem papai, vem",Simone & Simaria,2016,22,https://www.letras.mus.br/simone-simaria-as-coleguinhas/ce-sabe-que-eu-sou-seu-amor/,-1
309,Quero Ser o Seu Amor,musica309,musica309_trecho7,"Eu quero ser feliz e você também Se enrosca no meu corpo e vem fazer amor, neném",Simone & Simaria,2016,17,https://www.letras.mus.br/simone-simaria-as-coleguinhas/ce-sabe-que-eu-sou-seu-amor/,-1
309,Quero Ser o Seu Amor,musica309,musica309_trecho8,"Eu quero ser o seu amor Eu quero te agarrar meu bem Ôh chega mais pra perto, vem vem Vem papai, vem",Simone & Simaria,2016,22,https://www.letras.mus.br/simone-simaria-as-coleguinhas/ce-sabe-que-eu-sou-seu-amor/,-1
1113,Quero Sim,musica1113,musica1113_trecho1,"Às vezes, sou fada Às vezes, faísca Tô ligada na tomada Numa noite mal dormida",Paula Fernandes,2009,15,https://www.letras.mus.br/paula-fernandes/1337898/,-1
1113,Quero Sim,musica1113,musica1113_trecho3,Eu não sou palavra Eu não sou poema Sou humana pequena A se arrepender,Paula Fernandes,2009,14,https://www.letras.mus.br/paula-fernandes/1337898/,-1
1113,Quero Sim,musica1113,musica1113_trecho6,"Se o teu amor for frágil e não resistir E essa mágoa, então, ficar eternamente aqui Tô de volta a imensidão de um mar que é feito de silêncio",Paula Fernandes,2009,29,https://www.letras.mus.br/paula-fernandes/1337898/,-1
1113,Quero Sim,musica1113,musica1113_trecho7,Se os teus olhos não refletem mais o nosso amor E a saudade me seguir pra sempre aonde eu for Fica claro que tentei lutar por esse sentimento,Paula Fernandes,2009,28,https://www.letras.mus.br/paula-fernandes/1337898/,-1
1113,Quero Sim,musica1113,musica1113_trecho8,"Diga sim, ouça o som Prove o sabor que tem o meu amor Cola em mim a tua cor Eu te quero sim, sem dor",Paula Fernandes,2009,25,https://www.letras.mus.br/paula-fernandes/1337898/,-1
1113,Quero Sim,musica1113,musica1113_trecho12,Se o teu amor for frágil e não resistir E essa mágoa então ficar eternamente aqui Tô de volta a imensidão de um mar que é feito de silêncio,Paula Fernandes,2009,29,https://www.letras.mus.br/paula-fernandes/1337898/,-1
572,Quero Você do Jeito Que Quiser (part. Maiara & Maraisa),musica572,musica572_trecho2,"Eu sem querer me apaixonei Não lutei, não evitei Esse amor natural nasceu em mim Quero você do jeito que quiser Mesmo em segredo eu sou sua mulher Só você sabe como a gente faz Essa vontade é o que me tira a paz",Marília Mendonça,2020,44,https://www.letras.mus.br/marilia-mendonca/quero-voce-do-jeito-que-quiser-part-maiara-e-maraisa/,-1
572,Quero Você do Jeito Que Quiser (part. Maiara & Maraisa),musica572,musica572_trecho3,"Quero você do jeito que quiser Mesmo em segredo eu sou sua mulher Só você sabe como a gente faz Um minuto do seu tempo já me satisfaz Oh, oh, oh, oh, oh, oh, oh",Marília Mendonça,2020,35,https://www.letras.mus.br/marilia-mendonca/quero-voce-do-jeito-que-quiser-part-maiara-e-maraisa/,-1
1597,"Quero, Quero",musica1597,musica1597_trecho2,"Volta, volta vai Que delícia, vai papai Vem que eu quero mais, é mais, é mais!",Simone & Simaria,2012,16,https://www.letras.mus.br/simone-simaria-as-coleguinhas/quero-quero/,-1
1126,Química,musica1126,musica1126_trecho2,Faróis iluminavam o meu coração Feito faísca que virou uma explosão E o tempo foi tornando tão intensa a nossa paixão,João Bosco & Vinícius,2012,21,https://www.letras.mus.br/joao-bosco-viniciusacustico/quimica/,-1
1126,Química,musica1126,musica1126_trecho3,Tem magia o teu sorriso encantador Com você tudo é tão bom Não tenho medo de dizer que é amor,João Bosco & Vinícius,2012,20,https://www.letras.mus.br/joao-bosco-viniciusacustico/quimica/,-1
1126,Química,musica1126,musica1126_trecho4,Fui feito pra você Você nasceu pra mim É o coração que diz assim Amo até os seus defeitos Imagine os beijos Já tomou conta de mim,João Bosco & Vinícius,2012,27,https://www.letras.mus.br/joao-bosco-viniciusacustico/quimica/,-1
1126,Química,musica1126,musica1126_trecho5,"Fui feito pra você Você nasceu pra mim É o coração que diz assim Amor, não tem mais jeito Te tatuei no peito Pra sempre tá grudado em mim",João Bosco & Vinícius,2012,29,https://www.letras.mus.br/joao-bosco-viniciusacustico/quimica/,-1
718,Química do Amor (part. Ivete Sangalo),musica718,musica718_trecho1,Queria ser um peixe e mergulhar no seu aquário Queria ser a data pra marcar seu calendário Eu e você espera pra ver,Luan Santana,2011,23,https://www.letras.mus.br/luan-santana/1791039/,-1
718,Química do Amor (part. Ivete Sangalo),musica718,musica718_trecho5,"Vambora, não demora Eu quero ser o seu amor, ôô, ôô Tô louco pra me entregar, aa, aa E aí paixão, o meu coração, Tá xonado de tanto desejo Eu quero ser o seu amor, ôô, ôô Tô louca pra me entregar, aa, aa Tudo o que eu quero agora é tá contigo e te amar.",Luan Santana,2011,56,https://www.letras.mus.br/luan-santana/1791039/,-1
718,Química do Amor (part. Ivete Sangalo),musica718,musica718_trecho8,"Vambora, não demora Eu quero ser o seu amor, ôô, ôô Tô louco pra me entregar, aa, aa E aí paixão o meu coração, Tá xonado de tanto desejo Eu quero ser o seu amor, ôô, ôô Tô louca pra me entregar, aa, aa Tudo o que eu quero agora é tá contigo e te pra sempre te amar.",Luan Santana,2011,59,https://www.letras.mus.br/luan-santana/1791039/,-1
729,Rancorosa,musica729,musica729_trecho2,Eu nem sei Quantas vezes o meu dedo foi no enviar e eu desviei,Henrique & Juliano,2023,14,https://www.letras.mus.br/henrique-e-juliano/rancorosa/,-1
729,Rancorosa,musica729,musica729_trecho5,Não sei o que ela fez comigo Sou um covarde assumido E o medo de te perder Os meus argumentos começam perdidos E aí quem disse que eu envio?,Henrique & Juliano,2023,29,https://www.letras.mus.br/henrique-e-juliano/rancorosa/,-1
1542,Raspão (part. Simone e Simaria),musica1542,musica1542_trecho1,"Poxa, como ela tava linda O tempo não passou mesmo pra ela Mudou o corte do cabelo Mas as covinhas do sorriso continua o charme dela",Henrique & Diego,2017,26,https://www.letras.mus.br/henrique-diego/foi-de-raspao/,-1
148,Recaídas,musica148,musica148_trecho1,Você pode ficar com quem você quiser Não tem nada a ver Eu não mando em você Mas ainda choro E quando alguém comenta não quero saber,Henrique & Juliano,2012,27,https://www.letras.mus.br/henrique-e-juliano/recaidas/,-1
148,Recaídas,musica148,musica148_trecho4,Às vezes eu queria ter o poder De poder te apagar da memória E nessa fraqueza ter força Pra fazer com que essa nossa história Não passe de passado e fique da porta pra fora,Henrique & Juliano,2012,35,https://www.letras.mus.br/henrique-e-juliano/recaidas/,-1
563,Receita de Amar,musica563,musica563_trecho3,"Pega aquele abraço que eu te dei no dia em que ele te deixou Junte com as noites no meu colo, cada gota que você chorou Misture todo brilho dos meus olhos só de ver você me procurar Vai ter na sua frente tudo que precisa na receita de amar!",George Henrique e Rodrigo,2011,50,https://www.letras.mus.br/george-henrique-rodrigo/1967442/,-1
713,Refém,musica713,musica713_trecho3,Só você não sabe o quanto eu te quero bem Vou te fazer a minha vítima Minha refém Você está sempre presente na memória Quero eternizar você na minha história,Gusttavo Lima,2010,30,https://www.letras.mus.br/gusttavo-lima/1710867/,-1
1322,Refém,musica1322,musica1322_trecho1,Não sei explicar como foi que aconteceu O que já não brilhava em mim você acendeu A chama do amor apagada no coração Eu já tava perdido no meio da solidão,Jorge & Mateus,2010,31,https://www.letras.mus.br/jorge-mateus/1742338/,-1
1322,Refém,musica1322,musica1322_trecho3,"Eu quero o seu amor, não abro mão Você que libertou meu coração O meu amor é seu, de mais ninguém Pra sempre quero ser o seu refém Eu quero o seu amor, não abro mão Você que libertou meu coração O meu amor é seu, de mais ninguém Pra sempre quero ser o seu refém",Jorge & Mateus,2010,56,https://www.letras.mus.br/jorge-mateus/1742338/,-1
483,Regime Fechado,musica483,musica483_trecho2,Roubar um coração é caso sério Sua sentença é viver na mesma cela que eu Já que nós dois estamos sendo acusados de adultério,Simone & Simaria,2016,24,https://www.letras.mus.br/simone-simaria-as-coleguinhas/regime-fechado/,-1
483,Regime Fechado,musica483,musica483_trecho4,Condenados a viver compartilhando prazer Na cela da nossa paixão,Simone & Simaria,2016,10,https://www.letras.mus.br/simone-simaria-as-coleguinhas/regime-fechado/,-1
483,Regime Fechado,musica483,musica483_trecho7,"É bandido, esse meu coração Eterno prisioneiro da paixão",Simone & Simaria,2016,9,https://www.letras.mus.br/simone-simaria-as-coleguinhas/regime-fechado/,-1
1223,Ressentimento,musica1223,musica1223_trecho5,"Ressentimento, você brincando e eu pensando em casamento Agora tô com outra e você tá sabendo Tá louca, desorientada, querendo tomar veneno",Jads e Jadson,2014,22,https://www.letras.mus.br/jads-e-jadson/ressentimento/,-1
460,Resumindo,musica460,musica460_trecho1,"Fez as malas, bateu a porta Bateu no peito, falou: Não tem volta E aí voltou, abriu a porta Com a voz de choro, implorando volta",Zé Neto e Cristiano,2025,26,https://www.letras.mus.br/ze-neto-cristiano/resumindo/,-1
460,Resumindo,musica460,musica460_trecho7,"Resumindo, é por isso que a gente não volta um pro outro",Zé Neto e Cristiano,2025,12,https://www.letras.mus.br/ze-neto-cristiano/resumindo/,-1
1239,Revanche,musica1239,musica1239_trecho2,Querendo me propor uma nova chance Querendo reviver nosso romance Mas só eu sei o que eu passei em vão Chegou a hora da revanche então,Santorine,2009,26,https://www.letras.mus.br/santorine/1550277/,-1
1239,Revanche,musica1239,musica1239_trecho7,E quantas vezes que apertou o coração Vendo suas fotos jogadas no chão Mas aprendi que o verdadeiro amor É o amor sem sofrimento,Santorine,2009,24,https://www.letras.mus.br/santorine/1550277/,-1
1426,Robin Hood da Paixão,musica1426,musica1426_trecho2,"Depois me procuram Me chamam de amor Me pedem carinho E é claro que eu dou Meninas, tenham calma Que eu não sou de ninguém Tem lugar pra todas no meu harém",Hugo Pena e Gabriel,2008,32,https://www.letras.mus.br/hugo-pena-e-gabriel/1318932/,-1
824,Romântico Anônimo (part. Fernando Zor),musica824,musica824_trecho2,Aquele cara que te deu um guarda-chuva Quando a tempestade te pegou na rua Aquelas flores que deixavam no portão Que sempre vinha assinado no cartão,Marcos & Belutti,2015,26,https://www.letras.mus.br/marcos-belutti/romantico-anonimo/,-1
824,Romântico Anônimo (part. Fernando Zor),musica824,musica824_trecho7,Ouvi você falar de outros amores Eu vi o mundo então perder as cores Quanto tempo esperei a frase certa Pra te mostrar que eu era,Marcos & Belutti,2015,26,https://www.letras.mus.br/marcos-belutti/romantico-anonimo/,-1
824,Romântico Anônimo (part. Fernando Zor),musica824,musica824_trecho9,"(Romântico anônimo) Quanto tempo esperei a frase certa Pra te mostrar que eu era Eu era, eu era, eu era Romântico anônimo!",Marcos & Belutti,2015,22,https://www.letras.mus.br/marcos-belutti/romantico-anonimo/,-1
130,"Rosas, Versos e Vinhos",musica130,musica130_trecho2,"Por você, eu mudo o jeito de viver Vou ouvir vinil em vez de ouvir CD Por você, eu deixo a badalação Faço serenata, voz e violão",Gusttavo Lima,2008,27,https://www.letras.mus.br/gusttavo-lima/1573480/,-1
359,S de Saudade (part. Zé Neto e Cristiano),musica359,musica359_trecho1,"É, olha eu aqui, na vida de solteiro que eu sempre quis É, eu consegui a liberdade de poder chegar e sair Mas cê deve ter jogado praga em mim Eu não quero beber, eu não quero sair A vida de solteiro que eu sonhava não era assim",Luiza & Maurílio,2019,48,https://www.letras.mus.br/luiza-e-maurilio/s-de-saudade-part-ze-neto-e-cristiano/,-1
359,S de Saudade (part. Zé Neto e Cristiano),musica359,musica359_trecho4,"Mas cê deve ter jogado praga em mim Eu não quero beber, eu não quero sair A vida de solteiro que eu sonhava não era assim",Luiza & Maurílio,2019,26,https://www.letras.mus.br/luiza-e-maurilio/s-de-saudade-part-ze-neto-e-cristiano/,-1
412,Saudade,musica412,musica412_trecho1,Você sempre fez os meus sonhos Sempre soube dos meus segredos Já faz muito tempo Eu nem me lembro quanto tempo faz,Eduardo Costa,2007,22,https://www.letras.mus.br/eduardo-costa/934408/,-1
1418,Saudade,musica1418,musica1418_trecho3,Os dias vão passando E lembro dos nossos momentos de amor E um beijo sempre acompanhado de fogo e paixão,Jorge & Mateus,2009,20,https://www.letras.mus.br/jorge-mateus/1449248/,-1
102,Saudade Burra (part. Simone Mendes),musica102,musica102_trecho2,"Você terminou e eu só aceitei Por opção sua, hoje eu sou sua ex Quase enlouqueci, eu desidratei O choro de um ano eu derramei num mês",Lauana Prado,2025,27,https://www.letras.mus.br/lauana-prado/saudade-burra-part-simone-mendes/,-1
102,Saudade Burra (part. Simone Mendes),musica102,musica102_trecho4,"Ai, ai, ai, ai, ai, ai Se imaginar as camas que eu caí, cê cai pra trás Ai, ai, ai, ai, ai, ai Seu erro foi achar que ninguém faz o que cê faz Faz, e muito mais Faz, e muito mais Que ninguém faz o que cê faz",Lauana Prado,2025,49,https://www.letras.mus.br/lauana-prado/saudade-burra-part-simone-mendes/,-1
102,Saudade Burra (part. Simone Mendes),musica102,musica102_trecho8,"Ai, ai, ai, ai, ai, ai Se imaginar as camas que eu caí, cê cai pra trás Ai, ai, ai, ai, ai, ai Seu erro foi achar que ninguém faz o que cê faz Faz, e muito mais Faz, e muito mais Que ninguém faz o que cê faz Faz, e muito mais",Lauana Prado,2025,53,https://www.letras.mus.br/lauana-prado/saudade-burra-part-simone-mendes/,-1
1589,Saudade de Você,musica1589,musica1589_trecho1,"Só um olhar profundo traz de volta a minha paz O teu sorriso, meu mundo ficar sem, não sou capaz",Zé Felipe,2014,20,https://www.letras.mus.br/ze-felipe/saudade-de-voce/,-1
1589,Saudade de Você,musica1589,musica1589_trecho3,"Ai, saudade de você Vontade de te ver Eu necessito você aqui comigo Mas não queira duvidar O amor está no ar Ah, eu preciso, de novo teu sorriso",Zé Felipe,2014,29,https://www.letras.mus.br/ze-felipe/saudade-de-voce/,-1
1589,Saudade de Você,musica1589,musica1589_trecho4,"Ai, saudade de você Vontade de te ver Eu necessito você aqui comigo Mas não queira duvidar O amor está no ar Ah, eu preciso, de novo teu sorriso, ai",Zé Felipe,2014,30,https://www.letras.mus.br/ze-felipe/saudade-de-voce/,-1
1589,Saudade de Você,musica1589,musica1589_trecho8,"De novo teu sorriso, ai",Zé Felipe,2014,5,https://www.letras.mus.br/ze-felipe/saudade-de-voce/,-1
1410,Saudade do Meu Ex,musica1410,musica1410_trecho1,"Ai, o que é que eu fiz? Me enrolei Que saudade do meu ex Onde eu tava com a cabeça Quando eu fui me envolver Com essa pessoa tão sem graça Esse menino nada a ver É faculdade, academia, hora certa pra dormir Eu bebia todo dia, hoje eu mal posso sair Ele regra tudo o que vou fazer",Marília Mendonça,2017,59,https://www.letras.mus.br/marilia-mendonca/saudade-do-meu-ex/,-1
1410,Saudade do Meu Ex,musica1410,musica1410_trecho12,"Ai, o que é que eu fiz? Me enrolei Que saudade do meu ex",Marília Mendonça,2017,14,https://www.letras.mus.br/marilia-mendonca/saudade-do-meu-ex/,-1
1452,Saudade Idiota,musica1452,musica1452_trecho1,Ah! Tem coisas que não dá Pra passar batido E ser esquecido assim,Lucas Lucco,2014,13,https://www.letras.mus.br/lucas-lucco/saudade-idiota/,-1
1452,Saudade Idiota,musica1452,musica1452_trecho2,"Pois é Talvez eu seja uma pessoa qualquer Que durou mais que o combinado Nesse seu jogo tão fechado Fiquei mal Mas de qualquer forma isso foi o sinal E você me fala que tudo é normal Me pede desculpa, não foi sua culpa Tá tudo legal",Lucas Lucco,2014,47,https://www.letras.mus.br/lucas-lucco/saudade-idiota/,-1
1452,Saudade Idiota,musica1452,musica1452_trecho5,Ah! Tem coisas que não dá Pra passar batido E ser esquecido assim Pois é Talvez eu seja uma pessoa qualquer Que durou mais que o combinado Nesse seu jogo tão fechado,Lucas Lucco,2014,32,https://www.letras.mus.br/lucas-lucco/saudade-idiota/,-1
1452,Saudade Idiota,musica1452,musica1452_trecho6,Fiquei mal Mas de qualquer forma isso foi o sinal E você me fala que tudo é normal Me pede desculpa não foi sua culpa Tá tudo legal,Lucas Lucco,2014,28,https://www.letras.mus.br/lucas-lucco/saudade-idiota/,-1
20,Saudade Proibida,musica20,musica20_trecho3,Eu sou o dedo na ferida Sua saudade proibida O calafrio que seu corpo ama O erro inesquecível da sua cama Eu sou dedo na ferida Sua saudade proibida O calafrio que seu corpo ama O erro inesquecível da sua cama,Simone Mendes,2025,41,https://www.letras.mus.br/simone-mendes/saudade-proibida/,-1
20,Saudade Proibida,musica20,musica20_trecho6,O calafrio que seu corpo ama O erro inesquecível da sua cama,Simone Mendes,2025,12,https://www.letras.mus.br/simone-mendes/saudade-proibida/,-1
1581,Se Ame Mais,musica1581,musica1581_trecho2,Ela não suporta a gente junto Aí ela desconta em todo mundo E não enxerga que é culpada Se esse amor não foi além E só porque não era amor Não é problema de ninguém,Marília Mendonça,2017,35,https://www.letras.mus.br/marilia-mendonca/se-ame-mais/,-1
685,Se É Pra Chorar Eu Choro (part. Jads e Jadson),musica685,musica685_trecho1,"Eu tô perdido num olhar que cega Nessa paixão eu já perdi as rédeas E vai doer, eu sei que vai, vai machucar Vai doer menos se eu aceitar",Lucas Reis & Thácio,2016,29,https://www.letras.mus.br/lucas-reis-thacio-candido/se-e-pra-chorar-eu-choro/,-1
685,Se É Pra Chorar Eu Choro (part. Jads e Jadson),musica685,musica685_trecho3,"Brinquei com fogo, chamei o perigo Numa cilada que eu quis entrar",Lucas Reis & Thácio,2016,12,https://www.letras.mus.br/lucas-reis-thacio-candido/se-e-pra-chorar-eu-choro/,-1
685,Se É Pra Chorar Eu Choro (part. Jads e Jadson),musica685,musica685_trecho5,"Se é pra chorar eu choro, quem me vê na rua diz que eu sou de aço Ninguém sonha a metade do que eu passo É questão de tempo eu sei que vai passar Se é pra chorar eu choro",Lucas Reis & Thácio,2016,40,https://www.letras.mus.br/lucas-reis-thacio-candido/se-e-pra-chorar-eu-choro/,-1
885,Se Eu Fosse Você,musica885,musica885_trecho1,Pra que tentar negar Tá enxugando gelo É o mesmo que soprar Depois que queima o dedo,Henrique & Juliano,2020,17,https://www.letras.mus.br/henrique-e-juliano/se-eu-fosse-voce/,-1
885,Se Eu Fosse Você,musica885,musica885_trecho3,Se eu fosse você Eu descia do salto e olhava pro alvo que tá na sua frente Jogava água fria nesse coração de cabeça quente Mas eu não sou você Por isso eu passei essa noite chorando e pensando,Henrique & Juliano,2020,39,https://www.letras.mus.br/henrique-e-juliano/se-eu-fosse-voce/,-1
885,Se Eu Fosse Você,musica885,musica885_trecho4,Se eu fosse você Eu descia do salto e olhava pro alvo que tá na sua frente Jogava água fria nesse coração de cabeça quente Mas eu não sou você Por isso eu passei essa noite chorando e pensando Se eu fosse você,Henrique & Juliano,2020,43,https://www.letras.mus.br/henrique-e-juliano/se-eu-fosse-voce/,-1
835,Se Eu Me Entregar,musica835,musica835_trecho1,"Não quero mais ficar pensando em você Eu tenho muito medo, medo de sofrer Você me olha de um jeito que eu passo mal",Kleo Dibah & Rafael,2011,24,https://www.letras.mus.br/kleo-dibah-rafael/1848165/,-1
835,Se Eu Me Entregar,musica835,musica835_trecho2,"To viajando a horas em sua fotografia A noite tá passando, amanhecendo o dia Por isso estou dizendo isso não vai rolar",Kleo Dibah & Rafael,2011,22,https://www.letras.mus.br/kleo-dibah-rafael/1848165/,-1
835,Se Eu Me Entregar,musica835,musica835_trecho3,To te lembrando tanto você nem imagina Já comecei a te escrever em meus versos e rimas Por isso eu to caindo fora antes de apaixonar,Kleo Dibah & Rafael,2011,26,https://www.letras.mus.br/kleo-dibah-rafael/1848165/,-1
835,Se Eu Me Entregar,musica835,musica835_trecho4,Se eu me entregar eu vou chorar depois Há muito tempo eu não me apego a um novo amor O envolvimento vem com o tempo E o tempo pode machucar,Kleo Dibah & Rafael,2011,30,https://www.letras.mus.br/kleo-dibah-rafael/1848165/,-1
835,Se Eu Me Entregar,musica835,musica835_trecho5,Se eu me entregar eu vou morrer de amor Eu me imagino te perdendo amanhã ou depois Sei muito bem o quanto dói um amor forte acabar É melhor pra nós dois,Kleo Dibah & Rafael,2011,32,https://www.letras.mus.br/kleo-dibah-rafael/1848165/,-1
1131,Se Eu Pedir Cê Volta,musica1131,musica1131_trecho2,"Foi só te ver de novo pra eu perceber Que o meu coração só sabe te querer Bateu uma saudade, uma louca vontade de amar você",Jorge & Mateus,2009,26,https://www.letras.mus.br/jorge-mateus/1444406/,-1
1131,Se Eu Pedir Cê Volta,musica1131,musica1131_trecho3,"Se eu pedir cê volta pro meu coração? Pelo amor de Deus, não me diga não Vem que tá na hora, tá aberta a porta pra você entrar",Jorge & Mateus,2009,28,https://www.letras.mus.br/jorge-mateus/1444406/,-1
1131,Se Eu Pedir Cê Volta,musica1131,musica1131_trecho4,"Se eu pedir cê volta pro meu coração? Pelo amor de Deus, não me diga não Vem que tá na hora a hora é agora,pra você voltar",Jorge & Mateus,2009,27,https://www.letras.mus.br/jorge-mateus/1444406/,-1
1131,Se Eu Pedir Cê Volta,musica1131,musica1131_trecho8,"Se eu pedir cê volta pro meu coração? Pelo amor de Deus, não me diga não Vem que tá na hora a hora é agora, pra você voltar",Jorge & Mateus,2009,28,https://www.letras.mus.br/jorge-mateus/1444406/,-1
1205,Se Fosse Eu,musica1205,musica1205_trecho1,"Se fosse eu, não faria as coisas que esse cara faz Andava na linha, te curtia mais A prioridade era só você",César Menotti & Fabiano,2012,22,https://www.letras.mus.br/cesar-menotti-e-fabiano/se-fosse-eu/,-1
1205,Se Fosse Eu,musica1205,musica1205_trecho4,"Se fosse eu, contava os segundos pro fim de semana Te levava numa balada bacana Pra ficar juntinhos, pra se divertir, se fosse eu",César Menotti & Fabiano,2012,24,https://www.letras.mus.br/cesar-menotti-e-fabiano/se-fosse-eu/,-1
1399,Se Intrometeu,musica1399,musica1399_trecho4,O teu passado é tão escuro Tenho até medo de mexer,Michel Teló,2011,11,https://www.letras.mus.br/michel-telo/1792150/,-1
1399,Se Intrometeu,musica1399,musica1399_trecho6,"Se intrometeu, se intrometeu O povo se meteu na nossa vida Se intrometeu, se intrometeu E agora só te encontro às escondidas",Michel Teló,2011,22,https://www.letras.mus.br/michel-telo/1792150/,-1
1370,Se Namorar Fosse Bom,musica1370,musica1370_trecho1,Se namorar fosse bom Isso aqui tava vazio A mulherada tava em casa Se namorar fosse bom Eu vivia no cinema E não tava na balada,Bruninho e Davi,2013,26,https://www.letras.mus.br/bruninho-davi/se-namorar-fosse-bom/,-1
1370,Se Namorar Fosse Bom,musica1370,musica1370_trecho3,"Eu tô largado, tô mal acostumado Me botaram anel no dedo Ainda me chamam de casado",Bruninho e Davi,2013,16,https://www.letras.mus.br/bruninho-davi/se-namorar-fosse-bom/,-1
1370,Se Namorar Fosse Bom,musica1370,musica1370_trecho5,Se namorar fosse bom Isso aqui tava vazio E a mulherada tava em casa Se namorar fosse bom Eu vivia no cinema E não tava na balada,Bruninho e Davi,2013,27,https://www.letras.mus.br/bruninho-davi/se-namorar-fosse-bom/,-1
1347,Se Não Quer Me Amar,musica1347,musica1347_trecho1,"Se não quer me amar, então pode ir embora Um novo amor vai chegar Já tá passando da hora, eu vou me recuperar E você pode ter certeza nunca vai me ver chorar",Gusttavo Lima,2010,33,https://www.letras.mus.br/gusttavo-lima/1708762/,-1
968,Se Olha No Espelho (part. Cristiano Araújo),musica968,musica968_trecho2,Pra ficar no quarto deitada na cama Se escondendo do mundo e de quem te ama E fez da internet sua melhor amiga Fugindo da realidade da vida,Maiara & Maraisa,2016,28,https://www.letras.mus.br/maiara-maraisa/se-olha-no-espelho/,-1
968,Se Olha No Espelho (part. Cristiano Araújo),musica968,musica968_trecho3,Ela não tem noção do quanto ela é linda E que quando sorri mais bonita ainda Só que ela não sabe que pra te ver feliz eu faria de tudo Pra mudar seu mundo,Maiara & Maraisa,2016,34,https://www.letras.mus.br/maiara-maraisa/se-olha-no-espelho/,-1
968,Se Olha No Espelho (part. Cristiano Araújo),musica968,musica968_trecho5,"Mas se não quiser, fico aí com você No sábado a noite assistindo TV Um filme ruim e um vinho barato O que importa é ficar do seu lado",Maiara & Maraisa,2016,29,https://www.letras.mus.br/maiara-maraisa/se-olha-no-espelho/,-1
1295,Se Tem Paixão,musica1295,musica1295_trecho1,"E não tem tradução, nem outra versão, não tem história Pela metade e sem resumir uma sequer palavra dessa vez E não existe um outro porto e nem outro destino São só palavras mas que me fascinam E amanhã tudo vai se ajeitar (Como assim?)",Matheus & Kauan,2013,45,https://www.letras.mus.br/matheus-kauan/se-tem-paixao/,-1
1295,Se Tem Paixão,musica1295,musica1295_trecho2,"Só eu sei das noites que eu passei em claro, só eu sei Eu precisei do seu abraço e vacilei Se ao menos eu tivesse o seu carinho Eu não me importaria de viver sozinho",Matheus & Kauan,2013,35,https://www.letras.mus.br/matheus-kauan/se-tem-paixao/,-1
1295,Se Tem Paixão,musica1295,musica1295_trecho3,"Hoje eu não saí de casa, não vejo nada A porta está fechada eu só queria ver você voltar Pra ver se tem um pouco de paixão Pra ver se brotou no seu coração o amor que eu plantei",Matheus & Kauan,2013,39,https://www.letras.mus.br/matheus-kauan/se-tem-paixao/,-1
973,Seguindo Seus Passos,musica973,musica973_trecho4,No quarto em que você dorme Eu iria ser o seu despertador Te acordando todas as manhãs Banhando seu corpo Com a loção do amor,Felipe e Falcão,2008,25,https://www.letras.mus.br/felipe-e-falcao/1302660/,-1
1389,Segunda Opção,musica1389,musica1389_trecho1,"Quer prioridade, exclusividade, tá de sacanagem?",Matheus & Kauan,2018,6,https://www.letras.mus.br/matheus-kauan/segunda-opcao/,-1
1389,Segunda Opção,musica1389,musica1389_trecho4,"Voou, voou, abandonou o nosso ninho, foi se aventurar Voou, voou, pousando de galho em galho Agora quer voltar",Matheus & Kauan,2018,19,https://www.letras.mus.br/matheus-kauan/segunda-opcao/,-1
580,Segundo Amor da Sua Vida,musica580,musica580_trecho1,"Não se diminua pra caber num coração Que só tem espaço Debaixo do tapete Você não tem culpa se ela não enxerga Um palmo à frente do nariz Mas, qualquer coisa, eu tô aqui",Marília Mendonça,2025,34,https://www.letras.mus.br/marilia-mendonca/segundo-amor-da-sua-vida/,-1
580,Segundo Amor da Sua Vida,musica580,musica580_trecho2,"Na verdade, eu sempre estive Só tô deixando você viver livre Mas, mesmo assim, não quero ver você sofrer Se ela não quiser, já tem quem vai querer Tá na sua frente",Marília Mendonça,2025,32,https://www.letras.mus.br/marilia-mendonca/segundo-amor-da-sua-vida/,-1
580,Segundo Amor da Sua Vida,musica580,musica580_trecho3,"Que azar o meu e que sorte a dela Eu amando você, você amando ela Eu só quero você, você só quer conselho Por que será que ela te trata desse jeito? Que azar o meu e que sorte a dela Eu amando você, você amando ela Tenta lá, se não der certo, me avisa Posso ser o segundo, o terceiro, o quarto amor da sua vida",Marília Mendonça,2025,67,https://www.letras.mus.br/marilia-mendonca/segundo-amor-da-sua-vida/,-1
580,Segundo Amor da Sua Vida,musica580,musica580_trecho6,"Tenta lá, se não der certo, me avisa Posso ser o segundo, o terceiro, o quarto amor da sua vida",Marília Mendonça,2025,20,https://www.letras.mus.br/marilia-mendonca/segundo-amor-da-sua-vida/,-1
757,Seio De Minas,musica757,musica757_trecho1,"Eu nasci no celeiro da arte, num berço mineiro Sou do campo, da serra onde impera o minério de ferro Eu carrego comigo no sangue um dom verdadeiro De cantar melodias de Minas no Brasil inteiro",Paula Fernandes,2010,36,https://www.letras.mus.br/paula-fernandes/1603654/,-1
757,Seio De Minas,musica757,musica757_trecho2,"Sou das minas de ouro Das montanhas gerais Eu sou filha dos montes Das estradas reais Meu caminho primeiro Vi brotar dessa fonte Sou do seio de Minas Desse estado, um diamante",Paula Fernandes,2010,32,https://www.letras.mus.br/paula-fernandes/1603654/,-1
170,Seja Ex,musica170,musica170_trecho1,"(Cê foi embora pra ser o quê? Pra ser ex, não foi?) (Então seja) (então seja ex)",Henrique & Juliano,2025,17,https://www.letras.mus.br/henrique-e-juliano/seja-ex/,-1
170,Seja Ex,musica170,musica170_trecho5,"Cê foi embora pra ser ex, seja ex Cê foi embora pra sumir, some O que cê tá fazendo com a minha vida é putaria, me desculpa Não tem outro nome",Henrique & Juliano,2025,31,https://www.letras.mus.br/henrique-e-juliano/seja-ex/,-1
170,Seja Ex,musica170,musica170_trecho6,"Cê foi embora pra ser ex, seja ex Cê foi embora, então desaparece Porque a gente já passou dos trinta, cê não é mais uma menina E eu não sou moleque",Henrique & Juliano,2025,31,https://www.letras.mus.br/henrique-e-juliano/seja-ex/,-1
170,Seja Ex,musica170,musica170_trecho8,"Cê foi embora pra ser ex, seja ex Cê foi embora, então desaparece Porque a gente já passou dos trinta, cê não é mais uma menina E eu não sou moleque Cresce",Henrique & Juliano,2025,32,https://www.letras.mus.br/henrique-e-juliano/seja-ex/,-1
1446,Sem Avisar,musica1446,musica1446_trecho1,Eu quero ser Aquela blusa que te aquece Aquele vinho que você bebe Aquele dia que você não esquece,Henrique & Juliano,2014,19,https://www.letras.mus.br/henrique-e-juliano/sem-avisar/,-1
1446,Sem Avisar,musica1446,musica1446_trecho2,Eu quero ser O rosto que fica na sua mente O sentimento que você sente O calafrio que chega de repente,Henrique & Juliano,2014,21,https://www.letras.mus.br/henrique-e-juliano/sem-avisar/,-1
508,Sem Sal,musica508,musica508_trecho1,"Não aceitou o nosso fim Tá desesperado, falando de mim Tá me queimando por aí Meu nome na sua boca anda bem docin'",Marília Mendonça,2019,23,https://www.letras.mus.br/marilia-mendonca/sem-sal/,-1
508,Sem Sal,musica508,musica508_trecho2,"E quem ouve palavra não ouve pensamento Tá se mordendo por dentro, tá se mordendo por dentro Cara amarrada não apaga sentimento Tá se mordendo por dentro, tá se mordendo por dentro",Marília Mendonça,2019,32,https://www.letras.mus.br/marilia-mendonca/sem-sal/,-1
1368,Sem Você,musica1368,musica1368_trecho4,"Sem você, sem você O silêncio dessas horas frias São palavras que não sei dizer Ainda amo você",Victor & Leo,2007,18,https://www.letras.mus.br/victor-leo/1167457/,-1
1368,Sem Você,musica1368,musica1368_trecho8,"Sem você, vocês (Sem você) O silêncio dessas horas frias São palavras que não sei dizer Ainda amo você",Victor & Leo,2007,19,https://www.letras.mus.br/victor-leo/1167457/,-1
804,Sensível Demais,musica804,musica804_trecho1,"Hoje eu tive medo de acordar de um sonho lindo Garantir, reter, guardar essa esperança Ando em paraísos, descaminhos, precipícios Ao teu lado, vejo que ainda sou uma criança",Marília Mendonça,2025,29,https://www.letras.mus.br/marilia-mendonca/sensivel-demais/,-1
399,Senti Saudade de Você,musica399,musica399_trecho1,"Passe o dedo aí nessa lágrima e acalma Quem se foi não foi pra te ver chorar, só acalma",Henrique & Juliano,2023,19,https://www.letras.mus.br/henrique-e-juliano/senti-saudade-de-voce/,-1
689,Sentimento Louco,musica689,musica689_trecho2,"Mas quando te vejo com ela A minha mão gela Minha boca vai secando, eu vou ficando muda Ô meu Deus, me ajuda, o que é que eu vou fazer? Eu sei que tá com ela pra manter as aparências Mas nas suas horas de carência, você vem me ver",Marília Mendonça,2015,50,https://www.letras.mus.br/marilia-mendonca/sentimento-louco/,-1
689,Sentimento Louco,musica689,musica689_trecho4,"Eu sei que é errado e quem vai entender? Você é casado e eu não quero perder Eu sei, tá com ela, mas amo você Você e ela não têm nada a ver Sou mais eu e você",Marília Mendonça,2015,38,https://www.letras.mus.br/marilia-mendonca/sentimento-louco/,-1
1103,"Separa, Namora",musica1103,musica1103_trecho1,Nossas brigas duram menos que cinco minutos Basta um toque seu pra me acalmar Em um segundo eu esqueço de tudo,Henrique & Juliano,2013,21,https://www.letras.mus.br/henrique-e-juliano/separa-namora/,-1
1103,"Separa, Namora",musica1103,musica1103_trecho4,"Se precisar a gente briga, chora Volta mais uma vez Separa, namora e casa outra vez Se precisar a gente briga, chora Volta mais uma vez Separa, namora",Henrique & Juliano,2013,28,https://www.letras.mus.br/henrique-e-juliano/separa-namora/,-1
1103,"Separa, Namora",musica1103,musica1103_trecho5,"Se precisar a gente briga, chora Volta mais uma vez Separa, namora e casa outra vez Se precisar a gente briga, chora Volta mais uma vez Separa, namora e casa outra vez",Henrique & Juliano,2013,32,https://www.letras.mus.br/henrique-e-juliano/separa-namora/,-1
462,Separação (part. Leonardo),musica462,musica462_trecho1,"Qual terá sido o motivo da nossa separação? Se é que se cansou de mim, não pude perceber Intimidade ferida é o que restou de nós A minha felicidade se foi com você",Eduardo Costa,2007,33,https://www.letras.mus.br/eduardo-costa/992977/,-1
1217,Ser Humano Ou Anjo (part. Orquestra Vila-Lobos),musica1217,musica1217_trecho2,"Quantas vezes tentei Já caí, levantei É você que me mantém de pé",Matheus & Kauan,2015,13,https://www.letras.mus.br/matheus-kauan/ser-humano-ou-anjo/,-1
1217,Ser Humano Ou Anjo (part. Orquestra Vila-Lobos),musica1217,musica1217_trecho7,Parece não ser desse mundo Porque você sabe de tudo,Matheus & Kauan,2015,10,https://www.letras.mus.br/matheus-kauan/ser-humano-ou-anjo/,-1
1211,Será Que Vai Rolar?,musica1211,musica1211_trecho2,Meus amigos até torcem pra algo rolar E perguntam todo dia se até rolou Tem até gente casando a gente sem saber,Marcos & Belutti,2010,22,https://www.letras.mus.br/marcos-belutti/1651424/,-1
1211,Será Que Vai Rolar?,musica1211,musica1211_trecho4,"Será que vai rolar pra gente ficar? Será, será? Eu quero é tentar Será que vai rolar pra gente ficar? Será, será? Eu quero é tentar",Marcos & Belutti,2010,26,https://www.letras.mus.br/marcos-belutti/1651424/,-1
1211,Será Que Vai Rolar?,musica1211,musica1211_trecho8,"Será que vai rolar da gente ficar? Será, será? Eu quero é tentar Será que vai rolar da gente ficar? Será, será? Eu quero é tentar",Marcos & Belutti,2010,26,https://www.letras.mus.br/marcos-belutti/1651424/,-1
432,Serenata,musica432,musica432_trecho1,"Foi chegando e chegou Já entrando, olhando E mudando meus planos O que é que tá rolando?",Marília Mendonça,2019,17,https://www.letras.mus.br/marilia-mendonca/serenata/,-1
1314,Sete Mares,musica1314,musica1314_trecho11,Já naveguei os sete mares atrás de você,Matheus & Kauan,2012,8,https://www.letras.mus.br/matheus-kauan/1951769/,-1
306,Seu Astral,musica306,musica306_trecho1,"Fico sozinho pensando em você Vejo imagens, retratos de nós Olho pro espelho, sinto o meu coração Ouço baixinho o som da sua voz",Jorge & Mateus,2010,24,https://www.letras.mus.br/jorge-mateus/1709492/,-1
306,Seu Astral,musica306,musica306_trecho2,Dizendo pra mim que é sobrenatural Esse amor fora do normal Dizendo pra mim que eu sou o seu astral Que esse amor que está em mim é tão real,Jorge & Mateus,2010,30,https://www.letras.mus.br/jorge-mateus/1709492/,-1
408,Seu Brilho Sumiu (part. Mari Fernandez),musica408,musica408_trecho4,Porque quando cê me viu Seu brilho sumiu Sua noite acabou Passar vergonha ao vivo é pouco pra falador,Israel & Rodolffo,2022,19,https://www.letras.mus.br/israel-rodolfo/seu-brilho-sumiu-part-mari-fernandez/,-1
408,Seu Brilho Sumiu (part. Mari Fernandez),musica408,musica408_trecho5,"Porque quando cê me viu Seu brilho sumiu E pra minha sorte, cão que late não morde Cão que late não morde",Israel & Rodolffo,2022,22,https://www.letras.mus.br/israel-rodolfo/seu-brilho-sumiu-part-mari-fernandez/,-1
408,Seu Brilho Sumiu (part. Mari Fernandez),musica408,musica408_trecho10,"E pra minha sorte, cão que late não morde Cão que late não morde",Israel & Rodolffo,2022,14,https://www.letras.mus.br/israel-rodolfo/seu-brilho-sumiu-part-mari-fernandez/,-1
585,Seu Perfil,musica585,musica585_trecho2,"Tô aqui inteiro pra você E você comigo, só metade Tem hora pra ir embora Mas só volta só Deus sabe",Henrique & Juliano,2022,21,https://www.letras.mus.br/henrique-e-juliano/seu-perfil/,-1
585,Seu Perfil,musica585,musica585_trecho4,"É que o seu perfil De querer uma noite e mais nada Não combina com a minha vida calma Você fica comigo um dia E o resto é balada, balada, balada",Henrique & Juliano,2022,31,https://www.letras.mus.br/henrique-e-juliano/seu-perfil/,-1
585,Seu Perfil,musica585,musica585_trecho5,"Você gosta de ser enganada E na vida, eu faltei nessa aula Desculpa não ser esse cara",Henrique & Juliano,2022,17,https://www.letras.mus.br/henrique-e-juliano/seu-perfil/,-1
585,Seu Perfil,musica585,musica585_trecho7,Você gosta de ser enganada E na vida eu faltei nessa aula Desculpa não ser esse cara Desculpa não ser esse cara Desculpa não ser esse cara,Henrique & Juliano,2022,27,https://www.letras.mus.br/henrique-e-juliano/seu-perfil/,-1
37,Seu Polícia,musica37,musica37_trecho2,"Me afogando no álcool O som do carro no talo Manda a multa, que eu vou pagar Mas enquanto ela não voltar Sofrimento é mato Coração em pedaço Compreenda, por favor O meu amor me deixou",Zé Neto e Cristiano,2015,36,https://www.letras.mus.br/ze-neto-cristiano/seu-policia/,-1
1246,Sexto Sentido,musica1246,musica1246_trecho1,"A lua é a testemunha de que toda noite eu penso em você O mundo gira ao contrário Tô preso num passado que me leva a crer Que você é meu distúrbio, minha obsessão Meu subconsciente, alucinação Os meus cinco sentidos estão presos em suas mãos De tanto te amar, enfrento o infinito Desperto até o meu sexto sentido",Munhoz & Mariano,2011,59,https://www.letras.mus.br/munhoz-mariano/1955086/,-1
1246,Sexto Sentido,musica1246,musica1246_trecho2,"E toda noite eu vejo você em minha frente Eu sei que é alucinação, coisa da minha mente De tanto te querer, de tanto te amar Até o meu sexto sentido eu posso despertar",Munhoz & Mariano,2011,34,https://www.letras.mus.br/munhoz-mariano/1955086/,-1
1308,Sexto Sentido,musica1308,musica1308_trecho1,Não foi coincidência encontrar contigo Talvez seja o nosso destino Eu quero dormir outra vez em teu peito E depois acordar com seus beijos Teu sexto sentido ainda sonha comigo Sei que logo estaremos unidos Teu sorriso travesso ainda vive comigo Nós estamos no mesmo caminho,Marco e Mario,2010,46,https://www.letras.mus.br/marco-mario/1734686/,-1
1308,Sexto Sentido,musica1308,musica1308_trecho3,"Te envio poemas de meu punho em letra Te envio canções pra que você entenda Te envio minhas fotos pra que você me veja Não estamos juntos, mas tenho certeza.",Marco e Mario,2010,30,https://www.letras.mus.br/marco-mario/1734686/,-1
128,Silêncio,musica128,musica128_trecho2,Nossas promessas não me interessam Foi a última coisa que ouvi você falar Pediu pra não te procurar Pra sumir da sua vida,Marília Mendonça,2015,23,https://www.letras.mus.br/marilia-mendonca/silencio/,-1
128,Silêncio,musica128,musica128_trecho10,Por que não me pede pra voltar?,Marília Mendonça,2015,7,https://www.letras.mus.br/marilia-mendonca/silencio/,-1
210,Sinais,musica210,musica210_trecho1,Vi seu sorriso em meu sonho Segui seu rastro na areia do deserto Eu escutei sua voz ao vento Senti seu cheiro cada vez de mim mais perto,Luan Santana,2009,28,https://www.letras.mus.br/luan-santana/1540847/,-1
210,Sinais,musica210,musica210_trecho3,Sinais me mostraram o caminho até você Vaga-lumes guiam-me sem perceber E no fim da estrada uma luz parece ser você,Luan Santana,2009,21,https://www.letras.mus.br/luan-santana/1540847/,-1
1369,Sinal Disfarçado (part. Zé Ricardo e Thiago),musica1369,musica1369_trecho1,Peguei no seu cabelo você diz que ficou louca Falei no ouvidinho vou beijar na sua boca Você piscou pra mim dizendo estou acompanhada E o cara do seu lado olhando sem entender nada,Israel Novaes,2014,34,https://www.letras.mus.br/israel-novaes/sinal-disfarcado/,-1
1369,Sinal Disfarçado (part. Zé Ricardo e Thiago),musica1369,musica1369_trecho2,Era ele vira e você me olhava pra gente combinar Um sinal disfarçado com o jeito safado Gostoso de me olhar,Israel Novaes,2014,21,https://www.letras.mus.br/israel-novaes/sinal-disfarcado/,-1
1369,Sinal Disfarçado (part. Zé Ricardo e Thiago),musica1369,musica1369_trecho3,Vai no banheiro pra gente se beijar Bem lá no escurinho pra ninguém desconfiar Cara de santa mas não me engana não É hoje que eu te pego e você não escapa não (2x),Israel Novaes,2014,34,https://www.letras.mus.br/israel-novaes/sinal-disfarcado/,-1
1271,Sinônimo de Amor,musica1271,musica1271_trecho3,Um sentimento que até junto da saudade Tão de difícil de explicar Bem mais fácil de entender,Bruno & Marrone,2009,17,https://www.letras.mus.br/bruno-e-marrone/1660732/,-1
1271,Sinônimo de Amor,musica1271,musica1271_trecho4,Só sei que sou grato por tudo Mãe querida Vai durar mais de uma vida Se eu começar agradecer,Bruno & Marrone,2009,19,https://www.letras.mus.br/bruno-e-marrone/1660732/,-1
1303,Sinto Falta de Você,musica1303,musica1303_trecho3,Sinto falta de você E a palavra que me cura Ninguém vai dizer,Victor & Leo,2007,13,https://www.letras.mus.br/victor-leo/797048/,-1
1303,Sinto Falta de Você,musica1303,musica1303_trecho4,Cada coisa que eu consigo Quero dividir contigo Não vai ser fácil esquecer,Victor & Leo,2007,13,https://www.letras.mus.br/victor-leo/797048/,-1
1303,Sinto Falta de Você,musica1303,musica1303_trecho12,Esquecer você Esquecer você,Victor & Leo,2007,4,https://www.letras.mus.br/victor-leo/797048/,-1
1146,Sinto Saudade,musica1146,musica1146_trecho2,"Sinto saudade da nossa primeira vez no parque de diversão Eu tava com medo de ir no brinquedo e você segurou minha mão Sinto saudade do nosso cinema, da cena do beijo roubado Do frio na barriga e a mão gelada sabendo que tava ao seu lado",Thaeme e Thiago,2013,47,https://www.letras.mus.br/thaeme-thiago/sinto-saudade/,-1
1401,Só de Pensar (part. Jorge e Mateus),musica1401,musica1401_trecho2,"Nem sei explicar como Teu corpo me afeta Te vejo dançando Meu sangue acelera, acelera",Maria Cecília e Rodolfo,2013,15,https://www.letras.mus.br/maria-cecilia-rodolfo/so-de-pensar/,-1
1401,Só de Pensar (part. Jorge e Mateus),musica1401,musica1401_trecho3,"E quando seu olhar me paralisa Assim perco as palavras E assisto você me invadir Você me invadir, iêiê",Maria Cecília e Rodolfo,2013,19,https://www.letras.mus.br/maria-cecilia-rodolfo/so-de-pensar/,-1
1401,Só de Pensar (part. Jorge e Mateus),musica1401,musica1401_trecho4,Eu suspiro e todo o meu corpo se abala Os olhos não piscam eu perco a fala Toca a sua boca em mim e me perco,Maria Cecília e Rodolfo,2013,26,https://www.letras.mus.br/maria-cecilia-rodolfo/so-de-pensar/,-1
1540,Só Eu Sei,musica1540,musica1540_trecho3,Já fiz canções de amor Chorei de saudade e dor e você nem aí Quando me vê finge que não me conhece Quando sai esquece que estou aqui,Jorge & Mateus,2009,28,https://www.letras.mus.br/jorge-mateus/1444408/,-1
1240,Só Falta Você,musica1240,musica1240_trecho1,"Posso até fazer de tudo pra você voltar E mudar minha rotina só pra te agradar Se você não está por perto, não sei me cuidar Eu te amo de verdade, pode acreditar",Jorge & Mateus,2009,33,https://www.letras.mus.br/jorge-mateus/1449301/,-1
1240,Só Falta Você,musica1240,musica1240_trecho2,"Você é, na minha vida, o meu porto seguro Meu destino, meu passado, presente e futuro Fiz promessas de joelhos pra te esquecer Nenhum santo me atendeu e eu já sei por que",Jorge & Mateus,2009,33,https://www.letras.mus.br/jorge-mateus/1449301/,-1
1606,Só Nós Dois,musica1606,musica1606_trecho2,"Sigo levando na memória, eu tô perdido Mas te confesso, não tá fácil, é doído Às vezes sinto o meu coração parar de bater",Lucas Lucco,2014,24,https://www.letras.mus.br/lucas-lucco/so-nos-dois/,-1
1606,Só Nós Dois,musica1606,musica1606_trecho3,"Me traz o ar de volta, não consigo respirar Escuto a tua voz, mesmo distante, a me chamar Aonde estiver, não perco a fé, a gente vai se amar",Lucas Lucco,2014,29,https://www.letras.mus.br/lucas-lucco/so-nos-dois/,-1
1606,Só Nós Dois,musica1606,musica1606_trecho4,Só nós dois até o amanhecer E depois da gente se envolver Ver o sol nascer e prometer Que dessa vez vai ser pra valer,Lucas Lucco,2014,25,https://www.letras.mus.br/lucas-lucco/so-nos-dois/,-1
1606,Só Nós Dois,musica1606,musica1606_trecho5,Quero sua cabeça no meu peito Só nós dois curtindo esse momento E você dizendo do seu jeito Que nunca viveu momento tão perfeito,Lucas Lucco,2014,24,https://www.letras.mus.br/lucas-lucco/so-nos-dois/,-1
1543,Só Penso Em Nós,musica1543,musica1543_trecho3,Não vou desistir Vou acreditar Ter você pra mim É melhor que o ar,Paula Fernandes,2005,14,https://www.letras.mus.br/paula-fernandes/1332480/,-1
1543,Só Penso Em Nós,musica1543,musica1543_trecho4,Não vou desistir Vou soltar a voz Vou até o fim Eu só penso em nós,Paula Fernandes,2005,16,https://www.letras.mus.br/paula-fernandes/1332480/,-1
1557,Só Se For Gelada,musica1557,musica1557_trecho2,E eu não largo uma loira gelada Só se for gelada Tem que tá Nevada Não pode espumar,Conrado e Aleksandro,2013,18,https://www.letras.mus.br/conrado-aleksandro/so-se-for-gelada/,-1
1557,Só Se For Gelada,musica1557,musica1557_trecho3,Por isso que eu não largo uma loira gelada Só se for gelada Tem que tá Nevada Não pode espumar,Conrado e Aleksandro,2013,20,https://www.letras.mus.br/conrado-aleksandro/so-se-for-gelada/,-1
421,Só Tem Eu,musica421,musica421_trecho2,"Na foto que cê não apagou Na legenda que falava de amor Escuta teu coração, por favor",Zé Felipe,2020,17,https://www.letras.mus.br/ze-felipe/so-tem-eu/,-1
421,Só Tem Eu,musica421,musica421_trecho3,"Se não sou eu, vai ser quem O amor teu? Só você não percebeu Que só tem eu Se não sou eu, vai ser quem O amor teu? Só você não percebeu Que só tem eu Volta, pelo amor de Deus",Zé Felipe,2020,41,https://www.letras.mus.br/ze-felipe/so-tem-eu/,-1
421,Só Tem Eu,musica421,musica421_trecho4,"Na foto que cê não apagou Na legenda que falava dе amor Escuta seu coração, por favor",Zé Felipe,2020,17,https://www.letras.mus.br/ze-felipe/so-tem-eu/,-1
421,Só Tem Eu,musica421,musica421_trecho5,"Se não sou eu, vai sеr quem O amor teu? Só você não percebeu Que só tem eu Se não sou eu, vai ser quem O amor teu? Só você não percebeu Que só tem eu Volta, pelo amor de Deus",Zé Felipe,2020,41,https://www.letras.mus.br/ze-felipe/so-tem-eu/,-1
1268,Só Vou Beber Mais Hoje,musica1268,musica1268_trecho4,"Só ter uma festinha que a galera me chama Tenho dois apelidos: pinguço e pé de cana Casamento, batizado, formatura, aniversário E até chá de bebê, tô pronto pra beber",Humberto e Ronaldo,2012,30,https://www.letras.mus.br/humberto-ronaldo/so-vou-beber-mais-hoje/,-1
1268,Só Vou Beber Mais Hoje,musica1268,musica1268_trecho5,"Mas eu sei que faz mal, decidi, vou parar Só mais hoje e amanhã, não dá, não dá, não dá Mais eu sei, decidi, vou parar Só mais hoje e amanhã, não dá, não dá, não dá",Humberto e Ronaldo,2012,37,https://www.letras.mus.br/humberto-ronaldo/so-vou-beber-mais-hoje/,-1
1268,Só Vou Beber Mais Hoje,musica1268,musica1268_trecho8,"Só ter uma festinha que a galera me chama Tenho dois apelidos: pinguço e pé de cana É casamento, batizado, formatura, aniversário E até chá de bebê, tô pronto pra beber",Humberto e Ronaldo,2012,31,https://www.letras.mus.br/humberto-ronaldo/so-vou-beber-mais-hoje/,-1
1268,Só Vou Beber Mais Hoje,musica1268,musica1268_trecho9,"Mas eu sei que faz mal, decidi, vou parar Só mais hoje e amanhã, não dá, não dá, não dá Mas eu sei que faz mal, decidi, vou parar Só mais hoje e amanhã, não dá, não dá, não dá",Humberto e Ronaldo,2012,40,https://www.letras.mus.br/humberto-ronaldo/so-vou-beber-mais-hoje/,-1
1529,Sobrenatural,musica1529,musica1529_trecho2,"Foi como se dois mundos se encontrassem, Num elo de paixão. Saiu de uma simples fantasia, E entrou no meu coração. Mesmo sem te conhecer, O meu olhar já encontrava o seu. E mesmo sem saber o que eu sentia, Eu já sabia. Sabia que uma hora a gente iria se encontrar, E dois mundos diferentes, Fossem pra sempre se juntar",Luan Santana,2009,61,https://www.letras.mus.br/luan-santana/1575263/,-1
302,Sogrão Caprichou,musica302,musica302_trecho4,"Não vai embora, não, deita aqui na cama Se seu pai te perguntar, você tá com Luan Santana Vou falar bem baixinho que é pra você saber Sogrão caprichou na hora de fazer você, hein?",Luan Santana,2013,35,https://www.letras.mus.br/luan-santana/sograo-caprichou/,-1
302,Sogrão Caprichou,musica302,musica302_trecho11,"Não vai embora, não, deita aqui na cama Se seu pai te perguntar, você tá com Luan Santana",Luan Santana,2013,18,https://www.letras.mus.br/luan-santana/sograo-caprichou/,-1
426,Sol Nos Olhos,musica426,musica426_trecho3,"Você carrega o Sol nos olhos E a Lua no sorriso Seu corpo eu toco e faço solos Sua voz é música pros meus ouvidos Se você for, eu sofro, é óbvio Desequilibra o meu juízo Se eu penso em te perder, eu choro Sei lá se eu sobrevivo",Jorge & Mateus,2025,49,https://www.letras.mus.br/jorge-mateus/sol-nos-olhos/,-1
426,Sol Nos Olhos,musica426,musica426_trecho8,"Você carrega o Sol nos olhos E a Lua no sorriso Seu corpo eu toco e faço solos Sua voz é música pros meus ouvidos Se você for, eu sofro, é óbvio Desequilibra o meu juízo Se eu penso em te perder, eu choro (eu choro) Sei lá se eu sobrevivo",Jorge & Mateus,2025,51,https://www.letras.mus.br/jorge-mateus/sol-nos-olhos/,-1
426,Sol Nos Olhos,musica426,musica426_trecho9,"Oh-uh-oh Se eu penso em te perder, eu choro (eu choro) Sei lá se eu sobrevivo",Jorge & Mateus,2025,16,https://www.letras.mus.br/jorge-mateus/sol-nos-olhos/,-1
246,Solteiro Forçado,musica246,musica246_trecho1,Tá difícil não te ver aqui Quando eu acordo Não dá nem vontade de sair Da cama,Ana Castela,2024,17,https://www.letras.mus.br/ana-castela/solteiro-forcado/,-1
246,Solteiro Forçado,musica246,musica246_trecho4,"Eu tô sendo solteiro forçado, uh Eu tô beijando sem querer ser beijado, uh Era pra ser você comigo aqui do lado Eu tô na bagaceira, mas tô só o bagaço",Ana Castela,2024,31,https://www.letras.mus.br/ana-castela/solteiro-forcado/,-1
246,Solteiro Forçado,musica246,musica246_trecho9,"Era pra ser você comigo aqui do lado Eu tô na bagaceira, mas tô só o bagaço",Ana Castela,2024,17,https://www.letras.mus.br/ana-castela/solteiro-forcado/,-1
1442,Solteiro Não Trai,musica1442,musica1442_trecho1,"Já é a quinta vez Que você liga, assim, do nada Que dorme em cama separada A quinta vez que você terminou",Gustavo Mioto,2022,22,https://www.letras.mus.br/gustavo-mioto/solteiro-nao-trai/,-1
786,Sonha Comigo,musica786,musica786_trecho2,Seu amor foi sempre muito mais Do que eu sonhei pra mim Sempre mais do que eu mereci Pensa direito antes de dormir,Zé Neto e Cristiano,2017,23,https://www.letras.mus.br/ze-neto-cristiano/sonha-comigo/,-1
786,Sonha Comigo,musica786,musica786_trecho3,E sonha comigo Sonha comigo Sonha comigo Tô esperando você acordar,Zé Neto e Cristiano,2017,11,https://www.letras.mus.br/ze-neto-cristiano/sonha-comigo/,-1
786,Sonha Comigo,musica786,musica786_trecho4,E sonha comigo Sonha comigo E quando acordar Cê vai me perdoar,Zé Neto e Cristiano,2017,12,https://www.letras.mus.br/ze-neto-cristiano/sonha-comigo/,-1
786,Sonha Comigo,musica786,musica786_trecho9,E sonha comigo Sonha comigo,Zé Neto e Cristiano,2017,5,https://www.letras.mus.br/ze-neto-cristiano/sonha-comigo/,-1
1277,Sonhando,musica1277,musica1277_trecho4,"As vezes fujo, corro de mim mesmo Canso e me esqueço de lutar Sabendo que não posso ser tão tolo assim Quando me vejo já estou cantando Solto minha voz e desabafo enfim",Bruno & Marrone,2010,33,https://www.letras.mus.br/bruno-e-marrone/1743238/,-1
1277,Sonhando,musica1277,musica1277_trecho6,"Não vou mais querer explicar, eu já sei Alguém me soprou e falou Tudo sobre você, e ainda eu vou te ver",Bruno & Marrone,2010,22,https://www.letras.mus.br/bruno-e-marrone/1743238/,-1
1483,Sonho,musica1483,musica1483_trecho1,"Oi tudo bem?! Há quanto tempo eu não te via Resolvi te visitar No seu sonho, será que te assustei?",Cleber e Cauan,2016,20,https://www.letras.mus.br/cleber-cauan/sonho/,-1
1483,Sonho,musica1483,musica1483_trecho3,Hoje eu reparei no seu batom Vi que a sua roupa caiu bem Que o seu perfume é tão bom E o sorriso lindo que só você tem,Cleber e Cauan,2016,28,https://www.letras.mus.br/cleber-cauan/sonho/,-1
1483,Sonho,musica1483,musica1483_trecho5,"Não posso te perder de novo, nem em sonho..",Cleber e Cauan,2016,9,https://www.letras.mus.br/cleber-cauan/sonho/,-1
72,Sonho de Amor,musica72,musica72_trecho3,"E as batidas do nosso coração Se acalmando depois da explosão Quando o Sol se prepara pra nascer Oh, sonho de amor",Zezé Di Camargo & Luciano,2012,22,https://www.letras.mus.br/zeze-di-camargo-e-luciano/1972912/,-1
507,Sonho de Todo Casal,musica507,musica507_trecho1,"Quando eu bati o olho Eu já percebi que era você Yeah, yeah Exatamente como um sonho E não precisa fechar o olho pra ver Yeah, yeah",Marcos & Belutti,2025,27,https://www.letras.mus.br/marcos-belutti/sonho-de-todo-casal/,-1
507,Sonho de Todo Casal,musica507,musica507_trecho2,"Sorte a minha, sorte a nossa É pra vida, é agora",Marcos & Belutti,2025,11,https://www.letras.mus.br/marcos-belutti/sonho-de-todo-casal/,-1
507,Sonho de Todo Casal,musica507,musica507_trecho9,Quando eu bati o olho Eu já percebi que era você,Marcos & Belutti,2025,11,https://www.letras.mus.br/marcos-belutti/sonho-de-todo-casal/,-1
1059,Sorria (part. MC Don Juan),musica1059,musica1059_trecho2,"Eu não tô te segurando Quer ir? Vai Você me ama e eu te amo Mas se quer sair da minha vida, sai",Luan Santana,2021,23,https://www.letras.mus.br/luan-santana/sorria-part-mc-don-juan/,-1
1059,Sorria (part. MC Don Juan),musica1059,musica1059_trecho4,Quando perceber que seus defeitos Só comigo eram perfeitos Não tem jeito Você vai chorar por mim,Luan Santana,2021,17,https://www.letras.mus.br/luan-santana/sorria-part-mc-don-juan/,-1
1059,Sorria (part. MC Don Juan),musica1059,musica1059_trecho6,"Vai piorar, desidratar Se me ver por aí na vida louca Quando perceber que seus defeitos Só comigo eram perfeitos Não tem jeito Você vai chorar por mim (Vai chorar por mim)",Luan Santana,2021,32,https://www.letras.mus.br/luan-santana/sorria-part-mc-don-juan/,-1
1059,Sorria (part. MC Don Juan),musica1059,musica1059_trecho8,"Com as amigas fica louca Sente falta da minha boca Cê fala que não, mas me ama e você sabe Vê se não confunde o meu amor Que se a brisa passa, a bad bate E se ela bate?",Luan Santana,2021,39,https://www.letras.mus.br/luan-santana/sorria-part-mc-don-juan/,-1
1059,Sorria (part. MC Don Juan),musica1059,musica1059_trecho12,"Vai piorar, desidratar Se me ver por aí na vida louca Quando perceber que seus defeitos Só comigo eram perfeitos Não tem jeito Você vai chorar",Luan Santana,2021,26,https://www.letras.mus.br/luan-santana/sorria-part-mc-don-juan/,-1
1059,Sorria (part. MC Don Juan),musica1059,musica1059_trecho13,Vai chorar por mim Vai chorar por mim,Luan Santana,2021,8,https://www.letras.mus.br/luan-santana/sorria-part-mc-don-juan/,-1
1059,Sorria (part. MC Don Juan),musica1059,musica1059_trecho16,"Vai piorar, desidratar Se me ver por aí na vida louca Quando perceber que seus defeitos Só comigo eram perfeitos Só comigo são perfeitos Você vai, vai, vai",Luan Santana,2021,28,https://www.letras.mus.br/luan-santana/sorria-part-mc-don-juan/,-1
1059,Sorria (part. MC Don Juan),musica1059,musica1059_trecho17,"Vai piorar, desidratar Se me ver por aí na vida louca Quando perceber que seus defeitos Só comigo eram perfeitos Não tem jeito Você vai chorar por mim",Luan Santana,2021,28,https://www.letras.mus.br/luan-santana/sorria-part-mc-don-juan/,-1
985,Sorte,musica985,musica985_trecho6,Eu não quero te perder Dou minha vida por você Agradeço por te ter Eu sempre vou mimar você,Simone & Simaria,2012,19,https://www.letras.mus.br/simone-simaria-as-coleguinhas/1630671/,-1
985,Sorte,musica985,musica985_trecho7,"Tudo que eu vejo lembra você O teu sorriso me faz viver Viver contigo é bom demais Que sorte eu tenho, meu rapaz",Simone & Simaria,2012,23,https://www.letras.mus.br/simone-simaria-as-coleguinhas/1630671/,-1
1484,Sorte É Ter Você,musica1484,musica1484_trecho3,"E o meu coração, partido em ruínas Se reconstruiu no seu olhar, menina Eu quero te querer",João Bosco & Vinícius,2014,17,https://www.letras.mus.br/joao-bosco-viniciusacustico/sorte-e-ter-voce/,-1
654,Sorte Que Cê Beija Bem,musica654,musica654_trecho1,Eu jurei não bater na sua porta Olha eu batendo E quebrando outra promessa,Maiara & Maraisa,2017,14,https://www.letras.mus.br/maiara-maraisa/sorte-que-beija-bem/,-1
654,Sorte Que Cê Beija Bem,musica654,musica654_trecho3,Você é um problema que eu quero ter Mesmo sabendo que eu não consigo resolver Eu prometo que não vou te amar Porque essa promessa Eu vou fazer questão de quebrar,Maiara & Maraisa,2017,31,https://www.letras.mus.br/maiara-maraisa/sorte-que-beija-bem/,-1
712,Sosseguei,musica712,musica712_trecho3,Se quer cinema eu sou o par perfeito Quer curtir balada já tem seu parceiro Ou ficar em casa amando o dia inteiro Ou dividir comigo o seu brigadeiro,Jorge & Mateus,2016,29,https://www.letras.mus.br/jorge-mateus/eu-sosseguei/,-1
712,Sosseguei,musica712,musica712_trecho4,"E nessa vida agora somos dois, três, quatro Quantos você quiser A partir de hoje, eu sou um homem de uma só mulher",Jorge & Mateus,2016,23,https://www.letras.mus.br/jorge-mateus/eu-sosseguei/,-1
360,Sou Seu Fã Nº 1,musica360,musica360_trecho1,Guarde o seu sorriso só pra mim Que eu te dou o universo em meu olhar Se sentir na pele um arrepio São meus dedos te tocando pra te contar,Eduardo Costa,2009,30,https://www.letras.mus.br/eduardo-costa/1556876/,-1
360,Sou Seu Fã Nº 1,musica360,musica360_trecho2,"Sou fã do seu jeito Sou fã da sua roupa Sou fã desse sorriso estampado em sua boca Sou fã dos seus olhos Sou fã sem medida Sou seu fã número um E com você, sou fã da vida",Eduardo Costa,2009,39,https://www.letras.mus.br/eduardo-costa/1556876/,-1
21,Sua Boca Mente (You're Still The One) (part. Ana Castela),musica21,musica21_trecho3,"Chorei (chorei), eu sei (eu sei) Que sentimento não se cobra Mas a paixão Cegou os meus olhos E o coração",Zé Felipe,2025,21,https://www.letras.mus.br/ze-felipe/sua-boca-mente-youre-still-the-one-part-ana-castela/,-1
793,Sua Vez de Terminar,musica793,musica793_trecho1,Ah Será que todo meu cair de roupas Eu vou te lembrar Será que toda encostada de boca Você vai me assombrar E eu de cabeça quente não vi os sinais Que dessa vez era sua vez de terminar,Diego e Victor Hugo,2024,39,https://www.letras.mus.br/diego-victor-hugo/sua-vez-de-terminar/,-1
793,Sua Vez de Terminar,musica793,musica793_trecho3,"O homem quando fala que não sofre é mentira O homem quando fala que esqueceu queima língua O homem quando fala que termina, volta Mulher quando decide terminar, termina Termina",Diego e Victor Hugo,2024,30,https://www.letras.mus.br/diego-victor-hugo/sua-vez-de-terminar/,-1
793,Sua Vez de Terminar,musica793,musica793_trecho4,"O homem quando fala que não sofre é mentira O homem quando fala que esqueceu queima língua O homem quando fala que termina, volta Mulher quando decide terminar, termina",Diego e Victor Hugo,2024,29,https://www.letras.mus.br/diego-victor-hugo/sua-vez-de-terminar/,-1
220,Sublime Renúncia,musica220,musica220_trecho2,"Esse foi o meu último beijo Satisfiz o meu desejo O pior foi te perder Resignemos, Oh! Querida Não lamentemos a vida Nosso destino é sofrer",João Neto e Frederico,2010,26,https://www.letras.mus.br/joao-neto-frederico/1044664/,-1
220,Sublime Renúncia,musica220,musica220_trecho5,"Esse foi o meu último beijo Satisfiz o meu desejo O pior foi te perder Resignemos, Oh! Querida Não lamentemos a vida Nosso destino é sofrer.",João Neto e Frederico,2010,26,https://www.letras.mus.br/joao-neto-frederico/1044664/,-1
1586,Sufoco,musica1586,musica1586_trecho2,Como que eu faço pra tirar da cabeça Sendo que você não sai do meu coração? Sempre que me pede pra que eu te esqueça Fico no sufoco com essa paixão,Luan Santana,2008,31,https://www.letras.mus.br/luan-santana/1238312/,-1
1586,Sufoco,musica1586,musica1586_trecho3,"Eu não sou brinquedo, mas você me pisa E sem querer judia do meu coração E faz minha cabeça, sempre que decido te dizer um não",Luan Santana,2008,26,https://www.letras.mus.br/luan-santana/1238312/,-1
1586,Sufoco,musica1586,musica1586_trecho15,E tira o meu sufoco com o seu prazer,Luan Santana,2008,9,https://www.letras.mus.br/luan-santana/1238312/,-1
662,Suíte 14 (part. MC Guimê),musica662,musica662_trecho1,"E vai ver que o frio é maior Quando eu não for mais seu cobertor Nem ouvir minha voz dizendo Já é hora, acorda, amor",Henrique & Diego,2015,25,https://www.letras.mus.br/henrique-diego/suite-14/,-1
816,Sujeito,musica816,musica816_trecho7,Não adianta apagar meu número da agenda,Gusttavo Lima,2018,7,https://www.letras.mus.br/gusttavo-lima/sujeito/,-1
1473,Super Amor,musica1473,musica1473_trecho1,Eu já desafiei a lei da gravidade Já voei sem asas pra te procurar Tenho um radar no peito batendo de saudade É o meu coração querendo te encontrar,Luan Santana,2011,29,https://www.letras.mus.br/luan-santana/1779460/,-1
1473,Super Amor,musica1473,musica1473_trecho2,E só fechar os olhos e imaginar você Que eu sinto a energia como um super poder,Luan Santana,2011,17,https://www.letras.mus.br/luan-santana/1779460/,-1
108,Supera,musica108,musica108_trecho1,"Tá de novo com essa pessoa Não tô acreditando, vai fazer papel de trouxa outra vez Cê não aprende mesmo, hein",Marília Mendonça,2019,21,https://www.letras.mus.br/marilia-mendonca/supera/,-1
108,Supera,musica108,musica108_trecho4,"Ele tá fazendo de tapete o seu coração Promete pra mim que dessa vez você vai falar não De mulher pra mulher, supera De mulher pra mulher, supera",Marília Mendonça,2019,28,https://www.letras.mus.br/marilia-mendonca/supera/,-1
108,Supera,musica108,musica108_trecho8,"Se ele não te quer, supera De mulher pra mulher, supera",Marília Mendonça,2019,11,https://www.letras.mus.br/marilia-mendonca/supera/,-1
677,Surdo e Mudo,musica677,musica677_trecho1,Um dia uma criança no congresso de irmãs Era surda e não conseguia adorar Mas enquanto o grupo a Deus cantava A presença do Espírito a igreja visitava,Alisson Santos,2020,28,https://www.letras.mus.br/alisson-santos/surdo-e-mudo/,-1
677,Surdo e Mudo,musica677,musica677_trecho2,Alguém não suportava e começava a pular Outro não aguentava e começava a marchar Outro era mais doidinho e começava a correr E a que era criança surda começou a observar (O que que é isso) E em libras pra mamãe perguntou Minha mãe o porque que esse povo pulou E do outro lado a sua mãe lhe respondeu Filho meu isso aqui é poder de Deus,Alisson Santos,2020,67,https://www.letras.mus.br/alisson-santos/surdo-e-mudo/,-1
677,Surdo e Mudo,musica677,musica677_trecho3,"E o menino curioso começou falar Eu não falo, eu não escuto mas quero pular Eu não falo, eu não escuto mas quero marchar Da um jeito minha mãezinha eu quero adorar",Alisson Santos,2020,32,https://www.letras.mus.br/alisson-santos/surdo-e-mudo/,-1
677,Surdo e Mudo,musica677,musica677_trecho4,E quando em casa a mamãe chegou Um caderno no armário ela pegou Em alguns minutos no papel ela anotou E depois em pedacinhos o papel rasgou Dentro de uma sacolinha colocou E nas mãos do seu filhinho entregou E olhando nos seus olhos começou falar Amanhã na igreja quando alguém pular,Alisson Santos,2020,52,https://www.letras.mus.br/alisson-santos/surdo-e-mudo/,-1
677,Surdo e Mudo,musica677,musica677_trecho5,Tu enche a mão de papelzinho e joga pro ar Amanhã na igreja quando alguém marchar Tu enche a mão de papelzinho e joga pro ar É com papel oh filho meu que tu vai adorar,Alisson Santos,2020,36,https://www.letras.mus.br/alisson-santos/surdo-e-mudo/,-1
677,Surdo e Mudo,musica677,musica677_trecho6,No dia seguinte na igreja o menino chegou E nos primeiros bancos ele se assentou Estava observando pra vê quem vai pular Estava ansioso pra jogar papel pro ar,Alisson Santos,2020,29,https://www.letras.mus.br/alisson-santos/surdo-e-mudo/,-1
677,Surdo e Mudo,musica677,musica677_trecho7,Quando alguém pulava papel ele jogava Quando alguém marchava papel ele jogava Quando alguém corria papel ele jogava,Alisson Santos,2020,18,https://www.letras.mus.br/alisson-santos/surdo-e-mudo/,-1
677,Surdo e Mudo,musica677,musica677_trecho8,De repente um obreiro se aproximou E a mãe percebeu que o obreiro com o menino brigou A mãe se levantou e com o obreiro foi conversar Moço o porque com o meu filho você foi brigar,Alisson Santos,2020,37,https://www.letras.mus.br/alisson-santos/surdo-e-mudo/,-1
677,Surdo e Mudo,musica677,musica677_trecho9,E o obreiro furioso começou falar Será que para esse teu filho tu não deu educação Aqui não é lugar de jogar papel no chão E a lágrima no rosto da mamãe rolou,Alisson Santos,2020,33,https://www.letras.mus.br/alisson-santos/surdo-e-mudo/,-1
677,Surdo e Mudo,musica677,musica677_trecho10,O obreiro se assustou E por curiosidade ele se agachou Pegou papel no chão e começou a ler Quando ele leu a lágrima no rosto então rolou,Alisson Santos,2020,27,https://www.letras.mus.br/alisson-santos/surdo-e-mudo/,-1
677,Surdo e Mudo,musica677,musica677_trecho11,No papel tava escrito glória a Deus No papel tava escrito aleluia No papel tava escrito louvado seja o nome do senhor Eu posso ser surdo mas sou adorador (Vai),Alisson Santos,2020,30,https://www.letras.mus.br/alisson-santos/surdo-e-mudo/,-1
677,Surdo e Mudo,musica677,musica677_trecho12,Eu posso ser surdo mas sou adorador Eu eu posso ser surdo mas sou adorador Abre a boca pra adorar Ergue as mão pra adorar,Alisson Santos,2020,25,https://www.letras.mus.br/alisson-santos/surdo-e-mudo/,-1
677,Surdo e Mudo,musica677,musica677_trecho13,Tu tem mão e não levanta Tem perna e não pula Tem tudo e não adora o nome do senhor Tem saúde e só reclama Tem casa e só reclama Tem tudo e não adora o nome do senhor,Alisson Santos,2020,39,https://www.letras.mus.br/alisson-santos/surdo-e-mudo/,-1
677,Surdo e Mudo,musica677,musica677_trecho14,Se tu precisa de papel eu vou procurar Se tu precisa de sacola eu vou te dar Mas se tem boca abre a boca aí pra adorar Mas se tem mãos levante as mãos aí pra adorar,Alisson Santos,2020,37,https://www.letras.mus.br/alisson-santos/surdo-e-mudo/,-1
677,Surdo e Mudo,musica677,musica677_trecho15,"Enquanto tu adora, Deus entra na tua casa Enquanto tu adora, Deus fecha essa cova Enquanto tu adora, essa mentira cai Enquanto tu adora, essa doença sai",Alisson Santos,2020,27,https://www.letras.mus.br/alisson-santos/surdo-e-mudo/,-1
1081,Tá Combinado,musica1081,musica1081_trecho1,"Tá pra nascer alguém que me prenda e me faça mudar Vai se acostumando, é meu jeito de amar É que sou viciado num rabo de saia",João Neto e Frederico,2012,27,https://www.letras.mus.br/joao-neto-frederico/1856881/,-1
1081,Tá Combinado,musica1081,musica1081_trecho3,"Se você acha que eu não vou pra balada E que o meu dilema é ficar dentro de casa Pirou, você não sabe nada, sem moral",João Neto e Frederico,2012,26,https://www.letras.mus.br/joao-neto-frederico/1856881/,-1
494,Tá Faltando Eu (part. Jorge e Mateus),musica494,musica494_trecho4,Pegadas que se tornam areia Castelo de areia sempre cai Se olham pra mim de cara feia Meu coração desaba num ai,Gusttavo Lima,2015,22,https://www.letras.mus.br/gusttavo-lima/ta-faltando-eu/,-1
494,Tá Faltando Eu (part. Jorge e Mateus),musica494,musica494_trecho15,"E acordar, não seja tarde",Gusttavo Lima,2015,5,https://www.letras.mus.br/gusttavo-lima/ta-faltando-eu/,-1
1423,Tá Mais Pra Capetinha (part. Cristiano Araújo),musica1423,musica1423_trecho1,"Copo com Red Label, Olhar de serpente Com dedinho na boca, Ela rebola em minha frente.",Zé Ricardo e Thiago,2012,16,https://www.letras.mus.br/ze-ricardo-thiago/2003791/,-1
1423,Tá Mais Pra Capetinha (part. Cristiano Araújo),musica1423,musica1423_trecho3,"Sobe, na mesa Quando ela fica louca Brinca de vira-vira Se perder, beija na boca.",Zé Ricardo e Thiago,2012,15,https://www.letras.mus.br/ze-ricardo-thiago/2003791/,-1
1423,Tá Mais Pra Capetinha (part. Cristiano Araújo),musica1423,musica1423_trecho4,"Toda gostosa, de sainha rodada Ela tá por cima, É a mais top da balada.",Zé Ricardo e Thiago,2012,15,https://www.letras.mus.br/ze-ricardo-thiago/2003791/,-1
1423,Tá Mais Pra Capetinha (part. Cristiano Araújo),musica1423,musica1423_trecho5,"E ela desce, sobe, faz cara de anjinha E ela sobe, e desce tá mais pra capetinha. 2x",Zé Ricardo e Thiago,2012,18,https://www.letras.mus.br/ze-ricardo-thiago/2003791/,-1
807,Tá Namorando e Me Querendo,musica807,musica807_trecho1,"Pra que foi se envolver com alguém Se todo mundo ainda sabe que você me ama? Tá escrito no seu olhar, tentando disfarçar Mas quando vai dormir, me chama",Henrique & Juliano,2013,29,https://www.letras.mus.br/henrique-e-juliano/ta-namorando-e-me-querendo/,-1
1106,Tá Se Achando,musica1106,musica1106_trecho2,"Tá se achando bacana, gostosa, um mulherão Rasga dinheiro, tem gelo dentro do coração Tá se achando bacana, gostosa, um mulherão Pintou saudade, tô sabendo, vai correr pro meu portão",Guilherme & Santiago,2010,30,https://www.letras.mus.br/guilherme-e-santiago/1630465/,-1
1106,Tá Se Achando,musica1106,musica1106_trecho3,"Correu, se foi, viajou pra não voltar Levou de mim o amor, você sabe magoar Você já sabe, um dia você que riu de mim Pode chorar amargamente pedindo pra ser feliz",Guilherme & Santiago,2010,32,https://www.letras.mus.br/guilherme-e-santiago/1630465/,-1
1272,Tá Soltinha,musica1272,musica1272_trecho3,"Ela chega causando, os marmanjos babando E eu babo no trem Já sei que hoje tem, Ah… e ela também E ela dança, e rebola, empina, se solta Tá solta, e agora?",Thiago Brava,2013,32,https://www.letras.mus.br/thiago-brava/ta-soltinha/,-1
642,Tailândia,musica642,musica642_trecho1,"Eu amo quem você foi, quem você é e quem cê vai ser Perdoo o que você fez ou que um dia possa fazer É que eu amo, é que eu amo, é que eu amo, é que eu amo você",Luiza Martins,2025,41,https://www.letras.mus.br/luiza-martins/tailandia/,-1
642,Tailândia,musica642,musica642_trecho3,"Se um dia quiser ir embora, vai, mas me leva junto Leva eu na mochila pra qualquer lugar que quiser nesse mundo Se quiser mais espaço, eu levo você pra Lua Leonardo da Vinci pintou Monalisa porque nunca te viu nua",Luiza Martins,2025,41,https://www.letras.mus.br/luiza-martins/tailandia/,-1
642,Tailândia,musica642,musica642_trecho5,"Olha só, eu vou te falar Eu amo quem você foi, quem você é e quem cê vai ser Perdoo o que você fez ou o que um dia você possa fazer, cê sabe por quê? Porque eu amo, eu amo, eu amo, eu amo você",Luiza Martins,2025,46,https://www.letras.mus.br/luiza-martins/tailandia/,-1
642,Tailândia,musica642,musica642_trecho7,"(Bem assim, ó) Se um dia quiser ir embora, vai, mas me leva junto Leva eu na mochila pra qualquer lugar que quiser nesse mundo Se quiser mais espaço, eu levo você pra Lua Leonardo da Vinci só pintou Monalisa porque ele nunca te viu nua",Luiza Martins,2025,46,https://www.letras.mus.br/luiza-martins/tailandia/,-1
88,Tanto Faz,musica88,musica88_trecho2,"E em qualquer lugar que eu vou Onde você está, eu estou, oh",Luan Santana,2013,13,https://www.letras.mus.br/luan-santana/tanto-faz/,-1
88,Tanto Faz,musica88,musica88_trecho4,"É que você me causa febre De uns 40 graus ou um pouco mais Eu quero é você, eu amo só você E o resto tanto faz, tanto faz",Luan Santana,2013,29,https://www.letras.mus.br/luan-santana/tanto-faz/,-1
88,Tanto Faz,musica88,musica88_trecho7,"É que você me causa febre De uns 40 graus ou um pouco mais Eu quero é você, eu amo só você E o resto, oh",Luan Santana,2013,26,https://www.letras.mus.br/luan-santana/tanto-faz/,-1
88,Tanto Faz,musica88,musica88_trecho9,"É que você me causa febre De uns 40 graus ou um pouco mais Eu quero é você, eu amo só você E o resto tanto faz, tanto faz E o resto tanto faz",Luan Santana,2013,34,https://www.letras.mus.br/luan-santana/tanto-faz/,-1
1464,Tão Feliz,musica1464,musica1464_trecho1,"Você tem vontades, sonhos e manias Tão diferentes das minhas E o normal é mesmo duvidar",Marcos & Belutti,2015,16,https://www.letras.mus.br/marcos-belutti/tao-feliz/,-1
1464,Tão Feliz,musica1464,musica1464_trecho2,"Você curte a luz do Sol e eu da Lua Quando tá dormindo, eu tô na rua E quem vê diz que não vai durar",Marcos & Belutti,2015,25,https://www.letras.mus.br/marcos-belutti/tao-feliz/,-1
1099,Tarde Demais,musica1099,musica1099_trecho2,Vê se para logo com esse jogo De ficar brincando com meu coração Diz pra todo mundo que sou bobo Que pra você não passo de uma curtição,João Bosco & Vinícius,2011,28,https://www.letras.mus.br/joao-bosco-viniciusacustico/1873993/,-1
1099,Tarde Demais,musica1099,musica1099_trecho3,Pra que mentir? Fingir que não me ama mais Você sabe que esquecer de mim É tarde demais,João Bosco & Vinícius,2011,18,https://www.letras.mus.br/joao-bosco-viniciusacustico/1873993/,-1
1157,Tarde Demais,musica1157,musica1157_trecho1,Só tem um jeito de você me entender Uma maneira que te faça enxergar Eu já cansei de discutir com você Não adianta mais falar por falar,César Menotti & Fabiano,2008,27,https://www.letras.mus.br/cesar-menotti-e-fabiano/699295/,-1
1157,Tarde Demais,musica1157,musica1157_trecho2,Há muito tempo que eu venho pensando Analisando nós dois Perdi meu tempo com você só brigando Não vou deixar pra depois,César Menotti & Fabiano,2008,22,https://www.letras.mus.br/cesar-menotti-e-fabiano/699295/,-1
1157,Tarde Demais,musica1157,musica1157_trecho5,Não sei se dá pra ver Mas acho que eu estou mudando,César Menotti & Fabiano,2008,12,https://www.letras.mus.br/cesar-menotti-e-fabiano/699295/,-1
1157,Tarde Demais,musica1157,musica1157_trecho6,"Houve um tempo em que eu não podia nem te ver Agora posso estar de frente a você Que meu coração não sente mais nada Me desculpa te falar, mas tenho que dizer Que hoje, mesmo acreditando em você Você se apaixonou por mim na hora errada",César Menotti & Fabiano,2008,47,https://www.letras.mus.br/cesar-menotti-e-fabiano/699295/,-1
1493,"Tchau, Tchau",musica1493,musica1493_trecho1,"Eu percebi que mentia quando dizia que me amava Enquanto tanto te queria, você só me enrolava Trapaceou, me enganou, você só me iludiu Mas esse jogo acabou, a sua máscara caiu",Maria Cecília e Rodolfo,2010,32,https://www.letras.mus.br/maria-cecilia-rodolfo/1730855/,-1
747,Te Amo,musica747,musica747_trecho4,Eu não imagino como seja o mundo Sem você por perto eu não posso seguir Me desculpa por tudo que fiz Se te fiz infeliz e nunca admiti,Zé Neto e Cristiano,2015,28,https://www.letras.mus.br/ze-neto-cristiano/te-amo/,-1
1486,Te Amo,musica1486,musica1486_trecho7,Será que você vai me esquecer? Será que também vai sentir A mesma vontade? Eu morro se não volto a te ver,Gian e Giovani,2006,22,https://www.letras.mus.br/gian-e-giovanni/546101/,-1
1474,Te Amo à Beça,musica1474,musica1474_trecho1,Os meus olhos me entregam Quando você vem virando a esquina Estacionando seu carro na rua E aí é que eu começo acreditar,Matheus & Kauan,2015,23,https://www.letras.mus.br/matheus-kauan/te-amo-a-beca/,-1
270,Te Amo Demais,musica270,musica270_trecho1,"Eu sou assim Nunca soube recitar poesia Não sei palavras de amor Não sou sedutor, não sei fingir, nem poderia",Marília Mendonça,2023,20,https://www.letras.mus.br/marilia-mendonca/te-amo-demais/,-1
270,Te Amo Demais,musica270,musica270_trecho2,"Eu não tenho ouro nem prata Mas o meu maior tesouro eu te dei Só quero o seu amor e mais nada Você precisa entender, é que eu não sei dizer",Marília Mendonça,2023,31,https://www.letras.mus.br/marilia-mendonca/te-amo-demais/,-1
270,Te Amo Demais,musica270,musica270_trecho3,"Só sei que eu te amo demais Nas noites sozinho, é o teu nome que eu chamo Baby, eu te amo demais Eu só sei dizer: Te amo, te amo",Marília Mendonça,2023,30,https://www.letras.mus.br/marilia-mendonca/te-amo-demais/,-1
270,Te Amo Demais,musica270,musica270_trecho4,"Palavras valem menos que um olhar O coração é quem vai te explicar Da cabeça aos pés, eu vou te beijar Como um sábio na arte de amar",Marília Mendonça,2023,28,https://www.letras.mus.br/marilia-mendonca/te-amo-demais/,-1
270,Te Amo Demais,musica270,musica270_trecho5,"Não sei mentir pra conquistar uma mulher Daria tudo nesse mundo só pra ter você O destino seja o que Deus quiser Você precisa entender, é que eu não sei dizer",Marília Mendonça,2023,31,https://www.letras.mus.br/marilia-mendonca/te-amo-demais/,-1
270,Te Amo Demais,musica270,musica270_trecho6,"Só sei que eu te amo demais Nas noites sozinha, é o teu nome que eu chamo Baby, eu te amo demais Eu só sei dizer: Te amo, te amo",Marília Mendonça,2023,30,https://www.letras.mus.br/marilia-mendonca/te-amo-demais/,-1
1083,Te Amo e Nada Mais,musica1083,musica1083_trecho1,"Teus olhos, o teu jeito A sua voz fala baixinho em meu ouvido São teus dedos, o teu toque O teu suspiro que não sai do pensamento Eu sei que não resisto",João Neto e Frederico,2012,32,https://www.letras.mus.br/joao-neto-frederico/1861081/,-1
524,Te Amo Tanto Que Nem Sei,musica524,musica524_trecho1,No dia em que nos conhecemos Alguma coisa em mim mudou Senti estar amanhecendo A noite da desilusão,Jorge & Mateus,2007,18,https://www.letras.mus.br/jorge-mateus/1139599/,-1
524,Te Amo Tanto Que Nem Sei,musica524,musica524_trecho4,Te amo tanto que nem sei Fica difícil de explicar Faltam palavras pra dizer Só não dá pra esconder A paixão em meu olhar,Jorge & Mateus,2007,24,https://www.letras.mus.br/jorge-mateus/1139599/,-1
524,Te Amo Tanto Que Nem Sei,musica524,musica524_trecho5,Te amo tanto que perdi O jeito de me declarar Estava cego pro amor quando te vi Eu não sabia o que era amar,Jorge & Mateus,2007,24,https://www.letras.mus.br/jorge-mateus/1139599/,-1
1259,"Te Amo, Pai",musica1259,musica1259_trecho1,"Pai, senta aqui comigo que eu quero olhar Nesse rosto que o tempo fez mudar Pai, sempre será o meu maior tesouro",Rick & Renner,2007,22,https://www.letras.mus.br/rick-e-renner/1040134/,-1
1259,"Te Amo, Pai",musica1259,musica1259_trecho2,"Pai, lembro que você disse um dia: Filho, o mundo lá fora apresenta um brilho E é você quem vai descobrir Se é prata ou ouro",Rick & Renner,2007,26,https://www.letras.mus.br/rick-e-renner/1040134/,-1
1259,"Te Amo, Pai",musica1259,musica1259_trecho3,"Pai, você não errou, você tava certo Mas eu não tinha você por perto Pra me mostrar o caminho, pai",Rick & Renner,2007,20,https://www.letras.mus.br/rick-e-renner/1040134/,-1
1259,"Te Amo, Pai",musica1259,musica1259_trecho5,"Pai, eu quero ouvir essa voz cansada Que um dia me falou de uma estrada Que a gente vai e não sabe se vem",Rick & Renner,2007,24,https://www.letras.mus.br/rick-e-renner/1040134/,-1
1259,"Te Amo, Pai",musica1259,musica1259_trecho6,"Voz protetora que me disse tão forte Existe azar, mas existe sorte Existe o mal, mas existe o bem",Rick & Renner,2007,19,https://www.letras.mus.br/rick-e-renner/1040134/,-1
1259,"Te Amo, Pai",musica1259,musica1259_trecho7,"Pai, eu lutei com a vida Eu briguei com o mundo Atrás do sucesso eu desci no fundo Onde só quem busca um sonho vai",Rick & Renner,2007,25,https://www.letras.mus.br/rick-e-renner/1040134/,-1
1259,"Te Amo, Pai",musica1259,musica1259_trecho8,"Pai, eu não desisti, porque eu queria Na sua frente estar um dia Só pra dizer obrigado, pai!",Rick & Renner,2007,18,https://www.letras.mus.br/rick-e-renner/1040134/,-1
1259,"Te Amo, Pai",musica1259,musica1259_trecho9,"Pai, seus passos mais lentos Sua voz tremendo Parece que, estão me dizendo: Meu filho, eu quero descansar",Rick & Renner,2007,18,https://www.letras.mus.br/rick-e-renner/1040134/,-1
1259,"Te Amo, Pai",musica1259,musica1259_trecho10,"Pai você fez sua parte, um lindo papel Tire o seu sapato e guarde o chapéu Que agora eu quero lhe cuidar",Rick & Renner,2007,22,https://www.letras.mus.br/rick-e-renner/1040134/,-1
1259,"Te Amo, Pai",musica1259,musica1259_trecho11,"Pai, a pele queimada, a mão calejada É a historia que já ficou marcada Que é seu amor que de mim não sai",Rick & Renner,2007,23,https://www.letras.mus.br/rick-e-renner/1040134/,-1
1259,"Te Amo, Pai",musica1259,musica1259_trecho12,"Pai, você é o herói do filme de um filho Que agora sabe que é ouro o brilho O brilho desses seus olhos, pai",Rick & Renner,2007,24,https://www.letras.mus.br/rick-e-renner/1040134/,-1
1259,"Te Amo, Pai",musica1259,musica1259_trecho13,"Pai, um filho não cresce, é sempre menino Quem cresce é o sonho com seu destino Esse é o motivo que um filho sai",Rick & Renner,2007,24,https://www.letras.mus.br/rick-e-renner/1040134/,-1
1259,"Te Amo, Pai",musica1259,musica1259_trecho14,"Mas quando ele volta, como eu voltei E encontra o velho, como eu te encontrei É só pra dizer Eu te amo, pai",Rick & Renner,2007,23,https://www.letras.mus.br/rick-e-renner/1040134/,-1
342,Te Assumi Pro Brasil,musica342,musica342_trecho1,"Ser feliz pra mim não custa caro Se você tá do lado, eu me sinto tão bem Você sempre me ganha na manha Que mistério cê tem?",Matheus & Kauan,2017,27,https://www.letras.mus.br/matheus-kauan/te-assumi-pro-brasil/,-1
342,Te Assumi Pro Brasil,musica342,musica342_trecho2,"Arrumei a mala há mais de uma semana Só falta você me chamar pra eu fugir com você Mudei meu status, já tô namorando Antes de você aceitar, já te assumi pro Brasil",Matheus & Kauan,2017,33,https://www.letras.mus.br/matheus-kauan/te-assumi-pro-brasil/,-1
342,Te Assumi Pro Brasil,musica342,musica342_trecho5,"Eu arrumei a mala há mais de uma semana Só falta você me chamar pra eu fugir com você Mudei meu status, já tô namorando Antes de você aceitar, já te assumi pro Brasil",Matheus & Kauan,2017,34,https://www.letras.mus.br/matheus-kauan/te-assumi-pro-brasil/,-1
62,Te Esperando,musica62,musica62_trecho1,"Mesmo que você não caia na minha cantada Mesmo que você conheça outro cara Na fila de um banco, um tal de Fernando Um lance, assim, sem graça",Luan Santana,2013,28,https://www.letras.mus.br/luan-santana/te-esperando/,-1
62,Te Esperando,musica62,musica62_trecho3,"Mesmo que você suporte este casamento Por causa dos filhos, por muito tempo Dez, vinte, trinta anos Até se assustar com os seus cabelos brancos",Luan Santana,2013,25,https://www.letras.mus.br/luan-santana/te-esperando/,-1
62,Te Esperando,musica62,musica62_trecho4,Um dia vai sentar numa cadeira de balanço Vai lembrar do tempo que tinha vinte anos Vai lembrar de mim e se perguntar Por onde esse cara deve estar?,Luan Santana,2013,29,https://www.letras.mus.br/luan-santana/te-esperando/,-1
1273,Te Peço Volta,musica1273,musica1273_trecho1,"Paixão quando é demais fura o peito Coração magoado e não tem jeito Onda, leva essa tristeza pra longe de mim",Henrique & Diego,2010,21,https://www.letras.mus.br/henrique-diego/1557207/,-1
1273,Te Peço Volta,musica1273,musica1273_trecho3,"Eu te peço, volta Sem orgulho, volta Coração tá pedindo bis Você é tudo que eu sempre quis Eu te peço, volta Sem orgulho, volta Que eu não posso ser feliz Longe de quem eu sempre quis",Henrique & Diego,2010,37,https://www.letras.mus.br/henrique-diego/1557207/,-1
1608,Te Procurava de Novo,musica1608,musica1608_trecho1,"Alta madrugada de domingo pra segunda É, dessa vez não vou querer sair Um ano envenenado descobri a minha cura É, como é bom ter você por aqui",Maiara & Maraisa,2016,28,https://www.letras.mus.br/maiara-maraisa/te-procurava-de-novo/,-1
1608,Te Procurava de Novo,musica1608,musica1608_trecho3,"Mas que sorriso é esse que cê tem? Eu que achava que não precisava de ninguém Tô me sentindo tão bem, tão bem",Maiara & Maraisa,2016,23,https://www.letras.mus.br/maiara-maraisa/te-procurava-de-novo/,-1
1574,Te Vejo Linda,musica1574,musica1574_trecho1,O seu espelho tá mentindo Quando diz que essa blusa tá feia E esse brinco na orelha não caiu tão bem,Luan Santana,2013,21,https://www.letras.mus.br/luan-santana/te-vejo-linda/,-1
1574,Te Vejo Linda,musica1574,musica1574_trecho2,Quando cê passa nego olha Não precisa perder horas alisando o seu cabelo Maquiando o que é perfeito,Luan Santana,2013,18,https://www.letras.mus.br/luan-santana/te-vejo-linda/,-1
1574,Te Vejo Linda,musica1574,musica1574_trecho3,Se você fosse japonesa Paulistana ou esquimó De todos os sorrisos Pra mim o seu é o melhor,Luan Santana,2013,18,https://www.letras.mus.br/luan-santana/te-vejo-linda/,-1
1574,Te Vejo Linda,musica1574,musica1574_trecho4,"Saiba que eu te vejo linda De cabelo solto, amarrado E fica mais linda ainda Quando cola do meu lado",Luan Santana,2013,20,https://www.letras.mus.br/luan-santana/te-vejo-linda/,-1
56,Te Vivo,musica56,musica56_trecho1,Quando me sinto só Te faço mais presente Eu fecho os meus olhos E enxergo a gente,Luan Santana,2012,17,https://www.letras.mus.br/luan-santana/te-vivo/,-1
56,Te Vivo,musica56,musica56_trecho2,"Em questão de segundos Voo pra outro mundo, outra constelação Não dá para explicar ao ver você chegando Qual a sensação",Luan Santana,2012,21,https://www.letras.mus.br/luan-santana/te-vivo/,-1
56,Te Vivo,musica56,musica56_trecho3,"A gente não precisa tá colado pra tá junto Os nossos corpos se conversam por horas e horas Sem palavras, tão dizendo a todo instante um pro outro O quanto se adoram",Luan Santana,2012,32,https://www.letras.mus.br/luan-santana/te-vivo/,-1
56,Te Vivo,musica56,musica56_trecho4,"Eu não preciso te olhar pra te ter em meu mundo Porque, aonde quer que eu vá, você está em tudo Tudo, tudo que eu preciso (oh, oh, oh) Te vivo",Luan Santana,2012,31,https://www.letras.mus.br/luan-santana/te-vivo/,-1
56,Te Vivo,musica56,musica56_trecho6,"Em questão de segundos Voo pra outro mundo, outra constelação Não dá para explicar ao ver você chegando Qual a sensação (oh, oh, oh)",Luan Santana,2012,24,https://www.letras.mus.br/luan-santana/te-vivo/,-1
56,Te Vivo,musica56,musica56_trecho8,"Eu não preciso te olhar pra te ter em meu mundo Porque, aonde quer que eu vá, você está em tudo Tudo, tudo que eu preciso (oh, oh, oh)",Luan Santana,2012,29,https://www.letras.mus.br/luan-santana/te-vivo/,-1
1462,Telefone Mudo/ 60  Dias Apaixonado/ Fazenda São Francisco/ Pagode Em Brasília (pot-pourri),musica1462,musica1462_trecho4,"Viajando pra mato grosso, aparecida do taboado Conheci uma morena, que me deixou amarrado Deixei a linda pequena, por Deus confesso, desconsolado Mudei o jeito de ser, bebendo pra esquecer 60 dias apaixonado",Victor & Leo,2007,33,https://www.letras.mus.br/victor-leo/916380/,-1
1462,Telefone Mudo/ 60  Dias Apaixonado/ Fazenda São Francisco/ Pagode Em Brasília (pot-pourri),musica1462,musica1462_trecho5,"Se alguém fala em mato grosso eu sinto o peito despedaçado O pranto rola depressa no meu rosto já cansado Jamais eu esquecerei aparecida do taboado Deixei a minha querida, deixei minha própria vida, 60 dias apaixonado Deixei a minha querida, deixei minha própria vida, 60 dias apaixonado",Victor & Leo,2007,48,https://www.letras.mus.br/victor-leo/916380/,-1
1462,Telefone Mudo/ 60  Dias Apaixonado/ Fazenda São Francisco/ Pagode Em Brasília (pot-pourri),musica1462,musica1462_trecho7,"O mestiço era bravo, que até na sombra investia A filha do fazendeiro, molhando os lábios dizia: Eu nunca beijei ninguém, juro pela luz do dia! Mas quem montar nesse boi e tirar a valentia Ganha meu primeiro beijo, que darei com alegria",Victor & Leo,2007,43,https://www.letras.mus.br/victor-leo/916380/,-1
1462,Telefone Mudo/ 60  Dias Apaixonado/ Fazenda São Francisco/ Pagode Em Brasília (pot-pourri),musica1462,musica1462_trecho14,Tem prisioneiro inocente no fundo de uma prisão Tem muita sogra encrenqueira e tem violeiro embrulhão Pros prisioneiro inocente eu arranjo advogado E a sogra encrenqueira eu dou de laço dobrado E os violeiros embrulhão com meus versos estão quebrados,Victor & Leo,2007,40,https://www.letras.mus.br/victor-leo/916380/,-1
398,Tem Que Ser Você,musica398,musica398_trecho1,Um dia seus pés vão me levar Onde as minhas mãos não podem chegar Me leva onde você for Estarei muito só sem o seu amor,Victor & Leo,2007,26,https://www.letras.mus.br/victor-leo/995776/,-1
398,Tem Que Ser Você,musica398,musica398_trecho2,Agora é a hora de dizer,Victor & Leo,2007,6,https://www.letras.mus.br/victor-leo/995776/,-1
557,Tem Que Sorrir,musica557,musica557_trecho1,"Não reclame de barriga cheia Porque no fundo isso atrapalha Positividade na cabeça Amor e fé, precisa de mais nada",Jorge & Mateus,2021,20,https://www.letras.mus.br/jorge-mateus/tem-que-sorrir/,-1
557,Tem Que Sorrir,musica557,musica557_trecho3,"A gente morre e fica tudo aí E desse mundo não se leva nada Tem que sorrir, com dinheiro ou sem A maior riqueza cê já tem",Jorge & Mateus,2021,27,https://www.letras.mus.br/jorge-mateus/tem-que-sorrir/,-1
557,Tem Que Sorrir,musica557,musica557_trecho4,"A gente morre e fica tudo aí E desse mundo não se leva nada Quem planta amor, vai colher o bem Diga eu te amo pra alguém",Jorge & Mateus,2021,27,https://www.letras.mus.br/jorge-mateus/tem-que-sorrir/,-1
655,Tempo Perdido,musica655,musica655_trecho2,Só o silencio ficou entre nós A indiferença calou nossa voz O nosso amor foi ficando esquecido Só a tristeza sorriu pra nós dois A felicidade ficou pra depois Pena que tudo foi tempo perdido,Zezé Di Camargo & Luciano,2006,35,https://www.letras.mus.br/zeze-di-camargo-e-luciano/641047/,-1
655,Tempo Perdido,musica655,musica655_trecho4,Só o silêncio ficou entre nós A indiferença calou nossa voz O nosso amor foi ficando esquecido Só a tristeza sorriu pra nós dois A felicidade ficou pra depois Pena que tudo foi tempo perdido,Zezé Di Camargo & Luciano,2006,35,https://www.letras.mus.br/zeze-di-camargo-e-luciano/641047/,-1
655,Tempo Perdido,musica655,musica655_trecho5,"Não foi bem assim, eu sonhei te amar Não foi bem assim, foi tempo perdido Não foi bem assim, foi tempo perdido",Zezé Di Camargo & Luciano,2006,22,https://www.letras.mus.br/zeze-di-camargo-e-luciano/641047/,-1
1206,Tentativas Em Vão,musica1206,musica1206_trecho1,Se eu soubesse o que fazer Pra tirar você da minha cabeça Um lado diz que quer ficar com você O outro diz esqueça,Bruno & Marrone,2010,24,https://www.letras.mus.br/bruno-e-marrone/1757347/,-1
1206,Tentativas Em Vão,musica1206,musica1206_trecho4,A minha mente gira feito um carrossel Tentando buscar a saída Pra tirar você da minha vida,Bruno & Marrone,2010,17,https://www.letras.mus.br/bruno-e-marrone/1757347/,-1
1206,Tentativas Em Vão,musica1206,musica1206_trecho5,Tentativas em vão Tentar tirar você do coração E como vou viver sem respirar? É como querer apagar a chama de um vulcão,Bruno & Marrone,2010,23,https://www.letras.mus.br/bruno-e-marrone/1757347/,-1
1206,Tentativas Em Vão,musica1206,musica1206_trecho12,Tentativas em vão (em vão) Tentar tirar você do coração E como vou viver sem respirar? É como querer apagar a chama de um vulcão,Bruno & Marrone,2010,25,https://www.letras.mus.br/bruno-e-marrone/1757347/,-1
1107,Teus Segredos,musica1107,musica1107_trecho1,"Será que amar sozinho vai ser a minha sina Já conheço você bem mais do que imagina Sua cor preferida é o verde Seu aniversário é dia três Adora mexer no cabelo Curte rock, fala inglês Odeia filme de terror Canta e toca violão Tem ciúmes dos amigos Tem medo de escuridão",Fernando e Sorocaba,2011,52,https://www.letras.mus.br/fernando-sorocaba/1715303/,-1
1107,Teus Segredos,musica1107,musica1107_trecho2,"Ah, eu amo você Teus segredos, vou aprender a decifrar Teus desejos, me ensina a realizar Eu te estudo, te admiro, te espero Será que um dia vai me amar",Fernando e Sorocaba,2011,30,https://www.letras.mus.br/fernando-sorocaba/1715303/,-1
1107,Teus Segredos,musica1107,musica1107_trecho3,"Sua cor preferida é o verde Seu aniversário é dia três Adora mexer no cabelo Curte rock, fala inglês Odeia filme de terror Canta e toca violão Tem ciúmes dos amigos Tem medo de escuridão",Fernando e Sorocaba,2011,35,https://www.letras.mus.br/fernando-sorocaba/1715303/,-1
1107,Teus Segredos,musica1107,musica1107_trecho4,"Teus segredos, vou aprender a decifrar Teus desejos, me ensina a realizar Eu te estudo, te admiro, te espero Será que um dia vai me amar",Fernando e Sorocaba,2011,26,https://www.letras.mus.br/fernando-sorocaba/1715303/,-1
790,Tijolão,musica790,musica790_trecho1,Eu te conheci depois que a gente largou Será onde é que arrumou todo esse ódio de mim?,Jorge & Mateus,2020,18,https://www.letras.mus.br/jorge-mateus/tijolao/,-1
814,Tijolinho Por Tijolinho (part. Zé Felipe),musica814,musica814_trecho1,E algumas mentiras beijaram sua boca Uma decepção atrás da outra Eu entendo você,Enzo Rabelo,2020,14,https://www.letras.mus.br/enzo-rabelo/tijolinho-por-tijolinho/,-1
814,Tijolinho Por Tijolinho (part. Zé Felipe),musica814,musica814_trecho2,O seu amor tem trauma do passado E o sentimento deve tá rachado Mas eu entendo você,Enzo Rabelo,2020,17,https://www.letras.mus.br/enzo-rabelo/tijolinho-por-tijolinho/,-1
814,Tijolinho Por Tijolinho (part. Zé Felipe),musica814,musica814_trecho4,"E tijolinho por tijolinho, vou reformar seu coração E vai ter amor espalhado nas paredes, teto e chão E tijolinho por tijolinho, vou reformar seu coração E vai ter amor espalhado nas paredes, teto e chão",Enzo Rabelo,2020,36,https://www.letras.mus.br/enzo-rabelo/tijolinho-por-tijolinho/,-1
351,Tive Que Bater Palma,musica351,musica351_trecho5,Já não bastava a gente se encontrar Com tanto lugar nesse mundo Ela pediu ele em casamento O restaurante aplaudiu Tive que bater palma junto,Danilo e Davi,2023,25,https://www.letras.mus.br/danilo-e-davi/tive-que-bater-palma/,-1
351,Tive Que Bater Palma,musica351,musica351_trecho8,Já não bastava a gente se encontrar Com tanto lugar nesse mundo Ela pediu ele em casamento O restaurante aplaudiu,Danilo e Davi,2023,20,https://www.letras.mus.br/danilo-e-davi/tive-que-bater-palma/,-1
1281,Tô de Cara,musica1281,musica1281_trecho1,"Tô de cara com você Eu tô de cara com você Me apaixonei e você não quer mais me ver Tô de cara com você Eu tô de cara, coração! Não sei se tudo foi verdade Ou foi só enganação",Luan Santana,2009,40,https://www.letras.mus.br/luan-santana/1379675/,-1
992,Tô Ficando,musica992,musica992_trecho1,"Eu tô ficando, eu tô ficando Ê trem bom danado Eu tô ficando, eu tô ficando Ê trem bom danado Eu tô ficando, eu tô ficando Ê trem bom danado Eu tô ficando, eu tô ficando Velho e enjoado (bis)",Gino e Geno,2011,40,https://www.letras.mus.br/gino-e-geno/1914798/,-1
799,Tô Mal,musica799,musica799_trecho2,Ando fingindo pro mundo Ando fugindo de tudo Mas não te esquece um segundo Meu coração,Rionegro & Solimões,2005,16,https://www.letras.mus.br/rio-negro-e-solimoes/364631/,-1
1207,Tô Passando Mal,musica1207,musica1207_trecho4,"Tá tá tá tá Não acreditei quando falou Que desencanou do nosso amor Tô sofrendo aqui, volta pra mim",Fernando e Sorocaba,2011,19,https://www.letras.mus.br/fernando-sorocaba/1722060/,-1
1172,Tô Vendendo Beijo,musica1172,musica1172_trecho1,"Tô num tipo de negócio novo Não tem segredo, é só aproveitar Mudei de vida, tô de carro novo Nunca gostei tanto de trabalhar Larguei de ser advogado Hoje faço o que eu quiser Não tem patrão, não tem horário Nem tem mais o que dizer Se Deus me deu um grande dom Trabalho duro noite e dia Pintou vontade, é só chamar",Humberto e Ronaldo,2009,63,https://www.letras.mus.br/humberto-ronaldo/1687892/,-1
331,Tô Voltando,musica331,musica331_trecho3,"Oh, oh, oh Tô voltando pros rodeio Pra vida do interior Na cidade, o converseiro é que ela é da roça E não se acostumou Tô voltando pros rodeio Pra vida do interior Na cidade, o converseiro é que ela é da roça E não se acostumou",Ana Castela,2024,47,https://www.letras.mus.br/ana-castela/to-voltando/,-1
1502,Toca Um João Mineiro e Marciano,musica1502,musica1502_trecho3,"Mas pode ficar sossegado Que eu não sou daquele tipo inconveniente Minha história é tão comum, igual de tanta gente Ainda ontem chorei de saudade",Jads e Jadson,2014,25,https://www.letras.mus.br/jads-e-jadson/toca-um-joao-mineiro-e-marciano/,-1
501,Tocando Em Frente (part. Leonardo),musica501,musica501_trecho1,"Ando devagar porque já tive pressa E levo esse sorriso porque já chorei demais Hoje me sinto mais forte, mais feliz, quem sabe? Só levo a certeza de que muito pouco sei Ou nada sei",Paula Fernandes,2010,35,https://www.letras.mus.br/paula-fernandes/1886704/,-1
487,Todo Mundo Menos Você (part. Marília Mendonça),musica487,musica487_trecho1,"Todo mundo Todo mundo, todo mundo vê Todo mundo (só queria que você soubesse) Todo mundo, todo mundo vê Todo mundo (que toda minha mudança é genuína) Todo mundo, todo mundo vê (genuinamente por você) Todo mundo, menos você",Maiara & Maraisa,2021,39,https://www.letras.mus.br/maiara-maraisa/todo-mundo-menos-voce-part-marilia-mendonca/,-1
487,Todo Mundo Menos Você (part. Marília Mendonça),musica487,musica487_trecho2,Dizem que eu ando bem melhor depois que eu terminei Todo mundo consegue enxergar o quanto eu melhorei Engraçado ver eles pensando que eu te superei,Maiara & Maraisa,2021,26,https://www.letras.mus.br/maiara-maraisa/todo-mundo-menos-voce-part-marilia-mendonca/,-1
487,Todo Mundo Menos Você (part. Marília Mendonça),musica487,musica487_trecho5,"Se todo mundo viu, por que você não tá vendo Todo esse esforço que eu tô fazendo? Pra fazer você se sentir orgulhoso Pra fazer você se apaixonar de novo",Maiara & Maraisa,2021,30,https://www.letras.mus.br/maiara-maraisa/todo-mundo-menos-voce-part-marilia-mendonca/,-1
487,Todo Mundo Menos Você (part. Marília Mendonça),musica487,musica487_trecho6,"Se todo mundo viu, por que você não tá vendo Todo esse esforço que eu tô fazendo? Pra fazer você se sentir orgulhoso Pra fazer você se apaixonar por mim de novo",Maiara & Maraisa,2021,32,https://www.letras.mus.br/maiara-maraisa/todo-mundo-menos-voce-part-marilia-mendonca/,-1
487,Todo Mundo Menos Você (part. Marília Mendonça),musica487,musica487_trecho7,"Todo mundo Todo mundo, todo mundo vê Todo mundo, menos você Todo mundo Todo mundo, todo mundo vê Todo mundo, menos você",Maiara & Maraisa,2021,22,https://www.letras.mus.br/maiara-maraisa/todo-mundo-menos-voce-part-marilia-mendonca/,-1
487,Todo Mundo Menos Você (part. Marília Mendonça),musica487,musica487_trecho9,"Olha, não é pra te colocar pressão Mas é eu queria saber se você gostou da minha nova versão Caso não tenha gostado, me avisa, tá tudo bem A gente corre esse risco quando muda por alguém",Maiara & Maraisa,2021,37,https://www.letras.mus.br/maiara-maraisa/todo-mundo-menos-voce-part-marilia-mendonca/,-1
487,Todo Mundo Menos Você (part. Marília Mendonça),musica487,musica487_trecho13,"Todo mundo Todo mundo, todo mundo vê Todo mundo, menos você (todo mundo, todo mundo, todo mundo vê) Todo mundo, menos você",Maiara & Maraisa,2021,22,https://www.letras.mus.br/maiara-maraisa/todo-mundo-menos-voce-part-marilia-mendonca/,-1
124,Todo Mundo Vai Sofrer,musica124,musica124_trecho2,"Igual eu preciso dele na minha vida Mas quanto mais eu vou atrás, mais ele pisa Então já que é assim Se por ele eu sofro sem pausa Quem quiser me amar Também vai sofrer nessa bagaça",Marília Mendonça,2019,37,https://www.letras.mus.br/marilia-mendonca/todo-mundo-vai-sofrer/,-1
355,Todo Santo Dia (part. Maria Cecília & Rodolfo),musica355,musica355_trecho2,Eu achei alguém que faz Eu me sentir tão bem E tem mais Todo santo dia Sinto que sou livre Sou sua e ainda sou minha,Luiza Martins,2025,26,https://www.letras.mus.br/luiza-martins/todo-santo-dia-part-maria-cecilia-e-rodolfo/,-1
1392,Top do Verão,musica1392,musica1392_trecho1,"Tá me dando suador e calafrio Se ela chega perto dá um arrepio, É amor, é paixão, é a top das top do verão",Henrique & Diego,2010,24,https://www.letras.mus.br/henrique-diego/1644008/,-1
1392,Top do Verão,musica1392,musica1392_trecho2,"Ela é top, é filé, Todo mundo tá querendo essa mulher É a gata mais linda do verão A mulher que dominou meu coração",Henrique & Diego,2010,24,https://www.letras.mus.br/henrique-diego/1644008/,-1
1392,Top do Verão,musica1392,musica1392_trecho4,"Onde ela chega ela vira atração Quando dança fica louca e vai descendo até o chão Chão, chão, chão, chão, vai",Henrique & Diego,2010,21,https://www.letras.mus.br/henrique-diego/1644008/,-1
1392,Top do Verão,musica1392,musica1392_trecho6,"Tá me dando suador e calafrio Se ela chega perto dá um arrepio, É amor, é paixão, é a top das top do verão.. vai",Henrique & Diego,2010,25,https://www.letras.mus.br/henrique-diego/1644008/,-1
1392,Top do Verão,musica1392,musica1392_trecho15,É a top das top do verão!,Henrique & Diego,2010,7,https://www.letras.mus.br/henrique-diego/1644008/,-1
1475,Traição Não Tem Perdão,musica1475,musica1475_trecho2,Deslize ou vontade própria Eu tranquei a porta E abri a janela Voei pra bem longe da felicidade E aí que eu caí,Marília Mendonça,2017,23,https://www.letras.mus.br/marilia-mendonca/traicao-nao-tem-perdao/,-1
1475,Traição Não Tem Perdão,musica1475,musica1475_trecho5,Já que desonrei nossa família Isso ia acontecer um dia Uma hora as coisas vêm à tona Eu aceito o seu não Traição não tem perdão,Marília Mendonça,2017,26,https://www.letras.mus.br/marilia-mendonca/traicao-nao-tem-perdao/,-1
1475,Traição Não Tem Perdão,musica1475,musica1475_trecho9,Uma hora as coisas vêm à tona Eu aceito o seu não Traição não tem perdão,Marília Mendonça,2017,16,https://www.letras.mus.br/marilia-mendonca/traicao-nao-tem-perdao/,-1
1332,Transplante (part. Bruno & Marrone),musica1332,musica1332_trecho4,"Esse coração aí Tá se fazendo de bobo Ele gosta mesmo é de mim Esse coração aí Tá sendo ignorante Pra me esquecer, vai precisar de um transplante",Marília Mendonça,2017,28,https://www.letras.mus.br/marilia-mendonca/transplante/,-1
1332,Transplante (part. Bruno & Marrone),musica1332,musica1332_trecho5,"Esse coração aí Tá se fazendo de bobo Ele gosta mesmo é de mim Esse coração aí Tá sendo ignorante Pra me esquecer, vai precisar de um transplante Ai ai, ai ai",Marília Mendonça,2017,32,https://www.letras.mus.br/marilia-mendonca/transplante/,-1
1332,Transplante (part. Bruno & Marrone),musica1332,musica1332_trecho9,"Pra me esquecer, vai precisar de um transplante",Marília Mendonça,2017,8,https://www.letras.mus.br/marilia-mendonca/transplante/,-1
553,Traumatizei,musica553,musica553_trecho3,"Se hoje ela não consegue confiar em ninguém Se ela vê coisa errada até onde não tem Se ela não consegue se entregar, a culpa é minha A culpa é toda minha",Henrique & Juliano,2023,32,https://www.letras.mus.br/henrique-e-juliano/traumatizei/,-1
553,Traumatizei,musica553,musica553_trecho4,"Se hoje ela é fria, eu que esfriei E pode me chamar de otário Eu sou, eu sei Se ela tem o pé atrás com todo mundo, fui eu que puxei",Henrique & Juliano,2023,31,https://www.letras.mus.br/henrique-e-juliano/traumatizei/,-1
1404,Traz Ela de Volta Pra Mim,musica1404,musica1404_trecho1,"Meu bem, o que aconteceu? O nosso amor morreu Quem sabe um dia vai voltar",Jorge & Mateus,2007,15,https://www.letras.mus.br/jorge-mateus/774536/,-1
1404,Traz Ela de Volta Pra Mim,musica1404,musica1404_trecho2,Você fez parte de uma história Tá dentro da memória Talvez isso possa contar,Jorge & Mateus,2007,14,https://www.letras.mus.br/jorge-mateus/774536/,-1
1404,Traz Ela de Volta Pra Mim,musica1404,musica1404_trecho6,"Esteja aonde você estiver Você será minha mulher Meu bem, te amo tanto",Jorge & Mateus,2007,13,https://www.letras.mus.br/jorge-mateus/774536/,-1
592,Três Corações,musica592,musica592_trecho1,"Tô aqui só esperando uma vacilada dele Quase um ano, e esse filho da mãe não erra Não tem problema, o coração espera",Henrique & Juliano,2018,23,https://www.letras.mus.br/henrique-e-juliano/tres-coracoes/,-1
592,Três Corações,musica592,musica592_trecho2,Odeio quando ele diz o que eu devia te dizer Mas eu tenho consciência que ele é perfeito pra você E não dá chance pra eu aparecer,Henrique & Juliano,2018,27,https://www.letras.mus.br/henrique-e-juliano/tres-coracoes/,-1
1249,Trincadinho,musica1249,musica1249_trecho1,Vale a pena eu gostar de você? Vale a pena eu parar de beber pra te ver? Vale a pena eu dormir mais tarde? Vale a pena toda essa saudade?,Jorge & Mateus,2018,30,https://www.letras.mus.br/jorge-mateus/trincadin/,-1
1249,Trincadinho,musica1249,musica1249_trecho3,"Já tá meio caminho andado Se parar, é prejuízo Entre uma noite e outra Eu vou correndo o risco de quebrar a cara Pra quem já teve um coração quebrado Um trincadinho não é nada",Jorge & Mateus,2018,35,https://www.letras.mus.br/jorge-mateus/trincadin/,-1
1249,Trincadinho,musica1249,musica1249_trecho4,"Já tá meio caminho andado Se parar, é prejuízo Entre uma noite e outra Eu vou correndo o risco de quebrar a cara Pra quem já teve um coração quebrado Um trincadinho é nada",Jorge & Mateus,2018,34,https://www.letras.mus.br/jorge-mateus/trincadin/,-1
1249,Trincadinho,musica1249,musica1249_trecho9,Eu vou correndo o risco de quebrar a cara Pra quem já teve o coração quebrado Um trincadinho não é nada,Jorge & Mateus,2018,21,https://www.letras.mus.br/jorge-mateus/trincadin/,-1
224,Troca de Calçada,musica224,musica224_trecho1,"Se alguém passar por ela Fique em silêncio, não aponte o dedo Não julgue tão cedo Ela tem motivos pra estar desse jeito Isso é preconceito",Marília Mendonça,2021,26,https://www.letras.mus.br/marilia-mendonca/troca-de-calcada/,-1
224,Troca de Calçada,musica224,musica224_trecho4,Pra ter o corpo quente Eu congelei meu coração Pra esconder a tristeza Maquiagem a prova d'água,Marília Mendonça,2021,17,https://www.letras.mus.br/marilia-mendonca/troca-de-calcada/,-1
224,Troca de Calçada,musica224,musica224_trecho5,Hoje você me vê assim e troca de calçada Só que amar dói muito mais Do que um nojo na sua cara,Marília Mendonça,2021,22,https://www.letras.mus.br/marilia-mendonca/troca-de-calcada/,-1
224,Troca de Calçada,musica224,musica224_trecho6,Pra ter o corpo quente Eu congelei meu coração Pra esconder a tristeza Salto 15 e minissaia,Marília Mendonça,2021,17,https://www.letras.mus.br/marilia-mendonca/troca-de-calcada/,-1
224,Troca de Calçada,musica224,musica224_trecho7,Hoje você me vê assim e troca de calçada Mas se soubesse um terço da história Me abraçava e não me apedrejava,Marília Mendonça,2021,22,https://www.letras.mus.br/marilia-mendonca/troca-de-calcada/,-1
1075,Tropa do Chapelão 🤠 (part. Diplo),musica1075,musica1075_trecho1,"Tanta coisa pra aproveitar Que eu não sei por onde começar Hoje tem rodeio na cidade vizinha, vou lá É hoje que eu saio uma noite, mas só volto de dia, bora lá",Ana Castela,2025,33,https://www.letras.mus.br/ana-castela/tropa-do-chapelao-part-diplo/,-1
1075,Tropa do Chapelão 🤠 (part. Diplo),musica1075,musica1075_trecho3,"(Quem manda, quem manda, quem manda, quem manda) (Quem manda nessa cidade, quem manda nessa cidade) (Quem manda nessa cidade)",Ana Castela,2025,20,https://www.letras.mus.br/ana-castela/tropa-do-chapelao-part-diplo/,-1
1075,Tropa do Chapelão 🤠 (part. Diplo),musica1075,musica1075_trecho4,"Hoje tem rodeio na cidade vizinha, vou lá É hoje que eu saio uma noite, mas só volto de dia, bora lá",Ana Castela,2025,22,https://www.letras.mus.br/ana-castela/tropa-do-chapelao-part-diplo/,-1
1075,Tropa do Chapelão 🤠 (part. Diplo),musica1075,musica1075_trecho5,Esperei o ano inteiro pra chegar o Barretão Ver o povo de chapéu batendo na palma da mão Esperei o ano inteiro pra chegar o Barretão,Ana Castela,2025,26,https://www.letras.mus.br/ana-castela/tropa-do-chapelao-part-diplo/,-1
1075,Tropa do Chapelão 🤠 (part. Diplo),musica1075,musica1075_trecho6,Cê sabe quem manda nessa cidade? É a Tropa do Chapelão,Ana Castela,2025,11,https://www.letras.mus.br/ana-castela/tropa-do-chapelao-part-diplo/,-1
13,Tubarões,musica13,musica13_trecho2,Não pergunte se estou bem Não quero ser assunto seu pra mais ninguém Não estrague as minhas canções Vá pro inferno com suas recordações,Diego e Victor Hugo,2025,24,https://www.letras.mus.br/diego-victor-hugo/tubaroes/,-1
1547,Tudo No Olhar,musica1547,musica1547_trecho3,Faça de conta que você nasceu Com o seu coração reservado pro meu Que eu falo a verdade sem hesitar Menina eu nasci só pra te amar,Marcos & Belutti,2009,27,https://www.letras.mus.br/marcos-belutti/1354010/,-1
1547,Tudo No Olhar,musica1547,musica1547_trecho5,Nunca feche os olhos Eles querem me contar Tudo o que está sentindo O que quer comigo,Marcos & Belutti,2009,17,https://www.letras.mus.br/marcos-belutti/1354010/,-1
1402,Tudo Ou Nada,musica1402,musica1402_trecho3,"Eu já me cansei desse chove e não molha Das suas desculpas, de ter que ir embora E que, não demora, vai voltar pra mim Chega de conversa, agora vai ou racha Ou você me solta, ou você me laça É que não consigo mais viver assim, assim",Jorge & Mateus,2009,48,https://www.letras.mus.br/jorge-mateus/1498465/,-1
1402,Tudo Ou Nada,musica1402,musica1402_trecho5,Não dá Eu quero você do jeito que eu sonhei Tudo que eu tinha de amor eu te dei Você me deu tão pouco Eu quero mais que algumas madrugadas,Jorge & Mateus,2009,30,https://www.letras.mus.br/jorge-mateus/1498465/,-1
205,Tudo Que Você Quiser,musica205,musica205_trecho3,"Tem gente que tem cheiro de rosa, de avelã Tem o perfume doce de toda manhã Você tem tudo Você tem muito",Luan Santana,2013,22,https://www.letras.mus.br/luan-santana/tudo-o-que-voce-quiser/,-1
1109,Tudo Tem Um Porquê,musica1109,musica1109_trecho1,"Pensando bem, não me arrependo do que fiz Tudo valeu, por um momento fui feliz Mas não faz mal, na vida tudo tem um porquê Deixei me levar por você, por você",Guilherme & Santiago,2010,32,https://www.letras.mus.br/guilherme-e-santiago/1630454/,-1
1109,Tudo Tem Um Porquê,musica1109,musica1109_trecho2,"Foi de repente, você voltou Foi como um raio que já passou Foi como a lua solta no ar Que ilumina e volta apagar Eu sei, eu sei Que um dia vou te encontrar outra vez",Guilherme & Santiago,2010,36,https://www.letras.mus.br/guilherme-e-santiago/1630454/,-1
1109,Tudo Tem Um Porquê,musica1109,musica1109_trecho4,"Foi de repente, você voltou Foi como um raio que já passou Foi como a lua, solta no ar Que ilumina e volta apagar Eu sei, eu sei Que um dia, vou te encontrar outra vez",Guilherme & Santiago,2010,36,https://www.letras.mus.br/guilherme-e-santiago/1630454/,-1
1231,Turbinada,musica1231,musica1231_trecho1,"A noite bombando, ela chega arrasando Não vai prestar Eu chamei meu amigo e disse pra ele Essa aqui eu vou pegar Quando eu vi, eu já tava puxando o seu braço E tome, tome amasso Meu Deus do céu!",Zé Ricardo e Thiago,2015,40,https://www.letras.mus.br/ze-ricardo-thiago/turbinada/,-1
1231,Turbinada,musica1231,musica1231_trecho2,"Nossa, eu acho ela top Nossa, eu acho ela boa demais Tá doida, é a mais gostosa Turbinada na frente e atrás Nossa, eu acho ela top Nossa, eu acho ela boa demais Tá doida, é a mais gostosa Turbinada na frente e atrás",Zé Ricardo e Thiago,2015,44,https://www.letras.mus.br/ze-ricardo-thiago/turbinada/,-1
79,Última Saudade,musica79,musica79_trecho1,Eu admiro cê mandar essa mensagem Tem que ter cara pra falar o que cê falou Tem que ter peito pra achar que tem direito De começar uma conversa me chamando de amor,Henrique & Juliano,2025,33,https://www.letras.mus.br/henrique-e-juliano/ultima-saudade/,-1
79,Última Saudade,musica79,musica79_trecho2,"Cê tá achando que minha vida é um filme? Que pausa e depois volta de onde parou? O relógio roda igual pra todo mundo E, numa dessas rodadas, você rodou, rodou",Henrique & Juliano,2025,31,https://www.letras.mus.br/henrique-e-juliano/ultima-saudade/,-1
79,Última Saudade,musica79,musica79_trecho5,"Desculpa minha sinceridade Mas, respondendo sua mensagem Não, hoje a gente não volta (Hoje não)",Henrique & Juliano,2025,15,https://www.letras.mus.br/henrique-e-juliano/ultima-saudade/,-1
79,Última Saudade,musica79,musica79_trecho7,"Cê tá achando que minha vida é um filme? Que pausa e depois volta de onde parou? O relógio roda igual pra todo mundo E, numa dessas rodadas, você rodou",Henrique & Juliano,2025,30,https://www.letras.mus.br/henrique-e-juliano/ultima-saudade/,-1
79,Última Saudade,musica79,musica79_trecho10,"Desculpa minha sinceridade Mas, respondendo sua mensagem Não, hoje a gente não volta",Henrique & Juliano,2025,13,https://www.letras.mus.br/henrique-e-juliano/ultima-saudade/,-1
1084,Um Beijo,musica1084,musica1084_trecho2,"Mas bem na hora de falar com você Travei, comecei a gaguejar E a saída é deixar acontecer O coração se entregar",Luan Santana,2011,22,https://www.letras.mus.br/luan-santana/1780219/,-1
1084,Um Beijo,musica1084,musica1084_trecho3,Um beijo fala mais que mil palavras Um toque é bem mais que poesia No seu olhar enxergo a sua alma Sua fala é uma linda melodia Ninguém sabe explicar o que é o amor Ninguém vai ser feliz sem ser amado Meu coração de vez se entregou Confesso que eu estou apaixonado,Luan Santana,2011,53,https://www.letras.mus.br/luan-santana/1780219/,-1
74,Um Centímetro (part. Jorge & Mateus),musica74,musica74_trecho2,Me fala mais de você O que prefere fazer? Balada ou parque? Você escolhe,Jefferson Moraes,2017,14,https://www.letras.mus.br/jefferson-moraes/um-centimetro/,-1
74,Um Centímetro (part. Jorge & Mateus),musica74,musica74_trecho3,"E eu vou lá, eu vou lá Te dar um beijo e um abraço Eu vou lá, eu vou lá E vamos ocupar o mesmo espaço",Jefferson Moraes,2017,26,https://www.letras.mus.br/jefferson-moraes/um-centimetro/,-1
74,Um Centímetro (part. Jorge & Mateus),musica74,musica74_trecho7,"E eu vou lá, eu vou lá Te dar um beijo e um abraço E eu vou lá, e eu vou lá E vamos ocupar o mesmo espaço",Jefferson Moraes,2017,28,https://www.letras.mus.br/jefferson-moraes/um-centimetro/,-1
365,Um Dia Te Levo Comigo,musica365,musica365_trecho1,Não dá pra esquecer teus olhos Nem todos os beijos Que você me dá! Não dá pra esquecer o cheiro E o ouro do cabelo a me iluminar,Jorge & Mateus,2009,28,https://www.letras.mus.br/jorge-mateus/1444405/,-1
365,Um Dia Te Levo Comigo,musica365,musica365_trecho2,A vida passa tão sem graça Mas quando você tá perto Fica tudo bem Eu corro a 200 por hora Mas se é pra te ver mais cedo Eu posso ir bem mais além,Jorge & Mateus,2009,34,https://www.letras.mus.br/jorge-mateus/1444405/,-1
365,Um Dia Te Levo Comigo,musica365,musica365_trecho4,Quem tem amor assim distante Não tem o bastante pra sobreviver Pra todo mal da minha vida Pra curar qualquer ferida Meu remédio é você,Jorge & Mateus,2009,25,https://www.letras.mus.br/jorge-mateus/1444405/,-1
1160,Um Lugarzinho Na Sua Cama,musica1160,musica1160_trecho1,"Lembra aquela vez, a desculpa mal contada Eu tava te traindo com a antiga namorada Acreditava em tudo, eu mentia, que absurdo! E você, igual boba, não sabia do meu mundo",João Bosco & Vinícius,2014,31,https://www.letras.mus.br/joao-bosco-viniciusacustico/um-lugarzinho-na-sua-cama/,-1
1160,Um Lugarzinho Na Sua Cama,musica1160,musica1160_trecho2,"Mas uma hora o telhado quebra, a casa cai Pela porta da frente hoje eu não entro mais Você descobriu, se escondeu e viu, coração partiu E hoje, mesmo aqui coberto, eu tô passando frio",João Bosco & Vinícius,2014,35,https://www.letras.mus.br/joao-bosco-viniciusacustico/um-lugarzinho-na-sua-cama/,-1
1160,Um Lugarzinho Na Sua Cama,musica1160,musica1160_trecho3,"Se você voltar e me perdoar Não vou pegar, eu vou parar, me comportar Compro aliança e com você eu vou casar Me dá, dá uma chance de tentar, dá Um lugarzinho na sua cama pra eu deitar",João Bosco & Vinícius,2014,38,https://www.letras.mus.br/joao-bosco-viniciusacustico/um-lugarzinho-na-sua-cama/,-1
1403,Um Pedaço de Mim,musica1403,musica1403_trecho3,"Fingi que esqueci, que você nunca foi nada Deixei sumir tudo aquilo que você falava Mas percebi que você é melhor que as desculpas Que eu inventava",Lucas Lucco,2013,27,https://www.letras.mus.br/lucas-lucco/um-pedaco-de-mim/,-1
290,Uma Ex (part. Jorge),musica290,musica290_trecho1,Faz tanto tempo O seu número eu nem sei se ainda tenho Mas lembro,Murilo Huff,2021,14,https://www.letras.mus.br/murilo-huff/uma-ex-part-jorge/,-1
290,Uma Ex (part. Jorge),musica290,musica290_trecho2,Amo em silêncio A cada chance que você dá pra alguém É mais uma que eu tô perdendo,Murilo Huff,2021,18,https://www.letras.mus.br/murilo-huff/uma-ex-part-jorge/,-1
1431,Vai Brincando,musica1431,musica1431_trecho1,"Vai brincando pro cê ver aonde você vai parar Menina, você não me aguenta, é melhor você nem tentar Mas se quiser saber é só experimentar Na terça à noite eu tô de boa e passo aí pra te pegar",Henrique & Juliano,2013,40,https://www.letras.mus.br/henrique-e-juliano/vai-brincando/,-1
1431,Vai Brincando,musica1431,musica1431_trecho2,"Papai aqui já fez muita gente delirar A morena virou minha fã no meu jeito de arrochar A loirinha endoidou, não para de me ligar Diz que tá morrendo de saudade, tá querendo me encontrar",Henrique & Juliano,2013,35,https://www.letras.mus.br/henrique-e-juliano/vai-brincando/,-1
1431,Vai Brincando,musica1431,musica1431_trecho3,"Pra fazer gostoso só mais um vezinha Ela tá namorando mas na cama O cara é sem gracinha Pra fazer gostoso a noite inteirinha Com Henrique & Juliano, gatinha, cê vai perder a linha",Henrique & Juliano,2013,34,https://www.letras.mus.br/henrique-e-juliano/vai-brincando/,-1
1201,Vai Entender (part. Jorge e Mateus),musica1201,musica1201_trecho3,Me desconcentro e perco o foco E tremo todo quando te vejo E não consigo dizer o que eu quero,Israel Novaes,2014,20,https://www.letras.mus.br/israel-novaes/vai-entender/,-1
831,Vai Lá Em Casa Hoje (part. Marília Mendonça),musica831,musica831_trecho3,"Com uma carinha de apaixonada E as roupas pelo chão, catando Pelo trato que eu vou dar nela Amanhã ela liga falando",George Henrique e Rodrigo,2021,22,https://www.letras.mus.br/george-henrique-rodrigo/vai-la-em-casa-hoje-part-marilia-mendonca/,-1
831,Vai Lá Em Casa Hoje (part. Marília Mendonça),musica831,musica831_trecho4,Vai lá em casa hoje Bebe umas comigo Saudade de ontem De você beijando pra baixo do meu umbigo Vai lá em casa hoje Bebe umas comigo Saudade de ontem De você beijando pra baixo do meu umbigo,George Henrique e Rodrigo,2021,38,https://www.letras.mus.br/george-henrique-rodrigo/vai-la-em-casa-hoje-part-marilia-mendonca/,-1
831,Vai Lá Em Casa Hoje (part. Marília Mendonça),musica831,musica831_trecho5,Eu vou falar: Tô indo O que ela me pede sem roupa Eu faço rindo,George Henrique e Rodrigo,2021,15,https://www.letras.mus.br/george-henrique-rodrigo/vai-la-em-casa-hoje-part-marilia-mendonca/,-1
831,Vai Lá Em Casa Hoje (part. Marília Mendonça),musica831,musica831_trecho6,"Com uma carinha de apaixonado E as roupas pelo chão, catando Pelo trato que eu vou dar nele Amanhã ele liga falando",George Henrique e Rodrigo,2021,22,https://www.letras.mus.br/george-henrique-rodrigo/vai-la-em-casa-hoje-part-marilia-mendonca/,-1
831,Vai Lá Em Casa Hoje (part. Marília Mendonça),musica831,musica831_trecho8,Vai lá em casa hoje Bebe umas comigo Saudade de ontem De você beijando pra baixo do meu umbigo,George Henrique e Rodrigo,2021,19,https://www.letras.mus.br/george-henrique-rodrigo/vai-la-em-casa-hoje-part-marilia-mendonca/,-1
831,Vai Lá Em Casa Hoje (part. Marília Mendonça),musica831,musica831_trecho11,Eu vou falar: Tô indo O que ele me pede sem roupa Eu faço rindo,George Henrique e Rodrigo,2021,15,https://www.letras.mus.br/george-henrique-rodrigo/vai-la-em-casa-hoje-part-marilia-mendonca/,-1
1180,Vai Vendo,musica1180,musica1180_trecho7,Postando foto com as gatas Pra você ficar sabendo (Ficar sabendo) Vai vendo (vai vendo) Vai vendo,Lucas Lucco,2015,17,https://www.letras.mus.br/lucas-lucco/vai-vendo/,-1
1604,Vamo Mexe,musica1604,musica1604_trecho1,A nossa vida não é brincadeira Chegar em casa na segunda-feira Depois de mais um final de semana Cantando e zuando na bebedeira,Michel Teló,2011,23,https://www.letras.mus.br/michel-telo/1867883/,-1
1604,Vamo Mexe,musica1604,musica1604_trecho3,Vâmo mexê Não importa quem vai ser Já peguei minha agenda E liguei de A a Z,Michel Teló,2011,17,https://www.letras.mus.br/michel-telo/1867883/,-1
724,Vem Ni Mim Dodge Ram (part. Gusttavo Lima),musica724,musica724_trecho2,"Já não faz muito tempo Que eu andava a pé Não pegava nem gripe, muito menos mulher Só pegava poeira, não olhavam pra mim Um dia eu decidi, eu vou sair daqui",Israel Novaes,2012,32,https://www.letras.mus.br/israel-novaes/1970121/,-1
724,Vem Ni Mim Dodge Ram (part. Gusttavo Lima),musica724,musica724_trecho5,"Já não faz muito tempo que eu andava a pé Não pegava nem gripe Muito menos mulher Só pegava poeira Não olhavam pra mim Um dia eu decidi, eu vou sair daqui",Israel Novaes,2012,32,https://www.letras.mus.br/israel-novaes/1970121/,-1
1233,Veneno,musica1233,musica1233_trecho1,"Usa e abusa, faz o que quiser de mim Pode me ligar quando tiver a fim Não demora amor, não sabe o que cê tá perdendo Pode vir com tudo que hoje eu tô um veneno",Fernando e Sorocaba,2013,36,https://www.letras.mus.br/fernando-sorocaba/veneno/,-1
1233,Veneno,musica1233,musica1233_trecho2,"Veneno, veneno, veneno, veneno Pode vir com tudo que hoje eu tô um veneno",Fernando e Sorocaba,2013,14,https://www.letras.mus.br/fernando-sorocaba/veneno/,-1
1233,Veneno,musica1233,musica1233_trecho3,"Não me provoca, cê não sabe o perigo que eu sou Eu sou, sou perito na arte de fazer amor Duvida, vai queimar sua língua, não sabe o que diz Não espera, vem pagar pra ver que eu te faço feliz",Fernando e Sorocaba,2013,41,https://www.letras.mus.br/fernando-sorocaba/veneno/,-1
1233,Veneno,musica1233,musica1233_trecho4,"Sou do tipo de pessoa Que faz e não fala, que não perde tempo Vem ni mim, tô facin Hoje eu tô um veneno",Fernando e Sorocaba,2013,24,https://www.letras.mus.br/fernando-sorocaba/veneno/,-1
1235,Vestígios,musica1235,musica1235_trecho1,Eu não sei Se um coração pode aguentar tanta dor Quando perde um amor Quando o sol já não brilha mais em seu olhar,Jorge & Mateus,2010,24,https://www.letras.mus.br/jorge-mateus/1720722/,-1
1175,Vida,musica1175,musica1175_trecho1,"Já era amor antes de ser Já era seu antes do sim Já era nós, antes que eu pudesse escolher Eu te encontrei e me perdi Eu permiti acontecer, aconteceu sem avisar Isso que é amar",Henrique & Juliano,2015,36,https://www.letras.mus.br/henrique-e-juliano/vida/,-1
1175,Vida,musica1175,musica1175_trecho2,"Vida, você entrou na minha vida E mesmo com tantas feridas Você me aceitou e o seu amor cicatrizou Tanto, eu errei tanto e tanto perdoou Será que eu mereço tanto amor Onde eu fui pedra, você plantou flor",Henrique & Juliano,2015,39,https://www.letras.mus.br/henrique-e-juliano/vida/,-1
704,Vidinha de Balada,musica704,musica704_trecho1,"Oi, tudo bem? Que bom te ver A gente ficou, coração gostou Não deu pra esquecer",Henrique & Juliano,2017,16,https://www.letras.mus.br/henrique-e-juliano/vidinha-de-balada/,-1
704,Vidinha de Balada,musica704,musica704_trecho4,"Vai namorar comigo, sim! Vai por mim, igual nós dois não tem Se reclamar, cê vai casar também Com comunhão de bens Seu coração é meu e o meu é seu também",Henrique & Juliano,2017,32,https://www.letras.mus.br/henrique-e-juliano/vidinha-de-balada/,-1
704,Vidinha de Balada,musica704,musica704_trecho6,"Vai namorar comigo, sim!",Henrique & Juliano,2017,4,https://www.letras.mus.br/henrique-e-juliano/vidinha-de-balada/,-1
767,Vidro Fumê,musica767,musica767_trecho2,"No calor de um momento Na loucura do meu pensamento Eu fui atrás Em busca da verdade, de um segredo Senti o amor estremecer Na hora em que eu te vi entrando Num carro importado de vidro fumê",Bruno & Marrone,2012,38,https://www.letras.mus.br/bruno-e-marrone/vidro-fume/,-1
767,Vidro Fumê,musica767,musica767_trecho4,No calor de um momento Na loucura do meu pensamento Eu fui atrás Em busca da verdade de um segredo Senti o amor estremecer Na hora em que eu te vi entrando Num carro importado de vidro fumê,Bruno & Marrone,2012,38,https://www.letras.mus.br/bruno-e-marrone/vidro-fume/,-1
276,Vingança (part. MC Kekel),musica276,musica276_trecho2,Eu vou pegar todo mundo Virar um vagabundo Depois que eu ficar com essa cidade inteira Aí cê vai lembrar Do tanto que eu te dei amor E o tanto que você não deu valor E a sua única chance vai ser Em alguma balada da vida Eu te beijar sem perceber Sem ver que é você,Luan Santana,2018,57,https://www.letras.mus.br/luan-santana/vinganca-part-mc-kekel/,-1
276,Vingança (part. MC Kekel),musica276,musica276_trecho3,"Eu te avisei Tenta não vacilar Menina, eu te avisei Amor é pra cuidar Se escapar da mão, cai no chão Não tem conserto, não Antes de sumir da sua vida Só mais uma coisa: Tô aqui no portão",Luan Santana,2018,39,https://www.letras.mus.br/luan-santana/vinganca-part-mc-kekel/,-1
276,Vingança (part. MC Kekel),musica276,musica276_trecho5,Eu vou pegar todo mundo Virar um vagabundo Depois que eu ficar com essa cidade inteira Aí cê vai lembrar Do tanto que eu te dei amor E o tanto que você não deu valor É sua única chance,Luan Santana,2018,39,https://www.letras.mus.br/luan-santana/vinganca-part-mc-kekel/,-1
276,Vingança (part. MC Kekel),musica276,musica276_trecho7,Eu vou pegar todo mundo (eu vou pegar todo mundo) Virar um vagabundo (virar um vagabundo) Depois que eu ficar com essa cidade inteira Aí cê vai lembrar (mas eu te dei amor) Do tanto que eu te dei amor (você não deu valor) E o tanto que você não deu valor E a sua única chance vai ser Em qualquer balada por aí Vou te beijar sem perceber Sem ver que é você,Luan Santana,2018,74,https://www.letras.mus.br/luan-santana/vinganca-part-mc-kekel/,-1
276,Vingança (part. MC Kekel),musica276,musica276_trecho8,"Eu vou virar um vagabundo E eu vou me jogar no mundo Eu vou virar um vagabundo E eu vou me jogar no mundo Luan, Kekel",Luan Santana,2018,26,https://www.letras.mus.br/luan-santana/vinganca-part-mc-kekel/,-1
1520,Vira Homem,musica1520,musica1520_trecho3,"Faz assim Primeiro lugar, você some Segundo lugar, vira homem Você é o terceiro que me perdeu",Marília Mendonça,2020,17,https://www.letras.mus.br/marilia-mendonca/vira-homem/,-1
1520,Vira Homem,musica1520,musica1520_trecho4,"Faz assim Primeiro lugar, você some Segundo lugar, vira homem Você é o terceiro que me perdeu, iê, iê",Marília Mendonça,2020,19,https://www.letras.mus.br/marilia-mendonca/vira-homem/,-1
517,Virgínia,musica517,musica517_trecho2,"Me viu sentado no buteco com a Carlinha Amiga minha, viu maldade onde não tinha Quanto mais eu pedia calma Mais ela ficava com raiva",Zé Felipe,2020,25,https://www.letras.mus.br/ze-felipe/virginia/,-1
880,Viva a Vida,musica880,musica880_trecho1,"Procuro me sentir feliz Sabe por quê? Porque eu não espero nada de ninguém Expectativas sempre machucam E a vida é curta Então, ame sua vida e seja feliz E mantenha sempre um sorriso no rosto Aquele seu sorriso Viva a vida pra você",Felipe Duram,2019,44,https://www.letras.mus.br/felipe-duran/viva-a-vida/,-1
880,Viva a Vida,musica880,musica880_trecho2,"E antes de falar, escute Antes de escrever, pense Antes de gastar, ganhe Antes de orar, perdoe Antes de magoar, sinta Antes de odiar, ame Antes de desistir, tente, tente Antes de morrer",Felipe Duram,2019,33,https://www.letras.mus.br/felipe-duran/viva-a-vida/,-1
880,Viva a Vida,musica880,musica880_trecho6,"Antes de falar, escute Antes de escrever, pense Antes de gastar, ganhe Antes de orar, perdoe Antes de magoar, sinta Antes de odiar, ame Antes de desistir, tente, tente Antes de morrer",Felipe Duram,2019,32,https://www.letras.mus.br/felipe-duran/viva-a-vida/,-1
1341,Viva Intensamente,musica1341,musica1341_trecho3,"Viva intensamente Desconfie do futuro, siga em frente Basta acreditar Vale a pena sonhar!",Gusttavo Lima,2011,14,https://www.letras.mus.br/gusttavo-lima/1971846/,-1
1341,Viva Intensamente,musica1341,musica1341_trecho4,"Nunca desista, vá em frente até acertar E nunca deixe que o medo impeça de tentar Leve na raça, faça o que o coração mandar Não deixe nada pra depois, não dá pra esperar",Gusttavo Lima,2011,34,https://www.letras.mus.br/gusttavo-lima/1971846/,-1
1341,Viva Intensamente,musica1341,musica1341_trecho6,Dê valor A todo instante que você viver A todo mundo que te quer o bem Como se não houvesse o amanhã,Gusttavo Lima,2011,22,https://www.letras.mus.br/gusttavo-lima/1971846/,-1
1341,Viva Intensamente,musica1341,musica1341_trecho7,Não duvide Não tenha medo de se arriscar Enfrente tudo e venha o que vier Conte com a sorte pra te ajudar,Gusttavo Lima,2011,22,https://www.letras.mus.br/gusttavo-lima/1971846/,-1
1341,Viva Intensamente,musica1341,musica1341_trecho11,"Nunca desista, vá em frente até acertar (E nunca deixe que o medo impeça de tentar) Leve na raça, faça o que o coração mandar Não deixe nada pra depois, não dá pra esperar",Gusttavo Lima,2011,34,https://www.letras.mus.br/gusttavo-lima/1971846/,-1
344,Vivendo Aqui No Mato (part. Zé Neto & Cristiano),musica344,musica344_trecho2,"Não troco seu ar poluído Pelo pó da estrada Aqui não tem trânsito Só tem boiada Nosso céu é limpo E a noite, enluarada",Trio Parada Dura,2017,24,https://www.letras.mus.br/trio-parada-dura/vivendo-aqui-no-mato/,-1
344,Vivendo Aqui No Mato (part. Zé Neto & Cristiano),musica344,musica344_trecho5,O meu amanhecer tem o cantar do galo O cheiro do mato com gota de orvalho E é tão gostoso beber um café Olhando o sol nascer,Trio Parada Dura,2017,27,https://www.letras.mus.br/trio-parada-dura/vivendo-aqui-no-mato/,-1
344,Vivendo Aqui No Mato (part. Zé Neto & Cristiano),musica344,musica344_trecho9,Meu amanhecer tem o cantar do galo O cheiro do mato com gota de orvalho E é tão gostoso beber um café Olhando o sol nascer,Trio Parada Dura,2017,26,https://www.letras.mus.br/trio-parada-dura/vivendo-aqui-no-mato/,-1
1158,"Vó, Tô Estourado",musica1158,musica1158_trecho2,"Vó, tô estourado Vó, tô estourado Vó, tô estourado E meu avô é o culpado",Israel Novaes,2013,15,https://www.letras.mus.br/israel-novaes/vo-to-estourado/,-1
1158,"Vó, Tô Estourado",musica1158,musica1158_trecho3,Quem me teve foi minha mãe Quem me criou foi minha vó Ela não me deixou só Desde pequeno eu ouvi ela falar Meu filho estude para um dia se formar,Israel Novaes,2013,31,https://www.letras.mus.br/israel-novaes/vo-to-estourado/,-1
1158,"Vó, Tô Estourado",musica1158,musica1158_trecho4,"Já dizia o meu vô, o contrário da minha vó Meu filho, faça o que é melhor Escute agora o conselho que eu vou lhe dar Não tem nada no mundo melhor do que farrear",Israel Novaes,2013,35,https://www.letras.mus.br/israel-novaes/vo-to-estourado/,-1
1158,"Vó, Tô Estourado",musica1158,musica1158_trecho6,"Fim de semana, fazer o quê? Beber, curtir, farrear E minha vó todo tempo a me ligar Eu tava na zueira, não dava pra escutar",Israel Novaes,2013,25,https://www.letras.mus.br/israel-novaes/vo-to-estourado/,-1
1329,Voa,musica1329,musica1329_trecho1,"Se está pensando em voar Na direção de me amar Voa, voa",Paula Fernandes,2010,12,https://www.letras.mus.br/paula-fernandes/1716701/,-1
1329,Voa,musica1329,musica1329_trecho2,"Não tenha medo de dizer que quer Vamos fazer o que você quiser Voa, voa",Paula Fernandes,2010,15,https://www.letras.mus.br/paula-fernandes/1716701/,-1
1133,"Voa, Beija-flor",musica1133,musica1133_trecho1,Você não sabe o que é amor nem tão pouco paixão Se soubesse de verdade não maltratava meu coração Parece um beija-flor que vai de boca em boca por aí E suga todo meu amor e quando enjoa põe um fim,Jorge & Mateus,2009,41,https://www.letras.mus.br/jorge-mateus/1444409/,-1
1133,"Voa, Beija-flor",musica1133,musica1133_trecho3,Voa beija flor vai dar seu calor pra quem não te conhece Sai da minha vida busque um outro amor Você não me merece,Jorge & Mateus,2009,24,https://www.letras.mus.br/jorge-mateus/1444409/,-1
1039,Você de Mim Não Sai,musica1039,musica1039_trecho1,Deixa eu entrar Dentro do seu coração Descobrir pouco a pouco a paixão Tenta Me sentir enquanto eu sinto você Dessa vez é amor É pra valer,Luan Santana,2012,27,https://www.letras.mus.br/luan-santana/voce-de-mim-nao-sai/,-1
1039,Você de Mim Não Sai,musica1039,musica1039_trecho2,Ai ai ai ai ai Não tem jeito de esquecer Você de mim não sai Minha vida sem você Não tem sentido,Luan Santana,2012,22,https://www.letras.mus.br/luan-santana/voce-de-mim-nao-sai/,-1
1039,Você de Mim Não Sai,musica1039,musica1039_trecho10,Ai ai ai ai ai Não tem jeito de esquecer Você de mim não sai Minha vida sem você Não tem sentido Eu não aguento mais,Luan Santana,2012,26,https://www.letras.mus.br/luan-santana/voce-de-mim-nao-sai/,-1
1316,Você do Meu Lado,musica1316,musica1316_trecho2,"Então, deixa eu te mostrar Porque tô sofrendo assim Se tá ruim pra você, com certeza tá pra mim É que meu peito machucado Só cura com você do meu lado",Luan Santana,2009,31,https://www.letras.mus.br/luan-santana/1282733/,-1
1316,Você do Meu Lado,musica1316,musica1316_trecho3,"Corre e vem me dar Seu coração Não se entregue mais à uma triste ilusão Quero seu amor, provar dos seus carinhos Não me deixe mais chorando aqui sozinho, amor",Luan Santana,2009,30,https://www.letras.mus.br/luan-santana/1282733/,-1
101,Você Mudou,musica101,musica101_trecho1,"Te falei, mas você não me ouviu Quis viver na ilusão O vazio que você deixou em mim Maltratou meu coração",Cristiano Araújo,2011,21,https://www.letras.mus.br/cristiano-araujo/1871811/,-1
101,Você Mudou,musica101,musica101_trecho2,Não ligou pra minha solidão Tinha que acabar assim Será triste uma noite sem você Mas será o melhor pra mim,Cristiano Araújo,2011,21,https://www.letras.mus.br/cristiano-araujo/1871811/,-1
101,Você Mudou,musica101,musica101_trecho3,"Não importa o que me faça Não tem paixão quando me abraça Sem destino, para longe sei que vou Irei em busca de um novo amor",Cristiano Araújo,2011,26,https://www.letras.mus.br/cristiano-araujo/1871811/,-1
101,Você Mudou,musica101,musica101_trecho4,"E quando despertar não irá me encontrar Quem sabe aí, meu bem Talvez você consiga entender Que a minha vida não pertence a você",Cristiano Araújo,2011,24,https://www.letras.mus.br/cristiano-araujo/1871811/,-1
101,Você Mudou,musica101,musica101_trecho5,"E quando despertar não irá me encontrar Quem sabe aí, meu bem Talvez você consiga entender Que a minha vida não pertence a você De você, só vou lembrar-me Quando tudo começou",Cristiano Araújo,2011,32,https://www.letras.mus.br/cristiano-araujo/1871811/,-1
101,Você Mudou,musica101,musica101_trecho6,"Você era a mulher que eu sempre sonhei Me enganei, pois você, meu bem, mudou Pois você, meu bem, mudou Pois você, meu bem, mudou",Cristiano Araújo,2011,25,https://www.letras.mus.br/cristiano-araujo/1871811/,-1
615,Você Mudou Demais,musica615,musica615_trecho1,Já mudou a cor dos seus cabelos Nem me fala dos seus sonhos Não me conta mais segredos Não divide mais seus medos Nem ao menos diz boa noite Nem me chama pra deitar,Marília Mendonça,2025,34,https://www.letras.mus.br/marilia-mendonca/voce-mudou-demais/,-1
615,Você Mudou Demais,musica615,musica615_trecho6,Foram sonhos demais Tantas noites iguais Eu querendo te amar Sem poder te tocar,Marília Mendonça,2025,14,https://www.letras.mus.br/marilia-mendonca/voce-mudou-demais/,-1
615,Você Mudou Demais,musica615,musica615_trecho7,Vê se volta pra mim Não te quero assim Vendo a nossa paixão Fugir do coração,Marília Mendonça,2025,16,https://www.letras.mus.br/marilia-mendonca/voce-mudou-demais/,-1
661,Você Não Sabe o Que É Amor,musica661,musica661_trecho2,"Pode ir, tudo bem Você não sabe o que é gostar de alguém Pode rir, tô legal E o que eu sofri espero que não sofra igual Fiquei mal, mas passou Você não sabe o que é amor",Luan Santana,2009,38,https://www.letras.mus.br/luan-santana/1534681/,-1
661,Você Não Sabe o Que É Amor,musica661,musica661_trecho3,"Não fale mais do futuro Não fique aí pensando que eu giro em torno do seu mundo Não vamos mais se enganar Tem marcas nessa vida que o tempo não vai apagar Eu te juro, nunca mais Nunca mais vou me entregar",Luan Santana,2009,42,https://www.letras.mus.br/luan-santana/1534681/,-1
661,Você Não Sabe o Que É Amor,musica661,musica661_trecho5,"""Olhando em meu olhar você vai perceber que não há mais tempo pra nós dois Eu te amei do jeito mais profundo que alguém pode amar outra pessoa Mas eu desisto de você, acabou! Acabou...""",Luan Santana,2009,35,https://www.letras.mus.br/luan-santana/1534681/,-1
661,Você Não Sabe o Que É Amor,musica661,musica661_trecho7,"Pode ir, tudo bem Você não sabe o que é gostar de alguém Pode rir, tô legal E o que eu sofri espero que não sofra igual Fiquei mal mas passou Você não sabe o que é amor",Luan Santana,2009,38,https://www.letras.mus.br/luan-santana/1534681/,-1
1508,Você Sabia,musica1508,musica1508_trecho2,Aos olhos de quem está de fora Parece coisa de novela Aí o sentimento aflora Magia que ninguém espera,Victor & Leo,2008,19,https://www.letras.mus.br/victor-leo/1359255/,-1
1508,Você Sabia,musica1508,musica1508_trecho3,Tudo aconteceu num sonho Ninguém como você sabia Que dentro do meu peito estava Um coração que amava e por você sorria,Victor & Leo,2008,22,https://www.letras.mus.br/victor-leo/1359255/,-1
1508,Você Sabia,musica1508,musica1508_trecho5,Você sabia Que mesmo me deixando eu iria Ficar te esperando todo dia Fugindo de mim mesmo pra tentar te esquecer Mas muito mais eu lembraria,Victor & Leo,2008,26,https://www.letras.mus.br/victor-leo/1359255/,-1
1508,Você Sabia,musica1508,musica1508_trecho6,Sabia Que mesmo me deixando eu iria Ficar te esperando todo dia Fugindo de mim mesmo pra tentar te esquecer Mas muito mais eu lembraria sozinho,Victor & Leo,2008,26,https://www.letras.mus.br/victor-leo/1359255/,-1
1508,Você Sabia,musica1508,musica1508_trecho10,Sabia Que mesmo me deixando eu iria Ficar te esperando todo dia Fugindo de mim mesmo pra tentar te esquecer Mas muito mais eu lembraria,Victor & Leo,2008,25,https://www.letras.mus.br/victor-leo/1359255/,-1
929,Você Vai Ficar Em Mim,musica929,musica929_trecho1,"Você vai ficar em mim Pode crer, não dá pra esquecer Um amor tão forte assim, quando vem, faz a gente se perder Faz o coração doer, faz a gente enlouquecer",Cristiano Araújo,2011,31,https://www.letras.mus.br/cristiano-araujo/1847635/,-1
929,Você Vai Ficar Em Mim,musica929,musica929_trecho2,"Eu só sei fazer amor te chamando Gritando o seu nome, eu só sei te amar Sinto falta de você quando some, a dor me consome Eu sei que nunca mais te esqueço Pois basta só fechar os meus olhos pra te lembrar",Cristiano Araújo,2011,43,https://www.letras.mus.br/cristiano-araujo/1847635/,-1
929,Você Vai Ficar Em Mim,musica929,musica929_trecho4,"Eu só sei fazer amor te chamando Gritando o seu nome, eu só sei te amar Sinto falta de você quando some, a dor me consome Eu sei que nunca mais te esqueço Pois basta só fechar os meus olhos pra te lembrar Pois basta só fechar os meus olhos pra te lembrar Pois basta só fechar os meus olhos Pra te lembrar",Cristiano Araújo,2011,63,https://www.letras.mus.br/cristiano-araujo/1847635/,-1
982,Você Vai Sentir Saudade,musica982,musica982_trecho1,Você pegou no sono antes de mim de novo E eu fiquei olhando filmes na TV Nem falei o que eu fiz pra você,Marília Mendonça,2025,24,https://www.letras.mus.br/marilia-mendonca/voce-vai-sentir-saudade/,-1
1523,Você Vai Voltar Pra Mim,musica1523,musica1523_trecho1,"Posso até sangrar, que agora já não dói mais Me acostumei Já parei de chorar, quando alguém fala de você Eu sei",Nathália Siqueira,2007,22,https://www.letras.mus.br/natalia-siqueira/1126873/,-1
1523,Você Vai Voltar Pra Mim,musica1523,musica1523_trecho2,"Te perdi, não dormi, me acabei Nunca mais volto atrás, foi demais Não mereci teu amor Sabe Deus onde foi que eu errei Tudo bem, mas essa noite eu sonhei",Nathália Siqueira,2007,30,https://www.letras.mus.br/natalia-siqueira/1126873/,-1
1523,Você Vai Voltar Pra Mim,musica1523,musica1523_trecho3,Com teus olhos Nos meus olhos Ouvi o som da tua voz (tua voz) Dizendo que se arrependeu,Nathália Siqueira,2007,18,https://www.letras.mus.br/natalia-siqueira/1126873/,-1
1523,Você Vai Voltar Pra Mim,musica1523,musica1523_trecho6,"Eu nunca te enganei, não menti Pra depois descobrir que acabou Que desprezou meu amor",Nathália Siqueira,2007,15,https://www.letras.mus.br/natalia-siqueira/1126873/,-1
1523,Você Vai Voltar Pra Mim,musica1523,musica1523_trecho7,"Vai chover, vou chorar, me esconder, te odiar Só eu sei Mas só que hoje eu sonhei",Nathália Siqueira,2007,17,https://www.letras.mus.br/natalia-siqueira/1126873/,-1
1523,Você Vai Voltar Pra Mim,musica1523,musica1523_trecho13,"Me diz que a dor chegou ao fim E você vai voltar pra mim Oh, oh-oh-oh",Nathália Siqueira,2007,16,https://www.letras.mus.br/natalia-siqueira/1126873/,-1
1479,Volta Pra Minha Vida,musica1479,musica1479_trecho2,Hoje tudo parece um sonho Mas você teve medo de acreditar E se enganar outra vez,Jorge & Mateus,2010,16,https://www.letras.mus.br/jorge-mateus/1713707/,-1
1479,Volta Pra Minha Vida,musica1479,musica1479_trecho3,"Esse medo te levou embora Mas não há nada pra você la fora Esse amor não vai te deixar E você vai ver, vai acreditar",Jorge & Mateus,2010,25,https://www.letras.mus.br/jorge-mateus/1713707/,-1
1176,Volta Pro Meu Coração,musica1176,musica1176_trecho2,"Tentei trancar meu coração E ser contrário a essa paixão Tentei apenas sobreviver sem você Mas não deu, não deu, não deu",João Carreiro & Capataz,2010,22,https://www.letras.mus.br/joao-carreiro-capataz/1864521/,-1
279,Volta Vai,musica279,musica279_trecho1,"Eu poderia te enganar, mentir Fingir que esqueci Mas a verdade é que eu vivo a sonhar Em te ver voltar!",Simone & Simaria,2016,21,https://www.letras.mus.br/simone-simaria-as-coleguinhas/volta-vai/,-1
279,Volta Vai,musica279,musica279_trecho3,"Volta, volta, vai O seu olhar tá me dizendo Que você tá me querendo Volta, volta atrás A nossa felicidade Nos amamos, você sabe!",Simone & Simaria,2016,24,https://www.letras.mus.br/simone-simaria-as-coleguinhas/volta-vai/,-1
1050,Voltando Pra Mim,musica1050,musica1050_trecho1,Tá preocupada à toa Eu entendi a tua situação Tá chorando à toa O amor não vem com botãozinho de sim ou não,Gustavo Mioto,2025,23,https://www.letras.mus.br/gustavo-mioto/voltando-pra-mim/,-1
1050,Voltando Pra Mim,musica1050,musica1050_trecho2,"Ou a gente sente ou não sente Infelizmente, não bateu aqui pra gente Eu tô indo embora, vai ter que ser agora Em outra vida tomara que seja diferente",Gustavo Mioto,2025,29,https://www.letras.mus.br/gustavo-mioto/voltando-pra-mim/,-1
1050,Voltando Pra Mim,musica1050,musica1050_trecho4,Eu fui muito além dos meus limites Gostei mais de você do que de mim Só Deus sabe de tudo que eu passei pra ficar com você Agora eu tô voltando pra mim,Gustavo Mioto,2025,33,https://www.letras.mus.br/gustavo-mioto/voltando-pra-mim/,-1
1050,Voltando Pra Mim,musica1050,musica1050_trecho6,"Ou a gente sente ou não sente Infelizmente, não bateu aqui pra gente Eu tô indo embora, vai ter que ser agora Em outra vida, tomara que seja diferente É",Gustavo Mioto,2025,30,https://www.letras.mus.br/gustavo-mioto/voltando-pra-mim/,-1
1050,Voltando Pra Mim,musica1050,musica1050_trecho8,Eu fui muito além dos meus limites Gostei mais de você do que de mim Só Deus sabe de tudo que eu passei pra ficar com você Agora eu tô voltando pra mim Agora eu tô voltando pra mim,Gustavo Mioto,2025,39,https://www.letras.mus.br/gustavo-mioto/voltando-pra-mim/,-1
1415,Vou Dar o Nó em Você,musica1415,musica1415_trecho3,"Eu quero ficar sério com você Tô largando do que gosto Só para te satisfazer Mas quando chega sexta-feira é de doer Desculpe, meu amor Vou dar um nó em você",Thaeme e Thiago,2012,31,https://www.letras.mus.br/thaeme-thiago/arrocha/,-1
114,Vou Te Amar (Cigana),musica114,musica114_trecho1,"Um dia uma cigana leu a minha mão Falou que o destino do meu coração Daria muitas voltas, mas ia encontrar você",Hugo Pena e Gabriel,2008,22,https://www.letras.mus.br/hugo-pena-e-gabriel/1328169/,-1
114,Vou Te Amar (Cigana),musica114,musica114_trecho2,"Eu confesso que na hora duvidei Lembrei de quantas vezes eu acreditei Mas não dava certo, não era pra acontecer",Hugo Pena e Gabriel,2008,20,https://www.letras.mus.br/hugo-pena-e-gabriel/1328169/,-1
114,Vou Te Amar (Cigana),musica114,musica114_trecho8,Um dia uma cigana leu a minha mão,Hugo Pena e Gabriel,2008,8,https://www.letras.mus.br/hugo-pena-e-gabriel/1328169/,-1
376,Vou Ter Que Superar (part. Marília Mendonça),musica376,musica376_trecho4,Vou ter que superar suas fotos com ele viajando E as amigas comentando que são um belo casal Vou ter que superar o dia do casamento Esperando que o tempo aos poucos possa me curar Vou ter que superar que a gente não vai mais voltar Vou ter que superar que a gente não vai mais voltar,Matheus & Kauan,2019,57,https://www.letras.mus.br/matheus-kauan/vou-ter-que-superar-part-marilia-mendonca/,-1
376,Vou Ter Que Superar (part. Marília Mendonça),musica376,musica376_trecho6,Vou ter que superar suas fotos com ela viajando E as amigas comentando que são um belo casal Vou ter que superar o dia do casamento Esperando que o tempo aos poucos possa me curar,Matheus & Kauan,2019,35,https://www.letras.mus.br/matheus-kauan/vou-ter-que-superar-part-marilia-mendonca/,-1
376,Vou Ter Que Superar (part. Marília Mendonça),musica376,musica376_trecho7,Vou ter que superar suas fotos com ele viajando E as amigas comentando que são um belo casal Vou ter que superar o dia do casamento Esperando que o tempo aos poucos possa me curar Vou ter que superar que a gente não vai mais voltar Eu vou ter que superar que a gente não vai mais voltar,Matheus & Kauan,2019,58,https://www.letras.mus.br/matheus-kauan/vou-ter-que-superar-part-marilia-mendonca/,-1
39,Vou Voando,musica39,musica39_trecho1,Por que você não vem E deita aqui do meu lado? Acende a luz da noite Vamos ficar acordados,Jorge & Mateus,2016,19,https://www.letras.mus.br/jorge-mateus/vou-voando/,-1
39,Vou Voando,musica39,musica39_trecho4,"Amanheceu E, no meu sonho, teu sorriso me chamando E eu vou voando Eu vou voando Amanheceu E, no meu sonho, teu sorriso me chamando E eu vou voando Eu vou voando",Jorge & Mateus,2016,32,https://www.letras.mus.br/jorge-mateus/vou-voando/,-1
39,Vou Voando,musica39,musica39_trecho5,Por que você não vem pra mim voando?,Jorge & Mateus,2016,8,https://www.letras.mus.br/jorge-mateus/vou-voando/,-1
201,Whisky Vagabund0,musica201,musica201_trecho1,Eu quis cercar meu coração Com arame farpado Pra manter ele a salvo Esse seu jeito garanhão Que já sabe os atalhos Ia ganhar ele fácil,Lauana Prado,2023,26,https://www.letras.mus.br/lauana-prado/whisky-vagabund0/,-1
201,Whisky Vagabund0,musica201,musica201_trecho2,"Mas eu não aguentei um mês de pressão Desfile na rua, pegada na mão Postei foto e o caramba, com beijinho e textão Seu beijo tem asa, não tem paraquedas Eu voei tão alto, nem lembrei da queda",Lauana Prado,2023,38,https://www.letras.mus.br/lauana-prado/whisky-vagabund0/,-1
201,Whisky Vagabund0,musica201,musica201_trecho5,"Mas eu não aguentei um mês de pressão Desfile na rua, pegada na mão Postei foto e o caramba, com beijinho e textão Seu beijo tem asa, não tem paraquedas Eu voei tão alto",Lauana Prado,2023,34,https://www.letras.mus.br/lauana-prado/whisky-vagabund0/,-1
653,Wi-Fi (part. Luan Pereira),musica653,musica653_trecho3,"Se o Wi-Fi tá lento, travando Tem mais gente usando E nem é de Internet que eu tô falando Se o Wi-Fi tá lento, travando Tem mais gente usando E nem é de Internet que eu tô falando Do seu amor eu tô me desligando",Traia Véia,2025,45,https://www.letras.mus.br/traia-veia/wi-fi-part-luan-pereira/,-1
653,Wi-Fi (part. Luan Pereira),musica653,musica653_trecho6,"Se o Wi-Fi tá lento, travando Tem mais gente usando E nem é de Internet que eu tô falando Se o Wi-Fi tá lento, travando Tem mais gente usando E nem é de Internet que eu tô falando",Traia Véia,2025,38,https://www.letras.mus.br/traia-veia/wi-fi-part-luan-pereira/,-1
653,Wi-Fi (part. Luan Pereira),musica653,musica653_trecho7,"Se o Wi-Fi (Wi-Fi) tá lento (tá lento), travando (travando) Tem mais gente usando (uou, usando) E nem é de Internet que eu tô falando Do seu amor eu tô me desligando Uh, uh Do seu amor eu tô me desligando Uh, uh E nem é de Internet que eu tô falando",Traia Véia,2025,52,https://www.letras.mus.br/traia-veia/wi-fi-part-luan-pereira/,-1
653,Wi-Fi (part. Luan Pereira),musica653,musica653_trecho8,"E se o Wi-Fi tá lento, travando Tem mais gente usando E nem é de Internet que eu tô falando E se o Wi-Fi tá lento, travando Tem mais gente usando E nem é de Internet que eu tô falando Do seu amor eu tô me desligando",Traia Véia,2025,47,https://www.letras.mus.br/traia-veia/wi-fi-part-luan-pereira/,-1
1315,Zé da Recaída,musica1315,musica1315_trecho2,"Me vê uma dose pra mudar minha vida Da melhor que você tem Pra ver se com inspiração em Old Parr, ela vem O empurrãozinho que falta, ai ai ai Pra completar essa chamada, ah",Gusttavo Lima,2018,35,https://www.letras.mus.br/gusttavo-lima/ze-da-recaida/,-1
1315,Zé da Recaída,musica1315,musica1315_trecho3,Atende aí O Zé da Recaída tá ligando aí Eu não tô nem aí Se salvou meu nome assim O importante é que ao vivo Cê me chama de benzim,Gusttavo Lima,2018,30,https://www.letras.mus.br/gusttavo-lima/ze-da-recaida/,-1
