ranking_posicao,musica,tag_musica,tag_trecho,ESTROFE,artista,ano,ntokens,url,topic
442,10%,musica442,musica442_trecho1,Tô escorada na mesa Confesso que eu quase caí da cadeira E esse garçom não me ajuda Já trouxe a vigésima saideira,Maiara & Maraisa,2016,22,https://www.letras.mus.br/maiara-maraisa/10/,-1
442,10%,musica442,musica442_trecho4,"Garçom, troca o DVD Que essa moda me faz sofrer E o coração não guenta Desse jeito você me desmonta Cada dose cai na conta e os 10% aumenta",Maiara & Maraisa,2016,29,https://www.letras.mus.br/maiara-maraisa/10/,-1
10,31/12,musica10,musica10_trecho2,É 31 de dezembro Fim de mais um ano E por mais que eu tente Fazer outros planos Outro ano começa Com o antigo sonho De ter você comigo,Jorge & Mateus,2015,29,https://www.letras.mus.br/jorge-mateus/31-de-dezembro/,-1
10,31/12,musica10,musica10_trecho4,"Amanhecer, primeiro de janeiro Com você Banho de mar Amar e amar De amor me perder Por que você não sai da minha cabeça? Por que você não sai da minha cabeça?",Jorge & Mateus,2015,32,https://www.letras.mus.br/jorge-mateus/31-de-dezembro/,-1
10,31/12,musica10,musica10_trecho9,"Por que você não sai da minha cabeça? Por que você não sai da minha cabeça? Não sai Por que? Por que você não sai da minha cabeça? Você, por que? Não sai, não sai, não sai da minha cabeça não Por que você não sai da minha cabeça? Não sai da minha cabeça Não sai da minha cabeça, por que?",Jorge & Mateus,2015,61,https://www.letras.mus.br/jorge-mateus/31-de-dezembro/,-1
803,1° de Janeiro,musica803,musica803_trecho1,Tenho certeza de poucas coisas E uma delas é que cê nasceu pra mim E as estrelas já escreveram O nosso encontro que nunca vai ter um fim,Nilson Neto,2024,28,https://www.letras.mus.br/nilson-neto-funk/1deg-de-janeiro/,-1
803,1° de Janeiro,musica803,musica803_trecho3,E quando o céu apagar E o ano virar É com você que eu quero acordar,Nilson Neto,2024,16,https://www.letras.mus.br/nilson-neto-funk/1deg-de-janeiro/,-1
803,1° de Janeiro,musica803,musica803_trecho4,Primeiro de Janeiro Nós dois e um travesseiro Pra mim seria desse jeito o Ano inteiro,Nilson Neto,2024,16,https://www.letras.mus.br/nilson-neto-funk/1deg-de-janeiro/,-1
803,1° de Janeiro,musica803,musica803_trecho12,Primeiro de Janeiro Cenário perfeito É ter você comigo esse ano inteiro,Nilson Neto,2024,12,https://www.letras.mus.br/nilson-neto-funk/1deg-de-janeiro/,-1
208,10 Anos,musica208,musica208_trecho1,Fala Seria covardia ir embora sem dizer por quê Existem tantas páginas dessa história pra escrever Não venha inventar um fim,Gusttavo Lima,2014,21,https://www.letras.mus.br/gusttavo-lima/10-anos/,-1
89,10 Minutos Longe de Você (part. Henrique e Juliano),musica89,musica89_trecho1,Dizem que os olhos são como o espelho Que seu brilho sempre reflete aquilo que seu coração tá cheio Dizem que a boca descreve momentos Com palavras de amor revelando o que trago no meu peito,Victor & Leo,2015,36,https://www.letras.mus.br/victor-leo/10-minutos-longe-de-voce/,-1
89,10 Minutos Longe de Você (part. Henrique e Juliano),musica89,musica89_trecho2,Na minha história com você não é tão diferente E no brilho dos seus olhos Vejo o quanto você sente quando estou ausente,Victor & Leo,2015,23,https://www.letras.mus.br/victor-leo/10-minutos-longe-de-voce/,-1
89,10 Minutos Longe de Você (part. Henrique e Juliano),musica89,musica89_trecho3,"E se você me ouve agora, vai me entender Me falta uma metade, tudo é nada sem você Eu tô chegando pra te ver",Victor & Leo,2015,24,https://www.letras.mus.br/victor-leo/10-minutos-longe-de-voce/,-1
89,10 Minutos Longe de Você (part. Henrique e Juliano),musica89,musica89_trecho4,"Tome um banho de flores, passe o seu perfume Coloque aquela roupa que me traz ciúme Que eu estou chegando pra te amar",Victor & Leo,2015,23,https://www.letras.mus.br/victor-leo/10-minutos-longe-de-voce/,-1
1439,100% Você,musica1439,musica1439_trecho5,"Fique aqui, você não tem motivos pra sumir Nosso amor é lindo",Fernando e Sorocaba,2020,12,https://www.letras.mus.br/fernando-sorocaba/1459131/,-1
1045,11 Vidas,musica1045,musica1045_trecho1,"Me pareço tanto com você Olhando dá pra ver, seu rosto lembra o meu Desde o primeiro aniversário O primeiro passo, sempre pronto pra me defender",Lucas Lucco,2014,26,https://www.letras.mus.br/lucas-lucco/11-vidas/,-1
1045,11 Vidas,musica1045,musica1045_trecho2,Sempre que brigou comigo Pra eu não correr perigo Um herói pronto pra me salvar E com você eu aprendi todas lições Eu enfrentei os meus dragões E só depois me deixou voar,Lucas Lucco,2014,33,https://www.letras.mus.br/lucas-lucco/11-vidas/,-1
1045,11 Vidas,musica1045,musica1045_trecho6,"Pai, foi muito chato crescer Passei a não ter você contando histórias pra eu dormir Mesmo o mundo querendo me derrubar Ao meu lado você sempre está Pra me levantar quando eu cair",Lucas Lucco,2014,33,https://www.letras.mus.br/lucas-lucco/11-vidas/,-1
1045,11 Vidas,musica1045,musica1045_trecho10,Eu só queria se tivesse você Eu só queria se tivesse você,Lucas Lucco,2014,12,https://www.letras.mus.br/lucas-lucco/11-vidas/,-1
1459,126 Cabides,musica1459,musica1459_trecho1,"Contando, são 126 cabides E no guarda-roupa Um grande espaço seu deixado O que faço? Estou eu bem no meu canto Futuro levado meu, roubado",Simone & Simaria,2016,25,https://www.letras.mus.br/simone-simaria-as-coleguinhas/126-cabides/,-1
1459,126 Cabides,musica1459,musica1459_trecho2,"Tô negociando com a solidão Tô tentando convencer Que ela não fique, não, se vá Tô eu negociando com a solidão Só me cobre esse juros No final da outra estação e se vá",Simone & Simaria,2016,34,https://www.letras.mus.br/simone-simaria-as-coleguinhas/126-cabides/,-1
1459,126 Cabides,musica1459,musica1459_trecho3,E eu nem quis te ver de malas prontas Levando o que eu temia Suas roupas e minha alegria E eu nem quis te ver de malas prontas Nós dois não mais existe Só ficaram 126 cabides,Simone & Simaria,2016,37,https://www.letras.mus.br/simone-simaria-as-coleguinhas/126-cabides/,-1
1459,126 Cabides,musica1459,musica1459_trecho4,"Tô eu negociando com a solidão Tô tentando convencer Que ela não fique, não, se vá Tô eu negociando com a solidão Só me cobre esse juros No final da outra estação e se vá",Simone & Simaria,2016,35,https://www.letras.mus.br/simone-simaria-as-coleguinhas/126-cabides/,-1
1459,126 Cabides,musica1459,musica1459_trecho5,E eu nem quis te ver de malas prontas Levando o que eu temia Suas roupas e minha alegria E eu nem quis te ver de malas prontas Nós dois não mais existe,Simone & Simaria,2016,33,https://www.letras.mus.br/simone-simaria-as-coleguinhas/126-cabides/,-1
1430,24 Horas,musica1430,musica1430_trecho1,Hoje acordei Com uma vontade louca de falar De tudo aquilo que não vai voltar Dos sentimentos que passei um dia,Luan Santana,2012,21,https://www.letras.mus.br/luan-santana/24-horas/,-1
1430,24 Horas,musica1430,musica1430_trecho4,"Queria tanto poder te falar Daquele tempo que não vai voltar É tentação, mais que paixão São 24 horas de você no coração",Luan Santana,2012,23,https://www.letras.mus.br/luan-santana/24-horas/,-1
1430,24 Horas,musica1430,musica1430_trecho10,Hoje acordei Com uma vontade louca de falar,Luan Santana,2012,8,https://www.letras.mus.br/luan-santana/24-horas/,-1
865,24 Horas de Amor/ Só Dá Você Na Minha Vida/ Pense Em Mim/ Talismã (pot-pourri),musica865,musica865_trecho3,"E de repente vi, você sair Com a toalha no seu corpo E se agarrar em mim Como nos velhos tempos de amor tão louco Nada mais sei de nós Porque morremos abraçados no desejo Na doação total Perdidos na loucura desses beijos",Ícaro e Gilmar,2020,43,https://www.letras.mus.br/icaro-e-gilmar/24-horas-de-amor-so-da-voce-na-minha-vida-pense-em-mim-talisma-pot-pourri/,-1
865,24 Horas de Amor/ Só Dá Você Na Minha Vida/ Pense Em Mim/ Talismã (pot-pourri),musica865,musica865_trecho6,"Em vez de você ficar pensando nele Em vez de você viver chorando por ele Pense em mim, chore por mim Liga pra mim, não, não liga pra ele Pra ele! Não chore por ele!",Ícaro e Gilmar,2020,35,https://www.letras.mus.br/icaro-e-gilmar/24-horas-de-amor-so-da-voce-na-minha-vida-pense-em-mim-talisma-pot-pourri/,-1
865,24 Horas de Amor/ Só Dá Você Na Minha Vida/ Pense Em Mim/ Talismã (pot-pourri),musica865,musica865_trecho10,Sabe quanto tempo não te vejo Cada vez você mais longe Mas eu gosto de você Por quê?,Ícaro e Gilmar,2020,18,https://www.letras.mus.br/icaro-e-gilmar/24-horas-de-amor-so-da-voce-na-minha-vida-pense-em-mim-talisma-pot-pourri/,-1
1517,3 de Maio,musica1517,musica1517_trecho4,Quando o amor bate na porta é só deixar ele entrar Na vida tem escolhas e o mais certo é não ter medo de errar O beijo tão gostoso que você me deu me fez esquecer da hora Eu viajei direto pra saturno e não voltei até agora,Luan Santana,2012,48,https://www.letras.mus.br/luan-santana/3-de-maio/,-1
1187,360 O Arrocha do Poder,musica1187,musica1187_trecho1,Ela me falou que não sabe dançar Que ainda não tinha as manha de arrochar Falei fica tranquila que eu vou te ensinar E fácil toda vida não tem como não pegar,Thiago Brava,2012,32,https://www.letras.mus.br/thiago-brava/360-o-arrocha-do-poder/,-1
1187,360 O Arrocha do Poder,musica1187,musica1187_trecho3,"180, 180, 360 180, 180, 360 É fácil de pegar, difícil de esquecer O cara da pegada quer te ensinar a fazer",Thiago Brava,2012,22,https://www.letras.mus.br/thiago-brava/360-o-arrocha-do-poder/,-1
1187,360 O Arrocha do Poder,musica1187,musica1187_trecho4,"180, 180, 360 180, 180, 360 É fácil de pegar, difícil de esquecer Se liga na pegada, é o arrocha do poder",Thiago Brava,2012,22,https://www.letras.mus.br/thiago-brava/360-o-arrocha-do-poder/,-1
1145,365 Dias,musica1145,musica1145_trecho1,Ainda vou aonde a gente ia Pensando em te ver de novo Minha esperança ainda fantasia nosso reencontro,Thaeme e Thiago,2012,18,https://www.letras.mus.br/thaeme-thiago/1985791/,-1
1145,365 Dias,musica1145,musica1145_trecho3,Hoje faz trezentos e sessenta e cinco dias Faz um ano que você se foi Refazendo um resumo da minha vida Vejo que tudo que construí não me valeu a pena Porque tudo que eu fiz foi pensando em nós dois,Thaeme e Thiago,2012,41,https://www.letras.mus.br/thaeme-thiago/1985791/,-1
1145,365 Dias,musica1145,musica1145_trecho6,"Comprei o mesmo perfume que o seu Passei na roupa que você deixou E durmo abraçado, inconformado Me perguntando aonde foi que a gente errou",Thaeme e Thiago,2012,25,https://www.letras.mus.br/thaeme-thiago/1985791/,-1
311,5 KM,musica311,musica311_trecho1,"Doente de saudade, me dei alta pra viver Tô contando as horas, são dois dias sem te ver Já deu pra entender que você me faz falta",Henrique & Juliano,2017,27,https://www.letras.mus.br/henrique-e-juliano/5-km/,-1
311,5 KM,musica311,musica311_trecho2,"E pra chegar até você, eu já decorei São 5 km, 7 sinais, 20 esquinas, 2 hospitais 7 andares, são duas portas Tô no seu quarto, a hora é agora, a hora é agora",Henrique & Juliano,2017,34,https://www.letras.mus.br/henrique-e-juliano/5-km/,-1
35,50 Reais (part. Maiara & Maraisa),musica35,musica35_trecho1,"Bonito! Que bonito, hein! Que cena mais linda Será que eu estou atrapalhando o casalzinho aí?",Naiara Azevedo,2016,16,https://www.letras.mus.br/naiara-azevedo/50-reais/,-1
35,50 Reais (part. Maiara & Maraisa),musica35,musica35_trecho2,Que lixo! Cê tá de brincadeira Então é aqui o seu futebol toda quarta-feira,Naiara Azevedo,2016,14,https://www.letras.mus.br/naiara-azevedo/50-reais/,-1
35,50 Reais (part. Maiara & Maraisa),musica35,musica35_trecho3,E por acaso esse motel É o mesmo que me trouxe na lua de mel? É o mesmo que você me prometeu o céu E agora me tirou o chão?,Naiara Azevedo,2016,30,https://www.letras.mus.br/naiara-azevedo/50-reais/,-1
162,60 Segundos,musica162,musica162_trecho1,"Me dê um minuto pra falar Que eu preciso de você, meu amor 59 segundos é o que resta Pra entender essa paixão no meu peito",Gusttavo Lima,2011,26,https://www.letras.mus.br/gusttavo-lima/1966132/,-1
162,60 Segundos,musica162,musica162_trecho3,Você enlouquece o meu coração Você sabe que eu tô em suas mãos,Gusttavo Lima,2011,13,https://www.letras.mus.br/gusttavo-lima/1966132/,-1
604,A,musica604,musica604_trecho1,Tá em dúvida Não sabe se é normal gostar de dois Tá entre o que é e o que já foi Vou te ajudar a decidir agora,Luan Santana,2018,27,https://www.letras.mus.br/luan-santana/a/,-1
604,A,musica604,musica604_trecho5,"Tá em dúvida (tá em dúvida) Não sabe se é normal gostar de dois (não é normal) Tá entre o que é e o que já foi (ele já foi) Vou te ajudar a decidir agora, oh",Luan Santana,2018,37,https://www.letras.mus.br/luan-santana/a/,-1
604,A,musica604,musica604_trecho11,"Não tem mais dúvida Não tem mais dúvida Ele é o B, eu sou o A Com quem cê vai ficar?",Luan Santana,2018,21,https://www.letras.mus.br/luan-santana/a/,-1
604,A,musica604,musica604_trecho12,"Não tem mais dúvida Não tenha dúvida Ele é o B, eu sou o A Com quem cê vai ficar?",Luan Santana,2018,20,https://www.letras.mus.br/luan-santana/a/,-1
1183,A Bela e o Fera,musica1183,musica1183_trecho3,Quem diria Que a Bela e a Fera Formariam no final Um belo casal,Munhoz & Mariano,2011,14,https://www.letras.mus.br/munhoz-mariano/a-bela-e-a-fera/,-1
1183,A Bela e o Fera,musica1183,musica1183_trecho5,E ele lê romance Vê filme de terror A Bela e o Fera Isso que é amor,Munhoz & Mariano,2011,17,https://www.letras.mus.br/munhoz-mariano/a-bela-e-a-fera/,-1
1216,A Bússola,musica1216,musica1216_trecho3,Só preciso da bússola que me tirou do escuro A bússola que gira...gira...gira E sempre aponta pro futuro E se eu for pro sul mesmo que seja sem querer Você me traz pro leste para ver o sol nascer,Luan Santana,2011,39,https://www.letras.mus.br/luan-santana/1779415/,-1
256,A Carta,musica256,musica256_trecho1,Estou escrevendo esta carta meio aos prantos Ando meio pelos cantos Pois não encontrei coragem De encarar o seu olhar,Eduardo Costa,2008,20,https://www.letras.mus.br/eduardo-costa/1303708/,-1
256,A Carta,musica256,musica256_trecho5,"Como eu poderia dar a ela esta carta? Como eu vou deixar pra sempre aquela casa Se eu já sou feliz, se eu já tenho amor Se eu já vivo em paz?",Eduardo Costa,2008,32,https://www.letras.mus.br/eduardo-costa/1303708/,-1
256,A Carta,musica256,musica256_trecho9,E com as lágrimas as palavras vinham E rolavam como pedras E ela só a me escutar,Eduardo Costa,2008,17,https://www.letras.mus.br/eduardo-costa/1303708/,-1
256,A Carta,musica256,musica256_trecho11,"Como eu poderia dar a ela essa carta? Como eu vou deixar pra sempre aquela casa Se eu já sou feliz, se eu já tenho amor Se eu já vivo em paz?",Eduardo Costa,2008,32,https://www.letras.mus.br/eduardo-costa/1303708/,-1
1254,A Casa Caiu,musica1254,musica1254_trecho1,Eu tenho mais o que fazer Será que você me entende? Quero um amor decente Nossa paixão desmoronou e só você não viu Sua casa caiu,Fernando e Sorocaba,2009,26,https://www.letras.mus.br/fernando-sorocaba/1603280/,-1
1254,A Casa Caiu,musica1254,musica1254_trecho2,"Tô grilado, encanado Por que armou isso comigo? Tô pirado, revoltado Não vou ser mais seu ombro amigo",Fernando e Sorocaba,2009,18,https://www.letras.mus.br/fernando-sorocaba/1603280/,-1
1377,A Culpa É Dele (part. Maiara & Maraisa),musica1377,musica1377_trecho3,"O cara que eu tava deu em cima de você, foi? E aí você ficou com ele, mas foi uma vez, ok Do que cê tá com medo? De estragar a amizade? Nem fica preocupada, a gente resolve mais tarde",Marília Mendonça,2018,40,https://www.letras.mus.br/marilia-mendonca/a-culpa-dele-part-maiara-e-maraisa/,-1
1377,A Culpa É Dele (part. Maiara & Maraisa),musica1377,musica1377_trecho6,"O cara que eu tava deu em cima de você, foi? Aí você ficou com ele, mas foi só uma vez Do que cê tá com medo? De estragar a amizade? Nem fica preocupada, a gente resolve mais tarde",Marília Mendonça,2018,39,https://www.letras.mus.br/marilia-mendonca/a-culpa-dele-part-maiara-e-maraisa/,-1
171,A Culpa É Nossa,musica171,musica171_trecho1,Tá preocupado com o que eu vou falar Quando alguém perguntar o motivo da gente largar Eu vou falar a verdade Se isso te incomoda,Maiara & Maraisa,2023,25,https://www.letras.mus.br/maiara-maraisa/a-culpa-e-nossa/,-1
171,A Culpa É Nossa,musica171,musica171_trecho2,"Pensasse antes de ter feito O que chama de erro, eu chamo de escolha Ou quer me convencer que alguém colocou uma arma na sua cabeça e falou Beija minha boca?",Maiara & Maraisa,2023,31,https://www.letras.mus.br/maiara-maraisa/a-culpa-e-nossa/,-1
171,A Culpa É Nossa,musica171,musica171_trecho3,"Já que cê não quer sair como o ruim da história, então fala aí Que a culpa é nossa De cê ter traído, de cê ter mentido, de cê ser um bosta Que a culpa é nossa De cê ter traído, de cê ter mentido, de cê ser um bosta",Maiara & Maraisa,2023,50,https://www.letras.mus.br/maiara-maraisa/a-culpa-e-nossa/,-1
117,A Dama de Vermelho,musica117,musica117_trecho5,Traga mais uma garrafa Hoje vou embriagar-me Quero dormir para não ver Outro homem te abraçar,Bruno & Marrone,2019,16,https://www.letras.mus.br/bruno-e-marrone/94659/,-1
1256,A Fila Anda,musica1256,musica1256_trecho2,Tá perdendo a razão Vê se cai na real Porque o ontem já era O amanhã não espera E você pode se dar mal,Leonardo,2008,24,https://www.letras.mus.br/leonardo/1241598/,-1
1256,A Fila Anda,musica1256,musica1256_trecho3,Você não pensa no que fala E acaba sempre machucando quem te dá amor Insiste em me olhar de cima Eu sinto que não tem mais clima A gente acabou,Leonardo,2008,30,https://www.letras.mus.br/leonardo/1241598/,-1
1256,A Fila Anda,musica1256,musica1256_trecho4,"Não aguento mais, cansei Quero esquecer o que chorei De tanto desamor o amor desanda A fila anda, a fila anda, a fila anda",Leonardo,2008,24,https://www.letras.mus.br/leonardo/1241598/,-1
1256,A Fila Anda,musica1256,musica1256_trecho5,"Foi você quem quis assim Abusou demais, pisou em mim Doeu e aí, então, saltei de banda A fila anda, a fila anda, a fila anda",Leonardo,2008,26,https://www.letras.mus.br/leonardo/1241598/,-1
1256,A Fila Anda,musica1256,musica1256_trecho8,"Foi você quem quis assim Abusou demais, pisou em mim Doeu e aí, então, saltei de banda A fila anda, a fila anda, a fila anda A fila anda, a fila anda, a fila anda",Leonardo,2008,35,https://www.letras.mus.br/leonardo/1241598/,-1
1252,A Fila Andou,musica1252,musica1252_trecho2,Cansei desse papo de te amar sozinho O meu coração tá pedindo carinho Já virei a página da nossa relação,Maria Cecília e Rodolfo,2008,20,https://www.letras.mus.br/maria-cecilia-rodolfo/1302405/,-1
1252,A Fila Andou,musica1252,musica1252_trecho3,"Já deletei você da minha vida Sem nenhum rancor na despedida O que passou, passou, já se esqueceu Não volta mais",Maria Cecília e Rodolfo,2008,21,https://www.letras.mus.br/maria-cecilia-rodolfo/1302405/,-1
1252,A Fila Andou,musica1252,musica1252_trecho5,"A fila andou, eu te falei Não deu valor, como eu te amei Agora chora, já me perdeu, boa sorte vai embora",Maria Cecília e Rodolfo,2008,22,https://www.letras.mus.br/maria-cecilia-rodolfo/1302405/,-1
1252,A Fila Andou,musica1252,musica1252_trecho6,"A fila andou, eu te falei Não deu valor, como eu te amei Agora chora, você já me perdeu, tô fora!",Maria Cecília e Rodolfo,2008,21,https://www.letras.mus.br/maria-cecilia-rodolfo/1302405/,-1
630,A Gente Nem Ficou,musica630,musica630_trecho1,A gente nem ficou Mesmo assim eu não tiro você da cabeça O pouco que durou Nosso encontro me faz duvidar Que um dia eu te esqueça,Jorge & Mateus,2012,27,https://www.letras.mus.br/jorge-mateus/a-gente-nem-ficou/,-1
630,A Gente Nem Ficou,musica630,musica630_trecho3,Bem melhor a gente deixar rolar Se entregar Ver o fogo que apagou Queimar de novo,Jorge & Mateus,2012,16,https://www.letras.mus.br/jorge-mateus/a-gente-nem-ficou/,-1
630,A Gente Nem Ficou,musica630,musica630_trecho4,"E aí? Quando vem me ver? Tô aqui esperando você E nem dormi, a noite já passou Não consigo mais me dominar Você me enfeitiçou",Jorge & Mateus,2012,25,https://www.letras.mus.br/jorge-mateus/a-gente-nem-ficou/,-1
630,A Gente Nem Ficou,musica630,musica630_trecho6,E a gente nem ficou Mesmo assim eu não tiro você da cabeça E o pouco que durou Nosso encontro me faz duvidar Que um dia eu te esqueça,Jorge & Mateus,2012,29,https://www.letras.mus.br/jorge-mateus/a-gente-nem-ficou/,-1
630,A Gente Nem Ficou,musica630,musica630_trecho9,"E aí, quando vem me ver? Tô aqui esperando você E nem dormi, a noite já passou Não consigo mais me dominar Você me enfeitiçou",Jorge & Mateus,2012,25,https://www.letras.mus.br/jorge-mateus/a-gente-nem-ficou/,-1
71,A Hora É Agora,musica71,musica71_trecho2,Aumente o som Pra ficar bom a nossa festa não tem hora pra acabar O teu sorriso abre as portas do paraíso Vem comigo pra gente dançar,Jorge & Mateus,2012,27,https://www.letras.mus.br/jorge-mateus/a-hora-e-agora/,-1
71,A Hora É Agora,musica71,musica71_trecho4,Paz e amor É o que eu quero pra nós E que nada nesse mundo cale a nossa voz Céu e mar e alguém para amar E o arrepio toda vez que a gente se encontrar,Jorge & Mateus,2012,36,https://www.letras.mus.br/jorge-mateus/a-hora-e-agora/,-1
71,A Hora É Agora,musica71,musica71_trecho5,E nunca vai passar Mesmo quando o Sol chegar Oh,Jorge & Mateus,2012,10,https://www.letras.mus.br/jorge-mateus/a-hora-e-agora/,-1
1278,A Louca,musica1278,musica1278_trecho1,Não vem bancar a louca Não adianta pirar Foi você quem me usou E depois me pediu Pra nunca mais voltar,Luan Santana,2009,21,https://www.letras.mus.br/luan-santana/1407540/,-1
1278,A Louca,musica1278,musica1278_trecho2,Você já caiu fora Jurou não mais voltar Pediu que eu colocasse outra em seu lugar,Luan Santana,2009,16,https://www.letras.mus.br/luan-santana/1407540/,-1
184,A Maior Saudade,musica184,musica184_trecho1,"Tem amores da vida que não são pra vida Nesse caso, eu e você somos a prova viva Tem começo que o fim nem passa na cabeça Até que um belo dia, esse dia chega",Henrique & Juliano,2021,35,https://www.letras.mus.br/henrique-e-juliano/a-maior-saudade/,-1
184,A Maior Saudade,musica184,musica184_trecho2,"Chega chamando pelo nome quem chamou de amor E a boca que falou te amo, fala que acabou E o nosso pra sempre, infelizmente, não vingou",Henrique & Juliano,2021,26,https://www.letras.mus.br/henrique-e-juliano/a-maior-saudade/,-1
184,A Maior Saudade,musica184,musica184_trecho3,"Apesar de não te comover com o meu sofrimento Mesmo que sair da sua vida seja um livramento Apesar de não valer o álcool que eu tô bebendo Mesmo que você ligue o foda-se, cê segue sendo A maior saudade de todos os tempos A maior saudade de todos os tempos",Henrique & Juliano,2021,51,https://www.letras.mus.br/henrique-e-juliano/a-maior-saudade/,-1
1291,A Mala é Falsa (part. Henrique & Juliano),musica1291,musica1291_trecho2,"Você não percebeu, mas esfriou Caiu na rotina, você descuidou Eu só queria um pouco de carinho Fica tranquila amor eu tô fingindo",Felipe Araújo,2016,23,https://www.letras.mus.br/felipe-araujo/a-mala-e-falsa-amor/,-1
1291,A Mala é Falsa (part. Henrique & Juliano),musica1291,musica1291_trecho3,"A mala é falsa, amor Engole o choro, embora eu não vou Agora vê se aprende a dar valor Mata minha sede de fazer amor",Felipe Araújo,2016,25,https://www.letras.mus.br/felipe-araujo/a-mala-e-falsa-amor/,-1
826,A Noite (La Notte),musica826,musica826_trecho2,Qual é o peso da culpa que eu carrego nos braços? Me entorta as costas e dá um cansaço A maldade do tempo fez Eu me afastar de você,Gusttavo Lima,2024,29,https://www.letras.mus.br/gusttavo-lima/a-noite/,-1
826,A Noite (La Notte),musica826,musica826_trecho6,Tentei palavras não ditas Tantas palavras de amor Nossa paixão é antiga E o tempo nunca passou,Gusttavo Lima,2024,17,https://www.letras.mus.br/gusttavo-lima/a-noite/,-1
118,A Nossa Praia,musica118,musica118_trecho1,"Você reparou, o tempo parou pra nós A melhor canção é o som da sua voz No horizonte o céu faz um show de cores pra nós dois E deixa eu te falar que o melhor eu guardei pra depois Ô, ô, ô, ô",Matheus & Kauan,2017,44,https://www.letras.mus.br/matheus-kauan/a-nossa-praia/,-1
118,A Nossa Praia,musica118,musica118_trecho2,"A nossa praia é amar, beijar Ficar de boa em frente ao mar Com aquela pessoa que eu escolhi pra ficar E tudo que atrasa, deixa a maré levar Deixa levar",Matheus & Kauan,2017,31,https://www.letras.mus.br/matheus-kauan/a-nossa-praia/,-1
118,A Nossa Praia,musica118,musica118_trecho3,"A nossa praia é amar, beijar Ficar de boa em frente ao mar Com aquela pessoa que eu escolhi pra ficar E tudo que atrasa, deixa a maré levar Deixa levar Ô, ô, ô, ô",Matheus & Kauan,2017,35,https://www.letras.mus.br/matheus-kauan/a-nossa-praia/,-1
118,A Nossa Praia,musica118,musica118_trecho4,"Você reparou, o tempo parou pra nós No horizonte o céu faz um show de cores pra nós dois E deixa eu te falar que o melhor eu guardei pra depois Ô, ô, ô, ô",Matheus & Kauan,2017,35,https://www.letras.mus.br/matheus-kauan/a-nossa-praia/,-1
118,A Nossa Praia,musica118,musica118_trecho5,"A nossa praia é amar, beijar Ficar de boa em frente ao mar Com aquela pessoa que eu escolhi pra ficar E tudo que atrasa, deixa a maré levar Deixa, deixa levar Ô, ô, ô, ô",Matheus & Kauan,2017,36,https://www.letras.mus.br/matheus-kauan/a-nossa-praia/,-1
118,A Nossa Praia,musica118,musica118_trecho6,"A nossa praia é amar, beijar Ficar de boa em frente ao mar Com aquela pessoa que eu escolhi pra ficar E tudo que atrasa, deixa a maré levar Deixa levar A nossa praia é amar, amar Deixa a maré levar",Matheus & Kauan,2017,41,https://www.letras.mus.br/matheus-kauan/a-nossa-praia/,-1
1040,A Paz,musica1040,musica1040_trecho2,"Sinta, chega o tempo de enxugar o pranto dos homens Se fazendo irmão e estendendo a mão",Daniel,2015,17,https://www.letras.mus.br/daniel/a-paz-heal-the-world/,-1
1040,A Paz,musica1040,musica1040_trecho9,E fazer a terra inteira feliz E fazer a terra inteira feliz E fazer a terra inteira feliz,Daniel,2015,18,https://www.letras.mus.br/daniel/a-paz-heal-the-world/,-1
861,A Rosa E O Beija-Flor,musica861,musica861_trecho1,Quando você fica ao lado de uma pessoa E ela mesmo em silêncio lhe faz bem Quando você fecha os olhos E no pensamento está Fotografado o rosto desse alguém,Matheus & Kauan,2015,30,https://www.letras.mus.br/matheus-kauan/a-rosa-e-o-beija-flor/,-1
861,A Rosa E O Beija-Flor,musica861,musica861_trecho2,E quando estiver num dia triste Basta o sorriso dela pra você ficar feliz E quando se sentir realizado E dizer que encontrou o bem Que você sempre quis,Matheus & Kauan,2015,29,https://www.letras.mus.br/matheus-kauan/a-rosa-e-o-beija-flor/,-1
861,A Rosa E O Beija-Flor,musica861,musica861_trecho3,E quando chorar de saudades E quando morrer de ciúmes E quando sua sensibilidade identifica Identifica o perfume,Matheus & Kauan,2015,18,https://www.letras.mus.br/matheus-kauan/a-rosa-e-o-beija-flor/,-1
861,A Rosa E O Beija-Flor,musica861,musica861_trecho7,E quando chorar de saudades (Quando morrer de ciúmes) E quando morrer de ciúmes E quando sua sensibilidade identifica Identifica o perfume,Matheus & Kauan,2015,22,https://www.letras.mus.br/matheus-kauan/a-rosa-e-o-beija-flor/,-1
1470,A Verdade,musica1470,musica1470_trecho3,Diz pra ela que agora eu moro na praia Que eu vivo a vida que pedi pra Deus Diz que toda noite me vê na balada E que todos querem ser amigo meu Fala que eu encontrei a paz E que me viu sorrindo,Fernando e Sorocaba,2012,44,https://www.letras.mus.br/fernando-sorocaba/1888690/,-1
1470,A Verdade,musica1470,musica1470_trecho5,"Eu só quero que ela lembre Dos momentos mais bonitos Esse sofrimento é meu E não vai ser dividido Me ajude, amigo",Fernando e Sorocaba,2012,22,https://www.letras.mus.br/fernando-sorocaba/1888690/,-1
322,ABALO EMOCIONAL,musica322,musica322_trecho2,Te avisei: Não sou flor que se cheira Mas essa abelha é teimosa Me cheira e ainda me beija Com essa boca gostosa,Luan Santana,2022,23,https://www.letras.mus.br/luan-santana/abalo-emocional/,-1
322,ABALO EMOCIONAL,musica322,musica322_trecho3,Tá aí o motivo do meu abalo emocional Fico ou não fico? Vou ou não vou? É lance ou amor?,Luan Santana,2022,20,https://www.letras.mus.br/luan-santana/abalo-emocional/,-1
322,ABALO EMOCIONAL,musica322,musica322_trecho4,"E aí, chegou pousando na minha revoada Freou minha boca que era acelerada Ela é porrada Oh, baixinha invocada",Luan Santana,2022,19,https://www.letras.mus.br/luan-santana/abalo-emocional/,-1
322,ABALO EMOCIONAL,musica322,musica322_trecho5,"Chegou pousando na minha revoada Freou minha boca que era acelerada Ela é porrada Oh, baixinha invocada",Luan Santana,2022,17,https://www.letras.mus.br/luan-santana/abalo-emocional/,-1
322,ABALO EMOCIONAL,musica322,musica322_trecho8,"Dona da lei, eu não queria te amar, te amei Eu não queria me entregar, me entreguei Eu não queria me jogar, eu me joguei Eu não queria",Luan Santana,2022,28,https://www.letras.mus.br/luan-santana/abalo-emocional/,-1
1111,Abelha (part. Jorge & Mateus),musica1111,musica1111_trecho1,"Como pode, chegou em pouco tempo Suave como o vento, me deixou assim Como pode, mais veloz que o pensamento Dominou meu sentimento, fez parte de mim",João Bosco & Vinícius,2011,27,https://www.letras.mus.br/joao-bosco-viniciusacustico/1849237/,-1
1111,Abelha (part. Jorge & Mateus),musica1111,musica1111_trecho4,"Como uma abelha pousa numa flor Mansa, você chegou me dando amor Como uma abelha ferroou meu coração Deixou saudades e o veneno da paixão",João Bosco & Vinícius,2011,25,https://www.letras.mus.br/joao-bosco-viniciusacustico/1849237/,-1
936,Abre o Portão Que Eu Cheguei,musica936,musica936_trecho2,"Você deve se achar muito esperta Toda vez com a mesma conversa Me ilude, me leva no chão E quando vou dormir já estou com você na sua cama",Gusttavo Lima,2016,29,https://www.letras.mus.br/gusttavo-lima/abre-o-portao-que-eu-cheguei/,-1
936,Abre o Portão Que Eu Cheguei,musica936,musica936_trecho3,"Eu não consigo entender você Sempre me diz que é amor mas só me quer por prazer Olha pra trás, veja tudo o que fez Agora quer brincar comigo e não vai ter outra vez",Gusttavo Lima,2016,35,https://www.letras.mus.br/gusttavo-lima/abre-o-portao-que-eu-cheguei/,-1
936,Abre o Portão Que Eu Cheguei,musica936,musica936_trecho5,"Você sabe que eu sou louco por você e que me tem nas mãos E confesso que às vezes me pego esperando a sua ligação Tava fora de mim, esquece o que eu falei Abre o portão que eu cheguei",Gusttavo Lima,2016,40,https://www.letras.mus.br/gusttavo-lima/abre-o-portao-que-eu-cheguei/,-1
936,Abre o Portão Que Eu Cheguei,musica936,musica936_trecho6,"Eu não consigo entender você Sempre me diz que é amor mas só me quer por prazer Olha pra trás, veja tudo o que fez Agora quer ficar comigo e não vai ter outra vez",Gusttavo Lima,2016,35,https://www.letras.mus.br/gusttavo-lima/abre-o-portao-que-eu-cheguei/,-1
936,Abre o Portão Que Eu Cheguei,musica936,musica936_trecho13,Abre o portão que eu cheguei,Gusttavo Lima,2016,6,https://www.letras.mus.br/gusttavo-lima/abre-o-portao-que-eu-cheguei/,-1
913,Aceita Que Dói Menos (part. Marília Mendonça),musica913,musica913_trecho1,"Tô aqui jogado fora Ela não quer mais me ver Vacilei, pisei na bola E ela me deu o fora Tô perdido sem você",Trio Parada Dura,2017,24,https://www.letras.mus.br/trio-parada-dura/aceita-que-doi-menos/,-1
913,Aceita Que Dói Menos (part. Marília Mendonça),musica913,musica913_trecho2,Quem me amava de verdade Se cansou e bateu asa Já tem alguém que te adora Enquanto busquei lá fora O que eu já tinha em casa,Trio Parada Dura,2017,27,https://www.letras.mus.br/trio-parada-dura/aceita-que-doi-menos/,-1
913,Aceita Que Dói Menos (part. Marília Mendonça),musica913,musica913_trecho3,"De tanta saudade dela Chorando, eu liguei pra ela Pra dizer que estou sofrendo Insisti e ela atendeu Sorrindo, me respondeu Aceita, que dói menos",Trio Parada Dura,2017,25,https://www.letras.mus.br/trio-parada-dura/aceita-que-doi-menos/,-1
913,Aceita Que Dói Menos (part. Marília Mendonça),musica913,musica913_trecho5,Tenho tanta liberdade Mas outro amor pra mim não serve É como diz o ditado Quem está do nosso lado Só tem valor depois que perde,Trio Parada Dura,2017,26,https://www.letras.mus.br/trio-parada-dura/aceita-que-doi-menos/,-1
913,Aceita Que Dói Menos (part. Marília Mendonça),musica913,musica913_trecho6,"De tanta saudade dele Chorando, eu liguei pra ele Pra dizer que eu tô sofrendo Insisti e ele atendeu Sorrindo, me respondeu Aceita, que dói menos",Trio Parada Dura,2017,26,https://www.letras.mus.br/trio-parada-dura/aceita-que-doi-menos/,-1
1292,Acidente de Amor,musica1292,musica1292_trecho1,"Ela chegou correndo demais Imprudente, bateu e arrebentou meu peito Acidente de amor machuca demais Furou o lado esquerdo, amassou o direito",Gino e Geno,2005,22,https://www.letras.mus.br/gino-e-geno/241826/,-1
1292,Acidente de Amor,musica1292,musica1292_trecho3,Ela veio guiando a paixão a 200 por hora quando se perdeu E pegou meu coração de frente E nesse acidente a vítima sou eu E agora nesse sofrimento Meu ferimento não sara e não cura E o pior é que ela se evadiu E por esse Brasil meu amor lhe procura,Gino e Geno,2005,52,https://www.letras.mus.br/gino-e-geno/241826/,-1
1292,Acidente de Amor,musica1292,musica1292_trecho6,"No acidente eu perdi o sentido E acordei ferido doendo de amor Preocupado comigo e com ela Disseram que ela também se machucou E agora não sei onde está Aquela que está me fazendo sofrer Mesmo assim eu tô aqui me abrindo Ferido, sentindo meu peito doer",Gino e Geno,2005,47,https://www.letras.mus.br/gino-e-geno/241826/,-1
1292,Acidente de Amor,musica1292,musica1292_trecho9,Na intenção de encontrar a malvada Um retrato falado eu mandei fazer Não me lembro de muitos detalhes Mas de uma coisa eu não posso esquecer Apesar da violência do choque Ainda sinto o toque e o perfume no ar E no meu coração infeliz Pra sempre a cicatriz desse amor vai ficar,Gino e Geno,2005,53,https://www.letras.mus.br/gino-e-geno/241826/,-1
549,Acordando o Prédio,musica549,musica549_trecho1,Aonde foi parar o seu juízo? Já são quatro da manhã Daqui a pouco liga o síndico Será que tem como a moça gritar baixinho?,Luan Santana,2016,25,https://www.letras.mus.br/luan-santana/acordando-o-predio/,-1
549,Acordando o Prédio,musica549,musica549_trecho3,Vamo acordar esse prédio Fazer inveja pro povo Enquanto eles tão indo trabalhar A gente faz amor gostoso de novo,Luan Santana,2016,20,https://www.letras.mus.br/luan-santana/acordando-o-predio/,-1
549,Acordando o Prédio,musica549,musica549_trecho4,"Vamo acordar esse prédio Fazer inveja pro povo Enquanto eles tão indo trabalhar A gente faz amor gostoso de novo (de novo, de novo)",Luan Santana,2016,24,https://www.letras.mus.br/luan-santana/acordando-o-predio/,-1
296,Acordo,musica296,musica296_trecho1,Se desse pra voltar a uma briga atrás Eu não faria nada diferente A culpa que cê tem é bem proporcional Ao tanto que cê mente,Henrique & Juliano,2021,26,https://www.letras.mus.br/henrique-e-juliano/acordo/,-1
296,Acordo,musica296,musica296_trecho3,"Eu juro: Nunca mais olho na sua cara O problema é que eu beijo de olho fechado Oh, raiva Prometo que sua cama e eu não faz negócio Mas seu corpo e o meu sempre entra em acordo Oh, ódio",Henrique & Juliano,2021,40,https://www.letras.mus.br/henrique-e-juliano/acordo/,-1
296,Acordo,musica296,musica296_trecho8,"Mas seu corpo e o meu sempre entra em acordo Oh, ódio",Henrique & Juliano,2021,12,https://www.letras.mus.br/henrique-e-juliano/acordo/,-1
1123,Adrenalina,musica1123,musica1123_trecho1,Meu coração tá disparado Meu corpo tá viciado Nessa louca adrenalina que me faz arrepiar Meu sangue ferve nas veias quando você me incendeia Vem me amar,Luan Santana,2011,27,https://www.letras.mus.br/luan-santana/1745514/,-1
1123,Adrenalina,musica1123,musica1123_trecho2,Eu sou vidrado em você Química perfeita Não consigo entender É impossível te dizer não Você criou as regras Estou na palma da suas mãos,Luan Santana,2011,25,https://www.letras.mus.br/luan-santana/1745514/,-1
1123,Adrenalina,musica1123,musica1123_trecho9,Quando você chegar mais perto vai ver Que a pulsação acelera quando eu tô com você Essa magia chega e domina O meu peito explode é pura adrenalina,Luan Santana,2011,28,https://www.letras.mus.br/luan-santana/1745514/,-1
1123,Adrenalina,musica1123,musica1123_trecho11,Meu coração tá disparado Meu corpo tá viciado Nessa louca adrenalina que me faz arrepiar Meu sangue ferve nas veias quando você me incendeia Vem me amar Vem me amar!,Luan Santana,2011,30,https://www.letras.mus.br/luan-santana/1745514/,-1
450,Agora (Ahora),musica450,musica450_trecho1,Agora fala que me ama E agora que não tem mais nada Diz que morre de amor por mim,Bruno & Marrone,2014,19,https://www.letras.mus.br/bruno-e-marrone/agora/,-1
450,Agora (Ahora),musica450,musica450_trecho2,"Agora, depois de ter chorado rios Depois de tanto ter sofrido Agora por fim, vai saber o que um dia eu vivi",Bruno & Marrone,2014,22,https://www.letras.mus.br/bruno-e-marrone/agora/,-1
450,Agora (Ahora),musica450,musica450_trecho4,Eu quis até morrer depois que foi embora E volta tão tranquila Depois que já não tem mais amor,Bruno & Marrone,2014,19,https://www.letras.mus.br/bruno-e-marrone/agora/,-1
450,Agora (Ahora),musica450,musica450_trecho5,E sem você ficou mais frio o meu inverno Parecia frio eterno Você é minha dor,Bruno & Marrone,2014,16,https://www.letras.mus.br/bruno-e-marrone/agora/,-1
450,Agora (Ahora),musica450,musica450_trecho6,"E agora, e agora fala que me ama E agora que não tem mais nada Diz que morre de amor por mim",Bruno & Marrone,2014,22,https://www.letras.mus.br/bruno-e-marrone/agora/,-1
450,Agora (Ahora),musica450,musica450_trecho7,"E agora, depois de ter chorado rios Depois de tanto ter sofrido Agora por fim, vai saber o que um dia eu vivi",Bruno & Marrone,2014,23,https://www.letras.mus.br/bruno-e-marrone/agora/,-1
450,Agora (Ahora),musica450,musica450_trecho14,"E agora, depois de ter chorado rios Depois de tanto ter sofrido Agora por fim, vai saber o que um dia eu vivi Agora",Bruno & Marrone,2014,24,https://www.letras.mus.br/bruno-e-marrone/agora/,-1
437,Água Com Açúcar,musica437,musica437_trecho1,Você terminou com ele e tá chorando Quer água com açúcar ou o meu amor? E se eu te contar que a água acabou? O açúcar que tem é só o meu amor,Luan Santana,2019,33,https://www.letras.mus.br/luan-santana/agua-com-acucar/,-1
437,Água Com Açúcar,musica437,musica437_trecho3,"Eu sei, você quer desistir Mas tem uma opção melhor",Luan Santana,2019,10,https://www.letras.mus.br/luan-santana/agua-com-acucar/,-1
437,Água Com Açúcar,musica437,musica437_trecho4,"Antes de desistir do amor Tenta o meu, por favor Se não servir, cê joga fora, vai embora e diz que não deu Mas, antes disso, prova um beijo meu",Luan Santana,2019,30,https://www.letras.mus.br/luan-santana/agua-com-acucar/,-1
437,Água Com Açúcar,musica437,musica437_trecho7,"Antes de desistir do amor Tenta o meu, por favor Se não servir, cê joga fora, vai embora e diz que não deu, não deu Mas, antes disso, prova um beijo meu",Luan Santana,2019,32,https://www.letras.mus.br/luan-santana/agua-com-acucar/,-1
1170,Água de Oceano,musica1170,musica1170_trecho2,O Sol queimava a minha paz Quando você chegou Não sabe o bem que me faz A sombra desse amor,Victor & Leo,2010,20,https://www.letras.mus.br/victor-leo/1766700/,-1
1170,Água de Oceano,musica1170,musica1170_trecho3,Água de oceano pra beber Vivo mergulhado em você Te amo pra valer Lembre-se de não esquecer,Victor & Leo,2010,17,https://www.letras.mus.br/victor-leo/1766700/,-1
857,Ai Eu Chorei,musica857,musica857_trecho2,"Aí eu fui lá no portão, bati palma Mas a desgramada saiu acompanhada Cê não acredita foi cena de novela A banda parou e eu sofri a capela",Clayton e Romário,2022,28,https://www.letras.mus.br/clayton-romario/ai-eu-chorei/,-1
857,Ai Eu Chorei,musica857,musica857_trecho5,"Ah, se o cantor fosse desafinado",Clayton e Romário,2022,6,https://www.letras.mus.br/clayton-romario/ai-eu-chorei/,-1
174,Aí Já Era,musica174,musica174_trecho3,Que é quando os olhos se caçam Em meio à multidão Quando a gente se esbarra Andando em qualquer direção,Jorge & Mateus,2010,20,https://www.letras.mus.br/jorge-mateus/1715329/,-1
1139,Ai Que Dó,musica1139,musica1139_trecho3,Você se lembra quando me pediu pra ir embora Dizendo que só queria curtir a vida agora Que cansou de namorar Que o negócio era festar,Thaeme e Thiago,2011,26,https://www.letras.mus.br/thaeme-thiago/1847730/,-1
1139,Ai Que Dó,musica1139,musica1139_trecho5,Só que isso só aconteceu depois que viu que me perdeu E de nada vai adiantar Dizer que se arrependeu que viu que seu amor sou eu Porque eu não vou te perdoar,Thaeme e Thiago,2011,33,https://www.letras.mus.br/thaeme-thiago/1847730/,-1
415,Ai Se Eu Te Pego,musica415,musica415_trecho11,"Que delícia, hein? Ai, se eu te pego!",Michel Teló,2011,8,https://www.letras.mus.br/michel-telo/1930299/,-1
595,Ainda Tô Aí,musica595,musica595_trecho1,"Pensava em você, vivia você Amava você, era só você e eu O nosso amor particular O nosso jeito de amar",Eduardo Costa,2020,21,https://www.letras.mus.br/eduardo-costa/ainda-to-ai/,-1
1375,Alguém No Seu Lugar,musica1375,musica1375_trecho3,"Ah, eu quero ver Você chorar Minha felicidade é outro alguém no seu lugar Pago pra ver, você olhar Ver que eu já to em outra e eu não quero mais te amar",Jorge & Mateus,2010,33,https://www.letras.mus.br/jorge-mateus/1742321/,-1
1375,Alguém No Seu Lugar,musica1375,musica1375_trecho7,"Eu quero ver Você chorar Minha felicidade é outro alguém no seu lugar Pago pra ver, você olhar Ver que eu já to em outra e eu não quero mais te amar",Jorge & Mateus,2010,32,https://www.letras.mus.br/jorge-mateus/1742321/,-1
470,Alô,musica470,musica470_trecho1,"Alô, alô, alô, fala comigo Alô, alô, te esquecer não consigo",Léo Magalhães,2013,11,https://www.letras.mus.br/leo-magalhaes/alo-2/,-1
470,Alô,musica470,musica470_trecho2,"Me falou ""foi bom demais"" Inesquecível, especial Ligo e nem me atende mais Chama e só caixa postal",Léo Magalhães,2013,18,https://www.letras.mus.br/leo-magalhaes/alo-2/,-1
470,Alô,musica470,musica470_trecho3,Diz pra mim qual a razão Por que não quer me atender? Se fez o meu coração Se apaixonar por você Não é justo nunca mais Quero ouvir a sua voz Juro que não ligo mais Se disser que não pensa em nós,Léo Magalhães,2013,43,https://www.letras.mus.br/leo-magalhaes/alo-2/,-1
470,Alô,musica470,musica470_trecho4,"Alô, alô, alô, fala comigo Alô, alô, te esquecer não consigo Alô, alô, alô, não vai doer não Alô, diz um alô coração Alôôôôôôô",Léo Magalhães,2013,24,https://www.letras.mus.br/leo-magalhaes/alo-2/,-1
1492,Alô Ambev (Segue Sua Vida),musica1492,musica1492_trecho3,"Alô, Ambev Dobra a produção aí que a gente bebe Eu mandei saudade, ela mandou vida que segue Então segue sua vidona Que eu sigo sofrendo e bebendo Brahma",Zé Neto e Cristiano,2020,29,https://www.letras.mus.br/ze-neto-cristiano/alo-ambev/,-1
161,Alô Porteiro,musica161,musica161_trecho1,"Pegue suas coisas que estão aqui Nesse apartamento você não entra mais Olha o que me fez, você foi me trair Agora arrependido quer voltar atrás",Marília Mendonça,2015,26,https://www.letras.mus.br/marilia-mendonca/alo-porteiro/,-1
161,Alô Porteiro,musica161,musica161_trecho3,"Morreu A mulher carinhosa e fiel que te amava Pega o elevador, a sua mala e vaza Tô avisando lá na portaria Que aqui você não entra mais",Marília Mendonça,2015,28,https://www.letras.mus.br/marilia-mendonca/alo-porteiro/,-1
161,Alô Porteiro,musica161,musica161_trecho5,Alô porteiro Tô ligando pra te avisar Que esse homem que está ai Ele não pode mais subir Tá proibido de entrar,Marília Mendonça,2015,22,https://www.letras.mus.br/marilia-mendonca/alo-porteiro/,-1
1556,Amanhã,musica1556,musica1556_trecho2,Me deixou aqui sem nenhuma esperança Somente a lembrança ficou deste amor Coração tá chorando agora feito criança Brinquedo quebrado não tem mais valor,Luan Santana,2008,24,https://www.letras.mus.br/luan-santana/1155890/,-1
1313,Amanhã Sei Lá,musica1313,musica1313_trecho1,Tô com vontade de te encher de beijos Beijar na boca matar o meu desejo Nem que seja só por hoje eu quero te amar Amanhã sei lá,Michel Teló,2010,28,https://www.letras.mus.br/michel-telo/1525643/,-1
1313,Amanhã Sei Lá,musica1313,musica1313_trecho3,O tempo passa e no seu lugar ninguém Tento te esquecer mas isso não me faz bem Eu quero só você,Michel Teló,2010,21,https://www.letras.mus.br/michel-telo/1525643/,-1
500,Amante Não Tem Lar,musica500,musica500_trecho3,Sua família é tão bonita Eu nunca tive isso na vida E se eu continuar assim Eu sei que não vou ter,Marília Mendonça,2017,22,https://www.letras.mus.br/marilia-mendonca/amante-nao-tem-lar/,-1
500,Amante Não Tem Lar,musica500,musica500_trecho4,Ele te ama de verdade E a culpa foi minha Minha responsabilidade eu vou resolver Não quero atrapalhar você,Marília Mendonça,2017,19,https://www.letras.mus.br/marilia-mendonca/amante-nao-tem-lar/,-1
624,Amar De Novo (Set Fire To The Rain),musica624,musica624_trecho9,"Foi maldade fazer esse jogo Me trair foi como brincar com fogo Cedo ou tarde eu vou amar de novo Sem você, e eu serei feliz com outro",Paula Fernandes,2025,28,https://www.letras.mus.br/paula-fernandes/amar-de-novo-set-fire-to-the-rain/,-1
339,Amar Não É Pecado,musica339,musica339_trecho3,"Eu tô apaixonado, eu tô contando tudo E não tô nem ligando pro que vão dizer Amar não é pecado e se eu tiver errado Que se dane o mundo, eu só quero você",Luan Santana,2011,34,https://www.letras.mus.br/luan-santana/1792572/,-1
716,Amaremos,musica716,musica716_trecho4,Nosso amor não tem tempo ou idade Ele puro demais é profundo Ele vive em nós Mesmo que o mundo se acabe E a morte aqui nos separe Em outra vida nos encontraremos E outra vez amaremos,Trio Parada Dura,2017,37,https://www.letras.mus.br/trio-parada-dura/amaremos/,-1
994,Amiga,musica994,musica994_trecho2,"Amiga, me escuta Quero falar contigo Preciso de um conselho Pra dor que estou sentindo Ele tá frio Não está falando comigo Isso está me consumindo",Simone & Simaria,2022,26,https://www.letras.mus.br/simone-simaria-as-coleguinhas/amiga/,-1
1485,Amiga da Minha Irmã,musica1485,musica1485_trecho1,Quando a campainha toca Vou correndo abrir a porta Ela vem toda arrumada Pra ir pra balada com a minha irmã,Michel Teló,2013,21,https://www.letras.mus.br/michel-telo/amiga-da-minha-irma/,-1
1485,Amiga da Minha Irmã,musica1485,musica1485_trecho4,"Ela é amiga da minha irmã, não quero nem saber Eu vou pra cima, pra cima Ela é amiga da minha irmã, não quero nem saber Se ela é novinha, novinha",Michel Teló,2013,31,https://www.letras.mus.br/michel-telo/amiga-da-minha-irma/,-1
810,Amiga Linda,musica810,musica810_trecho4,"Não vou negar que vou sentir saudade sua Quem sabe um dia a gente continua, a gente continua Posso pirar, me declarar pelos bares da rua E esculpir o seu rosto na lua, o seu rosto na lua Amiga linda, quem sabe um dia vira amada minha? Quem sabe um dia vira amada minha?",João Bosco & Vinícius,2015,54,https://www.letras.mus.br/joao-bosco-viniciusacustico/amiga-linda/,-1
810,Amiga Linda,musica810,musica810_trecho6,"Não vou negar que vou sentir saudade sua Quem sabe um dia a gente continua, a gente continua Posso pirar, me declarar pelos bares da rua E esculpir o seu rosto na lua, o seu rosto na lua Amiga linda, quem sabe um dia vira amada minha? Quem sabe um dia vira amada minha? Amiga linda, quem sabe um dia vira amada minha? Quem sabe um dia vira amada minha?",João Bosco & Vinícius,2015,70,https://www.letras.mus.br/joao-bosco-viniciusacustico/amiga-linda/,-1
746,Amigo Da Minha Saudade,musica746,musica746_trecho2,"Acabou, acabou, ooh Deixa eu seguir minha vida e segue a sua com outro Amizade com ex é desculpa de quem amou pouco, ooh",Henrique & Juliano,2025,24,https://www.letras.mus.br/henrique-e-juliano/amigo-da-minha-saudade/,-1
746,Amigo Da Minha Saudade,musica746,musica746_trecho5,Eu amei demais É que eu amei demais,Henrique & Juliano,2025,8,https://www.letras.mus.br/henrique-e-juliano/amigo-da-minha-saudade/,-1
746,Amigo Da Minha Saudade,musica746,musica746_trecho9,É que eu amei demais É que eu amei demais,Henrique & Juliano,2025,10,https://www.letras.mus.br/henrique-e-juliano/amigo-da-minha-saudade/,-1
809,Amigo Taxista,musica809,musica809_trecho4,"Rapaz, é difícil demais gostar dessas muié bandida Quanto mais nóis corre atrás, mais elas pisa A minha terminou comigo por mensagem Me largar desse jeito foi muita sacanagem",Zé Neto e Cristiano,2017,29,https://www.letras.mus.br/ze-neto-cristiano/amigo-taxista/,-1
809,Amigo Taxista,musica809,musica809_trecho5,Me leva lá que isso não vai ficar assim Ainda tem orgulho aqui dentro de mim Vou falar na cara dela: Depois de tudo que cê fez Eu vou te perdoar só mais essa vez,Zé Neto e Cristiano,2017,35,https://www.letras.mus.br/ze-neto-cristiano/amigo-taxista/,-1
809,Amigo Taxista,musica809,musica809_trecho9,Me leva lá que isso não vai ficar assim Ainda tem orgulho aqui dentro de mim Vou falar na cara dela: Depois de tudo que cê fez Eu vou te perdoar,Zé Neto e Cristiano,2017,31,https://www.letras.mus.br/ze-neto-cristiano/amigo-taxista/,-1
809,Amigo Taxista,musica809,musica809_trecho11,Me leva lá que isso não vai ficar assim Ainda tem orgulho aqui dentro de mim Vou falar na cara dela: Depois de tudo que cê fez Eu vou te perdoar só mais essa vez Só mais essa vez,Zé Neto e Cristiano,2017,39,https://www.letras.mus.br/ze-neto-cristiano/amigo-taxista/,-1
1108,Amigos Pela Fé,musica1108,musica1108_trecho1,"Quem me dará um ombro amigo Quando eu precisar? E se eu cair, se eu vacilar Quem vai me levantar?",Luan Santana,2009,20,https://www.letras.mus.br/luan-santana/1543706/,-1
1108,Amigos Pela Fé,musica1108,musica1108_trecho2,Sou eu quem vai ouvir você Quando o mundo não puder te entender Foi Deus quem te escolheu pra ser O melhor amigo que eu pudesse ter,Luan Santana,2009,27,https://www.letras.mus.br/luan-santana/1543706/,-1
1108,Amigos Pela Fé,musica1108,musica1108_trecho4,Quem é que vai me acolher Na minha indecisão? Se eu me perder pelo caminho Quem me dará a mão?,Luan Santana,2009,20,https://www.letras.mus.br/luan-santana/1543706/,-1
19,Amo Noite e Dia,musica19,musica19_trecho1,"Tem um pedaço do meu peito bem colado ao teu Alguma chave, algum segredo, que me prende ao seu Um jeito perigoso de me conquistar Teu jeito tão gostoso de me abraçar",Jorge & Mateus,2010,32,https://www.letras.mus.br/jorge-mateus/1668672/,-1
19,Amo Noite e Dia,musica19,musica19_trecho4,"Tem um pedaço do meu peito bem colado ao teu Alguma chave, algum segredo, que me prende ao teu Um jeito perigoso de me conquistar Teu jeito tão gostoso de me abraçar",Jorge & Mateus,2010,32,https://www.letras.mus.br/jorge-mateus/1668672/,-1
1537,Amor Além da Vida,musica1537,musica1537_trecho3,"Corpo, alma, coração Intuídos pelo amor Neste mundo procurava",Cezar e Paulinho,2006,9,https://www.letras.mus.br/cesar-e-paulinho/546645/,-1
1537,Amor Além da Vida,musica1537,musica1537_trecho4,Aquele sonho de criança Sem perder a esperança Era você que eu desejava,Cezar e Paulinho,2006,13,https://www.letras.mus.br/cesar-e-paulinho/546645/,-1
1537,Amor Além da Vida,musica1537,musica1537_trecho8,"Você está em mim, no dia a dia E até nos sonhos meus Vivo feliz, agradecendo a Deus Lê, nem sei se eu te merecia",Cezar e Paulinho,2006,25,https://www.letras.mus.br/cesar-e-paulinho/546645/,-1
1537,Amor Além da Vida,musica1537,musica1537_trecho12,"Você está em mim no dia a dia E até nos sonhos meus Vivo feliz, agradecendo a Deus Lê, nem sei se eu te merecia",Cezar e Paulinho,2006,25,https://www.letras.mus.br/cesar-e-paulinho/546645/,-1
1090,Amor Covarde,musica1090,musica1090_trecho11,Desconheço um amor tão covarde Desconheço um amor tão covarde,Jorge & Mateus,2009,10,https://www.letras.mus.br/jorge-mateus/1444403/,-1
1144,Amor Da Sua Cama,musica1144,musica1144_trecho2,"Além de transpirar seus poros Além de arrancar sua roupa Além de apresentar o caminho que você percorre com a sua boca Mas, ó, é só uma ideia boba, é só uma ideinha boba",Felipe Araújo,2018,34,https://www.letras.mus.br/felipe-araujo/amor-da-sua-cama/,-1
1144,Amor Da Sua Cama,musica1144,musica1144_trecho3,"Tudo bem Se é pra você me usar, o que é que tem? Só de tá com você, fico bem Posso não ser o amor da sua vida",Felipe Araújo,2018,28,https://www.letras.mus.br/felipe-araujo/amor-da-sua-cama/,-1
1144,Amor Da Sua Cama,musica1144,musica1144_trecho5,Tenho vontade de ir mais fundo Mas não tenho certeza se ainda posso Certeza eu tenho que posso ir além do que virar seus olhos,Felipe Araújo,2018,25,https://www.letras.mus.br/felipe-araujo/amor-da-sua-cama/,-1
1144,Amor Da Sua Cama,musica1144,musica1144_trecho8,"Tudo bem Se é pra você me usar, o que é que tem? Tanto faz se você não me ama Posso não ser o amor da sua vida",Felipe Araújo,2018,28,https://www.letras.mus.br/felipe-araujo/amor-da-sua-cama/,-1
1144,Amor Da Sua Cama,musica1144,musica1144_trecho9,"Tudo bem Se é pra você me usar, o que é que tem? Só de tá com você, fico bem",Felipe Araújo,2018,20,https://www.letras.mus.br/felipe-araujo/amor-da-sua-cama/,-1
1267,Amor de Madrugada,musica1267,musica1267_trecho3,Só pra fazer amor de madrugada De enlouquecer A gente faz amor de madrugada Até amanhecer,Marcos & Belutti,2012,16,https://www.letras.mus.br/marcos-belutti/amor-de-madrugada/,-1
1534,Amor de Primavera,musica1534,musica1534_trecho2,Eu pensei que fosse fácil Esquecer aquele amor Mas quando vem a saudade Dói demais a minha dor Quando vem a saudade Dói demais a minha dor,Gusttavo Lima,2010,27,https://www.letras.mus.br/gusttavo-lima/1717012/,-1
1539,Amor de Um Poeta,musica1539,musica1539_trecho2,"Às vezes é resistente Ou se ele vem de repente Quando menos se espera, enfim",Gusttavo Lima,2012,15,https://www.letras.mus.br/gusttavo-lima/1766425/,-1
1539,Amor de Um Poeta,musica1539,musica1539_trecho3,E quando você se distrai O coração sempre te traz Uma lembrança infinita,Gusttavo Lima,2012,13,https://www.letras.mus.br/gusttavo-lima/1766425/,-1
145,Amor de Violeiro,musica145,musica145_trecho1,"Moça, eu não sei falar Coisas bonitas pra te conquistar Eu tenho só uma viola, moça Eu só sei cantar",Eduardo Costa,2006,20,https://www.letras.mus.br/eduardo-costa/253320/,-1
145,Amor de Violeiro,musica145,musica145_trecho2,"Moça, eu não tenho dinheiro Minha riqueza eu vou te contar É o braço da viola, moça Eu só sei cantar",Eduardo Costa,2006,21,https://www.letras.mus.br/eduardo-costa/253320/,-1
145,Amor de Violeiro,musica145,musica145_trecho3,"Moça, se você parar um pouco pra me ouvir Em alguns minutos vai me descobrir Enxergar o fundo do meu coração",Eduardo Costa,2006,21,https://www.letras.mus.br/eduardo-costa/253320/,-1
17,Amor Dos Outros,musica17,musica17_trecho1,"Mais um casal surgindo, anéis de compromisso Mais um novo amigo pros amigos meus Um sorriso sumindo, um ciúme vindo E a luta agora é entre ele e eu",Henrique & Juliano,2025,29,https://www.letras.mus.br/henrique-e-juliano/amor-dos-outros/,-1
1471,Amor Não É Jogo de Azar,musica1471,musica1471_trecho1,"Tá na hora de você voltar pra mim E dar mais uma chance pra nós dois Meu bem, a gente já se machucou demais Está na hora de voltar atrás",Jorge & Mateus,2007,30,https://www.letras.mus.br/jorge-mateus/1314518/,-1
1471,Amor Não É Jogo de Azar,musica1471,musica1471_trecho4,E a gente ainda se ama Está escrito no coração A nossa pirraça já perdeu a graça Chega de solidão,Jorge & Mateus,2007,20,https://www.letras.mus.br/jorge-mateus/1314518/,-1
1453,Amor Pra Vida Inteira,musica1453,musica1453_trecho1,Adoro quando chega e me olha com aquele olhar Sem falar nada então me beija Joga charme pra me provocar,Marcos & Belutti,2010,20,https://www.letras.mus.br/marcos-belutti/1664358/,-1
1453,Amor Pra Vida Inteira,musica1453,musica1453_trecho2,"Toma conta de mim, me deixa assim Eu fico feito um louco pra te dar prazer É mais que paixão, é de coração Amor pra vida inteira é só com você",Marcos & Belutti,2010,31,https://www.letras.mus.br/marcos-belutti/1664358/,-1
1453,Amor Pra Vida Inteira,musica1453,musica1453_trecho3,"Me leva pro céu, vira meu mundo de pernas pro ar Essa paixão ardente pronta pra incendiar Eu sou desejo e você sedução Nós dois dentro de um só coração",Marcos & Belutti,2010,30,https://www.letras.mus.br/marcos-belutti/1664358/,-1
1453,Amor Pra Vida Inteira,musica1453,musica1453_trecho4,"Me leva pro céu, vira meu mundo de pernas pro ar Essa paixão ardente pronta pra incendiar Eu sou desejo e você sedução Nós dois dentro de um só coração (É amor demais, gente)",Marcos & Belutti,2010,34,https://www.letras.mus.br/marcos-belutti/1664358/,-1
950,Amor Sem Medida (Te Voy A Amar),musica950,musica950_trecho1,"É pouco dizer Que é você a minha outra metade É pouco dizer Que daria a vida, meu destino E algo a mais",Matheus & Kauan,2015,23,https://www.letras.mus.br/matheus-kauan/amor-sem-medida/,-1
1117,Anjo de Vidro,musica1117,musica1117_trecho1,Para de fazer isso comigo As vezes eu me sinto invisível Você não tem idéia da minha paixão E o que sinto no meu coração.,Hugo Pena e Gabriel,2011,25,https://www.letras.mus.br/hugo-pena-e-gabriel/1799475/,-1
634,Anjo Loiro,musica634,musica634_trecho3,"Ai! Esse amor me mata A saudade dói, solidão corrói A paixão maltrata Ai! Entrou no meu peito Feito um passarinho, Fez o seu ninho, Não tem mais jeito.",Milionário e José Rico,2008,29,https://www.letras.mus.br/milionario-e-jose-rico/1447683/,-1
1420,Anjo Moderno,musica1420,musica1420_trecho3,"Uououô De olho aberto ou fechado, eu só vejo você Sua missão no mundo deve ser me proteger Cê é tipo um anjo moderno de roupa e sem asas Que fez desse meu coração, seu céu, sua casa",Jorge & Mateus,2018,38,https://www.letras.mus.br/jorge-mateus/anjo-moderno/,-1
1420,Anjo Moderno,musica1420,musica1420_trecho4,"De olho aberto ou fechado, eu só vejo você Sua missão no mundo deve ser me proteger Cê é tipo um anjo moderno de roupa e sem asas Que fez desse meu coração, seu céu, sua casa",Jorge & Mateus,2018,37,https://www.letras.mus.br/jorge-mateus/anjo-moderno/,-1
1178,Anjo Protetor,musica1178,musica1178_trecho4,"Não como, não bebo, não posso dormir Nada me agrada sem você aqui Fujo dos amigos, tento me esconder Gosto deles, mas amo você",Eduardo Costa,2012,24,https://www.letras.mus.br/eduardo-costa/anjo-protetor/,-1
193,Anti-Amor (part. Jorge & Mateus),musica193,musica193_trecho3,"Coração receitou De 8 em 8 horas, uma dose de anti-amor Já tomei, funcionou Eu sou paciente, coração é meu doutor",Gustavo Mioto,2017,21,https://www.letras.mus.br/gustavo-mioto/anti-amor/,-1
193,Anti-Amor (part. Jorge & Mateus),musica193,musica193_trecho5,PS: Hoje eu ganhei alta Nem sinto mais sua falta PS: Hoje eu ganhei alta Não sinto mais sua falta,Gustavo Mioto,2017,20,https://www.letras.mus.br/gustavo-mioto/anti-amor/,-1
193,Anti-Amor (part. Jorge & Mateus),musica193,musica193_trecho9,PS: Hoje eu ganhei alta Não sinto mais sua falta PS: Hoje eu ganhei alta Não sinto mais sua falta Não sinto mais sua falta,Gustavo Mioto,2017,25,https://www.letras.mus.br/gustavo-mioto/anti-amor/,-1
1056,Antídoto,musica1056,musica1056_trecho1,"Passei o dia todo pensando em você, ê, ê Ainda não encontrei um antídoto pra te esquecer Como que eu faço pra tirar da cabeça Se deu xeque-mate no meu coração? Oh não, oh não",Matheus & Kauan,2017,35,https://www.letras.mus.br/matheus-kauan/antidoto/,-1
1056,Antídoto,musica1056,musica1056_trecho3,"Ô, menina, eu não vi nada igual nessa vida Até nossa loucura combina Cola esse sorriso no meu Traz o amor que prometeu",Matheus & Kauan,2017,23,https://www.letras.mus.br/matheus-kauan/antidoto/,-1
1056,Antídoto,musica1056,musica1056_trecho9,"Ô, menina, até nossa loucura combina",Matheus & Kauan,2017,6,https://www.letras.mus.br/matheus-kauan/antidoto/,-1
951,Antônimos,musica951,musica951_trecho2,"Sem você, não importa se é doce ou salgado Se tá quente ou gelado Se faz Sol ou vai chover Eu achei que tava certo, fui errado Era leve tá pesado Ficar longe de você",Jorge & Mateus,2016,35,https://www.letras.mus.br/jorge-mateus/antonimos/,-1
951,Antônimos,musica951,musica951_trecho3,Pro escuro ficar claro O sozinho acompanhado É só a gente ficar junto e não separado Eu só existo se for do seu lado Se for do seu lado,Jorge & Mateus,2016,29,https://www.letras.mus.br/jorge-mateus/antonimos/,-1
951,Antônimos,musica951,musica951_trecho6,Pro escuro ficar claro O sozinho acompanhado É só a gente ficar junto e não separado Eu só existo se for do seu lado,Jorge & Mateus,2016,24,https://www.letras.mus.br/jorge-mateus/antonimos/,-1
697,Ao Vivo E A Cores (part. Anitta),musica697,musica697_trecho1,"Por que você não sai daí e vem aqui? Pode invadir, pode chegar, pode ficar No meu quarto, no meu abraço, apertado Duvido que cê vai querer ir embora, não apavora Depois do amor a gente vai fazendo hora E eu não aguento mais, eu não aguento mais",Matheus & Kauan,2018,48,https://www.letras.mus.br/matheus-kauan/ao-vivo-e-a-cores-part-anitta/,-1
697,Ao Vivo E A Cores (part. Anitta),musica697,musica697_trecho2,"A tela fria desse celular, só ver sua foto não vai me esquentar Amar você de longe é tão ruim Te quero ao vivo e a cores aqui, aqui",Matheus & Kauan,2018,29,https://www.letras.mus.br/matheus-kauan/ao-vivo-e-a-cores-part-anitta/,-1
697,Ao Vivo E A Cores (part. Anitta),musica697,musica697_trecho7,"Olhar pra tela fria desse celular, só ver sua foto não vai me esquentar Amar você de longe é tão ruim Te quero ao vivo e a cores aqui, aqui",Matheus & Kauan,2018,30,https://www.letras.mus.br/matheus-kauan/ao-vivo-e-a-cores-part-anitta/,-1
4,Apaga Apaga Apaga,musica4,musica4_trecho2,"Oi, boa noite, só vim pedir um tempo pra dar tempo de esquecer Especialmente hoje, coração acordou me pressionando pra te ver Saiu de casa, não posta nada, esconde as farra Apaga, apaga, apaga",Danilo e Davi,2024,34,https://www.letras.mus.br/danilo-e-davi/apaga-apaga-apaga/,-1
4,Apaga Apaga Apaga,musica4,musica4_trecho3,"Meu amor, por favor, fala que você também não me esqueceu Que eu tô digitando tudo que o coração escreveu Se a saudade também molha a sua cara, pega o nosso fim Apaga, apaga, apaga",Danilo e Davi,2024,35,https://www.letras.mus.br/danilo-e-davi/apaga-apaga-apaga/,-1
332,Apaixonadinha (part. Léo Santana e Didá Banda Feminina),musica332,musica332_trecho1,Sabe por que fico mandando mensagem querendo te ver? Sabe por quê? Você me faz bem Eu não consigo pensar em ninguém,Marília Mendonça,2019,22,https://www.letras.mus.br/marilia-mendonca/apaixonadinha-part-leo-santana-e-dida-banda-feminina/,-1
332,Apaixonadinha (part. Léo Santana e Didá Banda Feminina),musica332,musica332_trecho2,"Ó que coisa boa! Tô sorrindo à toa Tô 100% de boa, de boa, de boa",Marília Mendonça,2019,16,https://www.letras.mus.br/marilia-mendonca/apaixonadinha-part-leo-santana-e-dida-banda-feminina/,-1
332,Apaixonadinha (part. Léo Santana e Didá Banda Feminina),musica332,musica332_trecho3,Apaixonadinha você me deixou Apaixonadinha você me deixou Apaixonadinha você me deixou Vem ficar perto da sua menina,Marília Mendonça,2019,18,https://www.letras.mus.br/marilia-mendonca/apaixonadinha-part-leo-santana-e-dida-banda-feminina/,-1
332,Apaixonadinha (part. Léo Santana e Didá Banda Feminina),musica332,musica332_trecho4,Apaixonadinho você me deixou Apaixonadinho você me deixou Apaixonadinho você me deixou Vem ficar perto aqui do seu pretinho,Marília Mendonça,2019,19,https://www.letras.mus.br/marilia-mendonca/apaixonadinha-part-leo-santana-e-dida-banda-feminina/,-1
575,Apaixonado Por Você,musica575,musica575_trecho2,Numa noite de domingo Numa festa com os amigos Aqui no planeta terra Você foi uma estrela,Zezé Di Camargo & Luciano,2005,17,https://www.letras.mus.br/zeze-di-camargo-e-luciano/149299/,-1
575,Apaixonado Por Você,musica575,musica575_trecho5,Foi bom eu te beijar na boca Te esperar a vida toda e Te amar (te amar) Te amar (te amar),Zezé Di Camargo & Luciano,2005,21,https://www.letras.mus.br/zeze-di-camargo-e-luciano/149299/,-1
1434,Apaixonado/ A Loira do Carro Branco (pot-pourri),musica1434,musica1434_trecho1,Moreninha linda Se tu soubesses O quanto padece Quem tem amor Talvez não faria O que faz agora Quem te adora Não tem valor,Luan Santana,2009,24,https://www.letras.mus.br/luan-santana/1483635/,-1
1434,Apaixonado/ A Loira do Carro Branco (pot-pourri),musica1434,musica1434_trecho7,"Para alimentar a esperança o seu carro eu levarei Me perdoe por favor, quando me der seu amor o carro eu entregarei Quem estiver me ouvindo preste muita atenção O meu carro não tem placa mas vou dar a descrição É branco e tem uma loura charmosa na direção Dou o carro de presente a quem fizer a prisão",Luan Santana,2009,59,https://www.letras.mus.br/luan-santana/1483635/,-1
1434,Apaixonado/ A Loira do Carro Branco (pot-pourri),musica1434,musica1434_trecho8,"Por ela ter roubado o carro já tem absolvição Mas vou lhe dar um castigo vai ter que viver comigo, Por roubar meu coração.",Luan Santana,2009,24,https://www.letras.mus.br/luan-santana/1483635/,-1
1306,Apaixonados Pela Lua,musica1306,musica1306_trecho3,"Na viagem desse sonho Nossas almas eu vi flutuar Nas delicadas linhas do infinito Fomos filhos de um romance, de um amor lunar",Paula Fernandes,2009,23,https://www.letras.mus.br/paula-fernandes/1497074/,-1
1306,Apaixonados Pela Lua,musica1306,musica1306_trecho4,"Apaixonados pela Lua, Lua, Lua Cheia de mistérios Nos finos grão de areia, mente branca Segredo e solidão em seus hemisférios",Paula Fernandes,2009,21,https://www.letras.mus.br/paula-fernandes/1497074/,-1
1306,Apaixonados Pela Lua,musica1306,musica1306_trecho10,Apaixonados pela Lua Apaixonados pela Lua Apaixonados pela Lua,Paula Fernandes,2009,9,https://www.letras.mus.br/paula-fernandes/1497074/,-1
419,Apelido Carinhoso,musica419,musica419_trecho3,"Eu sei que você poderia ter escolhido alguém menos complicado Que não tivesse, no presente, uma pessoa do passado Aceitar essa situação é uma forma de amor Mas eu preciso que você me faça só mais um favor",Gusttavo Lima,2017,38,https://www.letras.mus.br/gusttavo-lima/apelido-carinhoso/,-1
419,Apelido Carinhoso,musica419,musica419_trecho6,"Eu sei que você poderia ter escolhido alguém menos complicado Que não tivesse, no presente, uma pessoa do passado Aceitar essa situação é uma prova de amor Mas eu preciso que você me faça só mais um favor",Gusttavo Lima,2017,38,https://www.letras.mus.br/gusttavo-lima/apelido-carinhoso/,-1
541,Aquela Pessoa,musica541,musica541_trecho4,Na portaria do meu coração já tem seu nome Pode entrar,Henrique & Juliano,2017,11,https://www.letras.mus.br/henrique-e-juliano/aquela-pessoa/,-1
541,Aquela Pessoa,musica541,musica541_trecho8,Na portaria do meu coração já tem seu nome,Henrique & Juliano,2017,9,https://www.letras.mus.br/henrique-e-juliano/aquela-pessoa/,-1
1383,Aquele  1% (part. Wesley Safadão),musica1383,musica1383_trecho2,"Ligo no outro dia no estilo Don Juan Dormiu bem, meu amor? É domingo de manhã Vamos pegar uma praia, deu saudade do seu beijo Trato todas iguais, esse é meu defeito",Marcos & Belutti,2015,32,https://www.letras.mus.br/marcos-belutti/aquele-um-por-cento/,-1
1042,Aqui É o Seu Lugar,musica1042,musica1042_trecho1,Não dá pra entender o meu coração Mudou de amizade pra louca paixão Então foi dessa forma que eu percebi Não quero te assustar ou me iludir,Luan Santana,2009,27,https://www.letras.mus.br/luan-santana/1407541/,-1
1042,Aqui É o Seu Lugar,musica1042,musica1042_trecho3,"É pra você Que eu mando flores todas as manhãs viu? É você Que faz meu coração bater a mais de mil Já não sei O que mais eu faço pra te conquistar Se liga, vem depressa aqui é o seu lugar Nesse coração que só quer te amar",Luan Santana,2009,49,https://www.letras.mus.br/luan-santana/1407541/,-1
387,Arranhão,musica387,musica387_trecho4,"Aí que mora o perigo, aí que eu caio lindo Aí que eu sei das consequências, mesmo assim vou indo É que vale a pena, vale a cama, vale o risco O que é um arranhão pra quem já tá fudido? Oh, oh, oh, oh",Henrique & Juliano,2021,45,https://www.letras.mus.br/henrique-e-juliano/arranhao/,-1
1445,Arrasta,musica1445,musica1445_trecho2,"Agora arrasta Arrasta atrás de mim Mas eu não vou te dar o meu amor Pega, descendo, agora desapareça Você só me enganou! Se você acha que implorando meu amor, eu vou te perdoar Pode ir tirando seu cavalinho da chuva, senão ele vai molhar Meu coração está com o sinal fechado no vermelho pra você Desaparece porque a partir de agora eu não quero mais te ver",Gusttavo Lima,2008,68,https://www.letras.mus.br/gusttavo-lima/1581184/,-1
761,Arruma Um Bão,musica761,musica761_trecho1,"Às vezes paro pra pensar se eu sou tão ruim assim igual você me vê Se realmente eu sou um bosta Se eu faço tudo, tudo errado, toda hora E lá fundo eu sei que você sabe tudo Eu tô apostando no nosso futuro Tô dando o meu sangue pra gente tá junto",Israel & Rodolffo,2024,53,https://www.letras.mus.br/israel-rodolfo/arruma-um-bao/,-1
761,Arruma Um Bão,musica761,musica761_trecho8,"O ruim tá indo embora, arruma um bão procê",Israel & Rodolffo,2024,9,https://www.letras.mus.br/israel-rodolfo/arruma-um-bao/,-1
1033,As Cowgirl 👢,musica1033,musica1033_trecho2,Eles paga pau Sei que eu tenho o mel Mais um dia normal (Pras menina de chapéu) Eles paga pau Sei que eu tenho o mel Mais um dia normal,Ana Castela,2025,30,https://www.letras.mus.br/ana-castela/as-cowgirl/,-1
1033,As Cowgirl 👢,musica1033,musica1033_trecho5,Eles paga pau Sei que eu tenho o mel Mais um dia normal (Pras menina de chapéu) Eles paga pau Sei que eu tenho o mel (mel) Mais um dia normal,Ana Castela,2025,31,https://www.letras.mus.br/ana-castela/as-cowgirl/,-1
1033,As Cowgirl 👢,musica1033,musica1033_trecho6,"(Pras cowgirl) que usa bota, fivela e chapéu Que tem o mel (As cowgirl) que só no beijo te leva pro céu Que tem o mel (As cowgirl) que usa bota, fivela e chapéu Que tem o mel (As cowgirl) que só no beijo te leva pro céu Que tem o mel (As cowgirl)",Ana Castela,2025,54,https://www.letras.mus.br/ana-castela/as-cowgirl/,-1
1226,As Mina Pira,musica1226,musica1226_trecho15,A festa tá bombada Não até de madrugada Vem prá cá!,Fernando e Sorocaba,2013,11,https://www.letras.mus.br/fernando-sorocaba/as-mina-pira/,-1
1469,Às Vezes,musica1469,musica1469_trecho1,"Tá tão difícil de esconder o que eu estou sentindo Se eu te mostro que é amor pensa que eu tô fingindo E cada vez eu me apaixono mais, eu me apego mais",Henrique & Juliano,2014,33,https://www.letras.mus.br/henrique-e-juliano/as-vezes/,-1
552,Assunto Delicado (part. Xand Avião),musica552,musica552_trecho2,Mas essa pessoa aí mandou parar de me seguir Essa pessoa aí mandou você me bloquear Será que isso tudo é medo De você me procurar?,Guilherme & Benuto,2023,26,https://www.letras.mus.br/guilherme-e-benuto/assunto-delicado-part-xand-aviao/,-1
552,Assunto Delicado (part. Xand Avião),musica552,musica552_trecho7,Mas essa pessoa aí mandou parar de me seguir Essa pessoa aí mandou você me bloquear Parece que isso tudo é medo De você me procurar,Guilherme & Benuto,2023,26,https://www.letras.mus.br/guilherme-e-benuto/assunto-delicado-part-xand-aviao/,-1
304,Até Você Voltar,musica304,musica304_trecho2,"De todos nossos planos, nossos filhos, nosso apartamento Da nossa Lua de mel, do nosso casamento Como pude acreditar nesse seu juramento? E agora estou sozinho outra vez",Henrique & Juliano,2014,28,https://www.letras.mus.br/henrique-e-juliano/ate-voce-voltar/,-1
304,Até Você Voltar,musica304,musica304_trecho3,"De copo sempre cheio, coração vazio Tô me tornando um cara solitário e frio Vai ser difícil eu me apaixonar de novo E a culpa é sua Antes embriagado do que iludido Acreditar no amor já não faz mais sentido Eu vou continuar nessa vida bandida Até você voltar",Henrique & Juliano,2014,49,https://www.letras.mus.br/henrique-e-juliano/ate-voce-voltar/,-1
304,Até Você Voltar,musica304,musica304_trecho6,"De copo sempre cheio, coração vazio Tô me tornando um cara solitário e frio Vai ser difícil eu me apaixonar de novo E a culpa é sua Antes embriagado do que iludido Acreditar no amor já não faz mais sentido Eu vou continuar nessa vida bandida Até você voltar Até você voltar",Henrique & Juliano,2014,52,https://www.letras.mus.br/henrique-e-juliano/ate-voce-voltar/,-1
781,Atrasadinha (part. Ferrugem),musica781,musica781_trecho2,"E você chegou Atrasadinha, mas tava linda Minha boca calou Mas meu coração gritou por cima",Felipe Araújo,2019,16,https://www.letras.mus.br/felipe-araujo/atrasadinha/,-1
781,Atrasadinha (part. Ferrugem),musica781,musica781_trecho3,"Vai na fé, aposta nela Que ela é uma boa menina",Felipe Araújo,2019,11,https://www.letras.mus.br/felipe-araujo/atrasadinha/,-1
781,Atrasadinha (part. Ferrugem),musica781,musica781_trecho6,E daí que é nosso primeiro encontro? Hoje eu te beijo e pronto,Felipe Araújo,2019,13,https://www.letras.mus.br/felipe-araujo/atrasadinha/,-1
781,Atrasadinha (part. Ferrugem),musica781,musica781_trecho13,Hoje eu te beijo e pronto Hoje eu te beijo e pronto,Felipe Araújo,2019,12,https://www.letras.mus.br/felipe-araujo/atrasadinha/,-1
891,Aurora do Mundo,musica891,musica891_trecho1,Quem teve os amores que tive na vida É gente entendida na mágoa e na dor Não sabe por certo que um doce carinho Às vezes é espinho em forma de flor,Belmonte e Amaraí,2021,32,https://www.letras.mus.br/belmonte-e-amarai/1002024/,-1
891,Aurora do Mundo,musica891,musica891_trecho4,"Fumaça distante no azul do horizonte Na encosta do monte, formando espirais Vi tudo que amo na tranquilidade Mas minha saudade ainda era mais",Belmonte e Amaraí,2021,24,https://www.letras.mus.br/belmonte-e-amarai/1002024/,-1
891,Aurora do Mundo,musica891,musica891_trecho5,Passei uma noite no rancho amizade E vi na saudade o começo do fim A chuva caía naquele tugúrio Num triste murmúrio por sobre o capim,Belmonte e Amaraí,2021,26,https://www.letras.mus.br/belmonte-e-amarai/1002024/,-1
394,Ausência,musica394,musica394_trecho1,"Sei bem O que te faz bem, eu sei Mas no fundo eu já tentei Não faltou coragem",Marília Mendonça,2018,18,https://www.letras.mus.br/marilia-mendonca/ausencia/,-1
394,Ausência,musica394,musica394_trecho3,"Sei Que o pra sempre virou pó E na cabeça deu um nó Mas eu tô bem consciente Mas amei Amei sozinha, mas por dois Me conformei que agora, e não depois Vou ter que seguir em frente",Marília Mendonça,2018,38,https://www.letras.mus.br/marilia-mendonca/ausencia/,-1
394,Ausência,musica394,musica394_trecho5,"Sei Que o pra sempre virou pó E na cabeça deu um nó Mas eu tô bem consciente Mas amei Amei sozinho, mas por dois Me conformei que agora, e não depois Vou ter que seguir em frente",Marília Mendonça,2018,38,https://www.letras.mus.br/marilia-mendonca/ausencia/,-1
370,Avisa Aí,musica370,musica370_trecho5,"Eu tô voltando pra vida que eu amo Farreiro, solteiro e o povo que eu tô barulhando Eu tô voltando sou feliz assim Tentei sair da farra, mas a farra não saiu de mim",Henrique & Juliano,2015,34,https://www.letras.mus.br/henrique-e-juliano/avisa-ai/,-1
1333,Avisa Que Eu Cheguei (part. Ivete Sangalo),musica1333,musica1333_trecho1,"Hoje eu vou sair pra dançar E se a saudade me procurar, ninguém me viu Hoje eu acordei virada Tô do avesso e até minha lágrima sorriu",Naiara Azevedo,2017,27,https://www.letras.mus.br/naiara-azevedo/avisa-que-eu-cheguei/,-1
1333,Avisa Que Eu Cheguei (part. Ivete Sangalo),musica1333,musica1333_trecho3,"Avisa que eu cheguei Que a gente vive apenas uma vez Então se arrisca, beija, acerta, erra O amor não vem com estrela na testa",Naiara Azevedo,2017,25,https://www.letras.mus.br/naiara-azevedo/avisa-que-eu-cheguei/,-1
1333,Avisa Que Eu Cheguei (part. Ivete Sangalo),musica1333,musica1333_trecho4,"Avisa que eu cheguei E a gente vive apenas uma vez Então se arrisca, beija, acerta, erra O amor não vem com estrela na testa",Naiara Azevedo,2017,25,https://www.letras.mus.br/naiara-azevedo/avisa-que-eu-cheguei/,-1
1286,Baby Fala Pra Mim (Quelq'um M'a Dit),musica1286,musica1286_trecho2,"Baby, fala pra mim Que gosta de mim Baby, fala pra mim Que o tempo não mudou seu jeito de gostar E que ainda gosta de mim",Leonardo,2011,27,https://www.letras.mus.br/leonardo/1983922/,-1
1286,Baby Fala Pra Mim (Quelq'um M'a Dit),musica1286,musica1286_trecho3,"Eu sei que um gesto vale mais que mil palavras Mas é sempre bom a gente ouvir Um eu te amo, um adoro você Por isso eu quero ouvir você dizer",Leonardo,2011,31,https://www.letras.mus.br/leonardo/1983922/,-1
1286,Baby Fala Pra Mim (Quelq'um M'a Dit),musica1286,musica1286_trecho4,"Baby, fala pra mim Que gosta de mim Baby, fala pra mim Que o tempo não mudou seu jeito de gostar",Leonardo,2011,21,https://www.letras.mus.br/leonardo/1983922/,-1
1286,Baby Fala Pra Mim (Quelq'um M'a Dit),musica1286,musica1286_trecho9,Que ainda gosta de mim,Leonardo,2011,5,https://www.letras.mus.br/leonardo/1983922/,-1
637,Baby Me Atende (part. Dilsinho),musica637,musica637_trecho1,"Abandonado dentro de um apartamento Ansiedade, coração desesperado É só bebida quente Por causa de um coração gelado",Matheus Fernandes,2021,18,https://www.letras.mus.br/matheus-fernandes/baby-me-atende/,-1
637,Baby Me Atende (part. Dilsinho),musica637,musica637_trecho2,"Amor e raiva andam lado a lado Porta retratos e quadros, tudo quebrado É o que tá tendo Pedaço de ex amor pra todo lado Tá doendo, tô sofrendo E ela não tá me atendendo",Matheus Fernandes,2021,35,https://www.letras.mus.br/matheus-fernandes/baby-me-atende/,-1
637,Baby Me Atende (part. Dilsinho),musica637,musica637_trecho4,"Após o sinal, deixe seu recado Após o sinal, deixe seu recado É o que eu escuto quando ligo pra ela",Matheus Fernandes,2021,21,https://www.letras.mus.br/matheus-fernandes/baby-me-atende/,-1
1058,Bagunça Minha Vida,musica1058,musica1058_trecho2,"Se der certo a gente atualiza o nosso status Se der errado a sorte é do nosso quarto Que assistiu a gente, se amando intensamente",George Henrique e Rodrigo,2019,25,https://www.letras.mus.br/george-henrique-rodrigo/bagunca-minha-vida/,-1
1058,Bagunça Minha Vida,musica1058,musica1058_trecho3,Bagunça minha vida Revira minha cama Meu coração não liga Se gosta ou se ama Se vai durar um mês ou uma hora Não tem que ser pra sempre Tem que ser gostoso agora,George Henrique e Rodrigo,2019,34,https://www.letras.mus.br/george-henrique-rodrigo/bagunca-minha-vida/,-1
1058,Bagunça Minha Vida,musica1058,musica1058_trecho8,Se vai durar um mês ou uma hora Não tem que ser pra sempre Tem que ser gostoso agora,George Henrique e Rodrigo,2019,19,https://www.letras.mus.br/george-henrique-rodrigo/bagunca-minha-vida/,-1
1592,Baixinha Linda,musica1592,musica1592_trecho1,"Eu te conheci assim, num dia meio nada a ver Passou por mim, parou, me deu um oi, fiquei sem saber o que fazer E agora tô gostando e não sei como te dizer Por isso fiz essa canção que é pra te fazer entender",Biollo,2016,45,https://www.letras.mus.br/robson-biollo/baixinha-linda/,-1
1592,Baixinha Linda,musica1592,musica1592_trecho2,"Que apesar de tudo e todas, ainda prefiro você Mesmo me ignorando as vezes, isso eu consigo entender Sei que não acredita em mim, diz que homem é tudo igual Vou te fazer pensar pra frente e vou provar que é real",Biollo,2016,42,https://www.letras.mus.br/robson-biollo/baixinha-linda/,-1
1323,Bala de Prata,musica1323,musica1323_trecho3,"Hoje cedo acordei, mas sei lá Uma coisa diferente em mim O meu corpo arranhado, suado Uma história sem começo e fim",Fernando e Sorocaba,2008,22,https://www.letras.mus.br/fernando-sorocaba/1116095/,-1
1323,Bala de Prata,musica1323,musica1323_trecho4,Ela entrou no meio da noite Tem a chave do meu coração De repente soltou seus cabelos Me entreguei sem ter reação,Fernando e Sorocaba,2008,22,https://www.letras.mus.br/fernando-sorocaba/1116095/,-1
1323,Bala de Prata,musica1323,musica1323_trecho7,"Estou vivendo na cela da paixão Eu fui condenado pelo amor Ela é perigo, é abrigo Uma mistura de querer e dor",Fernando e Sorocaba,2008,22,https://www.letras.mus.br/fernando-sorocaba/1116095/,-1
1323,Bala de Prata,musica1323,musica1323_trecho8,"Ela é um pouco do fogo e do gelo Ela é sol, é chuva de verão O seu charme me fez prisioneiro Invadiu de vez meu coração",Fernando e Sorocaba,2008,27,https://www.letras.mus.br/fernando-sorocaba/1116095/,-1
189,Balada,musica189,musica189_trecho2,"Gata, me liga, mais tarde tem balada Quero curtir com você na madrugada Dançar, pular até o Sol raiar",Gusttavo Lima,2011,19,https://www.letras.mus.br/gusttavo-lima/1911764/,-1
189,Balada,musica189,musica189_trecho3,"Gata, me liga, mais tarde tem balada Quero curtir com você na madrugada Dançar, pular que hoje vai rolar",Gusttavo Lima,2011,19,https://www.letras.mus.br/gusttavo-lima/1911764/,-1
189,Balada,musica189,musica189_trecho6,"Se você me olhar, vou querer te pegar E depois namorar, curtição Que hoje vai rolar",Gusttavo Lima,2011,16,https://www.letras.mus.br/gusttavo-lima/1911764/,-1
326,Balanço da Rede (part. Xand Avião),musica326,musica326_trecho1,"Tô off pra disputa, quero ser prioridade Quero amor inteiro, não aceito só metade Vou te excluir se não se decidir Vai entregar seu coração pra ele ou pra mim?",Matheus Fernandes,2021,30,https://www.letras.mus.br/matheus-fernandes/balanco-da-rede-part-xand-aviao/,-1
326,Balanço da Rede (part. Xand Avião),musica326,musica326_trecho6,"Olha, eu tô off pra disputa, quero ser prioridade Olha que quero amor inteiro, não aceito só metade Vou te excluir se não se decidir Vai entregar seu coração pra ele ou pra mim?",Matheus Fernandes,2021,34,https://www.letras.mus.br/matheus-fernandes/balanco-da-rede-part-xand-aviao/,-1
372,Baqueado (part. Ícaro & Gilmar),musica372,musica372_trecho3,"Dessa dose pra frente Eu vou bebendo por beber Quanto mais o grau sobe menos fico sóbrio Sobra você em mim, em mim",Panda Cantor,2024,23,https://www.letras.mus.br/panda-cantor/baqueado-part-icaro-e-gilmar/,-1
372,Baqueado (part. Ícaro & Gilmar),musica372,musica372_trecho8,"Dessa dose pra frente Eu vou bebendo por beber Quanto mais o grau sobe menos fico sóbrio Mais só pra você em mim, em mim",Panda Cantor,2024,25,https://www.letras.mus.br/panda-cantor/baqueado-part-icaro-e-gilmar/,-1
1481,Bara Bara (part. Bruno & Marrone),musica1481,musica1481_trecho2,"E quando eu te pegar, você vai ficar louca Vai ficar doidinha, doidinha dentro da roupa Quando eu te pegar vou fazer diferente Tenho certeza, vai pirar a sua mente A bebida tá subindo, a cabeça enlouquecendo O clima tá esquentando, só vai dar eu e você Pra gente então fazer",Cristiano Araújo,2012,51,https://www.letras.mus.br/cristiano-araujo/1999546/,-1
853,Bateria Acabou (part. Marília Mendonça),musica853,musica853_trecho1,Essa noite eu não durmo mais Me bateu uma saudade Vontade de voltar atrás,Zé Neto e Cristiano,2017,14,https://www.letras.mus.br/ze-neto-cristiano/bateria-acabou/,-1
853,Bateria Acabou (part. Marília Mendonça),musica853,musica853_trecho2,Resolvi olhar as suas fotos Saber como você está Parece até que tem alguém Fiquei mal por te ver bem,Zé Neto e Cristiano,2017,20,https://www.letras.mus.br/ze-neto-cristiano/bateria-acabou/,-1
853,Bateria Acabou (part. Marília Mendonça),musica853,musica853_trecho4,Tô com medo de te procurar Tô com medo de não aguentar 10% ainda dá pra ligar,Zé Neto e Cristiano,2017,17,https://www.letras.mus.br/ze-neto-cristiano/bateria-acabou/,-1
853,Bateria Acabou (part. Marília Mendonça),musica853,musica853_trecho5,"Amor, só me fala onde você está Não me deixe jogado num bar Fico bem se estiver com você Me ajude a parar de beber",Zé Neto e Cristiano,2017,25,https://www.letras.mus.br/ze-neto-cristiano/bateria-acabou/,-1
695,Batom de Cereja,musica695,musica695_trecho1,"Parei, pensei Quase travei Será que agora eu vou passar a vez Será que eu vou ficar de boa Pegando outra e vendo você ficar com outra pessoa?",Israel & Rodolffo,2021,28,https://www.letras.mus.br/israel-rodolfo/batom-de-cereja/,-1
695,Batom de Cereja,musica695,musica695_trecho2,"Não vou, não Já dispensei a gata que eu tava Eu vim aqui foi pra beber e passar raiva Tô sofrendo na night Cê tá batendo muito mais que o grave",Israel & Rodolffo,2021,31,https://www.letras.mus.br/israel-rodolfo/batom-de-cereja/,-1
251,Bebaça (part. Maiara & Maraisa),musica251,musica251_trecho2,"Tentou agarrar o garçom Derrubou a caixa de som Pra variar, cê queimou a largada Tentou até ligar pro ex Pra sua sorte, eu não deixei Já tava tudo rodando, rodando Pediu outra rodada",Marília Mendonça,2019,34,https://www.letras.mus.br/marilia-mendonca/bebaca/,-1
251,Bebaça (part. Maiara & Maraisa),musica251,musica251_trecho3,"Amiga, cê tava bebaça Subindo na mesa, virando garrafa Amiga, cê tava bebaça Tomou tudo, tomou fora Só não tomou vergonha na cara",Marília Mendonça,2019,23,https://www.letras.mus.br/marilia-mendonca/bebaca/,-1
251,Bebaça (part. Maiara & Maraisa),musica251,musica251_trecho4,"Amiga, cê tava bebaça Subindo na mesa, virando garrafa Amiga, cê tava bebaça Tomou tequila, tomou cerveja Tomou tudo, tomou fora Só não tomou vergonha na cara",Marília Mendonça,2019,27,https://www.letras.mus.br/marilia-mendonca/bebaca/,-1
251,Bebaça (part. Maiara & Maraisa),musica251,musica251_trecho9,"Maiara, cê tava bebaça Subindo na mesa, virando garrafa Maiara, cê tava bebaça Tomou tudo, tomou fora Só não tomou vergonha na cara",Marília Mendonça,2019,23,https://www.letras.mus.br/marilia-mendonca/bebaca/,-1
251,Bebaça (part. Maiara & Maraisa),musica251,musica251_trecho10,"Marília, cê tava bebaça Subindo na mesa, virando garrafa Cê tava bebaça Tomou tequila, tomou cerveja Tomou tudo, tomou fora Só não tomou vergonha na cara",Marília Mendonça,2019,26,https://www.letras.mus.br/marilia-mendonca/bebaca/,-1
682,Bebi Liguei,musica682,musica682_trecho2,"Só ficou o resto do seu beijo na minha boca Você deu corda e o coração entrou na forca A minha saudade já tinha tomado um rumo na vida Mas desandou com a sua ligação perdida, ah",Marília Mendonça,2019,37,https://www.letras.mus.br/marilia-mendonca/bebi-liguei/,-1
1189,Bebida Na Ferida,musica1189,musica1189_trecho1,"Parecia um bom negócio Você se desfazer de mim Só não contava com os juros Que a saudade, no futuro, ia te cobrar por mim",Zé Neto e Cristiano,2018,25,https://www.letras.mus.br/ze-neto-cristiano/bebida-na-ferida/,-1
1189,Bebida Na Ferida,musica1189,musica1189_trecho4,Te perder Foi a dor mais doída que eu senti na vida Sem você Joguei bebida na ferida Que bom que o álcool cicatriza,Zé Neto e Cristiano,2018,24,https://www.letras.mus.br/ze-neto-cristiano/bebida-na-ferida/,-1
1189,Bebida Na Ferida,musica1189,musica1189_trecho8,Joguei bebida na ferida Que bom que o álcool cicatriza,Zé Neto e Cristiano,2018,10,https://www.letras.mus.br/ze-neto-cristiano/bebida-na-ferida/,-1
238,Bebo Pa Carai,musica238,musica238_trecho5,De repente ela volta Toda cheia de alegria Nem parece que a gente Brigou naquele dia,Gino e Geno,2005,16,https://www.letras.mus.br/gino-e-geno/259808/,-1
1419,Beijar À Queima Roupa,musica1419,musica1419_trecho14,"Chega mais pra perto, deixa eu te pegar Um toque só, um beijo, você vai pirar Meu jeito é selvagem, te deixa confusa Hoje eu vou te pegar e vou rasgar a sua blusa",Lucas Lucco,2014,34,https://www.letras.mus.br/lucas-lucco/beijar-a-queima-roupa/,-1
806,Beijo De Varanda,musica806,musica806_trecho1,Todo santo dia é mais um dia pra te esquecer Acabei de ouvir a nossa música no rádio e na TV O que será que isso quer dizer?,Bruno & Marrone,2017,28,https://www.letras.mus.br/bruno-e-marrone/beijo-de-varanda/,-1
806,Beijo De Varanda,musica806,musica806_trecho3,"Nem vou culpar o vento por essa bagunça Se fui eu que deixei a janela aberta Então é minha culpa, ai ai E já que entrou na minha vida, leve, é toda a sua Quero aquele beijo de varanda e a Lua de testemunha Eu tô até com ciúme O vento deve estar usando o seu perfume",Bruno & Marrone,2017,57,https://www.letras.mus.br/bruno-e-marrone/beijo-de-varanda/,-1
1245,Beijo Meu,musica1245,musica1245_trecho1,"Sol, calor, praia, isso é verão Chegando a noite, fogueira e violão Você pediu pra eu tocar",Israel Novaes,2012,17,https://www.letras.mus.br/israel-novaes/1970118/,-1
1245,Beijo Meu,musica1245,musica1245_trecho2,"Toco aquele arrocha, ai cê passa mal Lembra de um amor que não foi tão legal Chorando pede um abraço Curo o seu choro com um beijo meu",Israel Novaes,2012,28,https://www.letras.mus.br/israel-novaes/1970118/,-1
1245,Beijo Meu,musica1245,musica1245_trecho3,É que um beijo pode fazer a diferença Apaga o passado e arranca o laço Que a paixão deixou Na levada do arrocha é que eu vou,Israel Novaes,2012,27,https://www.letras.mus.br/israel-novaes/1970118/,-1
1245,Beijo Meu,musica1245,musica1245_trecho5,"Frio lá fora, aqui um cobertor Acendo a lareira pra trazer calor Você pediu pra eu tocar",Israel Novaes,2012,17,https://www.letras.mus.br/israel-novaes/1970118/,-1
1245,Beijo Meu,musica1245,musica1245_trecho7,É que um beijo pode fazer a diferença Apaga o passado e arranca o laço que a paixão deixou Na levada do arrocha é que eu vou Se quer um beijo apenas me dê um sorriso Nesse beijo vai querer ficar comigo E acreditar no amor,Israel Novaes,2012,46,https://www.letras.mus.br/israel-novaes/1970118/,-1
987,Beleza Ignorante,musica987,musica987_trecho8,"Duas sanfonada, cabou o forró",Simone Mendes,2024,5,https://www.letras.mus.br/simone-mendes/beleza-ignorante/,-1
1381,Bem Feito,musica1381,musica1381_trecho4,"Tá vendo, você não me escutou e tá aí sofrendo Foi procurar lá fora o que tinha aqui dentro Enxuga essas lágrimas e olha bem no fundo dos meu olhos",Thaeme e Thiago,2015,30,https://www.letras.mus.br/thaeme-thiago/bem-feito/,-1
659,Bem Pior Que Eu,musica659,musica659_trecho1,"Mente que vai dar uma volta e vem me ver Entre uma briga e outra de vocês Eu nem conheço ela, mas me sinto culpada",Marília Mendonça,2019,25,https://www.letras.mus.br/marilia-mendonca/bem-pior-que-eu/,-1
659,Bem Pior Que Eu,musica659,musica659_trecho3,"Bem pior que eu, você Que não deixa ela, e nem deixa de me ver Bem pior que eu, você Desconta sua raiva em duas horas de prazer",Marília Mendonça,2019,28,https://www.letras.mus.br/marilia-mendonca/bem-pior-que-eu/,-1
1171,Bengala E Crochê,musica1171,musica1171_trecho1,Se já estamos misturando as meias Dividindo o mesmo edredom No meu guarda-roupa tem sua gaveta No seu banheiro já tem maquiagem e batom,Maiara & Maraisa,2017,24,https://www.letras.mus.br/maiara-maraisa/bengala-e-croche/,-1
1171,Bengala E Crochê,musica1171,musica1171_trecho2,"Adoro quando corro pra você, assustada Você é o meu herói, matador de baratas E depois de tudo a gente dá risada",Maiara & Maraisa,2017,22,https://www.letras.mus.br/maiara-maraisa/bengala-e-croche/,-1
1171,Bengala E Crochê,musica1171,musica1171_trecho5,"Eu quero nós dois bem juntinhos Até ficar bem velhinhos, bengala e crochê Até o final, eu e você",Maiara & Maraisa,2017,19,https://www.letras.mus.br/maiara-maraisa/bengala-e-croche/,-1
1554,Blackout,musica1554,musica1554_trecho2,Mas depois daquele dia que você não quis me ouvir Me deixando aqui jogado sem motivos pra existir Só no meio da semana eu ainda sobrevivo Mas na sexta madrugada já começa o meu castigo Castigo,Cristiano Araújo,2014,36,https://www.letras.mus.br/cristiano-araujo/blackout/,-1
115,Bloqueado,musica115,musica115_trecho3,"Eu sei que eu não posso ligar pra quem já me esqueceu Coração prometeu nunca mais recair Só que agora bebeu, tá sem dignidade Me bateu um saudade Daquelas que o coração arde",Gusttavo Lima,2021,33,https://www.letras.mus.br/gusttavo-lima/bloqueado/,-1
115,Bloqueado,musica115,musica115_trecho4,9912-5003 Olha eu recaindo outra vez,Gusttavo Lima,2021,6,https://www.letras.mus.br/gusttavo-lima/bloqueado/,-1
579,Boa Memória,musica579,musica579_trecho1,Pedi pra Deus abençoar sua vida Não pense que eu te quero mal Tô aqui na torcida Que vocês viajem o mundo Conheçam um pouco de tudo,Luan Santana,2018,27,https://www.letras.mus.br/luan-santana/boa-memoria/,-1
1122,Boa Sorte Pra Você,musica1122,musica1122_trecho1,"Pra você não foi sério E se ainda te quero Sei que não dá mais Já tentamos, desisti",Victor & Leo,2010,18,https://www.letras.mus.br/victor-leo/1729755/,-1
1122,Boa Sorte Pra Você,musica1122,musica1122_trecho2,Você fez tudo errado Sem me ver ao seu lado Você desprezou Quem apenas te deu valor,Victor & Leo,2010,17,https://www.letras.mus.br/victor-leo/1729755/,-1
12,Boate Azul,musica12,musica12_trecho1,"Doente de amor, procurei remédio na vida noturna Com a flor da noite em uma boate aqui na zona sul A dor do amor é com outro amor que a gente cura Vim curar a dor desse mal de amor na boate azul",Bruno & Marrone,2019,43,https://www.letras.mus.br/bruno-e-marrone/88379/,-1
12,Boate Azul,musica12,musica12_trecho3,Sair de que jeito se nem sei o rumo para onde vou Muito vagamente me lembro que estou Em uma boate aqui na zona sul Eu bebi demais e não consigo me lembrar sequer Qual era o nome daquela mulher A flor da noite na boate azul,Bruno & Marrone,2019,47,https://www.letras.mus.br/bruno-e-marrone/88379/,-1
194,Body Splash (part. Luan Pereira),musica194,musica194_trecho6,O poder da saudade é de dar medo Eu sinto raiva de mim porque ainda sinto o seu cheiro,Felipe Araújo,2024,19,https://www.letras.mus.br/felipe-araujo/body-splash/,-1
253,Boiadeira,musica253,musica253_trecho1,Depois que me conheceu Já quis se mudar aqui pro interior Deixa o carro na garagem Pra andar de Manga-larga Marchador,Ana Castela,2024,21,https://www.letras.mus.br/ana-castela/boiadeira/,-1
253,Boiadeira,musica253,musica253_trecho3,"E ela, que era cheia de não me toque Agora tá tocando o gado",Ana Castela,2024,14,https://www.letras.mus.br/ana-castela/boiadeira/,-1
253,Boiadeira,musica253,musica253_trecho4,A maquiagem dela agora é poeira A patricinha virou boiadeira Largou o vinho pra tomar cerveja A patricinha virou boiadeira,Ana Castela,2024,20,https://www.letras.mus.br/ana-castela/boiadeira/,-1
1396,Bola de Cristal,musica1396,musica1396_trecho4,Milhões de estrelas Mas você brilhou mais forte Te achar na multidão Foi muito mais que sorte,Fernando e Sorocaba,2011,17,https://www.letras.mus.br/fernando-sorocaba/1706490/,-1
1396,Bola de Cristal,musica1396,musica1396_trecho7,"Nunca existiu no espaço sideral Atração igual Não há nada igual Amo você, amo você",Fernando e Sorocaba,2011,15,https://www.letras.mus.br/fernando-sorocaba/1706490/,-1
1294,Bom Rapaz (part. Jorge e Mateus),musica1294,musica1294_trecho7,"Outra dessa, cê não acha (Outra dessa, cê não acha) Olha como ela te abraça (Olha como ela te abraça) E você ganhou de graça Corre, que essa chance passa Corre, senão ela escapa",Fernando e Sorocaba,2017,34,https://www.letras.mus.br/fernando-sorocaba/bom-rapaz/,-1
57,Borboletas,musica57,musica57_trecho1,"Percebo que o tempo já não passa Você diz que não tem graça amar assim Foi tudo tão bonito, mas voou pro infinito Parecido com borboletas de um jardim",Victor & Leo,2008,29,https://www.letras.mus.br/victor-leo/1287417/,-1
440,Briga Feia,musica440,musica440_trecho2,"Hoje eu acordei com a cabeça no lugar, ah Mas é que eu descobri que você tava lá Me obrigando a terminar, ah, ah",Henrique & Juliano,2020,24,https://www.letras.mus.br/henrique-e-juliano/briga-feia/,-1
420,Bye Bye,musica420,musica420_trecho2,"Pra você, sou só mais uma carona No final de uma balada, me envolvi sabendo Somos dois estranhos numa cama temporária Fazendo amor, consciente que é só momento O quarto é grande, mas não cabe sentimento",Marília Mendonça,2019,36,https://www.letras.mus.br/marilia-mendonca/bye-bye/,-1
420,Bye Bye,musica420,musica420_trecho3,Vai doer demais Escutar o seu bye bye Depois do I love you Adeus pro seu corpo nu,Marília Mendonça,2019,18,https://www.letras.mus.br/marilia-mendonca/bye-bye/,-1
420,Bye Bye,musica420,musica420_trecho4,Vai doer demais Escutar o seu bye bye Depois do I love you Saber que seu corpo nunca mais vai ser meu,Marília Mendonça,2019,22,https://www.letras.mus.br/marilia-mendonca/bye-bye/,-1
420,Bye Bye,musica420,musica420_trecho5,"Pra você, sou só mais uma carona No final de uma balada, me envolvi sabendo Somos dois estranhos numa cama temporária Fazendo amor, consciente que é só momento O quarto é grande mas não cabe sentimento",Marília Mendonça,2019,36,https://www.letras.mus.br/marilia-mendonca/bye-bye/,-1
420,Bye Bye,musica420,musica420_trecho9,Vai doer demais Escutar o seu bye bye Depois do I love you Saber que seu corpo nunca mais vai ser meu Saber que seu corpo nunca mais vai ser meu,Marília Mendonça,2019,31,https://www.letras.mus.br/marilia-mendonca/bye-bye/,-1
1331,Cada Um Com Seus Problemas (part. Lucas Lucco),musica1331,musica1331_trecho4,"Ela chora pensando em mim, tá sem esquema Ema, ema, ema, ema, e cada um com seus problemas É que eu tô solto na pista, tô no esquema Ema, ema, ema, ema, e cada um com seus problemas",Thiago Brava,2013,38,https://www.letras.mus.br/thiago-brava/cada-um-com-seus-problemas/,-1
1331,Cada Um Com Seus Problemas (part. Lucas Lucco),musica1331,musica1331_trecho6,"Cansei dessa vida de casado De bancar o otário E ver a turma toda farrear Agora vou sair da sua vida E vou cuidar da minha Sou cachorrão da pista Que late e morde fácil, sensação da baladinha",Thiago Brava,2013,38,https://www.letras.mus.br/thiago-brava/cada-um-com-seus-problemas/,-1
1331,Cada Um Com Seus Problemas (part. Lucas Lucco),musica1331,musica1331_trecho8,"Ela chora pensando em mim, tá sem esquema Ema, ema, ema, ema, e cada um com seus problemas E eu tô solto na pista, tô no esquema Ema, ema, ema, ema, é cada um com seus problemas",Thiago Brava,2013,37,https://www.letras.mus.br/thiago-brava/cada-um-com-seus-problemas/,-1
1043,Cadeira de Aço,musica1043,musica1043_trecho3,Sentado numa cadeira de aço enferrujada e bebendo Cada copo americano enganava o meu sofrimento Achei que eu tivesse esquecido a danada naquela hora Até ver seu nome escrito na lata de Coca-Cola,Zé Neto e Cristiano,2017,33,https://www.letras.mus.br/ze-neto-cristiano/cadeira-de-aco/,-1
1043,Cadeira de Aço,musica1043,musica1043_trecho4,Em uma cadeira de aço enferrujada e bebendo Cada copo americano enganava o meu sofrimento Achei que eu tivesse esquecido a danada naquela hora Até ver seu nome escrito na lata de Coca-Cola,Zé Neto e Cristiano,2017,33,https://www.letras.mus.br/ze-neto-cristiano/cadeira-de-aco/,-1
1043,Cadeira de Aço,musica1043,musica1043_trecho7,Sentado numa cadeira de aço enferrujada e bebendo Cada copo americano enganava o meu sofrimento Achei que eu tivesse esquecido a danada naquela hora Até ver o seu nome escrito na lata de Coca-Cola,Zé Neto e Cristiano,2017,34,https://www.letras.mus.br/ze-neto-cristiano/cadeira-de-aco/,-1
1043,Cadeira de Aço,musica1043,musica1043_trecho8,Em uma cadeira de aço enferrujada e bebendo Cada copo americano enganava o meu sofrimento Achei que eu tivesse esquecido a danada naquela hora Até ver o seu nome escrito na lata de Coca-Cola,Zé Neto e Cristiano,2017,34,https://www.letras.mus.br/ze-neto-cristiano/cadeira-de-aco/,-1
1265,Cafajeste,musica1265,musica1265_trecho1,Marcelo me ligou Me chamou para jantar João já comprou flores Mandou me entregar,Thaeme e Thiago,2014,14,https://www.letras.mus.br/thaeme-thiago/cafajeste/,-1
1265,Cafajeste,musica1265,musica1265_trecho4,Eu gosto É daquele cafajeste Aquele que não liga E que não me merece,Thaeme e Thiago,2014,14,https://www.letras.mus.br/thaeme-thiago/cafajeste/,-1
1265,Cafajeste,musica1265,musica1265_trecho6,Eu gosto É desse animal Por ele sou capaz De um crime passional,Thaeme e Thiago,2014,13,https://www.letras.mus.br/thaeme-thiago/cafajeste/,-1
1265,Cafajeste,musica1265,musica1265_trecho7,E de outras loucuras Fora do normal Amor Piração total,Thaeme e Thiago,2014,10,https://www.letras.mus.br/thaeme-thiago/cafajeste/,-1
708,Café Com Leite,musica708,musica708_trecho2,É nessa hora que a falta bate E a gente senta e chora E o choro que sobrar A gente guarda pra uma outra história,Luan Santana,2015,25,https://www.letras.mus.br/luan-santana/cafe-com-leite/,-1
708,Café Com Leite,musica708,musica708_trecho3,"É que ninguém nunca morreu de amor E o primeiro, sei que não vou ser (ie,ie)",Luan Santana,2015,16,https://www.letras.mus.br/luan-santana/cafe-com-leite/,-1
708,Café Com Leite,musica708,musica708_trecho4,Admite que ainda lembra!,Luan Santana,2015,4,https://www.letras.mus.br/luan-santana/cafe-com-leite/,-1
708,Café Com Leite,musica708,musica708_trecho5,"Das noites frias, café com leite Um beijo quente, ao som de Djavan Ou de Luan, sou seu fã",Luan Santana,2015,19,https://www.letras.mus.br/luan-santana/cafe-com-leite/,-1
708,Café Com Leite,musica708,musica708_trecho8,"É que ninguém nunca morreu de amor E o primeiro, sei que não vou ser (ie,ie,ie,ie)",Luan Santana,2015,16,https://www.letras.mus.br/luan-santana/cafe-com-leite/,-1
708,Café Com Leite,musica708,musica708_trecho10,"Das noites frias, café com leite Um beijo quente, ao som de Djavan",Luan Santana,2015,13,https://www.letras.mus.br/luan-santana/cafe-com-leite/,-1
554,Café e Amor,musica554,musica554_trecho3,Melhor terminar Cada um por si Um ponto final Ás vezes é o começo e não o fim,Gusttavo Lima,2021,18,https://www.letras.mus.br/gusttavo-lima/cafe-e-amor/,-1
1229,Calafrio,musica1229,musica1229_trecho2,"Sinto um silêncio e um vazio, bate o desespero Não vejo a hora de você voltar E no espelho ainda tem escrito em vermelho Dentro de um coração: Tô indo embora!",Henrique & Juliano,2014,31,https://www.letras.mus.br/henrique-e-juliano/calafrio/,-1
1229,Calafrio,musica1229,musica1229_trecho3,"Pra nunca mais voltar, foi tão difícil suportar A dor de ouvir o seu adeus, seu adeus Eu não vou mais chorar, eu sei, você quer me amar Eu vou deixar o tempo te mostrar Que o seu amor sou eu",Henrique & Juliano,2014,41,https://www.letras.mus.br/henrique-e-juliano/calafrio/,-1
427,Calma,musica427,musica427_trecho3,"Calma, a sua insegurança não te leva a nada Eu quero ser seu homem, te fazer amada Amar, amar você até você se amar e me amar",Jorge & Mateus,2015,27,https://www.letras.mus.br/jorge-mateus/calma/,-1
427,Calma,musica427,musica427_trecho4,"Calma, a sua insegurança não te leva a nada Eu quero ser seu homem, te fazer amada Amar, amar você até você se amar e me amar Calma!",Jorge & Mateus,2015,28,https://www.letras.mus.br/jorge-mateus/calma/,-1
15,Cantada,musica15,musica15_trecho2,"Se esse sorriso for pra mim Eu sou o cara que tem mais sorte no mundo Azar de quem perdeu, agora sou eu Quem vai te queimar no meu fogo E amanhã vai ter de novo",Luan Santana,2015,36,https://www.letras.mus.br/luan-santana/cantada/,-1
15,Cantada,musica15,musica15_trecho8,Pela luz do Sol que me ilumina Não existe nada mais que me fascina Que te ver chegar,Luan Santana,2015,18,https://www.letras.mus.br/luan-santana/cantada/,-1
36,Cantada Boba,musica36,musica36_trecho2,"Você me ganha numa cantada boba Minha maior fraqueza é sua voz no ouvido Pra tirar minha roupa, você sabe a brecha O atalho, o caminho E pra levantar da sua cama é um sacrifício",Jorge & Mateus,2024,35,https://www.letras.mus.br/jorge-mateus/cantada-boba/,-1
36,Cantada Boba,musica36,musica36_trecho3,"Você me ganha numa cantada boba Minha maior fraqueza é sua voz no ouvido Pra tirar minha roupa, você sabe a brecha O atalho, o caminho E pra levantar da sua cama é um sacrifício Você me ganha numa cantada boba",Jorge & Mateus,2024,41,https://www.letras.mus.br/jorge-mateus/cantada-boba/,-1
36,Cantada Boba,musica36,musica36_trecho5,"Você me ganha numa cantada boba Minha maior fraqueza é sua voz no ouvido Pra tirar minha roupa, você sabe a brecha O atalho, o caminho E pra levantar da sua cama",Jorge & Mateus,2024,32,https://www.letras.mus.br/jorge-mateus/cantada-boba/,-1
143,Canudinho (part. Ana Castela),musica143,musica143_trecho1,Canudinho é o nome dela,Gusttavo Lima,2024,5,https://www.letras.mus.br/gusttavo-lima/canudinho-part-ana-castela/,-1
186,Carta Aberta,musica186,musica186_trecho1,Posso amar outra pessoa Que ainda assim eu vou amar você Porque coração tem seus departamentos E cabe uma pancada de gente dentro,Henrique & Juliano,2023,23,https://www.letras.mus.br/henrique-e-juliano/carta-aberta/,-1
186,Carta Aberta,musica186,musica186_trecho2,"Não me pergunte como Eu sinto que tem como Eu sinto que o que eu sinto, isso faz tempo Faz tempo",Henrique & Juliano,2023,21,https://www.letras.mus.br/henrique-e-juliano/carta-aberta/,-1
186,Carta Aberta,musica186,musica186_trecho3,"Eu quis demais, você não quis Não quero mais, eu avisei E um dia avisado Não ia adiantar mais",Henrique & Juliano,2023,19,https://www.letras.mus.br/henrique-e-juliano/carta-aberta/,-1
186,Carta Aberta,musica186,musica186_trecho5,Pensar na gente pode Mas eu não recomendo Talvez eu não mereça essa água escorrendo Eu já consigo ver saudade Na foto que cê vai postar bebendo,Henrique & Juliano,2023,27,https://www.letras.mus.br/henrique-e-juliano/carta-aberta/,-1
186,Carta Aberta,musica186,musica186_trecho6,Também vou sentir saudade Vou querer voltar correndo Mas parece que eu não quero nem pensar nesse momento É que eu tô tão grande dentro de mim Que o espaço que sobrou não tá te cabendo,Henrique & Juliano,2023,36,https://www.letras.mus.br/henrique-e-juliano/carta-aberta/,-1
605,Carta Branca,musica605,musica605_trecho3,Você tem carta branca nesse meu coração Eu amo você Estou de corpo e alma entregue em suas mãos Quero dizer que ninguém no mundo vai te amar assim É tanto amor que esqueço até de mim,Gusttavo Lima,2015,37,https://www.letras.mus.br/gusttavo-lima/carta-branca/,-1
1284,Cartaz,musica1284,musica1284_trecho1,Eu sonhei com você Eu quero me deitar Numa tarde assim namorar Entre o azul do céu e o verde do mar Tanta coisa ainda há,Jorge & Mateus,2012,26,https://www.letras.mus.br/jorge-mateus/833961/,-1
606,Casa Amarela,musica606,musica606_trecho3,E o vigilante tá mandando a real Não vale a pena eu ficar passando mal Tem só três dias que ela me deixou Faz mais de um mês Que esse carro preto busca o meu amor,Guilherme & Santiago,2016,36,https://www.letras.mus.br/guilherme-e-santiago/casa-amarela/,-1
606,Casa Amarela,musica606,musica606_trecho4,"E o vigilante tá mandando a real Não vale a pena eu ficar passando mal Tem só três dias que ela me deixou Faz mais de um mês Que esse carro preto busca o meu amor Agora, acabou",Guilherme & Santiago,2016,38,https://www.letras.mus.br/guilherme-e-santiago/casa-amarela/,-1
606,Casa Amarela,musica606,musica606_trecho9,"Faz mais de um mês Que esse carro preto busca o meu amor Agora, acabou",Guilherme & Santiago,2016,15,https://www.letras.mus.br/guilherme-e-santiago/casa-amarela/,-1
1112,Caso Consumado,musica1112,musica1112_trecho2,Você vai ver o que perdeu quando me encontrar Nos braços de outro alguém Aí cê vai chorar,Gusttavo Lima,2008,18,https://www.letras.mus.br/gusttavo-lima/1541348/,-1
1112,Caso Consumado,musica1112,musica1112_trecho4,Meus pensamentos a chorar Preso no tempo Sem chance de voltar,Gusttavo Lima,2008,11,https://www.letras.mus.br/gusttavo-lima/1541348/,-1
3,Caso Indefinido,musica3,musica3_trecho1,"Será que alguém explica a nossa relação? Um caso indefinido, mas rola paixão Adoro esse perigo, mexe demais comigo Mas não te tenho em minhas mãos",Cristiano Araújo,2013,26,https://www.letras.mus.br/cristiano-araujo/caso-indefinido/,-1
3,Caso Indefinido,musica3,musica3_trecho2,"Se você quiser Podemos ser um caso indefinido ou nada mais Apenas bons amigos, namorar, casar, ter filhos Passar a vida inteira juntos, oh",Cristiano Araújo,2013,24,https://www.letras.mus.br/cristiano-araujo/caso-indefinido/,-1
3,Caso Indefinido,musica3,musica3_trecho4,"Se você quiser A gente casa ou namora A gente fica ou enrola O que eu mais quero é que você me queira, oh",Cristiano Araújo,2013,24,https://www.letras.mus.br/cristiano-araujo/caso-indefinido/,-1
3,Caso Indefinido,musica3,musica3_trecho5,"Se você quiser A gente casa ou namora A gente fica ou enrola O que eu mais quero é que você me queira, oh Por um momento ou pra vida inteira",Cristiano Araújo,2013,31,https://www.letras.mus.br/cristiano-araujo/caso-indefinido/,-1
1501,Castigo,musica1501,musica1501_trecho2,"Sei que não sou santo Nunca fui um anjo, mas não sou ruim E quando eu amo sou do meu amor Quero ela só pra mim Quando você quer você me abandona Me deixa o pó do caco, me manda pra lona Aí eu canto e bebo pra tentar te esquecer",Jorge & Mateus,2007,51,https://www.letras.mus.br/jorge-mateus/941326/,-1
1501,Castigo,musica1501,musica1501_trecho4,"Sei que não sou santo, nunca fui um anjo, mas não sou ruim E quando eu amo, sou do meu amor, quero ela só pra mim Quando você quer você me abandona Me deixa o pó do caco, me manda pra lona Aí eu canto e bebo pra tentar te esquecer",Jorge & Mateus,2007,51,https://www.letras.mus.br/jorge-mateus/941326/,-1
1248,Catra Presidente (part. Mr. Catra),musica1248,musica1248_trecho4,Segunda-feira é folga Terça ninguém trabalha De quarta a domingo é dia de balada Vote 69 que ele não te engana Imagina o Catra presidente uma semana?,Thiago Matheus,2017,27,https://www.letras.mus.br/thiagomatheus/catra-presidente/,-1
939,Cds e Livros,musica939,musica939_trecho1,Cada sorriso numa foto Lembranças do meu coração Sentados no sofá da sala Falamos da nossa paixão,Léo Magalhães,2014,17,https://www.letras.mus.br/leo-magalhaes/cds-e-livros/,-1
939,Cds e Livros,musica939,musica939_trecho3,"Pegue todos os cd's Pegue nossos livros, as fotografias Joga fora no lixo, leve suas roupas O quadro da sala, sua liberdade Leve na sua mala",Léo Magalhães,2014,26,https://www.letras.mus.br/leo-magalhaes/cds-e-livros/,-1
939,Cds e Livros,musica939,musica939_trecho4,"Fico no vazio imenso Desse apartamento Vou te arrancar do meu pensamento Me deixe sozinho, eu e o violão Vou te deletar do meu coração.",Léo Magalhães,2014,25,https://www.letras.mus.br/leo-magalhaes/cds-e-livros/,-1
1526,Cê É Louco!,musica1526,musica1526_trecho2,"Quero ver o seu vestido preto jogado no chão Quero ver a minha boca, suja com seu batom Quero ouvir você falar, baixinho em meu ouvido Fica mais um pouco, amor",Bruninho e Davi,2014,31,https://www.letras.mus.br/bruninho-davi/ce-e-louco/,-1
931,Cê Me Conhece Eu Me Conheço,musica931,musica931_trecho1,Eu tô saindo nessa porta agora E tô olhando pra trás pra falar Que você não pode ser idiota De vir correndo sempre que eu te chamar,Henrique & Juliano,2025,27,https://www.letras.mus.br/henrique-e-juliano/ce-me-conhece-e-eu-me-conheco/,-1
931,Cê Me Conhece Eu Me Conheço,musica931,musica931_trecho2,"Cê facilita o processo do choro descer Do arrependimento vir Esfregar na sua cara que de novo eu usei você Ó, tem que aprender a não me atender",Henrique & Juliano,2025,28,https://www.letras.mus.br/henrique-e-juliano/ce-me-conhece-e-eu-me-conheco/,-1
931,Cê Me Conhece Eu Me Conheço,musica931,musica931_trecho3,"Cê me conhece, eu me conheço Depois de uns copo seco Eu lembro o telefone, eu lembro o endereço Eu ligo e apareço, cê acha que é saudade Mas, na verdade, cê sabe, é tesão E cê tá levando pro coração E quer que eu sinta saudade nossa Saudade é uma palavra forte pro que eu sinto da gente lá fora",Henrique & Juliano,2025,61,https://www.letras.mus.br/henrique-e-juliano/ce-me-conhece-e-eu-me-conheco/,-1
931,Cê Me Conhece Eu Me Conheço,musica931,musica931_trecho5,Cê facilita o processo do choro descer Do arrependimento vir Esfregar na sua cara que de novo eu usei você Cê tem que aprender a não me atender,Henrique & Juliano,2025,28,https://www.letras.mus.br/henrique-e-juliano/ce-me-conhece-e-eu-me-conheco/,-1
491,Cê Que Sabe,musica491,musica491_trecho2,"O que temos pra hoje é saudade Mas qual de nós vai procurar Um pretexto, um motivo pra voltar Foi ontem, mas eu já sinto vontade Das bocas juntas e o calor Do nosso lugarzinho de amor",Cristiano Araújo,2014,37,https://www.letras.mus.br/cristiano-araujo/ce-que-sabe/,-1
491,Cê Que Sabe,musica491,musica491_trecho8,"Nossa relação tem tudo pra dar certo Nós já estamos tão perto, tão perto O que temos pra hoje é saudade",Cristiano Araújo,2014,21,https://www.letras.mus.br/cristiano-araujo/ce-que-sabe/,-1
794,CERTEZA,musica794,musica794_trecho2,"A gente ouviu muito mais: Não vai dar certo Do que: Vai dar certo Mas esses pitacos nunca levamos a sério Corpo às vezes longe, coração sempre perto Você sempre soube o que cê quis Eu sempre soube o que eu quero",Luan Santana,2024,42,https://www.letras.mus.br/luan-santana/certeza/,-1
794,CERTEZA,musica794,musica794_trecho3,"A única dúvida entre eu e você É que filme assistir, o que a gente vai comer Qual a roupa pra sair, quem dirige, quem vai beber Qual igreja vai casar, comprar casa ou um apê Fazer festa ou viajar, qual o nome do bebê",Luan Santana,2024,45,https://www.letras.mus.br/luan-santana/certeza/,-1
1477,Certos Detalhes,musica1477,musica1477_trecho4,"É complicado pra você viver a minha vida Mas se tá disposta eu vou, buscar outra saída Eu já tentei deixar rolar dizer que tanto faz Mas certos detalhes fazem eu te amar demais",Conrado e Aleksandro,2013,34,https://www.letras.mus.br/conrado-aleksandro/1928633/,-1
1477,Certos Detalhes,musica1477,musica1477_trecho5,É complicado pra você viver a minha vida Mas se tá disposta eu vou buscar outra saída Eu já tentei deixar rolar dizer que tanto faz Mas certos detalhes fazem eu te amar demais,Conrado e Aleksandro,2013,34,https://www.letras.mus.br/conrado-aleksandro/1928633/,-1
1477,Certos Detalhes,musica1477,musica1477_trecho9,É complicado pra você viver a minha vida Mas se tá disposta eu vou buscar outra saída Eu já tentei deixar rolar dizer que tanto faz Mas certos detalhes fazem eu te amar demais Eu te amar demais,Conrado e Aleksandro,2013,38,https://www.letras.mus.br/conrado-aleksandro/1928633/,-1
1360,Céu Particular,musica1360,musica1360_trecho1,"Eu hoje amanheci cantando, flutuando Dando bom dia pro Sol Acordei com você, perfume de buquê Sou seu beija-flor, você é o meu girassol",Henrique & Juliano,2014,24,https://www.letras.mus.br/henrique-e-juliano/ceu-particular/,-1
1360,Céu Particular,musica1360,musica1360_trecho2,"Bom dia, flor do dia, hoje tem café na cama Pensei que não ia chegar o fim de semana Esperei tanto pra ter ver, pedi pro tempo correr Até você chegar, agora rezo pra ele parar",Henrique & Juliano,2014,36,https://www.letras.mus.br/henrique-e-juliano/ceu-particular/,-1
1360,Céu Particular,musica1360,musica1360_trecho3,"Vamos fazer desse lugar, nosso céu particular Deixa o povo perguntar onde será que a gente tá Vamos fazer desse lugar, nosso céu particular Porque o melhor lugar é onde você está",Henrique & Juliano,2014,32,https://www.letras.mus.br/henrique-e-juliano/ceu-particular/,-1
299,Chá de Casa Nova,musica299,musica299_trecho1,"Hoje eu acordei com uma notícia que era melhor eu continuar dormindo E no lugar do café, abri uma cerveja pra ver se eu acredito",Henrique & Juliano,2021,25,https://www.letras.mus.br/henrique-e-juliano/cha-de-casa-nova/,-1
299,Chá de Casa Nova,musica299,musica299_trecho3,"Minha vontade é baixar na sua porta E jogar pra fora a raiva que eu senti Mas esse sorriso aí eu nunca vi No fundo, eu tô feliz por você tá feliz",Henrique & Juliano,2021,32,https://www.letras.mus.br/henrique-e-juliano/cha-de-casa-nova/,-1
1174,Chega Mais Pra Cá (part. Gusttavo Lima),musica1174,musica1174_trecho2,Só quero o seu carinho Eu sei que não estou sozinho,Humberto e Ronaldo,2012,11,https://www.letras.mus.br/humberto-ronaldo/1846775/,-1
1136,Chocolate,musica1136,musica1136_trecho4,Você é mais preciosa E bem mais brilhante Que um Diamante Negro Penso em você todo tempo E nesse seu Talento De me fazer feliz,Luan Santana,2009,25,https://www.letras.mus.br/luan-santana/1306429/,-1
417,"Chora, Me Liga",musica417,musica417_trecho2,Não vai ser tão fácil assim Você me ter nas mãos Logo você que era acostumada A brincar com outro coração,João Bosco & Vinícius,2009,21,https://www.letras.mus.br/joao-bosco-viniciusacustico/1334799/,-1
417,"Chora, Me Liga",musica417,musica417_trecho3,Não venha me perguntar Qual a melhor saída Eu sofri muito por amor Agora eu vou curtir a vida,João Bosco & Vinícius,2009,19,https://www.letras.mus.br/joao-bosco-viniciusacustico/1334799/,-1
229,Choram as Rosas (Lloran las Rosas),musica229,musica229_trecho2,Chora minh'alma Como um pássaro de asas machucadas Nos meus sonhos te procuro Chora minh'alma,Bruno & Marrone,2005,15,https://www.letras.mus.br/bruno-e-marrone/747791/,-1
229,Choram as Rosas (Lloran las Rosas),musica229,musica229_trecho5,"Falta seu cheiro Que eu sentia quando você me abraçava Sem teu corpo, sem teu beijo Tudo é sem graça",Bruno & Marrone,2005,20,https://www.letras.mus.br/bruno-e-marrone/747791/,-1
1127,"Chove, Chove",musica1127,musica1127_trecho2,"Achei que fosse fácil, amor Mas foi difícil achar você Faltou só um pouquinho, flor Pra aquele beijo acontecer",Jorge & Mateus,2010,19,https://www.letras.mus.br/jorge-mateus/1701393/,-1
1127,"Chove, Chove",musica1127,musica1127_trecho3,"E sem motivos quer me achar Olha pro céu que eu vou tá lá Em cada gota que chover Amor, molhar você",Jorge & Mateus,2010,22,https://www.letras.mus.br/jorge-mateus/1701393/,-1
1127,"Chove, Chove",musica1127,musica1127_trecho11,Chove em mim você Chove em mim você Chove em mim você,Jorge & Mateus,2010,12,https://www.letras.mus.br/jorge-mateus/1701393/,-1
330,Ciumeira,musica330,musica330_trecho1,"No começo, eu entendia Mas era só cama, não tinha amor Lembro quando você dizia Vou desligar porque ela chegou",Marília Mendonça,2019,20,https://www.letras.mus.br/marilia-mendonca/ciumeira/,-1
330,Ciumeira,musica330,musica330_trecho2,"E a gente foi se envolvendo, perdendo o medo Não tinha lugar e nem hora pra dar um beijo Coração não tá mais aceitando Só metade do seu: Te amo",Marília Mendonça,2019,30,https://www.letras.mus.br/marilia-mendonca/ciumeira/,-1
330,Ciumeira,musica330,musica330_trecho3,É uma ciumeira atrás da outra Ter que dividir seu corpo e a sua boca Tá bom que eu aceitei por um instante A verdade é que amante não quer ser amante,Marília Mendonça,2019,32,https://www.letras.mus.br/marilia-mendonca/ciumeira/,-1
330,Ciumeira,musica330,musica330_trecho4,É uma ciumeira atrás da outra Ter que dividir seu corpo e a sua boca Tá bom que eu aceitei por um instante A verdade é que amante não que ser amante É uma ciumeira atrás da outra,Marília Mendonça,2019,38,https://www.letras.mus.br/marilia-mendonca/ciumeira/,-1
330,Ciumeira,musica330,musica330_trecho5,"E a gente foi se envolvendo, perdendo o medo Não tinha lugar e em hora pra dar um beijo Coração não tá mais aceitando Só metade do seu: Te amo",Marília Mendonça,2019,30,https://www.letras.mus.br/marilia-mendonca/ciumeira/,-1
763,Ciumenta,musica763,musica763_trecho2,"Ciumenta Para de ser tão ciumenta Desse jeito nenhum homem te aguenta Ah, eu já não sei o que fazer",César Menotti & Fabiano,2008,20,https://www.letras.mus.br/cesar-menotti-e-fabiano/1280619/,-1
763,Ciumenta,musica763,musica763_trecho3,Ciumenta Para de ser tão ciumenta Desse jeito nenhum homem te aguenta Se liga ou você vai me perder,César Menotti & Fabiano,2008,19,https://www.letras.mus.br/cesar-menotti-e-fabiano/1280619/,-1
1100,Clichê (part. Jorge & Mateus),musica1100,musica1100_trecho1,"Criei canções e melodias pra te conquistar, Em cada verso, poesia pra me declarar. Mas só palavras não vão traduzir o que é Te olhar nos olhos e te ver sorrir.",João Neto e Frederico,2013,31,https://www.letras.mus.br/joao-neto-frederico/cliche/,-1
1100,Clichê (part. Jorge & Mateus),musica1100,musica1100_trecho4,"A noite cai, o meu sonho é você, Dizer te amo já tá virando clichê. Mas eu tô repetindo pra você saber, Que eu adoro amar você!",João Neto e Frederico,2013,27,https://www.letras.mus.br/joao-neto-frederico/cliche/,-1
341,Cobaia (part. Maiara & Maraisa),musica341,musica341_trecho1,"Você tem um emprego pra mim? Olha aí Qualquer coisa que, que me mantenha perto de você Posso fazer cafuné no cabelo Vigio o seu sono, sei lá Até provo o seu beijo Pra ver se a barba vai me arranhar Eu posso ser fiscal do seu olhar Nem precisa pagar",Lauana Prado,2018,51,https://www.letras.mus.br/lauana-prado/cobaia/,-1
341,Cobaia (part. Maiara & Maraisa),musica341,musica341_trecho2,Pego sua toalha Pra quando você sair do banho Posso ser a cobaia Pra quando você fizer seus planos,Lauana Prado,2018,19,https://www.letras.mus.br/lauana-prado/cobaia/,-1
341,Cobaia (part. Maiara & Maraisa),musica341,musica341_trecho3,"Quando for beijar alguém Testa esse beijo em mim Antes de amar, meu bem Testa esse amor em mim",Lauana Prado,2018,19,https://www.letras.mus.br/lauana-prado/cobaia/,-1
1161,Coisa e Tal,musica1161,musica1161_trecho3,"Comprei seu perfume pra lembrar do seu cheiro Chorei por você aqui em meu travesseiro Pra sentir sua presença, achei aquele ursinho Jogado no canto do quarto Reli as mensagens aqui em meu celular O último te amo fiz questão de guardar Como aceitar que você se foi? Não dá",Lucas Lucco,2014,50,https://www.letras.mus.br/lucas-lucco/coisa-e-tal/,-1
1161,Coisa e Tal,musica1161,musica1161_trecho6,"Comprei seu perfume pra lembrar do seu cheiro Chorei por você aqui em meu travesseiro Pra sentir sua presença, achei aquele ursinho Jogado no canto do quarto Reli as mensagens aqui em meu celular O último te amo fiz questão de guardar Como aceitar que você se foi? Não dá (ie, ie)",Lucas Lucco,2014,52,https://www.letras.mus.br/lucas-lucco/coisa-e-tal/,-1
1066,Coisas de Quem Ama,musica1066,musica1066_trecho3,"Sempre te fez sorrir Admite, eu sei que também sente falta Dos dias difíceis, da falta de grana De pipoca e filme todo fim de semana Eu ia de comédia, você sempre de drama Um colchão na sala, nós dois de pijama Coisas de quem ama Coisas de quem ama",Jorge & Mateus,2015,50,https://www.letras.mus.br/jorge-mateus/coisas-de-quem-ama/,-1
570,Coisas Esotéricas,musica570,musica570_trecho1,"A minha cabeça está virada Fico louco pela madrugada À procura de alguém, um ombro pra chorar Só por seu amor, seu amor, seu amor",Maria Cecília e Rodolfo,2008,25,https://www.letras.mus.br/maria-cecilia-rodolfo/1293127/,-1
1148,Coitado,musica1148,musica1148_trecho3,"Se acha o bicho Nem era tudo aquilo Que contava pros amigos Eu sempre te defino Desanimador, prepotente e arrogante Não serve pra amante Talvez nem pra ficante",Naiara Azevedo,2016,28,https://www.letras.mus.br/naiara-azevedo/1850616/,-1
1148,Coitado,musica1148,musica1148_trecho4,E não se esqueça Que no final de tudo Quem vive de baixaria Leva a fama de chifrudo,Naiara Azevedo,2016,18,https://www.letras.mus.br/naiara-azevedo/1850616/,-1
1548,Coladinha Em Mim (part. Anitta),musica1548,musica1548_trecho2,"Se eu tô falando isso É que eu quero compromisso Quero mais que uma noite de desejo Já tô até pensando aqui, amor, em te dar um presente Mas ainda não sei embrulhar um beijo",Gustavo Mioto,2017,35,https://www.letras.mus.br/gustavo-mioto/coladinha-em-mim/,-1
1548,Coladinha Em Mim (part. Anitta),musica1548,musica1548_trecho3,E se eu te entregar pessoalmente Aí vai compensar Boca com boca não tem frete Nem demora pra chegar Prometo que cê vai gostar,Gustavo Mioto,2017,24,https://www.letras.mus.br/gustavo-mioto/coladinha-em-mim/,-1
1548,Coladinha Em Mim (part. Anitta),musica1548,musica1548_trecho7,"Tô falando isso É que eu quero compromisso Quero mais que uma noite de desejo Já tô até pensando aqui, amor, em te dar um presente É que eu ainda não sei embrulhar um beijo",Gustavo Mioto,2017,35,https://www.letras.mus.br/gustavo-mioto/coladinha-em-mim/,-1
1548,Coladinha Em Mim (part. Anitta),musica1548,musica1548_trecho8,E quando te entregar pessoalmente Aí vai compensar Boca com boca não tem frete Nem demora pra chegar Prometo que cê vai gostar,Gustavo Mioto,2017,23,https://www.letras.mus.br/gustavo-mioto/coladinha-em-mim/,-1
385,Com Ou Sem Mim,musica385,musica385_trecho1,"Se você não me disser a verdade Não tem como eu ajudar, minha metade Se tem outro em meu lugar Se você quer colocar Te deixo livre pra viver",Gustavo Mioto,2020,29,https://www.letras.mus.br/gustavo-mioto/com-ou-sem-mim/,-1
385,Com Ou Sem Mim,musica385,musica385_trecho2,Não prometo te esperar Coração vai cicatrizar E uma hora eu sei que vou te esquecer Se era medo de me machucar Já tem o meu perdão Tá esperando o que?,Gustavo Mioto,2020,31,https://www.letras.mus.br/gustavo-mioto/com-ou-sem-mim/,-1
385,Com Ou Sem Mim,musica385,musica385_trecho4,"Se tem outro em meu lugar Ou se você quer colocar Te deixo livre, livre pra viver Não prometo te esperar Coração vai cicatrizar E uma hora eu sei que vou te esquecer Se era medo de me machucar Tá esperando o que?",Gustavo Mioto,2020,43,https://www.letras.mus.br/gustavo-mioto/com-ou-sem-mim/,-1
385,Com Ou Sem Mim,musica385,musica385_trecho6,Com ou sem mim Com ou sem mim,Gustavo Mioto,2020,8,https://www.letras.mus.br/gustavo-mioto/com-ou-sem-mim/,-1
1124,Com Você,musica1124,musica1124_trecho1,Conhece todos os meus segredos Sabe o ponto fraco do meu coração Me acalma quando eu sinto medo E minha segurança está em suas mãos,Henrique & Diego,2013,25,https://www.letras.mus.br/henrique-diego/com-voce/,-1
386,Como Faz Com Ela,musica386,musica386_trecho1,Vai se preparando que eu não vou ter paciência Se acha que eu não sei o que aprontou na minha ausência Não vou deixar barato Não vou fingir que não vi Eu já fiquei sabendo De outras bocas por ai,Marília Mendonça,2015,40,https://www.letras.mus.br/marilia-mendonca/como-faz-com-ela/,-1
386,Como Faz Com Ela,musica386,musica386_trecho3,"É saber se você faz amor comigo como faz com ela Se quando beija, morde a boca dela Fala besteira no ouvido, como faz comigo Tudo o que eu preciso É saber se você faz amor comigo como faz com ela",Marília Mendonça,2015,41,https://www.letras.mus.br/marilia-mendonca/como-faz-com-ela/,-1
386,Como Faz Com Ela,musica386,musica386_trecho4,"Se quando beija, morde a boca dela Fala besteira no ouvido, como faz comigo Tudo o que eu preciso É saber se você faz amor comigo como faz com ela, ôôô Se é melhor com ela",Marília Mendonça,2015,36,https://www.letras.mus.br/marilia-mendonca/como-faz-com-ela/,-1
386,Como Faz Com Ela,musica386,musica386_trecho8,"Saber se você faz amor comigo como faz com ela Se quando beija, morde a boca dela Fala besteira no ouvido, como faz comigo Tudo o que eu preciso É saber se você faz amor comigo como faz com ela, ôôô Se é melhor com ela",Marília Mendonça,2015,46,https://www.letras.mus.br/marilia-mendonca/como-faz-com-ela/,-1
386,Como Faz Com Ela,musica386,musica386_trecho9,Saber se você faz amor comigo como faz com ela,Marília Mendonça,2015,10,https://www.letras.mus.br/marilia-mendonca/como-faz-com-ela/,-1
1275,Como Não Me Apaixonar,musica1275,musica1275_trecho2,"Do seu olhar do sorriso lindo Do jeito de falar Quando me ligar, brinca Muda a voz pede pra adivinhar E no meu aniversário Virou meia noite é a primeira a lembrar E as minhas melhores risadas Somente você consegue arrancar Como não me apaixonar Como não me apaixonar",Jorge & Mateus,2015,49,https://www.letras.mus.br/jorge-mateus/como-nao-me-apaixonar/,-1
1275,Como Não Me Apaixonar,musica1275,musica1275_trecho3,"Tenho a certeza e aquela incerteza Não existe mais, ficou pra trás O meu pensamento, vive e pensa todo tempo E me pede mais, eu vou atrás",Jorge & Mateus,2015,27,https://www.letras.mus.br/jorge-mateus/como-nao-me-apaixonar/,-1
321,Como Um Anjo,musica321,musica321_trecho2,"Como um anjo Encanto, sedução Doce aventura Uuuh, que loucura Você desabrochando No meu coração",César Menotti & Fabiano,2005,15,https://www.letras.mus.br/cesar-menotti-e-fabiano/235658/,-1
750,Compensa Me Amar,musica750,musica750_trecho4,E depois que a nossa cama esquentar Cê vai ver que compensa me amar E no chão da nossa sala vai rolar Cê vai ver que compensa me amar,Henrique & Juliano,2015,29,https://www.letras.mus.br/henrique-e-juliano/compensa-me-amar/,-1
1285,Complicados Demais,musica1285,musica1285_trecho4,Se nos sentimos como a terra e o mar E o desamor desfez um sonho lindo desse jeito Feito uma nuvem no céu Eu não queria mesmo acreditar Que o ser humano tão sereno fosse assim Um oposto afim de causar confusão,Paula Fernandes,2009,42,https://www.letras.mus.br/paula-fernandes/1498434/,-1
1285,Complicados Demais,musica1285,musica1285_trecho5,Eu estarei aqui esperando você Se redimindo do teu erro pra ver Teus olhos rasos decidido a voltar Sem ter ciúme vem pra mim vem me amar,Paula Fernandes,2009,27,https://www.letras.mus.br/paula-fernandes/1498434/,-1
1336,Contar Pra Quê?,musica1336,musica1336_trecho1,Deixa do jeito que tá Por mim tá tudo bem Mas deixa eu te perguntar Tá bom pra você também? Hein?,Henrique & Juliano,2015,21,https://www.letras.mus.br/henrique-e-juliano/contar-pra-que/,-1
1336,Contar Pra Quê?,musica1336,musica1336_trecho4,"E ali debaixo das luzes Nos muros, escrevo Meu nome, seu nome Pro mundo saber",Henrique & Juliano,2015,15,https://www.letras.mus.br/henrique-e-juliano/contar-pra-que/,-1
1336,Contar Pra Quê?,musica1336,musica1336_trecho6,"E ali debaixo das luzes Nos muros, escrevo Meu nome, seu nome Pro mundo saber Contar pra quê?",Henrique & Juliano,2015,18,https://www.letras.mus.br/henrique-e-juliano/contar-pra-que/,-1
1336,Contar Pra Quê?,musica1336,musica1336_trecho7,Deixa do jeito que tá Por mim tá tudo bem Mas deixa eu te perguntar Tá bom pra você também?,Henrique & Juliano,2015,20,https://www.letras.mus.br/henrique-e-juliano/contar-pra-que/,-1
1559,Conto de Fadas,musica1559,musica1559_trecho2,"Jurei não te deixar Falei que não iria te fazer chorar Que apostaria tudo nessa relação Mas para, espera um pouco, tenho a explicação",Israel & Rodolffo,2012,24,https://www.letras.mus.br/israel-rodolfo/1986805/,-1
1559,Conto de Fadas,musica1559,musica1559_trecho4,"Agora pode me xingar que pra mim tanto faz Pode se revoltar, mostrar a sua ira Era tudo mentira Entenda que não quero mais Passou, ficou pra trás Agora tanto faz e eu não sinto nada Você caiu no meu conto de fadas",Israel & Rodolffo,2012,43,https://www.letras.mus.br/israel-rodolfo/1986805/,-1
444,Contramão,musica444,musica444_trecho1,Me fala qual é o seu perfume Que ainda hoje eu vou comprar Tô sentindo minha vida tão sem cheiro E eu já sei qual quero dar,Gustavo Mioto,2017,27,https://www.letras.mus.br/gustavo-mioto/contramao/,-1
444,Contramão,musica444,musica444_trecho3,E nas curvas do seu corpo Invadir a contramão Dar de frente com seu peito SOS coração,Gustavo Mioto,2017,17,https://www.letras.mus.br/gustavo-mioto/contramao/,-1
444,Contramão,musica444,musica444_trecho5,Me fala qual é o seu perfume Que ainda hoje eu vou comprar Tô sentindo a minha vida tão sem cheiro E eu já sei qual quero dar,Gustavo Mioto,2017,28,https://www.letras.mus.br/gustavo-mioto/contramao/,-1
444,Contramão,musica444,musica444_trecho7,E nas curvas do seu corpo Invadir a contramão Dar de frente com teu peito SOS coração,Gustavo Mioto,2017,17,https://www.letras.mus.br/gustavo-mioto/contramao/,-1
1405,Copinho,musica1405,musica1405_trecho1,"Co-co-co-copinho descartável Me usou, amassou e jogou fora E agora, meu amor, o que é que eu faço Sem você o meu coração chora",Henrique & Diego,2013,24,https://www.letras.mus.br/henrique-diego/1805939/,-1
379,Cor de Ouro,musica379,musica379_trecho1,"Nunca pensei que um dia fosse ser assim Você chegou sem dizer nada, tomou conta de mim Antes de você chegar só tinha solidão Somente marcas e feridas no meu coração Amor você é tudo que eu preciso Com você eu tô no céu, eu tô no paraíso",Gusttavo Lima,2008,48,https://www.letras.mus.br/gusttavo-lima/1612175/,-1
379,Cor de Ouro,musica379,musica379_trecho4,"Nunca pensei que um dia fosse ser assim Você chegou sem dizer nada tomou conta de mim Antes de você chegar só tinha solidão Somente marcas e feridas no meu coração Amor você é tudo que eu preciso Com você eu tô no céu, eu tô no paraíso",Gusttavo Lima,2008,48,https://www.letras.mus.br/gusttavo-lima/1612175/,-1
944,Coração Apertado,musica944,musica944_trecho2,Eu tô vendo as horas passar E aqui dentro tudo faz lembrar Tem seu cheiro Grudado no meu cobertor,Thaeme e Thiago,2014,19,https://www.letras.mus.br/thaeme-thiago/coracao-apertado-2/,-1
944,Coração Apertado,musica944,musica944_trecho3,E já é madrugada Já bate o desespero Não vou ficar em casa Pra ver se eu te esqueço,Thaeme e Thiago,2014,19,https://www.letras.mus.br/thaeme-thiago/coracao-apertado-2/,-1
944,Coração Apertado,musica944,musica944_trecho6,Se der um sorriso não vou resistir Sua boca dizendo te quero pra mim Que me esperou Que tava com saudade amor,Thaeme e Thiago,2014,22,https://www.letras.mus.br/thaeme-thiago/coracao-apertado-2/,-1
44,Coração Bandido (part. Maiara & Maraisa),musica44,musica44_trecho1,"Você me pergunta por que estou assim Os olhos chorando, tristeza sem fim Você sempre alegre, e eu sem razão Estou dividido entre o amor e a paixão",Marília Mendonça,2020,28,https://www.letras.mus.br/marilia-mendonca/coracao-bandido-part-maiara-e-maraisa/,-1
44,Coração Bandido (part. Maiara & Maraisa),musica44,musica44_trecho2,Coração bandido esse meu Vive traindo você Coração ingênuo é o seu Todo esse tempo sem perceber,Marília Mendonça,2020,17,https://www.letras.mus.br/marilia-mendonca/coracao-bandido-part-maiara-e-maraisa/,-1
44,Coração Bandido (part. Maiara & Maraisa),musica44,musica44_trecho6,"Paixão é só obsessão No fim, quem sofre é o coração Que perde o verdadeiro amor Coração tava dormindo e acordou Mas está sujeito à solidão",Marília Mendonça,2020,26,https://www.letras.mus.br/marilia-mendonca/coracao-bandido-part-maiara-e-maraisa/,-1
44,Coração Bandido (part. Maiara & Maraisa),musica44,musica44_trecho7,Coração bandido esse meu Vive traindo você Coração ingênuo é o teu Todo esse tempo sem perceber,Marília Mendonça,2020,17,https://www.letras.mus.br/marilia-mendonca/coracao-bandido-part-maiara-e-maraisa/,-1
144,CORAÇÃO CIGANO (part. Luísa Sonza),musica144,musica144_trecho1,"É que eu queria tanto que você ficasse Que ao invés de me soltar, você me abraçasse Dá só mais um pouquinho desse amor cigano Que segue me iludindo, e eu acreditando",Luan Santana,2022,32,https://www.letras.mus.br/luan-santana/coracao-cigano-part-luisa-sonza/,-1
144,CORAÇÃO CIGANO (part. Luísa Sonza),musica144,musica144_trecho3,"Coração cigano, cigano Segue me enganando, mudando De cheiro em cheiro, de beijo em beijo E aqui no meu olhar morando, oh",Luan Santana,2022,22,https://www.letras.mus.br/luan-santana/coracao-cigano-part-luisa-sonza/,-1
144,CORAÇÃO CIGANO (part. Luísa Sonza),musica144,musica144_trecho4,"Coração cigano, cigano Segue me enganando, mudando De cheiro em cheiro, de beijo em beijo E aqui no meu olhar morando",Luan Santana,2022,21,https://www.letras.mus.br/luan-santana/coracao-cigano-part-luisa-sonza/,-1
144,CORAÇÃO CIGANO (part. Luísa Sonza),musica144,musica144_trecho5,Yeah (coração cigano) Segue me enganando,Luan Santana,2022,6,https://www.letras.mus.br/luan-santana/coracao-cigano-part-luisa-sonza/,-1
144,CORAÇÃO CIGANO (part. Luísa Sonza),musica144,musica144_trecho6,"Do que você me dá, eu quero sempre mais Por uma hora ou duas noites, tanto faz Já leu minha mão, meu olhar, meu futuro Já sabe: Se manda mensagem, eu nem durmo Me leva pro céu, lá de cima me joga Esse amor cigano é um caminho sem volta",Luan Santana,2022,50,https://www.letras.mus.br/luan-santana/coracao-cigano-part-luisa-sonza/,-1
144,CORAÇÃO CIGANO (part. Luísa Sonza),musica144,musica144_trecho9,"Coração cigano, cigano Segue me enganando, mudando De cheiro em cheiro, de beijo em beijo E aqui no meu olhar, aqui no meu olhar",Luan Santana,2022,24,https://www.letras.mus.br/luan-santana/coracao-cigano-part-luisa-sonza/,-1
144,CORAÇÃO CIGANO (part. Luísa Sonza),musica144,musica144_trecho10,"Você não entra mais, chega Coração disse: Chega Mas por que meu Deus colocou numa só tanta beleza? E se eu chego à toa e vou tirando a roupa Se eu disser que não quero, ri, que essa piada é boa",Luan Santana,2022,41,https://www.letras.mus.br/luan-santana/coracao-cigano-part-luisa-sonza/,-1
144,CORAÇÃO CIGANO (part. Luísa Sonza),musica144,musica144_trecho11,"Coração cigano, cigano Segue me enganando, mudando De cheiro em cheiro, de beijo em beijo E aqui no meu olhar morando, coração cigano",Luan Santana,2022,23,https://www.letras.mus.br/luan-santana/coracao-cigano-part-luisa-sonza/,-1
144,CORAÇÃO CIGANO (part. Luísa Sonza),musica144,musica144_trecho12,"Coração cigano, cigano Segue me enganando, mudando De cheiro em cheiro, de beijo em beijo E aqui no meu olhar, e aqui no meu olhar morando",Luan Santana,2022,26,https://www.letras.mus.br/luan-santana/coracao-cigano-part-luisa-sonza/,-1
1330,Coração Só Vê Você,musica1330,musica1330_trecho2,"Se eu pudesse te odiar como eu te quero Se eu pudesse te esquecer como eu te espero Eu te deixava, te deixava",João Bosco & Vinícius,2009,23,https://www.letras.mus.br/joao-bosco-viniciusacustico/1451388/,-1
1330,Coração Só Vê Você,musica1330,musica1330_trecho4,"Fácil é dizer, difícil é conviver Sem você tudo é saudade, solidão Fácil é dizer, que é fácil te esquecer O difícil é convencer meu coração",João Bosco & Vinícius,2009,26,https://www.letras.mus.br/joao-bosco-viniciusacustico/1451388/,-1
1330,Coração Só Vê Você,musica1330,musica1330_trecho8,"Fácil é dizer, difícil é conviver Sem você tudo é saudade, solidão Fácil é dizer que é fácil te esquecer O difícil é convencer meu coração",João Bosco & Vinícius,2009,26,https://www.letras.mus.br/joao-bosco-viniciusacustico/1451388/,-1
1583,Criação Divina (part. Paula Fernandes),musica1583,musica1583_trecho1,Deus criou o universo em harmonia Fez o sol que dá calor aos nossos dias Fez a lua pra servir de inspiração E a chuva pra matar a sede no sertão,Zezé Di Camargo & Luciano,2012,31,https://www.letras.mus.br/zeze-di-camargo-e-luciano/criacao-divina/,-1
1583,Criação Divina (part. Paula Fernandes),musica1583,musica1583_trecho2,"Fez o rio só pra se encontrar com o mar Deu o dom a minha voz e o meu cantar Fez a árvore, o fruto e a flor Fez o homem, a mulher e fez o amor",Zezé Di Camargo & Luciano,2012,37,https://www.letras.mus.br/zeze-di-camargo-e-luciano/criacao-divina/,-1
1583,Criação Divina (part. Paula Fernandes),musica1583,musica1583_trecho4,"Deus criou pra cada um seu próprio dom Junto com cada talento uma missão Pra uns a força, astúcia, a fama e o poder Pra outros deu a inquietude do saber",Zezé Di Camargo & Luciano,2012,31,https://www.letras.mus.br/zeze-di-camargo-e-luciano/criacao-divina/,-1
1583,Criação Divina (part. Paula Fernandes),musica1583,musica1583_trecho5,"Da pedra fez o diamante, a prata, o ouro E deu pra cada criatura um tesouro Ele guardou a jóia de maior valor Deu de presente pra este humilde cantador",Zezé Di Camargo & Luciano,2012,30,https://www.letras.mus.br/zeze-di-camargo-e-luciano/criacao-divina/,-1
512,Criança Pequena - Família,musica512,musica512_trecho2,"Idade chega, responsa chega, o tempo começa a voar Troca ingresso de festa Por lista de material escolar Muda demais A cabeça da gente depois que vira pai",Diego e Victor Hugo,2025,28,https://www.letras.mus.br/diego-victor-hugo/familia/,-1
512,Criança Pequena - Família,musica512,musica512_trecho3,"E quando alguém me pergunta o que me motiva todos os dias Por quem eu iria pra guerra, por quem eu daria minha vida Não é o dinheiro, não é o sucesso, esquece a correria E a resposta seria A minha família",Diego e Victor Hugo,2025,42,https://www.letras.mus.br/diego-victor-hugo/familia/,-1
512,Criança Pequena - Família,musica512,musica512_trecho8,Esquece a correria E a resposta seria A minha família,Diego e Victor Hugo,2025,10,https://www.letras.mus.br/diego-victor-hugo/familia/,-1
848,Cronômetro,musica848,musica848_trecho1,"Tá vendo essa garrafa na mesa? Ela vai ser meu cronômetro Contagem regressiva, a minha ampulheta",Matheus & Kauan,2024,16,https://www.letras.mus.br/matheus-kauan/cronometro/,-1
848,Cronômetro,musica848,musica848_trecho2,Assim que cê sair da minha vida E a porta da sala fazer: Pá! Essa tampinha aqui vai fazer: Cleck! E os segundos pra você se arrepender Vão ser contados nos seiscentos ml,Matheus & Kauan,2024,33,https://www.letras.mus.br/matheus-kauan/cronometro/,-1
848,Cronômetro,musica848,musica848_trecho4,"E quando faltar só um copo pra garrafa acabar Acabou seu tempo, acabou a gente Porque amor frio e cerveja quente Eu deixo pra outro tomar Eu deixo pra outro pegar e amar Eu deixo pra lá",Matheus & Kauan,2024,37,https://www.letras.mus.br/matheus-kauan/cronometro/,-1
848,Cronômetro,musica848,musica848_trecho5,Assim que cê sair da minha vida E a porta da sala fazer: Pá! Essa tampinha aqui vai fazer: Cleck! E os segundos pra você se arrepender Vão ser contados nos seiscentos,Matheus & Kauan,2024,32,https://www.letras.mus.br/matheus-kauan/cronometro/,-1
27,Cuida Bem Dela,musica27,musica27_trecho2,Esse é meu único aviso Se ela quis ficar contigo Faça ela feliz Faça ela feliz,Henrique & Juliano,2014,16,https://www.letras.mus.br/henrique-e-juliano/cuida-bem-dela/,-1
27,Cuida Bem Dela,musica27,musica27_trecho3,"Cuida bem dela Você não vai conhecer alguém melhor que ela Promete pra mim O que você jurar pra ela, você vai cumprir Cuida bem dela Ela gosta que reparem no cabelo dela Foi por um triz Mas fui incapaz de ser o que ela sempre quis Faça ela feliz",Henrique & Juliano,2014,50,https://www.letras.mus.br/henrique-e-juliano/cuida-bem-dela/,-1
27,Cuida Bem Dela,musica27,musica27_trecho6,"Cuida bem dela Você não vai conhecer alguém melhor que ela Promete pra mim O que você jurar pra ela, você vai cumprir Cuida bem dela Ela gosta que reparem no cabelo dela Foi por um triz Mas fui incapaz de ser o que ela sempre quis",Henrique & Juliano,2014,47,https://www.letras.mus.br/henrique-e-juliano/cuida-bem-dela/,-1
27,Cuida Bem Dela,musica27,musica27_trecho7,"Cuida bem dela Você não vai conhecer alguém melhor que ela Promete pra mim O que você jurar pra ela, você vai cumprir Cuida bem dela Ela gosta que reparem no cabelo dela Foi por um triz Mas fui incapaz de ser o que ela sempre quis Faça ela feliz, uou",Henrique & Juliano,2014,51,https://www.letras.mus.br/henrique-e-juliano/cuida-bem-dela/,-1
1137,Cuidar Mais de Mim,musica1137,musica1137_trecho4,"Tá complicado esquecer teu sorriso O sentimento, a paixão que ficou Serão pra sempre os mesmos encantos Mas, no momento, eu desejo outro amor",Paula Fernandes,2012,24,https://www.letras.mus.br/paula-fernandes/cuidar-mais-de-mim/,-1
1137,Cuidar Mais de Mim,musica1137,musica1137_trecho8,"Tá complicado esquecer teu sorriso O sentimento, a paixão que ficou Serão pra sempre os mesmos encantos Mas, no momento, eu desejo outro amor Nesse momento eu desejo outro amor Nesse momento eu desejo outro amor",Paula Fernandes,2012,36,https://www.letras.mus.br/paula-fernandes/cuidar-mais-de-mim/,-1
1585,Curtição,musica1585,musica1585_trecho3,Me diz pra quê? Fazer tanto charminho Tá perdendo seu tempo Sem me dar carinho,João Bosco & Vinícius,2009,15,https://www.letras.mus.br/joao-bosco-viniciusacustico/1481906/,-1
1585,Curtição,musica1585,musica1585_trecho4,Assuma de vez Que quer me amar Quem desdenha quer comprar,João Bosco & Vinícius,2009,11,https://www.letras.mus.br/joao-bosco-viniciusacustico/1481906/,-1
970,Da Cor do Pecado,musica970,musica970_trecho3,"Falei pra ela que o lugar dela é do meu lado Mostrei pra ela que sou um homem apaixonado Vem ser só minha, beleza sobrenatural Você é linda, rainha do meu carnaval",Fernando e Sorocaba,2009,32,https://www.letras.mus.br/fernando-sorocaba/1439184/,-1
970,Da Cor do Pecado,musica970,musica970_trecho7,"Falei pra ela que o que eu sinto é infinito Mostrei pra ela que do meu lado é o paraíso Vem, incendeia Esse meu peito com paixão Me deixa louco, vai requebrando até o chão",Fernando e Sorocaba,2009,35,https://www.letras.mus.br/fernando-sorocaba/1439184/,-1
32,De Quem É a Culpa?,musica32,musica32_trecho1,"Exagerado, sim Sou mais você que eu Sobrevivo de olhares E alguns abraços que me deu",Marília Mendonça,2017,16,https://www.letras.mus.br/marilia-mendonca/de-quem-e-a-culpa/,-1
32,De Quem É a Culpa?,musica32,musica32_trecho2,"E o que vai ser de mim E o meu assunto que não muda? Minha cabeça não ajuda Loucura, tortura",Marília Mendonça,2017,20,https://www.letras.mus.br/marilia-mendonca/de-quem-e-a-culpa/,-1
32,De Quem É a Culpa?,musica32,musica32_trecho3,"E que se dane a minha postura Se eu mudei, você não viu Eu só queria ter você por perto Mas você sumiu",Marília Mendonça,2017,23,https://www.letras.mus.br/marilia-mendonca/de-quem-e-a-culpa/,-1
32,De Quem É a Culpa?,musica32,musica32_trecho4,"É tipo um vício que não tem mais cura E agora, de quem é a culpa? A culpa é sua por ter esse sorriso Ou a culpa é minha por me apaixonar por ele? Só isso",Marília Mendonça,2017,36,https://www.letras.mus.br/marilia-mendonca/de-quem-e-a-culpa/,-1
32,De Quem É a Culpa?,musica32,musica32_trecho6,"Não finja que eu não tô falando com você Ninguém entende o que eu tô passando Quem é você, que eu não conheço mais? Me apaixonei pelo que eu inventei de você",Marília Mendonça,2017,32,https://www.letras.mus.br/marilia-mendonca/de-quem-e-a-culpa/,-1
32,De Quem É a Culpa?,musica32,musica32_trecho7,"Mas você sumiu É tipo um vício que não tem mais cura E agora, de quem é a culpa? A culpa é sua por ter esse sorriso Ou a culpa é minha por me apaixonar por ele? Só isso",Marília Mendonça,2017,39,https://www.letras.mus.br/marilia-mendonca/de-quem-e-a-culpa/,-1
489,De Tanto Te Querer,musica489,musica489_trecho3,Eu não desisto do que eu quero Mas não me desespero Te espero Na tarde quente ou madrugada fria Na tristeza ou na alegria,Jorge & Mateus,2007,24,https://www.letras.mus.br/jorge-mateus/1068908/,-1
768,De Trás Pra Frente,musica768,musica768_trecho1,"O problema dos erros é que às vezes eles beijam bem E olha eu aqui, hein? Errando de novo O problema dos erros é que às vezes eles fazem bem Como ninguém E a gente fica bobo",Henrique & Juliano,2017,37,https://www.letras.mus.br/henrique-e-juliano/de-tras-pra-frente/,-1
768,De Trás Pra Frente,musica768,musica768_trecho2,"Bobo, já sabendo que não vai dar certo Mas é bem pior não ter você por perto E se eu for errando assim, vai que eu acerto Vou adiando o fim só pra viver nesse presente incerto",Henrique & Juliano,2017,37,https://www.letras.mus.br/henrique-e-juliano/de-tras-pra-frente/,-1
1057,De Volta Pra Macambira,musica1057,musica1057_trecho2,"Vou deixando aqui na Sampa, na capital da garoa Um forte abraço e um beijo pra uma meiga pessoa Que me deu muita atenção Quis me dar seu coração Mas eu falei numa boa",Amado Edílson,2019,34,https://www.letras.mus.br/amado-edilson/de-volta-pra-macambira/,-1
1057,De Volta Pra Macambira,musica1057,musica1057_trecho3,Menina dos olhos negros igual asas de anum Não queira se apaixonar por um vaqueiro comum Hoje mesmo eu vou embora Eu sei que você me adora Mas vou lhe deixar no sul,Amado Edílson,2019,33,https://www.letras.mus.br/amado-edilson/de-volta-pra-macambira/,-1
1057,De Volta Pra Macambira,musica1057,musica1057_trecho4,Já sinto o cheiro da terra só de pensar em voltar Já ouço o gado berrando esperando eu regressar Tem um chocalho tinindo Meu cachorro está latindo No terreiro a me esperar,Amado Edílson,2019,32,https://www.letras.mus.br/amado-edilson/de-volta-pra-macambira/,-1
1057,De Volta Pra Macambira,musica1057,musica1057_trecho6,"Quero ficar para sempre no meu querido Piauí Berço da minha existência, torrão que eu nunca esqueci Vou voltar pra macambira Pra recuperar a vida E os valores que perdi",Amado Edílson,2019,30,https://www.letras.mus.br/amado-edilson/de-volta-pra-macambira/,-1
1057,De Volta Pra Macambira,musica1057,musica1057_trecho7,Vou voltar pra macambira Pra recuperar a vida E os valores que perdi,Amado Edílson,2019,13,https://www.letras.mus.br/amado-edilson/de-volta-pra-macambira/,-1
774,Decide Aí,musica774,musica774_trecho3,"Eu não vou te esquecer Em questão de segundo Mas pra facilitar, pego minhas coisas E sumo, eu sumo",Matheus & Kauan,2016,19,https://www.letras.mus.br/matheus-kauan/decide-ai/,-1
774,Decide Aí,musica774,musica774_trecho4,"Decide aí, enquanto eu vou dar uma volta na cidade Mas pense bem pra depois não se arrepender No supermercado não vai me comprar Na farmácia não vende remédio pra saudade",Matheus & Kauan,2016,31,https://www.letras.mus.br/matheus-kauan/decide-ai/,-1
1317,Deixa a Gente Quieto (part. Henrique & Juliano),musica1317,musica1317_trecho1,"Quem falou Que querer não é poder? Eu te quero, e você pode Fazer de mim o que quiser",João Bosco & Vinícius,2016,19,https://www.letras.mus.br/joao-bosco-viniciusacustico/deixa-a-gente-quieto/,-1
1317,Deixa a Gente Quieto (part. Henrique & Juliano),musica1317,musica1317_trecho2,"Quem falou Que dois corpos não ocupam O mesmo espaço, nunca viu Nem de perto o nosso abraço",João Bosco & Vinícius,2016,18,https://www.letras.mus.br/joao-bosco-viniciusacustico/deixa-a-gente-quieto/,-1
1320,Deixa Ela Saber,musica1320,musica1320_trecho1,Me diz por que Tá estragando tudo Com esse assunto agora Isso não é hora,Henrique & Juliano,2015,15,https://www.letras.mus.br/henrique-e-juliano/deixa-ela-saber/,-1
1320,Deixa Ela Saber,musica1320,musica1320_trecho2,Quer saber o que? Se a verdade vai doer Você já sabe a resposta E parece que gosta,Henrique & Juliano,2015,18,https://www.letras.mus.br/henrique-e-juliano/deixa-ela-saber/,-1
1320,Deixa Ela Saber,musica1320,musica1320_trecho4,O nosso pouco tempo é tão contado Não tem por que procurar um culpado Vamos com cuidado Se descobrirem ta tudo acabado Mas pensando bem,Henrique & Juliano,2015,25,https://www.letras.mus.br/henrique-e-juliano/deixa-ela-saber/,-1
1320,Deixa Ela Saber,musica1320,musica1320_trecho5,Deixa ela saber Que eu tô é com você Se aconteceu com a gente Foi por que ela estava ausente,Henrique & Juliano,2015,20,https://www.letras.mus.br/henrique-e-juliano/deixa-ela-saber/,-1
265,Deixa Eu,musica265,musica265_trecho3,Que a nossa terminada foi a terminada,Murilo Huff,2025,7,https://www.letras.mus.br/murilo-huff/deixa-eu/,-1
1208,Deixa Falar,musica1208,musica1208_trecho4,"Deixa falar Quanto mais o povo comenta Mais aumenta minha audiência Mais eu fico pop Quanto mais sobe o meu ibope Mais aumenta a minha sorte Tô solteiro, ligeiro, pegando as top",Fernando e Sorocaba,2013,32,https://www.letras.mus.br/fernando-sorocaba/deixa-falar-homens-e-anjos/,-1
1208,Deixa Falar,musica1208,musica1208_trecho9,"Deixa falar Quanto mais o povo comenta Mais aumenta minha audiência Mais eu fico pop Quanto mais sobe o meu ibope Mais aumenta a minha sorte Tô solteiro, ligeiro, pegando as top Deixa falar",Fernando e Sorocaba,2013,34,https://www.letras.mus.br/fernando-sorocaba/deixa-falar-homens-e-anjos/,-1
1208,Deixa Falar,musica1208,musica1208_trecho10,"Vai, mais eu fico pop Tô solteiro, ligeiro, pegando as top",Fernando e Sorocaba,2013,11,https://www.letras.mus.br/fernando-sorocaba/deixa-falar-homens-e-anjos/,-1
1561,Deixaria Tudo,musica1561,musica1561_trecho2,"Meu sentimento sem você ficou tão triste e vazio Já percebi que, sem o seu amor, eu não renascerei Porque a saudade está quebrando o que resta da minha ilusão Preciso juntar os pedaços dentro do meu coração Por isso eu juro que",João Bosco & Vinícius,2010,43,https://www.letras.mus.br/joao-bosco-viniciusacustico/1662573/,-1
1561,Deixaria Tudo,musica1561,musica1561_trecho3,"Eu deixaria tudo se você ficasse Meus sonhos, meu passado, minha religião Depois de tudo, estás fugindo dos meus braços Deixando o silêncio dessa solidão Não sei mais o que eu faria Desejos, loucuras, todas fantasias Nada tenho a perder Diz pra mim O que mais você quer da minha vida?",João Bosco & Vinícius,2010,51,https://www.letras.mus.br/joao-bosco-viniciusacustico/1662573/,-1
1561,Deixaria Tudo,musica1561,musica1561_trecho5,"Mesmo que eu te diga: Estou morrendo um pouco a cada dia Mesmo que eu te peça: Por favor, vamos recomeçar Porque a saudade está quebrando o que resta da minha ilusão Preciso juntar os pedaços dentro do meu coração Por isso eu juro que",João Bosco & Vinícius,2010,45,https://www.letras.mus.br/joao-bosco-viniciusacustico/1662573/,-1
1561,Deixaria Tudo,musica1561,musica1561_trecho6,"Eu deixaria tudo se você ficasse Meus sonhos, meu passado, minha religião Depois de tudo, estás fugindo dos meus braços Deixando o silêncio dessa solidão Não sei mais o que eu faria Desejos, loucuras, todas fantasias Nada tenho a perder Diz pra mim O que mais você quer?",João Bosco & Vinícius,2010,48,https://www.letras.mus.br/joao-bosco-viniciusacustico/1662573/,-1
1561,Deixaria Tudo,musica1561,musica1561_trecho7,"Por isso eu juro que Eu deixaria tudo se você ficasse Meus sonhos, meu passado, minha religião Depois de tudo, está fugindo dos meus braços Deixando o silêncio dessa solidão Não sei mais o que eu faria Desejos, loucuras, todas fantasias Nada tenho a perder Diz pra mim O que mais você quer da minha vida?",João Bosco & Vinícius,2010,56,https://www.letras.mus.br/joao-bosco-viniciusacustico/1662573/,-1
1154,Deixe o Tempo Ver,musica1154,musica1154_trecho2,"E o riso solto no ar De quem ama, se entrega e aceita o que vier Eu nunca mais vou deixar, minha pequena",Humberto e Ronaldo,2009,23,https://www.letras.mus.br/humberto-ronaldo/1387917/,-1
1154,Deixe o Tempo Ver,musica1154,musica1154_trecho4,"E deixe o tempo ver, ver no que vai dar O nosso amor é puro, sempre vai durar Não penso em te perder, nem penso em te deixar Tá frio, o céu tão claro e eu a te amar",Humberto e Ronaldo,2009,39,https://www.letras.mus.br/humberto-ronaldo/1387917/,-1
1154,Deixe o Tempo Ver,musica1154,musica1154_trecho5,"E deixe o tempo ver, ver no que vai dar O nosso amor é puro, sempre vai durar Não penso em te perder, nem penso em te deixar A chama da paixão está em seu olhar",Humberto e Ronaldo,2009,36,https://www.letras.mus.br/humberto-ronaldo/1387917/,-1
1154,Deixe o Tempo Ver,musica1154,musica1154_trecho8,"E deixe o tempo ver, ver no que vai dar O nosso amor é puro, sempre vai durar Não penso em te perder, nem penso em te deixar A chama da paixão está em seu olhar Ha ha, seu olhar",Humberto e Ronaldo,2009,40,https://www.letras.mus.br/humberto-ronaldo/1387917/,-1
544,DEJA VU (part. Ana Castela),musica544,musica544_trecho2,"Você não precisa de nenhum livro de autoajuda Você só precisa de um cheiro meu na sua nuca Você não precisa de uma sessão de terapia, não Você só precisa de uma noite mal dormida",Luan Santana,2023,35,https://www.letras.mus.br/luan-santana/deja-vu-part-ana-castela/,-1
544,DEJA VU (part. Ana Castela),musica544,musica544_trecho8,"Você que não soube me amar e perdeu Cê não tem coração e quer cuidar do meu E o pior é que meu corpo ainda quer grudar no seu Se eu te desbloqueio agora, aí o erro vai ser meu",Luan Santana,2023,40,https://www.letras.mus.br/luan-santana/deja-vu-part-ana-castela/,-1
860,Dependente,musica860,musica860_trecho2,"Eu não sei andar sozinho Com minhas forças eu não consigo Eu preciso ser guiado por ti, preciso ser ajudado por ti Preciso ser alimentado por ti, senão eu não vou conseguir",Alisson Santos,2019,32,https://www.letras.mus.br/alisson-santos/dependente/,-1
860,Dependente,musica860,musica860_trecho12,"E contemplando face a face todos nós cantaremos: Santo De dor, de angústia e de tristeza nunca mais Choraremos de novo",Alisson Santos,2019,21,https://www.letras.mus.br/alisson-santos/dependente/,-1
940,Desatino,musica940,musica940_trecho2,Sei que já é madrugada E o meu sono que não vem Será que me convém Sair assim cortando estrada,Daniel,2005,20,https://www.letras.mus.br/daniel/134999/,-1
571,Desbloqueado,musica571,musica571_trecho1,"É, não é que seu espelho anda diferente? Tá refletindo um sorriso muito mais atraente Notei que seu cabelo tem mais brilho e tá cheia de vida Seu olhar confirma que se sente muito mais bonita",Diego e Victor Hugo,2021,36,https://www.letras.mus.br/diego-victor-hugo/desbloqueado/,-1
571,Desbloqueado,musica571,musica571_trecho2,"A minha mão te procurou, não te sentiu Disparei o meu sorriso que não te atingiu Resumiu o meu beijo em dois, três segundos e saiu",Diego e Victor Hugo,2021,26,https://www.letras.mus.br/diego-victor-hugo/desbloqueado/,-1
571,Desbloqueado,musica571,musica571_trecho5,"Cê já contou pra ele da gente? Não esconde nada, não mente E esse digitando aí? Tá demorando, tá me consumindo, oh",Diego e Victor Hugo,2021,22,https://www.letras.mus.br/diego-victor-hugo/desbloqueado/,-1
571,Desbloqueado,musica571,musica571_trecho7,"Oh, a minha mão te procurou, não te sentiu Disparei o meu sorriso que não te atingiu Resumiu o meu beijo em dois, três segundos e saiu",Diego e Victor Hugo,2021,27,https://www.letras.mus.br/diego-victor-hugo/desbloqueado/,-1
249,Descer Pra BC (part. DJ Ari SL),musica249,musica249_trecho1,Papai deixou uma herança bem gorda pra mim Tem terra pra plantar e pra criar uns gadin Mas eu me dei conta que isso não é pra mim Prefiro pé na areia do que pé no capim,Brenno & Matheus,2024,37,https://www.letras.mus.br/brenno-e-matheus/descer-pra-bc-part-dj-ari-sl/,-1
1584,Desculpas,musica1584,musica1584_trecho2,O seu carro quebrou O celular pifou O e-mail não chegou O trânsito parou,Luan Santana,2011,14,https://www.letras.mus.br/luan-santana/1854566/,-1
1584,Desculpas,musica1584,musica1584_trecho3,O dinheiro não deu A hora esqueceu Furaram seu pneu Roubaram o que era seu,Luan Santana,2011,15,https://www.letras.mus.br/luan-santana/1854566/,-1
1147,Deserto,musica1147,musica1147_trecho1,Vou construir um edifício No meio do seu deserto Pra ver se chego perto De ter sua atenção,Thaeme e Thiago,2013,18,https://www.letras.mus.br/thaeme-thiago/deserto/,-1
1147,Deserto,musica1147,musica1147_trecho13,Vou construir um edifício No meio do seu deserto,Thaeme e Thiago,2013,9,https://www.letras.mus.br/thaeme-thiago/deserto/,-1
710,Desliga,musica710,musica710_trecho2,"Pode ser que eu te ligue em alta madrugada querendo te ver Pois o meu coração se arrasta no chão quando lembra você Se a bebida travar as palavras e eu começar a chorar Por favor, desliga",Bruno & Marrone,2009,37,https://www.letras.mus.br/bruno-e-marrone/1460892/,-1
766,Desocupa (part. Cleber e Cauan),musica766,musica766_trecho2,"Se meu coração não é mais seu lugar, desocupa É loucura deixar um solteiro preso Se lugar de solteiro é na rua, no mei da bagunça Pegando gente nua Ou você me solta ou me segura",Matheus Vargas,2025,36,https://www.letras.mus.br/matheus-vargas/desocupa-part-cleber-e-cauan/,-1
431,Despedida de Casal,musica431,musica431_trecho2,Ela passou a noite sorrindo Falou que eu tava lindo Queria que a noite fosse inesquecível E foi,Gustavo Mioto,2020,18,https://www.letras.mus.br/gustavo-mioto/despedida-de-casal/,-1
431,Despedida de Casal,musica431,musica431_trecho3,Foi nosso jantar à luz de adeus Nossa despedida de casal Ela terminou sem derramar nenhuma lágrima E eu ainda não digeri esse final,Gustavo Mioto,2020,24,https://www.letras.mus.br/gustavo-mioto/despedida-de-casal/,-1
917,Destino,musica917,musica917_trecho1,O destino deve estar nos olhando Com aquela cara de quem diz Eu tentei juntar vocês dois,Lucas Lucco,2014,17,https://www.letras.mus.br/lucas-lucco/o-destino/,-1
917,Destino,musica917,musica917_trecho2,"O destino deve estar nos olhando Decepcionado Que pena, que pena",Lucas Lucco,2014,11,https://www.letras.mus.br/lucas-lucco/o-destino/,-1
917,Destino,musica917,musica917_trecho11,Não foi amor E o que faltou? Foi o que então? Não me pergunte não,Lucas Lucco,2014,15,https://www.letras.mus.br/lucas-lucco/o-destino/,-1
694,Detalhe Bobo,musica694,musica694_trecho6,Se eu te ver beijando ao vivo vai doer Evita me esquecer na minha frente Vai ser difícil ver a nossa história De amor com personagens diferentes,Simone Mendes,2025,27,https://www.letras.mus.br/simone-mendes/detalhe-bobo/,-1
797,Deus Coloca O Chão (part. Deive Leonardo),musica797,musica797_trecho1,"Que graça teria se a vida sempre fosse do jeito que a gente quer? Que graça teria se a vida sempre fosse do jeito que a gente quer E não do jeito que Deus quer? Não teria graça, né? Por que que a gente ia ter fé?",Felipe Araújo,2025,47,https://www.letras.mus.br/felipe-araujo/deus-coloca-o-chao-part-deive-leonardo/,-1
797,Deus Coloca O Chão (part. Deive Leonardo),musica797,musica797_trecho2,Já reparou que o Sol brilha bem mais depois de uma chuva? Repara de novo que o olho brilha mais depois do choro Todo não que você escutar É pra você tá preparado quando o sim chegar,Felipe Araújo,2025,37,https://www.letras.mus.br/felipe-araujo/deus-coloca-o-chao-part-deive-leonardo/,-1
797,Deus Coloca O Chão (part. Deive Leonardo),musica797,musica797_trecho3,"Tudo, tudo que eu tenho hoje É bem mais que sonhei no início Deus nunca brinca em serviço Tudo, tudo que eu tenho hoje É bem mais que sonhei no início Deus nunca brinca em serviço",Felipe Araújo,2025,36,https://www.letras.mus.br/felipe-araujo/deus-coloca-o-chao-part-deive-leonardo/,-1
797,Deus Coloca O Chão (part. Deive Leonardo),musica797,musica797_trecho4,"Preocupa não Quando cê coloca o pé, Deus coloca o chão Quando cê coloca o pé, Deus coloca o chão Quando cê coloca o pé",Felipe Araújo,2025,25,https://www.letras.mus.br/felipe-araujo/deus-coloca-o-chao-part-deive-leonardo/,-1
797,Deus Coloca O Chão (part. Deive Leonardo),musica797,musica797_trecho6,"Preocupa não Quando cê coloca o pé, Deus coloca o chão Quando cê coloca o pé, Deus coloca o chão Quando cê coloca o pé, Deus coloca o chão Quando cê coloca o pé, Deus coloca o chão",Felipe Araújo,2025,38,https://www.letras.mus.br/felipe-araujo/deus-coloca-o-chao-part-deive-leonardo/,-1
797,Deus Coloca O Chão (part. Deive Leonardo),musica797,musica797_trecho13,"Tudo, tudo que eu tenho hoje É bem mais do que sonhei no início Deus nunca brinca em serviço Tudo, tudo que eu tenho hoje É bem mais que sonhei no início Deus nunca brinca em serviço",Felipe Araújo,2025,37,https://www.letras.mus.br/felipe-araujo/deus-coloca-o-chao-part-deive-leonardo/,-1
797,Deus Coloca O Chão (part. Deive Leonardo),musica797,musica797_trecho14,"Preocupa não Quando cê coloca o pé, Deus coloca o chão Quando se coloca o pé, Deus coloca o chão Quando cê coloca o pé, Deus coloca o chão Quando cê coloca o pé, Deus coloca o chão Quando cê coloca o pé, Deus coloca o chão",Felipe Araújo,2025,47,https://www.letras.mus.br/felipe-araujo/deus-coloca-o-chao-part-deive-leonardo/,-1
1036,Deus É Caipira,musica1036,musica1036_trecho1,"Acho que Deus é caipira Deus deve morar na roça O Eterno deve ter uma casinha No curral, umas vaquinha E um cavalo que marcha e não trota",Eduardo Costa,2025,28,https://www.letras.mus.br/eduardo-costa/deus-e-caipira/,-1
1036,Deus É Caipira,musica1036,musica1036_trecho2,"Deus deve ouvir umas modinha sertaneja Que conta a história do sertão E fala de um povo trabalhador Que, na roça, é professor Mas chamam de peão",Eduardo Costa,2025,27,https://www.letras.mus.br/eduardo-costa/deus-e-caipira/,-1
1036,Deus É Caipira,musica1036,musica1036_trecho3,E Ele deve amar um cafezinho E gostar de um queijinho Derretido no pão E mesmo Ele sendo onipotente Deve amar ver a semente Brotando no chão,Eduardo Costa,2025,27,https://www.letras.mus.br/eduardo-costa/deus-e-caipira/,-1
1036,Deus É Caipira,musica1036,musica1036_trecho7,Ele deve amar um cafezinho E gostar de um queijinho Derretido no pão E mesmo Ele sendo onipotente Deve amar ver a semente Brotando no chão,Eduardo Costa,2025,26,https://www.letras.mus.br/eduardo-costa/deus-e-caipira/,-1
670,DEUS É MUITO BOM,musica670,musica670_trecho2,"Se eu sou quem eu sou É porque você chegou e arrumou A bagunça, o caos Meu milagre mais real",Luan Santana,2023,20,https://www.letras.mus.br/luan-santana/deus-e-muito-bom/,-1
670,DEUS É MUITO BOM,musica670,musica670_trecho6,"Se eu sou quem eu sou É porque você chegou e arrumou A bagunça, o caos, mm Meu milagre mais real",Luan Santana,2023,21,https://www.letras.mus.br/luan-santana/deus-e-muito-bom/,-1
447,Dia 1 (part. Murilo Huff),musica447,musica447_trecho1,"Dia 1 sem você Hoje eu acordei com um sentimento estranho Sei que não vai chegar mensagem sua, mesmo assim tô esperando Dia 2 sem você Hoje eu chorei pela primeira vez Não processei ainda essa transição de amor pra ex",Hugo Henrique,2025,41,https://www.letras.mus.br/hugo-henrique/dia-1/,-1
447,Dia 1 (part. Murilo Huff),musica447,musica447_trecho3,Eu esqueci que do lado daí Cê também tá me esquecendo Tá saindo e vivendo Te esqueci só até quando te vi Esbarrei com o passado E o mês inteiro foi por água abaixo,Hugo Henrique,2025,34,https://www.letras.mus.br/hugo-henrique/dia-1/,-1
447,Dia 1 (part. Murilo Huff),musica447,musica447_trecho5,"Dia 1 sem você (sem você) Hoje eu acordei com um sentimento estranho Sei que não vai chegar mensagem sua, mesmo assim tô esperando Dia 2 sem você Hoje eu chorei pela primeira vez Não processei ainda essa transição de amor pra ex",Hugo Henrique,2025,43,https://www.letras.mus.br/hugo-henrique/dia-1/,-1
447,Dia 1 (part. Murilo Huff),musica447,musica447_trecho7,Eu esqueci que do lado daí Cê também tá me esquecendo Tá saindo e vivendo (tá vivendo) Te esqueci só até quando eu te vi Esbarrei com o passado (com o passado) E o mês inteiro foi por água abaixo,Hugo Henrique,2025,40,https://www.letras.mus.br/hugo-henrique/dia-1/,-1
933,Diga Sim,musica933,musica933_trecho2,A vida vai nos dar o chão Pra gente pisar Um tempo pra viver Um sonho pra sonhar,Jorge & Mateus,2012,18,https://www.letras.mus.br/jorge-mateus/diga-sim/,-1
933,Diga Sim,musica933,musica933_trecho3,A vida vai nos dar o chão Se a gente quiser Depende de você Deixar o sol brilhar,Jorge & Mateus,2012,18,https://www.letras.mus.br/jorge-mateus/diga-sim/,-1
362,Discurso,musica362,musica362_trecho3,"Aquele moleque que vivia empinando bicicleta Hoje caiu no choro vendo seus filhos crescendo depressa Olhando daqui, vejo vários motivos de festa Pessoas que eu amo, sorrindo E, do meu lado, ela, sempre ela",Henrique & Juliano,2025,34,https://www.letras.mus.br/henrique-e-juliano/discurso/,-1
362,Discurso,musica362,musica362_trecho6,O pedido vai ser em silêncio Mas quem nos protege tá ouvindo,Henrique & Juliano,2025,12,https://www.letras.mus.br/henrique-e-juliano/discurso/,-1
147,Diz Pra Mim (Just Give Me a Reason),musica147,musica147_trecho3,Diz o que é preciso pra te ter aqui comigo Pra fazer o nosso amor reviver Pra não te perder O que é preciso pra te ter aqui comigo E a velha chama reacender Pra não te perder,Gusttavo Lima,2014,38,https://www.letras.mus.br/gusttavo-lima/diz-pra-mim/,-1
147,Diz Pra Mim (Just Give Me a Reason),musica147,musica147_trecho4,"Desculpe, mas eu não entendo A gente se perdeu no tempo E eu fiquei tão perdido Confesso que às vezes penso na gente E em um recomeço Melhor e bem diferente",Gusttavo Lima,2014,31,https://www.letras.mus.br/gusttavo-lima/diz-pra-mim/,-1
147,Diz Pra Mim (Just Give Me a Reason),musica147,musica147_trecho5,"Mas tem que partir de você Amor, fazer por merecer Porque não se conserta assim O nosso amor, nosso amor Nosso amor, amor",Gusttavo Lima,2014,23,https://www.letras.mus.br/gusttavo-lima/diz-pra-mim/,-1
147,Diz Pra Mim (Just Give Me a Reason),musica147,musica147_trecho9,O que é preciso pra te ter aqui comigo Pra fazer o nosso amor reviver Pra não te perder O que é preciso pra te ter aqui comigo E a velha chama reacender Pra não te perder Pra não te perder,Gusttavo Lima,2014,41,https://www.letras.mus.br/gusttavo-lima/diz-pra-mim/,-1
705,Do Brasil À Argentina,musica705,musica705_trecho1,Já comprei o passaporte dos meus sonhos No primeiro avião eu voo pra buscar meu amor E ela mora na província de Santa Fé E em Rosário me espera e se Deus quiser Hoje mesmo eu vou pra Argentina,Jorge & Mateus,2007,39,https://www.letras.mus.br/jorge-mateus/985047/,-1
705,Do Brasil À Argentina,musica705,musica705_trecho3,"Eu não fico nem um minuto mais nesse país Vou buscar alguém, alguém pra me fazer feliz No primeiro avião, hoje mesmo vou viajar Eu vou pra Argentina, tô indo te buscar",Jorge & Mateus,2007,32,https://www.letras.mus.br/jorge-mateus/985047/,-1
705,Do Brasil À Argentina,musica705,musica705_trecho4,E ela mora na província de Santa Fé E em Rosário me espera e se Deus quiser Hoje mesmo eu vou pra Argentina,Jorge & Mateus,2007,23,https://www.letras.mus.br/jorge-mateus/985047/,-1
705,Do Brasil À Argentina,musica705,musica705_trecho6,"Eu não fico nem um minuto mais nesse país Vou buscar alguém, alguém pra me fazer feliz No primeiro avião, hoje mesmo vou viajar Eu vou pra Argentina, tô indo te buscar Eu vou pra Argentina, tô indo te buscar",Jorge & Mateus,2007,40,https://www.letras.mus.br/jorge-mateus/985047/,-1
641,Dois Enganados (part. Marília Mendonça),musica641,musica641_trecho1,Tô ficando com alguém Que terminou faz pouco tempo E ainda guarda sentimento,Murilo Huff,2021,13,https://www.letras.mus.br/murilo-huff/dois-enganados-part-marilia-mendonca/,-1
418,Dois Fugitivos,musica418,musica418_trecho1,Eu fiquei com uma pessoa Que já tinha outra pessoa Foi sem pretensão De traição,Simone Mendes,2023,15,https://www.letras.mus.br/simone-mendes/dois-fugitivos/,-1
418,Dois Fugitivos,musica418,musica418_trecho2,Eu beijei um solteiro De aliança no bolso Ninguém me contou E eu me enrolei no rolo,Simone Mendes,2023,17,https://www.letras.mus.br/simone-mendes/dois-fugitivos/,-1
418,Dois Fugitivos,musica418,musica418_trecho3,Só fui descobrir Quando já tava gostoso Quando já tava atolada no pecado Até o pescoço,Simone Mendes,2023,16,https://www.letras.mus.br/simone-mendes/dois-fugitivos/,-1
418,Dois Fugitivos,musica418,musica418_trecho7,Eu quero alguém que não tenha alguém Não nasci pra ser segredo de ninguém Eu quero alguém que não tenha alguém Não nasci pra ser segredo de ninguém,Simone Mendes,2023,28,https://www.letras.mus.br/simone-mendes/dois-fugitivos/,-1
26,Dois Tristes,musica26,musica26_trecho4,"Tô com a sensação de que escolhi errado quem tá do meu lado Quanto mais eu saio e conheço gente, isso fica mais claro Todo casal que eu vejo, bebe junto, tem assunto, tá feliz, beija de língua E a gente só briga, briga, briga, briga, briga",Simone Mendes,2024,47,https://www.letras.mus.br/simone-mendes/dois-tristes/,-1
46,Domingo de Manhã,musica46,musica46_trecho1,Tá com voz de sono Foi mal se te acordei Desligue e volte a dormir Depois me ligue aqui,Marcos & Belutti,2014,19,https://www.letras.mus.br/marcos-belutti/domingo-de-manha/,-1
46,Domingo de Manhã,musica46,musica46_trecho2,Eu nem sei O que faria nesse inverno Qualquer coisa que não fosse com você Me causaria tédio,Marcos & Belutti,2014,18,https://www.letras.mus.br/marcos-belutti/domingo-de-manha/,-1
46,Domingo de Manhã,musica46,musica46_trecho4,"Mas eu, eu, eu Prefiro estar aqui te perturbando Domingo de manhã É que eu prefiro ouvir Sua voz de sono Domingo de manhã Domingo de manhã",Marcos & Belutti,2014,27,https://www.letras.mus.br/marcos-belutti/domingo-de-manha/,-1
366,DONA,musica366,musica366_trecho1,"Tem segunda intenção nesse: Não, não para, não No selinho no fim do beijo que você insiste em me dar Isso é coisa de quem quer amar Cê me conheceu depois que deixei de ser dois e voltei a ser só um Você não tem culpa, isso é um erro comum",Luan Santana,2025,51,https://www.letras.mus.br/luan-santana/dona/,-1
366,DONA,musica366,musica366_trecho3,O coração que cê quer entrar tem dona O te amo que cê quer escutar tem dona Eu posso te emprestar meu corpo porque ele ainda é meu Mas o sentimento ela não me devolveu,Luan Santana,2025,35,https://www.letras.mus.br/luan-santana/dona/,-1
366,DONA,musica366,musica366_trecho4,O coração que cê quer entrar tem dona O te amo que cê quer escutar tem dona Eu posso te emprestar meu corpo porque ele ainda é meu Mas o sentimento ela não me devolveu Ela não me devolveu,Luan Santana,2025,39,https://www.letras.mus.br/luan-santana/dona/,-1
744,Dona Maria (part. Jorge),musica744,musica744_trecho3,Dona Maria Deixa eu namorar a sua filha Vai me desculpando a ousadia Essa menina é um desenho no céu,Thiago Brava,2017,20,https://www.letras.mus.br/thiago-brava/um-violao-e-uma-catuaba/,-1
744,Dona Maria (part. Jorge),musica744,musica744_trecho4,Dona Maria Deixa eu namorar a sua filha Vai me desculpando a ousadia Essa menina é um desenho no céu Que Deus pintou e jogou fora o pincel,Thiago Brava,2017,28,https://www.letras.mus.br/thiago-brava/um-violao-e-uma-catuaba/,-1
744,Dona Maria (part. Jorge),musica744,musica744_trecho8,Dona Maria Deixa eu namorar a sua filha Vai me desculpando a ousadia Essa menina é um presente no céu Que Deus pintou e jogou fora o pincel,Thiago Brava,2017,28,https://www.letras.mus.br/thiago-brava/um-violao-e-uma-catuaba/,-1
916,Dou a Vida Por Um Beijo,musica916,musica916_trecho1,Difícil demais Te amar assim Minha timidez Tem que ter um fim Preciso perder O medo de falar Pra não te perder Vou me declarar,Zezé Di Camargo,2022,25,https://www.letras.mus.br/zeze-di-camargo/dou-a-vida-por-um-beijo/,-1
916,Dou a Vida Por Um Beijo,musica916,musica916_trecho2,Morro de saudade Quando você some Dá uma vontade De gritar seu nome Quase uma loucura Uma obsessão,Zezé Di Camargo,2022,18,https://www.letras.mus.br/zeze-di-camargo/dou-a-vida-por-um-beijo/,-1
916,Dou a Vida Por Um Beijo,musica916,musica916_trecho13,Dou a vida por um beijo Quero ter você pra mim Dou a vida por um beijo Quero ter você pra mim,Zezé Di Camargo,2022,22,https://www.letras.mus.br/zeze-di-camargo/dou-a-vida-por-um-beijo/,-1
843,Duas Cicatrizes,musica843,musica843_trecho2,Você ainda não tá bem E eu também não tô Igualmente desvalorizados por pessoas que um dia chamamos de amor,Simone Mendes,2025,20,https://www.letras.mus.br/simone-mendes/duas-cicatrizes/,-1
843,Duas Cicatrizes,musica843,musica843_trecho9,"Nós somos dois disponíveis, mas com cicatrizes não cicatrizadas O medo que eu tô de outros traumas",Simone Mendes,2025,17,https://www.letras.mus.br/simone-mendes/duas-cicatrizes/,-1
140,Duas Metades,musica140,musica140_trecho2,"A outra metade é defeito Você vai saber de qualquer jeito Anjo ou animal, suave ou fatal",Jorge & Mateus,2012,17,https://www.letras.mus.br/jorge-mateus/duas-metades/,-1
140,Duas Metades,musica140,musica140_trecho8,"E a outra metade é defeito Você vai saber de qualquer jeito Anjo ou animal, suave ou fatal",Jorge & Mateus,2012,18,https://www.letras.mus.br/jorge-mateus/duas-metades/,-1
1363,Duas Vidas,musica1363,musica1363_trecho1,Só pelo fato de te amar Me sinto uma pessoa melhor Na certeza que você existe Na tua ausência não me sinto só,Henrique & Juliano,2013,23,https://www.letras.mus.br/henrique-e-juliano/duas-vidas/,-1
1363,Duas Vidas,musica1363,musica1363_trecho3,Me diz como explicar Seus gostos sendo os mesmos que os meus O que acontece toda vez que eu olho nesses olhos seus?,Henrique & Juliano,2013,23,https://www.letras.mus.br/henrique-e-juliano/duas-vidas/,-1
1363,Duas Vidas,musica1363,musica1363_trecho5,Se o meu violão acaso desafinar Ou se eu não tiver voz pra cantar Nada vai impedir de dizer e provar Que essa vida eu só vivo pra te amar,Henrique & Juliano,2013,30,https://www.letras.mus.br/henrique-e-juliano/duas-vidas/,-1
1363,Duas Vidas,musica1363,musica1363_trecho9,Se o meu violão acaso desafinar Ou se eu não tiver voz pra cantar Nada vai impedir de dizer e provar Que essa vida eu só vivo pra te amar Que essa vida eu só vivo pra te amar,Henrique & Juliano,2013,39,https://www.letras.mus.br/henrique-e-juliano/duas-vidas/,-1
1504,Duvido Você Não Tomar Uma,musica1504,musica1504_trecho1,"Mas agora veja, diz que está mudada Aposentou o copo, não quer mais saber de álcool Disse que parou, que nunca mais beberia Jurou pela vida, pela mãe e pela vó, pela tia",Simone & Simaria,2016,33,https://www.letras.mus.br/simone-simaria-as-coleguinhas/duvido-voce-nao-tomar-uma/,-1
1504,Duvido Você Não Tomar Uma,musica1504,musica1504_trecho2,"Mas é muita tentação O Whatsapp tá chamando Farras, festas e baladas Pra curar desilusão Ou por uma boa causa Toda jura feita será perdoada",Simone & Simaria,2016,25,https://www.letras.mus.br/simone-simaria-as-coleguinhas/duvido-voce-nao-tomar-uma/,-1
1384,E Aí Tempo,musica1384,musica1384_trecho2,Tudo tá igual Tantos anos faz Exatamente eu não sei Tudo aconteceu tão de repente Que eu só reparei Que lá fora antes tinha Sol,Chitãozinho & Xororó,2013,25,https://www.letras.mus.br/chitaozinho-e-xororo/e-ai-tempo/,-1
1384,E Aí Tempo,musica1384,musica1384_trecho3,"Como planejado, o tempo passou Como já esperado, você não voltou E o tempo que antes era meu amigo Agora já não joga ao meu favor",Chitãozinho & Xororó,2013,26,https://www.letras.mus.br/chitaozinho-e-xororo/e-ai-tempo/,-1
1384,E Aí Tempo,musica1384,musica1384_trecho5,"E aí, tempo? De tudo que me prometeu Nada cumpriu Me prometeu o Sol Mas só trouxe mais frio Ah, seu pudesse voltar no tempo",Chitãozinho & Xororó,2013,25,https://www.letras.mus.br/chitaozinho-e-xororo/e-ai-tempo/,-1
621,É Amor,musica621,musica621_trecho1,Quando fico pensando em você Eu esqueço do mundo pra te ter Seu amor assumiu meu coração Eu não fico um segundo sem te ver,Jorge & Mateus,2015,25,https://www.letras.mus.br/jorge-mateus/e-amor/,-1
621,É Amor,musica621,musica621_trecho2,O cupido chamou minha atenção Pra cuidar e investir nessa paixão É amor Só nós dois,Jorge & Mateus,2015,16,https://www.letras.mus.br/jorge-mateus/e-amor/,-1
1345,É Amor Demais,musica1345,musica1345_trecho1,"O que você tem? Diz pra mim Posso ver nos teus olhos Vem diz, pra mim O que for, tô aqui Faço tudo pra te ver novamente sorrir",Edson & Hudson,2005,28,https://www.letras.mus.br/edson-e-hudson/132733/,-1
1345,É Amor Demais,musica1345,musica1345_trecho2,Tô cansado de te ver sofrer Por alguém que não soube te amar Vendo tudo isso acontecer É o momento de me declarar,Edson & Hudson,2005,23,https://www.letras.mus.br/edson-e-hudson/132733/,-1
275,É Com Ela Que Eu Estou,musica275,musica275_trecho2,"Quem diria que um dia os papéis iam se inverter E não toque mais no nome dela, não tem nada a ver Suas coisas já deixei lá fora, já pode ir embora Vou dizer o que é que ela tem que não tem em você",Cristiano Araújo,2014,45,https://www.letras.mus.br/cristiano-araujo/e-com-ela-que-eu-estou/,-1
275,É Com Ela Que Eu Estou,musica275,musica275_trecho3,Então senta e escuta calada e vê se não chora Ela quis o amor que um dia você jogou fora,Cristiano Araújo,2014,20,https://www.letras.mus.br/cristiano-araujo/e-com-ela-que-eu-estou/,-1
275,É Com Ela Que Eu Estou,musica275,musica275_trecho4,Foi ela quem pegou na minha mão quando você soltou Foi ela quem me aceitou do jeito que eu sou Do jeito que você deixou,Cristiano Araújo,2014,25,https://www.letras.mus.br/cristiano-araujo/e-com-ela-que-eu-estou/,-1
1089,E Daí?,musica1089,musica1089_trecho3,Mas não fui me humilhar Te pedir pra voltar O que você tá fazendo aqui? Se ainda não me quer Então sai do meu pé Eu faço o que eu quiser,Guilherme & Santiago,2010,31,https://www.letras.mus.br/guilherme-e-santiago/1587074/,-1
1132,É Fato,musica1132,musica1132_trecho1,Estou tentando manter esse amor esquecido Ou luto às vezes pra me manter sempre distraído Pra não correr o perigo de te procurar,Cristiano Araújo,2011,23,https://www.letras.mus.br/cristiano-araujo/1847634/,-1
1132,É Fato,musica1132,musica1132_trecho2,"Ficou em mim a chama e não apaga de uma vez Leva algum tempo, pode crer que não é só um mês Mas se já me esqueceu não te culpo E nem peço pra voltar",Cristiano Araújo,2011,35,https://www.letras.mus.br/cristiano-araujo/1847634/,-1
1132,É Fato,musica1132,musica1132_trecho4,"É fato que acabou, mas eu não te esqueci É fato que esqueceu, mas ainda mora aqui E parece que não vai sair tão fácil Desse coração palhaço",Cristiano Araújo,2011,28,https://www.letras.mus.br/cristiano-araujo/1847634/,-1
1125,É Tenso,musica1125,musica1125_trecho1,"É meu defeito, eu bebo mesmo Beijo mesmo, pego mesmo E no outro dia nem me lembro É tenso demais!",Fernando e Sorocaba,2012,20,https://www.letras.mus.br/fernando-sorocaba/1989834/,-1
1299,Eh Tudo Toiss,musica1299,musica1299_trecho2,Já faz uma semana Que a gente não se vê Prepara o nosso ninho Que hoje eu quero com você,Henrique & Diego,2013,20,https://www.letras.mus.br/henrique-diego/e-tudo-tois/,-1
1299,Eh Tudo Toiss,musica1299,musica1299_trecho4,Se a distância não ajuda Vamos curtir cada minuto O que importa agora É que a gente fica junto,Henrique & Diego,2013,19,https://www.letras.mus.br/henrique-diego/e-tudo-tois/,-1
1263,"Ei, Psiu! Beijo Me Liga (part. João Bosco e Vinícius)",musica1263,musica1263_trecho1,"Chegou e me notou Fingiu que eu não sou nada pra você Meu coração pirou Meu corpo balançou, louco pra te ter",Michel Teló,2010,22,https://www.letras.mus.br/michel-telo/1504900/,-1
900,Ela e Ela,musica900,musica900_trecho2,E choro na dispensa No chuveiro quente Num filme de romance Disfarçadamente Mas não na frente de quem não traiu ninguém,Zé Neto e Cristiano,2023,21,https://www.letras.mus.br/ze-neto-cristiano/ela-e-ela/,-1
900,Ela e Ela,musica900,musica900_trecho3,"Como eu vou falar pro meu amor Que eu tô sofrendo por amor E que esse amor não é o dela? E se ela descobrir, eu perco ela e ela Se ela descobrir, eu perco ela e ela",Zé Neto e Cristiano,2023,38,https://www.letras.mus.br/ze-neto-cristiano/ela-e-ela/,-1
434,Ele Quer Ser Eu,musica434,musica434_trecho2,Ele também usa preto Tem os meus defeitos Gosta de cabelo cacheado Sei que ele quer ser eu Ele é quase eu Mas não é ele quem você quer ter do lado,Henrique & Juliano,2015,32,https://www.letras.mus.br/henrique-e-juliano/ele-quer-ser-eu/,-1
935,Elevador,musica935,musica935_trecho1,"Todo fim de briga é assim Cê fecha a cara, arruma as malas Aperta o elevador, nem espera subir Muda de ideia, volta e dorme aqui",Hugo & Guilherme,2023,26,https://www.letras.mus.br/hugo-guilherme/elevador/,-1
1181,Enamorado,musica1181,musica1181_trecho3,"Chega perto, minha cabeça gira Sua voz é uma poesia Um beijo pra fazer meu mundo parar E te amar",Eduardo Costa,2013,20,https://www.letras.mus.br/eduardo-costa/enamorado/,-1
738,Enquanto Houver Razões,musica738,musica738_trecho2,"A Lua se foi, nem vi o Sol chegar Acreditei que o tempo não ia passar Foi ilusão",Jorge & Mateus,2012,18,https://www.letras.mus.br/jorge-mateus/enquanto-houver-razoes/,-1
310,Enquanto o Sol Brilhar (Amor Sem Fim),musica310,musica310_trecho3,Meu amor Enquanto o sol brilhar eu nunca vou dizer adeus Como os peixes que não vivem sem o mar Eu também não vivo sem os beijos teus,Matogrosso & Mathias,2025,28,https://www.letras.mus.br/matogrosso-e-mathias/112666/,-1
310,Enquanto o Sol Brilhar (Amor Sem Fim),musica310,musica310_trecho8,Já sabia que seria amor sem fim Já sabia que seria amor Sem fim,Matogrosso & Mathias,2025,14,https://www.letras.mus.br/matogrosso-e-mathias/112666/,-1
883,Então Valeu,musica883,musica883_trecho1,"Te dei o meu amor, você não quis cuidar Eu senti o sabor da lágrima rolar Agora senta aqui, você vai escutar Tudo que me fez sofrer, tudo que me fez passar",Jorge & Mateus,2022,32,https://www.letras.mus.br/jorge-mateus/entao-valeu/,-1
883,Então Valeu,musica883,musica883_trecho2,"Ao encontrar você eu me perdi de mim O que é que eu fui querer? Por que te amei assim? Sem alma e coração, você é tão ruim E agora que eu tô bem, cê quer voltar pra mim",Jorge & Mateus,2022,39,https://www.letras.mus.br/jorge-mateus/entao-valeu/,-1
883,Então Valeu,musica883,musica883_trecho3,"Então valeu te ver assim, pedindo pra voltar Valeu demais te ver no meu lugar Valeu te ver sofrer o que sofri, chorar o que chorei",Jorge & Mateus,2022,26,https://www.letras.mus.br/jorge-mateus/entao-valeu/,-1
883,Então Valeu,musica883,musica883_trecho4,"Então valeu te ver, mas eu preciso te falar Tô bem melhor e alguém no seu lugar me faz feliz E sabe me amar, então valeu demais te encontrar",Jorge & Mateus,2022,29,https://www.letras.mus.br/jorge-mateus/entao-valeu/,-1
883,Então Valeu,musica883,musica883_trecho9,"Então valeu (te ver assim), pedindo pra voltar Valeu demais te ver no meu lugar Valeu te ver sofrer o que sofri, chorar o que chorei",Jorge & Mateus,2022,26,https://www.letras.mus.br/jorge-mateus/entao-valeu/,-1
785,Entregador de Flor,musica785,musica785_trecho1,"Vai lá, entregador de flor Dar assistência pra isso Que eu e ela tá chamando de amor (Eu e ela tá chamando de amor)",Diego e Victor Hugo,2019,24,https://www.letras.mus.br/diego-victor-hugo/entregador-de-flor/,-1
785,Entregador de Flor,musica785,musica785_trecho3,Pra não dar tempo dela me esquecer Toda semana eu mando um buquê,Diego e Victor Hugo,2019,13,https://www.letras.mus.br/diego-victor-hugo/entregador-de-flor/,-1
785,Entregador de Flor,musica785,musica785_trecho4,"Vou te encher de flor, minha flor Vou te encher de beijos de amor Quero ver cê reclamar Quero ver cê não me amar",Diego e Victor Hugo,2019,24,https://www.letras.mus.br/diego-victor-hugo/entregador-de-flor/,-1
785,Entregador de Flor,musica785,musica785_trecho5,"Vou te encher de flor, minha flor Vou te encher de beijos de amor Quero ver cê reclamar Quero ver cê não me amar Vou te encher de flor, eu vou",Diego e Victor Hugo,2019,31,https://www.letras.mus.br/diego-victor-hugo/entregador-de-flor/,-1
785,Entregador de Flor,musica785,musica785_trecho12,"Vou te encher de flor, eu vou Vou te encher de flor, eu vou",Diego e Victor Hugo,2019,14,https://www.letras.mus.br/diego-victor-hugo/entregador-de-flor/,-1
139,Equivocada (part. Gusttavo Lima),musica139,musica139_trecho2,"E o sinal abria, fechava Eu engasguei no choro, na marcha Ao som de buzinada, do nada a ficha caiu Que ela me traiu, se distraiu Mandou um áudio equivocada e dormiu",Traia Véia,2025,32,https://www.letras.mus.br/traia-veia/equivocada-part-gusttavo-lima/,-1
9,Erro Gostoso,musica9,musica9_trecho3,"Ah, e agora como eu fico nessa casa? Com sorriso ou choro no rosto? Cê vem aqui, me acostuma errado Cola meus pedaços pra quebrar de novo Eu preciso aprender a falar não um pouco Pra esse erro gostoso",Simone Mendes,2023,39,https://www.letras.mus.br/simone-mendes/erro-gostoso/,-1
601,Erro Planejado (part. Henrique e Juliano),musica601,musica601_trecho1,"Um erro cometido mais que uma vez É uma decisão Desculpa, mas não tem como eu te dar duas vezes O meu perdão",Luan Santana,2022,23,https://www.letras.mus.br/luan-santana/erro-planejado/,-1
601,Erro Planejado (part. Henrique e Juliano),musica601,musica601_trecho3,"A culpa é sempre de uma briga, de umas pinga De uma amiga que te arrasta pra rua Mas as perna é sua Você é sempre inocente, mente que nem sente E sempre erra como nunca, uô",Luan Santana,2022,37,https://www.letras.mus.br/luan-santana/erro-planejado/,-1
601,Erro Planejado (part. Henrique e Juliano),musica601,musica601_trecho4,"A culpa é sempre de uma briga, de umas pinga De uma amiga que te arrasta pra rua Mas as perna é sua Você é sempre inocente, mente que nem sente Sempre erra como nunca",Luan Santana,2022,35,https://www.letras.mus.br/luan-santana/erro-planejado/,-1
453,Escolhas,musica453,musica453_trecho2,Do portão pra fora Pessoas e decepções que vão acontecer São coisas que a gente não pode prever,Zé Neto e Cristiano,2023,18,https://www.letras.mus.br/ze-neto-cristiano/escolhas/,-1
453,Escolhas,musica453,musica453_trecho3,De tombo em tombo Porrada em porrada Depois de umas bocas erradas Tem beijo que é divisão de mágoas,Zé Neto e Cristiano,2023,19,https://www.letras.mus.br/ze-neto-cristiano/escolhas/,-1
453,Escolhas,musica453,musica453_trecho5,Eu escolhi te amar E pra sempre ter você Escolho nunca te fazer chorar E nunca te perder,Zé Neto e Cristiano,2023,18,https://www.letras.mus.br/ze-neto-cristiano/escolhas/,-1
453,Escolhas,musica453,musica453_trecho6,"Eu escolhi perdoar Com você, evoluir E o que passou, deixar passar Eu escolho ser feliz",Zé Neto e Cristiano,2023,16,https://www.letras.mus.br/ze-neto-cristiano/escolhas/,-1
453,Escolhas,musica453,musica453_trecho11,"Eu escolho perdoar Com você, evoluir E o que passou, deixar passar Eu escolho ser feliz",Zé Neto e Cristiano,2023,16,https://www.letras.mus.br/ze-neto-cristiano/escolhas/,-1
378,Escondendo o Ouro,musica378,musica378_trecho2,Eu acertei na sua E que ela seja a última Porque se for Você é a primeira que vai ser pra sempre Meu amor,Zé Neto e Cristiano,2025,24,https://www.letras.mus.br/ze-neto-cristiano/escondendo-o-ouro/,-1
61,Escreve Aí,musica61,musica61_trecho3,É só você fazer assim Que eu volto É só você fazer assim Que eu volto Que eu volto,Luan Santana,2015,19,https://www.letras.mus.br/luan-santana/escreve-ai/,-1
61,Escreve Aí,musica61,musica61_trecho4,É que eu te amo e falo na sua cara Se tirar você de mim não sobra nada O teu sorriso me desmonta inteiro Até um simples estalar de dedos Talvez você tenha deixado eu ir Pra ter o gosto de me ver aqui Fraco demais para continuar Juntando forças pra poder falar,Luan Santana,2015,53,https://www.letras.mus.br/luan-santana/escreve-ai/,-1
61,Escreve Aí,musica61,musica61_trecho5,"Que eu volto, é só você sorrir Que eu volto, é só fazer assim Que eu volto Eu volto Eu volto",Luan Santana,2015,21,https://www.letras.mus.br/luan-santana/escreve-ai/,-1
61,Escreve Aí,musica61,musica61_trecho9,"Que eu volto, é só você sorrir Que eu volto, é só fazer assim Que eu volto, é só fazer assim Que eu volto Eu volto Eu volto",Luan Santana,2015,28,https://www.letras.mus.br/luan-santana/escreve-ai/,-1
652,Escrito Nas Estrelas,musica652,musica652_trecho3,"Caso do acaso bem marcado em cartas de tarô, oh-oh Meu amor, esse amor de cartas claras sobre a mesa é assim Signo do destino, que surpresa ele nos preparou, oh-oh Meu amor, esse amor estava escrito nas estrelas, tava sim",Lauana Prado,2024,41,https://www.letras.mus.br/lauana-prado/escrito-nas-estrelas/,-1
1425,Espaçosa Demais,musica1425,musica1425_trecho2,"O coração tava cheio, cheio, cheio Não tinha espaço pra eu me apaixonar Foi só você me dar um beijo, um dengo, um cheiro Pra chegar de vez e bagunçar",Felipe Araújo,2019,30,https://www.letras.mus.br/felipe-araujo/espacosa-demais/,-1
1425,Espaçosa Demais,musica1425,musica1425_trecho11,Espaçosa demais Espaçosa demais Já tomou meu coração e tá subindo pra cabeça,Felipe Araújo,2019,13,https://www.letras.mus.br/felipe-araujo/espacosa-demais/,-1
1152,Espelho,musica1152,musica1152_trecho1,"Baby, as palavras estão mudas As conversas tão vazias As explicações são vagas Só eu sei como eu queria falar do meu amor Abertamente sim, ir até o fim Só eu conheço a dor de não acreditar Que mereço ser feliz",Jorge & Mateus,2009,41,https://www.letras.mus.br/jorge-mateus/1444404/,-1
1152,Espelho,musica1152,musica1152_trecho4,"As explicações são vagas Só eu sei como eu queria falar do meu amor Abertamente sim, ir até o fim Só eu conheço a dor de não acreditar Que mereço ser feliz",Jorge & Mateus,2009,32,https://www.letras.mus.br/jorge-mateus/1444404/,-1
448,Esqueça-Me Se For Capaz (part. Maiara & Maraisa),musica448,musica448_trecho2,"Tá aproveitando a vida, os novos amigos Indo para lugares que não ia comigo Tá se enganando e nem sabe disso",Marília Mendonça,2021,21,https://www.letras.mus.br/marilia-mendonca/esqueca-me-se-for-capaz/,-1
448,Esqueça-Me Se For Capaz (part. Maiara & Maraisa),musica448,musica448_trecho3,Beijar outras bocas depois que termina é fácil demais Fazer sexo por fazer todo mundo faz Mas esqueça-me se for capaz,Marília Mendonça,2021,21,https://www.letras.mus.br/marilia-mendonca/esqueca-me-se-for-capaz/,-1
448,Esqueça-Me Se For Capaz (part. Maiara & Maraisa),musica448,musica448_trecho8,Esqueça-me se for capaz Esqueça-me se for capaz (Esqueça-me se for capaz),Marília Mendonça,2021,12,https://www.letras.mus.br/marilia-mendonca/esqueca-me-se-for-capaz/,-1
1432,Esquece o Medo,musica1432,musica1432_trecho3,2x Na minha paixão e no beijo meu O que é que eu faço pra você acreditar,Jorge & Mateus,2010,17,https://www.letras.mus.br/jorge-mateus/1716851/,-1
1432,Esquece o Medo,musica1432,musica1432_trecho4,"[Refrão] Eu te amo, Eu te adoro, Eu faço tudo por você Meu coração é seu Esquece o medo e vem Não tem perigo de me perder meu bem",Jorge & Mateus,2010,29,https://www.letras.mus.br/jorge-mateus/1716851/,-1
338,Esqueci Você,musica338,musica338_trecho1,Eu esqueci você Tô ligando em plena madrugada E te acordando pra dizer Que eu esqueci você,Henrique & Diego,2015,17,https://www.letras.mus.br/henrique-diego/esqueci-voce/,-1
338,Esqueci Você,musica338,musica338_trecho2,Eu já nem lembro mais Que seu beijo tinha gosto de saudade Que no seu perfume era tão doce Eu nem me lembro mais,Henrique & Diego,2015,24,https://www.letras.mus.br/henrique-diego/esqueci-voce/,-1
338,Esqueci Você,musica338,musica338_trecho3,"Se eu te ligo da mesa do bar Se você já cansou de escutar Que um dia eu iria esquecer Esse dia chegou, acabou de chegar Se ainda guardo lembranças de nós Na memória do meu celular Se carrego comigo a foto Que a gente tirou lá na beira do mar Tudo isso é pra você lembrar Lembrar que eu te esqueci",Henrique & Diego,2015,62,https://www.letras.mus.br/henrique-diego/esqueci-voce/,-1
1358,Essas Nossas Brigas,musica1358,musica1358_trecho1,"Tô sofrendo e tô fazendo você sofrer O que a gente tá vivendo não tem nada a ver É melhor cada um seguir o seu caminho Toda hora a gente briga sem explicação Não tem amor, não tem respeito, não tem paixão E por isso que eu prefiro é ficar sozinha",Marília Mendonça,2015,51,https://www.letras.mus.br/marilia-mendonca/essas-nossas-brigas/,-1
1358,Essas Nossas Brigas,musica1358,musica1358_trecho4,Eu vou seguir a minha Seguir o meu destino E seja como for Que venha um novo amor Que eu já tô de saída,Marília Mendonça,2015,24,https://www.letras.mus.br/marilia-mendonca/essas-nossas-brigas/,-1
1358,Essas Nossas Brigas,musica1358,musica1358_trecho9,Eu vou seguir a minha Seguir o meu destino E seja como for Que venha um novo amor Eu já tô de saída,Marília Mendonça,2015,23,https://www.letras.mus.br/marilia-mendonca/essas-nossas-brigas/,-1
709,Esta Noite Foi Maravilhosa (Wonderful Tonight),musica709,musica709_trecho4,"As luzes se apagam, a festa acabou Sobre o banco do carro fazemos amor Maravilhosa! Seu sorriso me diz Mais uma noite em que a gente foi feliz",Leonardo,2006,28,https://www.letras.mus.br/leonardo/487499/,-1
618,Estranho,musica618,musica618_trecho2,Minha mão já não tá mais na sua A gente anda pela rua separados Nem parecemos namorados,Marília Mendonça,2018,17,https://www.letras.mus.br/marilia-mendonca/estranho/,-1
618,Estranho,musica618,musica618_trecho3,"A aliança virou enfeite do dedo Nossa cama agora é só pra dormir mesmo E, no carro, parece que eu tô levando um simples passageiro",Marília Mendonça,2018,25,https://www.letras.mus.br/marilia-mendonca/estranho/,-1
618,Estranho,musica618,musica618_trecho4,"Estranho Você me beija e minha boca estranha O seu carinho parece que arranha O seu abraço é tão solto, não consegue me prender",Marília Mendonça,2018,24,https://www.letras.mus.br/marilia-mendonca/estranho/,-1
618,Estranho,musica618,musica618_trecho5,"Estranho Você me beija e minha boca estranha O seu carinho parece que arranha O seu abraço é tão solto, não consegue me prender Onde eu desconheci você?",Marília Mendonça,2018,28,https://www.letras.mus.br/marilia-mendonca/estranho/,-1
618,Estranho,musica618,musica618_trecho9,"Estranho Você me beija e minha boca estranha O seu carinho parece que arranha O seu abraço é tão solto, não consegue me prender Onde eu desconheci você? Onde eu desconheci você?",Marília Mendonça,2018,32,https://www.letras.mus.br/marilia-mendonca/estranho/,-1
703,Estrela,musica703,musica703_trecho2,"Minha estrela não se esconda Pois sei que eu vou te encontrar Vamos viajar e acender de vez a nossa paixão Virar constelação, num só coração",Hugo Pena e Gabriel,2011,26,https://www.letras.mus.br/hugo-pena-e-gabriel/1664707/,-1
241,Estrelinha (part. Di Paullo & Paulino),musica241,musica241_trecho5,"Quando bater a saudade Olhe aqui pra cima Sabe lá no céu, aquela estrelinha Que eu muitas vezes mostrei pra você?",Marília Mendonça,2018,21,https://www.letras.mus.br/marilia-mendonca/estrelinha-part-di-paullo-e-paulino/,-1
1364,Estressada,musica1364,musica1364_trecho1,Quando a gente começou Estava tudo tão bem Você só pensava em mim Eu não pensava em ninguém,César Menotti & Fabiano,2012,18,https://www.letras.mus.br/cesar-menotti-e-fabiano/estressada/,-1
1364,Estressada,musica1364,musica1364_trecho2,"Era só carinho, era só amor Era só beijinho e paixão Era tudo flor, não existia dor Era a mais perfeita emoção",César Menotti & Fabiano,2012,22,https://www.letras.mus.br/cesar-menotti-e-fabiano/estressada/,-1
1364,Estressada,musica1364,musica1364_trecho5,"Êta, mulher estressada Eu não consigo entender Mesmo chata e complicada Eu ainda amo você",César Menotti & Fabiano,2012,15,https://www.letras.mus.br/cesar-menotti-e-fabiano/estressada/,-1
1562,Eu Aposto,musica1562,musica1562_trecho1,"Eu aposto a minha vida Meu sorriso, o meu dinheiro Quando seu rosto Encostar no travesseiro Seus pensamentos Vão tentar achar os meus",Eduardo Costa,2008,23,https://www.letras.mus.br/eduardo-costa/1280568/,-1
1562,Eu Aposto,musica1562,musica1562_trecho4,"Se eu perder, vai doer menos Do que está doendo agora Quando você me disse: Chega, tô indo embora Meu coração me disse: Aposta, que ela volta",Eduardo Costa,2008,27,https://www.letras.mus.br/eduardo-costa/1280568/,-1
519,Eu Era,musica519,musica519_trecho3,"Aí lembrou de mim, não teve jeito Aí lembrou de mim, não teve jeito",Marcos & Belutti,2017,14,https://www.letras.mus.br/marcos-belutti/eu-era/,-1
519,Eu Era,musica519,musica519_trecho5,"Aí você se lembra que a gente se completa E vai voltar pra mim, se for um pouco esperta Porque esse alguém perfeito que você tanto espera Eu era, eu era Eu era",Marcos & Belutti,2017,33,https://www.letras.mus.br/marcos-belutti/eu-era/,-1
519,Eu Era,musica519,musica519_trecho10,"Aí você se lembra que a gente se completa E vai voltar pra mim, se for um pouco esperta Porque esse alguém perfeito que você tanto espera Eu era, eu era",Marcos & Belutti,2017,31,https://www.letras.mus.br/marcos-belutti/eu-era/,-1
519,Eu Era,musica519,musica519_trecho12,"Aí você se lembra que a gente se completa E vai voltar pra mim, se for um pouco esperta Porque esse alguém perfeito que você tanto espera Eu era, eu era, eu era Eu era",Marcos & Belutti,2017,35,https://www.letras.mus.br/marcos-belutti/eu-era/,-1
405,Eu Gosto Assim (part. Mari Fernandez),musica405,musica405_trecho1,Tem gente que não quer amor Só gosta do calor Que faz embaixo do lençol Que chega ainda tem Lua Passa a noite toda nua E vaza no nascer do Sol,Gustavo Mioto,2024,31,https://www.letras.mus.br/gustavo-mioto/eu-gosto-assim-part-mari-fernandez/,-1
405,Eu Gosto Assim (part. Mari Fernandez),musica405,musica405_trecho5,Olha o que me aconteceu Achei alguém igual eu A gente se entende assim Porque nenhum dos dois é de pra sempre,Gustavo Mioto,2024,22,https://www.letras.mus.br/gustavo-mioto/eu-gosto-assim-part-mari-fernandez/,-1
999,Eu Ligo Pra Você,musica999,musica999_trecho2,"Tô jogado no canto Tô bebendo de um jeito que eu não bebia Saudade judia Quando olho a última fotografia Eu ligo pra você, eu ligo pra você",Zé Neto e Cristiano,2015,28,https://www.letras.mus.br/ze-neto-cristiano/eu-ligo-pra-voce/,-1
558,Eu Menti,musica558,musica558_trecho1,"Só tô mandando essa mensagem Pra dizer que eu tô com saudade Eu não consigo mais ficar longe Essa distância tá me machucando Cê vai chorar, se não tiver chorando Porque não é de nós Essa saudade que eu tô falando",Simone Mendes,2025,41,https://www.letras.mus.br/simone-mendes/eu-menti/,-1
1243,Eu Não Merecia Isso,musica1243,musica1243_trecho3,"Agora some, vou esquecer seu nome Eu vou mudar de telefone Aí você não vai me ver mais Vai, some, vou esquecer seu nome Eu vou mudar de telefone Aí você não vai me ver mais",Luan Santana,2015,36,https://www.letras.mus.br/luan-santana/eu-nao-merecia-isso/,-1
1168,Eu Não Quero Casar,musica1168,musica1168_trecho3,"Eu não quero casar, eu não quero casar Eu não quero casar, eu não quero casar Eu vou pro bar, bar bar bar bar bar bar bar bar bar bar bar bar Eu vou pro bar, bar bar bar bar bar bar bar bar bar bar bar bar",Thiago Matheus,2017,48,https://www.letras.mus.br/thiagomatheus/eu-nao-quero-casar/,-1
1168,Eu Não Quero Casar,musica1168,musica1168_trecho4,"Agora é golaço Chega pra cá, nosso craque Daniel Alves Tô chegando, Thiago Matheus",Thiago Matheus,2017,14,https://www.letras.mus.br/thiagomatheus/eu-nao-quero-casar/,-1
1264,Eu Não Sou de Ninguém,musica1264,musica1264_trecho3,Sete dias da semana Sete festa pra curtir Sete bocas pra beijar Sete noites sem dormir,Humberto e Ronaldo,2012,16,https://www.letras.mus.br/humberto-ronaldo/eu-nao-sou-de-ninguem/,-1
1264,Eu Não Sou de Ninguém,musica1264,musica1264_trecho5,"Meu coração criou asas E voou, voou, voou, voou Tô livre da tristeza E a felicidade me encontrou",Humberto e Ronaldo,2012,18,https://www.letras.mus.br/humberto-ronaldo/eu-nao-sou-de-ninguem/,-1
1264,Eu Não Sou de Ninguém,musica1264,musica1264_trecho6,Vou levando a vida Livre do amor Vou levando a vida Livre do amor,Humberto e Ronaldo,2012,14,https://www.letras.mus.br/humberto-ronaldo/eu-nao-sou-de-ninguem/,-1
1563,Eu Não Vou Aceitar,musica1563,musica1563_trecho1,"Aceito tudo de você, Tiro de mim só pra te dar prazer Troco meu jogo por novela Meu futebol por cem mil rosas amarelas Perde a cabeça sempre que eu esqueço O dia e o mês do primeiro beijo E no banheiro sempre reclama Do meu jeito de menino que só te ama Meu sentimento não te engana...",Bruno & Marrone,2012,58,https://www.letras.mus.br/bruno-e-marrone/eu-nao-vou-aceitar/,-1
1138,Eu Quero Ser Teu Sol,musica1138,musica1138_trecho1,Inesquecível foi o seu olhar Meu coração só quer você pra amar Imprevisível seu jeito de ser Eu sem você não dá pra imaginar,Jorge & Mateus,2012,24,https://www.letras.mus.br/jorge-mateus/eu-quero-ser-o-teu-sol/,-1
1138,Eu Quero Ser Teu Sol,musica1138,musica1138_trecho7,A fonte desse amor Veio do seu olhar Direto pro coração,Jorge & Mateus,2012,11,https://www.letras.mus.br/jorge-mateus/eu-quero-ser-o-teu-sol/,-1
646,Eu Quero Só Você,musica646,musica646_trecho1,O que todos querem é só separar nós dois Você é o que eu quero e vou continuar te amando Eu não tô nem aí pro que os outros vão dizer O que a gente sente ninguém tem nada a ver,Jorge & Mateus,2012,41,https://www.letras.mus.br/jorge-mateus/1938456/,-1
646,Eu Quero Só Você,musica646,musica646_trecho2,"Sei que andam falando que eu não sirvo pra você Dizem que eu não presto, só me meto em confusão Querem nos afastar e acabar com nosso amor Tirar você de mim",Jorge & Mateus,2012,32,https://www.letras.mus.br/jorge-mateus/1938456/,-1
1565,Eu Quero Você Só Pra Mim,musica1565,musica1565_trecho2,"A lua lá no céu pra sempre vai brilhar Nem que eu leve a vida inteira, amor, eu vou te amar Sei tudo de você e vou até o fim E que se dane o mundo, eu quero você só pra mim",Marcos e Fernando,2009,42,https://www.letras.mus.br/marcos-e-fernando/1508638/,-1
1150,Eu Respiro Você,musica1150,musica1150_trecho1,"O tempo para, não sei por que Quando estou perto de você Um sentimento que me faz bem Ao teu lado, não preciso de ninguém",Jorge & Mateus,2009,25,https://www.letras.mus.br/jorge-mateus/1486840/,-1
68,Eu Sei de Cor,musica68,musica68_trecho8,"E quando se der conta, já passou Quando olhar pra trás, já fui embora",Marília Mendonça,2017,14,https://www.letras.mus.br/marilia-mendonca/eu-sei-de-cor/,-1
1227,Eu Te Achei,musica1227,musica1227_trecho2,Que o amor é imperfeito Quando se existe vida Que você nasceu pra mim Minha estrela preferida Você é e sempre será O grande amor da minha vida,Gusttavo Lima,2011,28,https://www.letras.mus.br/gusttavo-lima/1763752/,-1
1290,Eu Te Esperarei,musica1290,musica1290_trecho1,"Eu te esperarei, nós sentaremos juntos frente ao mar E de mãos dadas vamos caminhar Mesmo que passe toda a minha vida, eu te esperarei E nos teus olhos ainda existe amor E seu olhar me disse ""eu voltarei"" Mesmo que passe toda minha vida, eu te esperarei",Simone & Simaria,2013,48,https://www.letras.mus.br/simone-simaria-as-coleguinhas/eu-te-esperarei-1/,-1
1290,Eu Te Esperarei,musica1290,musica1290_trecho2,"Sem me dar conta, eu regresso, paro e penso E eu confesso, espero que o perdão esteja em sua mente Por isso eu rezo Eu sou sincero, eu te prometo, não me olha Depois que abrir essa porta Aí te digo: Se for, não volta E 7 de setembro a tua amiga me ligou me dizendo Que você tava morando perto dela E eu confesso, eu só queria te ver, ficar com você Pra te dizer, pra te dizer",Simone & Simaria,2013,79,https://www.letras.mus.br/simone-simaria-as-coleguinhas/eu-te-esperarei-1/,-1
1290,Eu Te Esperarei,musica1290,musica1290_trecho3,"Eu te esperarei, nós sentaremos juntos frente ao mar E de mãos dadas vamos caminhar Mesmo que passe toda a minha vida, eu te esperarei E nos teus olhos ainda existe amor E seu olhar me disse eu voltarei Mesmo que passe toda a minha vida, eu te esperarei",Simone & Simaria,2013,49,https://www.letras.mus.br/simone-simaria-as-coleguinhas/eu-te-esperarei-1/,-1
1290,Eu Te Esperarei,musica1290,musica1290_trecho5,"Nós sentaremos juntos frente ao mar E de mãos dadas vamos caminhar Mesmo que passe toda a minha vida, eu te esperarei E nos teus olhos ainda existe amor E seu olhar me disse eu voltarei Mesmo que passe toda a minha vida, eu te esperarei",Simone & Simaria,2013,46,https://www.letras.mus.br/simone-simaria-as-coleguinhas/eu-te-esperarei-1/,-1
1395,Eu Te Quero Sim,musica1395,musica1395_trecho1,"Eu não sei dizer realmente o que aconteceu O teu olhar feito um cometa Veio de encontro ao meu Confundiu meu coração não sei explicar A todo instante, a toda hora você está em mim Você é a flor mais linda de todo jardim Não vai se livrar de mim pode acreditar",Gusttavo Lima,2010,52,https://www.letras.mus.br/gusttavo-lima/1701779/,-1
41,Eu Te Seguro,musica41,musica41_trecho1,Tem manhãs que a gente acorda mesmo muito inseguro Querendo sumir com todos espelhos do mundo E hoje foi um dia assim pra ela,Panda Cantor,2025,24,https://www.letras.mus.br/panda-cantor/eu-te-seguro/,-1
41,Eu Te Seguro,musica41,musica41_trecho4,"Vestida ou desarrumada Com humor ou emburrada E quando tiver caindo o seu mundo No dia em que se sentir insegura, eu te seguro",Panda Cantor,2025,24,https://www.letras.mus.br/panda-cantor/eu-te-seguro/,-1
41,Eu Te Seguro,musica41,musica41_trecho7,"Vestida ou desarrumada Com humor ou emburrada E quando tiver caindo o seu mundo No dia em que se sentir insegura, eu te seguro Confia em mim",Panda Cantor,2025,27,https://www.letras.mus.br/panda-cantor/eu-te-seguro/,-1
1366,Eu Tentei (part. Mateus),musica1366,musica1366_trecho1,"Alta madrugada, eu aqui sem sono Por todos os lugares, escrevo o seu nome Já procurei pro sul, já procurei pro norte E não te encontrei O sol já vai surgindo, mais um dia está por vir Vejo as flores num jardim, sigo sem você aqui Mas não, não acabou não",Matheus & Kauan,2012,51,https://www.letras.mus.br/matheus-kauan/1746810/,-1
1366,Eu Tentei (part. Mateus),musica1366,musica1366_trecho2,"Tudo que a brisa leva Um dia volta com o vento Sinto uma coisa muito forte É o fim do sofrimento Por muito tempo eu tentei Eu corri contra o tempo, eu sei Só de saudades eu vou vivendo E assim eu não aguento, eu tentei",Matheus & Kauan,2012,46,https://www.letras.mus.br/matheus-kauan/1746810/,-1
1366,Eu Tentei (part. Mateus),musica1366,musica1366_trecho3,"Alta madrugada, eu aqui sem sono Por todos os lugares, escrevo o seu nome Já procurei pro sul, já procure pro norte E não te encontrei O sol já vai surgir mais um dia esta por vir Vejo as flores num jardim, sigo sem você aqui Mas não, não acabou não Tudo que a brisa leva Um dia volta com o vento Sinto uma coisa muito forte É o fim do sofrimento",Matheus & Kauan,2012,72,https://www.letras.mus.br/matheus-kauan/1746810/,-1
1366,Eu Tentei (part. Mateus),musica1366,musica1366_trecho4,"Por muito tempo eu tentei Eu corri contra o tempo, eu sei Só de saudades eu vou vivendo E assim eu não aguento, eu tentei Tudo que a brisa leva Um dia volta com o vento Sinto uma coisa muito forte É o fim do sofrimento",Matheus & Kauan,2012,46,https://www.letras.mus.br/matheus-kauan/1746810/,-1
1353,"Eu Vou Contar Procêis (part. Jorge e Mateus, Gusttavo Lima e Israel Novaes)",musica1353,musica1353_trecho2,Pensa no tanto que eu sofri Pensa no tanto que eu chorei Quando ela me disse eu vou embora Vou sair por essa porta Nunca mais tu vai me ver,Humberto e Ronaldo,2012,30,https://www.letras.mus.br/humberto-ronaldo/eu-vou-contar-pro-ceis/,-1
1353,"Eu Vou Contar Procêis (part. Jorge e Mateus, Gusttavo Lima e Israel Novaes)",musica1353,musica1353_trecho11,Pensa o tanto que eu sofri Pensa o tanto que eu chorei Quando ela me disse eu vou embora Vou sair por essa porta Nunca mais tu vai me ver,Humberto e Ronaldo,2012,30,https://www.letras.mus.br/humberto-ronaldo/eu-vou-contar-pro-ceis/,-1
1353,"Eu Vou Contar Procêis (part. Jorge e Mateus, Gusttavo Lima e Israel Novaes)",musica1353,musica1353_trecho12,Pensa no mal que ela me faz Pensa no que ela foi capaz Agora vou compra uma Dodge Ram Vou ficar cheio das fãs Igual o Israel Novaes,Humberto e Ronaldo,2012,28,https://www.letras.mus.br/humberto-ronaldo/eu-vou-contar-pro-ceis/,-1
1182,Eu Vou Pegar Você e Tãe,musica1182,musica1182_trecho2,"Você passa por mim, finge que não me vê Eu fico aqui sonhando, apaixonado por você Que não olha pra mim, que nunca me dá bola Tô me acabando todo enquanto você rebola",Munhoz & Mariano,2011,33,https://www.letras.mus.br/munhoz-mariano/1990026/,-1
1182,Eu Vou Pegar Você e Tãe,musica1182,musica1182_trecho4,Mas se um dia você vacilar E eu chegar bem perto de você Vou prender você na minha rede Você vai ver o que é que eu vou fazer,Munhoz & Mariano,2011,29,https://www.letras.mus.br/munhoz-mariano/1990026/,-1
1552,Eu Vou Te Buscar (part. Hungria),musica1552,musica1552_trecho1,Fernando de Noronha não tem mais o mesmo brilho sem você aqui As noites de Goiânia ficam até sem graça com você longe de mim,Gusttavo Lima,2018,25,https://www.letras.mus.br/gusttavo-lima/eu-vou-te-buscar/,-1
1552,Eu Vou Te Buscar (part. Hungria),musica1552,musica1552_trecho2,"Amazonas fica preto e branco Até o Rio de Janeiro perde o seu calor Fica triste até o carnaval de Salvador Sem você, sem você",Gusttavo Lima,2018,25,https://www.letras.mus.br/gusttavo-lima/eu-vou-te-buscar/,-1
1552,Eu Vou Te Buscar (part. Hungria),musica1552,musica1552_trecho5,"E Amazonas fica preto e branco Até o Rio de Janeiro perde o seu calor Fica triste até o carnaval de Salvador (sem graça) Sem você, sem você",Gusttavo Lima,2018,28,https://www.letras.mus.br/gusttavo-lima/eu-vou-te-buscar/,-1
957,Eu Vou Te Levantar,musica957,musica957_trecho1,Porque estás assim? Cabisbaixo e comigo já não fala mais? Cada dia que se passa mais distante Eu não vejo mais você me procurar Eu não vejo mais você se ajoelhar Eu não vejo você comigo falar O que aconteceu?,Lucas Roque e Gabriel,2020,40,https://www.letras.mus.br/lucas-rock-e-gabriel/eu-vou-te-levantar/,-1
957,Eu Vou Te Levantar,musica957,musica957_trecho2,Faz tempo que a gente não conversa Faz tempo que você não se alegra Faz muito tempo que eu quero te dizer Como eu vou fazer!,Lucas Roque e Gabriel,2020,26,https://www.letras.mus.br/lucas-rock-e-gabriel/eu-vou-te-levantar/,-1
957,Eu Vou Te Levantar,musica957,musica957_trecho9,"Então canta, descansa e anda",Lucas Roque e Gabriel,2020,5,https://www.letras.mus.br/lucas-rock-e-gabriel/eu-vou-te-levantar/,-1
478,"Eu, Você, o Mar e Ela",musica478,musica478_trecho2,"Eu só quero uma noite de amor Como as outras, só mais uma que passou",Luan Santana,2016,15,https://www.letras.mus.br/luan-santana/eu-voce-o-mar-e-ela/,-1
478,"Eu, Você, o Mar e Ela",musica478,musica478_trecho3,Mas foi só a porta fechar Pra mudar minha cabeça A sua boca vale o preço Pra perder o sossego que eu tinha,Luan Santana,2016,23,https://www.letras.mus.br/luan-santana/eu-voce-o-mar-e-ela/,-1
1570,Ex do Seu Atual,musica1570,musica1570_trecho2,"Garçom, bota minha mesa lá do lado dela Que eu vou desabafar, já bebi todas mesmo E todos os segredos dele eu vou contar",Naiara Azevedo,2016,24,https://www.letras.mus.br/naiara-azevedo/ex-do-seu-atual/,-1
1570,Ex do Seu Atual,musica1570,musica1570_trecho3,Ela precisa saber que ele não presta E que é infiel Eu já sofri nas mãos deste homem Meu Deus do céu,Naiara Azevedo,2016,22,https://www.letras.mus.br/naiara-azevedo/ex-do-seu-atual/,-1
1570,Ex do Seu Atual,musica1570,musica1570_trecho4,Preciso avisar que ela corre perigo Que mais cedo ou mais tarde Vai fazer com ela o que fez comigo,Naiara Azevedo,2016,20,https://www.letras.mus.br/naiara-azevedo/ex-do-seu-atual/,-1
1570,Ex do Seu Atual,musica1570,musica1570_trecho7,Já bebi todas mesmo E todos os segredos dele eu vou contar,Naiara Azevedo,2016,12,https://www.letras.mus.br/naiara-azevedo/ex-do-seu-atual/,-1
1489,Exclusividade,musica1489,musica1489_trecho1,"É, faz uma semana que eu quero te ver Coração tá sentindo falta de você Manda uma mensagem, um sinal Deixa um recado na caixa postal",Matheus & Kauan,2017,26,https://www.letras.mus.br/matheus-kauan/exclusividade/,-1
1489,Exclusividade,musica1489,musica1489_trecho4,"Mas não dá certo, é melhor parar A gente se assume ou para por aqui Que a gente se ama, não dá pra negar Então, peço desculpas se eu te fiz chorar",Matheus & Kauan,2017,32,https://www.letras.mus.br/matheus-kauan/exclusividade/,-1
1489,Exclusividade,musica1489,musica1489_trecho7,"E só de pensar Dá uma saudade Se quiser voltar Não pega fila, cê tem exclusividade",Matheus & Kauan,2017,16,https://www.letras.mus.br/matheus-kauan/exclusividade/,-1
779,Fã Clube (part. Marília Mendonça),musica779,musica779_trecho1,"Ah, se meus olhos tirassem fotos Das poses que você faz Eu nem piscaria mais",Maiara & Maraisa,2021,15,https://www.letras.mus.br/maiara-maraisa/fa-clube/,-1
43,Facas (part. Bruno & Marrone),musica43,musica43_trecho1,Primeiramente guarde suas armas Já me machuca tanto as suas palavras Eu tô querendo uma conversa civilizada,Diego e Victor Hugo,2021,17,https://www.letras.mus.br/diego-victor-hugo/facas-part-bruno-e-marrone/,-1
43,Facas (part. Bruno & Marrone),musica43,musica43_trecho3,"Você com raiva, me atacando E eu só com um beijo dou o troco Cê sabe que a gente não tem moral Pra viver longe um do outro",Diego e Victor Hugo,2021,28,https://www.letras.mus.br/diego-victor-hugo/facas-part-bruno-e-marrone/,-1
43,Facas (part. Bruno & Marrone),musica43,musica43_trecho4,Como se duas facas se riscassem procurando o corte São dois corações disputando quem é o mais forte,Diego e Victor Hugo,2021,18,https://www.letras.mus.br/diego-victor-hugo/facas-part-bruno-e-marrone/,-1
43,Facas (part. Bruno & Marrone),musica43,musica43_trecho12,Como se duas facas se riscassem procurando o corte São dois corações disputando quem é o mais forte São dois corações disputando quem é o mais forte,Diego e Victor Hugo,2021,27,https://www.letras.mus.br/diego-victor-hugo/facas-part-bruno-e-marrone/,-1
978,Fala,musica978,musica978_trecho3,Fala! Eu vou entender Que bateu solidão Que só pensa em me ver Fala amor! Eu preciso ouvir de você Que ainda me quer Que foi um mal entendido Entre um homem E uma mulher...,Edson & Hudson,2007,35,https://www.letras.mus.br/edson-e-hudson/1102114/,-1
1072,Fala Comigo,musica1072,musica1072_trecho1,"É, você já sabe, me conhece muito bem Eu não preciso esconder para ninguém Por muito tempo o que eu sinto",Gusttavo Lima,2021,21,https://www.letras.mus.br/gusttavo-lima/fala-comigo/,-1
597,Falando Sério,musica597,musica597_trecho1,"Você não tem limite, você não tem hora Liga pra brincar com o meu sentimento Faz proposta que sempre me apavora Sabe o que é amar e tá perdendo tempo",João Bosco & Vinícius,2010,30,https://www.letras.mus.br/joao-bosco-viniciusacustico/1092847/,-1
597,Falando Sério,musica597,musica597_trecho2,"Você me provoca, eu entro no seu jogo Sabe dar as cartas, sabe me ganhar Me coloca sempre em prova de fogo É tudo que eu preciso pra me entregar",João Bosco & Vinícius,2010,30,https://www.letras.mus.br/joao-bosco-viniciusacustico/1092847/,-1
597,Falando Sério,musica597,musica597_trecho5,"Você me provoca e eu entro no seu jogo Sabe dar as cartas, sabe me ganhar Me coloca sempre em prova de fogo É tudo que eu preciso pra me entregar",João Bosco & Vinícius,2010,31,https://www.letras.mus.br/joao-bosco-viniciusacustico/1092847/,-1
1417,Falando sério,musica1417,musica1417_trecho1,"Você não tem limite Você não tem hora Liga pra brincar com o meu sentimento Faz propostas que sempre me apavoram Sabe o que é amar e tá perdendo tempo Você me provoca, eu entro no seu jogo Sabe dar as cartas, sabe me ganhar Me coloca sempre em prova de fogo E é tudo que eu preciso pra me entregar",Luan Santana,2008,61,https://www.letras.mus.br/luan-santana/1060198/,-1
1538,Fama de Pegador,musica1538,musica1538_trecho2,"Eu não sou duas caras, eu não tenho dinheiro Fim de noite acompanhado eu vo pra casa, eu to faceiro Eu não sou herdeiro, mais sou bom no converseiro E mesmo a pé tem muita mulher no meu pé A noite inteira",Pedro Paulo e Alex,2012,42,https://www.letras.mus.br/pedro-paulo-alex/fama-de-pegador/,-1
1538,Fama de Pegador,musica1538,musica1538_trecho3,"Não tenho dodge ram, nem camaro amarelo Eu pego as gatinhas do xaveco e no chinelo Sou conquistador, na balada um terror Pedro paulo e Alex tem fama de pegador Tem fama de pegador",Pedro Paulo e Alex,2012,34,https://www.letras.mus.br/pedro-paulo-alex/fama-de-pegador/,-1
1327,Fantasma (part. Marília Mendonça),musica1327,musica1327_trecho3,É só você e mais nada Aceito esse amor unilateral Você e mais nada Sem ele fico mal,Luan Santana,2016,18,https://www.letras.mus.br/luan-santana/fantasma/,-1
381,Faz de Conta,musica381,musica381_trecho3,"Me diz pra quê ? Fazer tanto charminho Tá perdendo seu tempo, sem me dar carinho Assuma de vez Que quer me amar Quem desdenha quer comprar Quero pedir, menina não brinque comigo Não deixe demais meu coração de castigo Você sabe que tem toda minha atenção E que eu não sirvo só pra curtição.",Luan Santana,2008,55,https://www.letras.mus.br/luan-santana/1129633/,-1
381,Faz de Conta,musica381,musica381_trecho5,"Me diz pra quê ? Fazer tanto charminho Tá perdendo seu tempo, sem me dar carinho Assuma de vez.. Que quer me amar. Quem desdenha quer comprar Quero pedir, menina não brinque comigo. Não deixe demais meu coração de castigo Você sabe que tem toda minha atenção. E que eu não sirvo só pra curtição.",Luan Santana,2008,55,https://www.letras.mus.br/luan-santana/1129633/,-1
771,FAZENDEIRO,musica771,musica771_trecho1,Pra você não esquecer (É mais uma do LP),Luan Pereira,2025,9,https://www.letras.mus.br/luan-pereira/fazendeiro/,-1
731,Fecha o Porta Malas,musica731,musica731_trecho2,No outro lado encosta um carro E o desgramado já desce aumentando o volume Meu ponto fraco é essa moda Que você chegou tocando,Israel & Rodolffo,2016,24,https://www.letras.mus.br/israel-rodolfo/fecha-o-porta-malas/,-1
1134,Férias Em Salvador,musica1134,musica1134_trecho3,Te envio nossas fotos Das férias em Salvador Te mando mil mensagens Pra falar do meu amor,Fernando e Sorocaba,2012,17,https://www.letras.mus.br/fernando-sorocaba/1945414/,-1
1134,Férias Em Salvador,musica1134,musica1134_trecho7,Tudo errado Jogo aberto Só menti pra adiar o final Que já era certo,Fernando e Sorocaba,2012,14,https://www.letras.mus.br/fernando-sorocaba/1945414/,-1
1134,Férias Em Salvador,musica1134,musica1134_trecho8,"Aventura, sem sentido Só me fez perder você Minhas lágrimas estão caindo E o desespero bate forte",Fernando e Sorocaba,2012,17,https://www.letras.mus.br/fernando-sorocaba/1945414/,-1
1449,Ferida Curada,musica1449,musica1449_trecho1,"Tão cheia de certeza, você duvidou Que não existia mais resquícios de amor Saiu perdida na vida, ficando por ficar E não contava que a saudade ia te encontrar",Zé Neto e Cristiano,2020,29,https://www.letras.mus.br/ze-neto-cristiano/ferida-curada/,-1
1449,Ferida Curada,musica1449,musica1449_trecho4,"É que o frio na barriga, a saudade esquentou O amor que tinha, a distância zerou Não sobrou nada Você é a minha ferida curada Preocupa não que essa dor aí logo passa",Zé Neto e Cristiano,2020,33,https://www.letras.mus.br/ze-neto-cristiano/ferida-curada/,-1
1071,Ficha Limpa,musica1071,musica1071_trecho3,"Doa a quem doer, no caso eu Tô indo embora com minha ficha limpa De saudade, de cabeça erguida Eu vou sofrer, mas não vou recair Mas já você vai precisar de mim",Gusttavo Lima,2021,33,https://www.letras.mus.br/gusttavo-lima/ficha-limpa/,-1
1071,Ficha Limpa,musica1071,musica1071_trecho4,"Doa a quem doer, no caso eu Tô indo embora com minha ficha limpa De saudade, de cabeça erguida Eu vou sofrer, mas não vou recair Mas já você vai precisar de mim Pra te tirar do fundo desse poço que eu saí",Gusttavo Lima,2021,43,https://www.letras.mus.br/gusttavo-lima/ficha-limpa/,-1
1560,Fico Com Você,musica1560,musica1560_trecho2,"Mas, amor, vem cá Não faz isso comigo não Vou te deixar",Bruninho e Davi,2014,12,https://www.letras.mus.br/bruninho-davi/fico-com-voce/,-1
593,Fim de Namoro,musica593,musica593_trecho3,"Esse é o fim do nosso namoro Devolve a aliança de prata e toma aliança de ouro Esse é o fim do nosso namoro Vai lá no meu contato e apaga: Namorado, e escreve: Meu Noivo",Henrique & Juliano,2025,36,https://www.letras.mus.br/henrique-e-juliano/fim-de-namoro/,-1
1454,Final de Semana,musica1454,musica1454_trecho2,"Mas não adianta, não engana Vai fazer a sua fama E achar o que procurou",João Bosco & Vinícius,2012,15,https://www.letras.mus.br/joao-bosco-viniciusacustico/final-de-semana/,-1
1166,Fiorino,musica1166,musica1166_trecho7,"De Land Rover é fácil, é mole, é lindo Quero ver jogar a gata no fundo da Fiorino De Land Rover é fácil, é mole, é lindo Quero ver tirar essa onda andando de Fiorino",Gabriel Gava,2012,35,https://www.letras.mus.br/gabriel-gava/fiorino/,-1
50,Flor E O Beija-Flor (part. Marília Mendonça),musica50,musica50_trecho1,Essa é uma velha história De uma flor e um beija-flor Que conheceram o amor Numa noite fria de outono E as folhas caídas no chão Na estação que não tem cor,Henrique & Juliano,2015,32,https://www.letras.mus.br/henrique-e-juliano/a-flor-e-o-beija-flor/,-1
50,Flor E O Beija-Flor (part. Marília Mendonça),musica50,musica50_trecho4,Saudade de um beija-flor Lembranças de um antigo amor O dia amanheceu tão lindo Eu durmo e acordo sorrindo,Henrique & Juliano,2015,19,https://www.letras.mus.br/henrique-e-juliano/a-flor-e-o-beija-flor/,-1
50,Flor E O Beija-Flor (part. Marília Mendonça),musica50,musica50_trecho9,O dia amanheceu tão lindo Eu durmo e acordo sorrindo,Henrique & Juliano,2015,10,https://www.letras.mus.br/henrique-e-juliano/a-flor-e-o-beija-flor/,-1
244,Flores Em Vida,musica244,musica244_trecho3,Quero flores em vida Seu sorriso a me iluminar As lágrimas de despedida Não estarei por perto pra enxugar,Zezé Di Camargo & Luciano,2014,19,https://www.letras.mus.br/zeze-di-camargo-e-luciano/flores-em-vida/,-1
244,Flores Em Vida,musica244,musica244_trecho7,Do nosso amor Do nosso amor,Zezé Di Camargo & Luciano,2014,6,https://www.letras.mus.br/zeze-di-camargo-e-luciano/flores-em-vida/,-1
250,Foi por Conveniência,musica250,musica250_trecho3,"Não foi por amor, foi aquele domingo de cama vazia Saudade dos filhos, da mensagem de bom dia Medo de morrer sozinho, pressão da família Foi tudo, menos isso que chamam de amor",Marília Mendonça,2021,33,https://www.letras.mus.br/marilia-mendonca/conveniencia/,-1
1310,Folgado,musica1310,musica1310_trecho1,"Não venha, não Eu vivo do jeito que eu quero, não pedi opinião Você chegou agora e tá querendo mandar em mim Da minha vida cuido eu Deitou na minha cama e quer dormir com o travesseiro",Marília Mendonça,2015,37,https://www.letras.mus.br/marilia-mendonca/folgado/,-1
1079,Fora do Comum,musica1079,musica1079_trecho3,"Você brincou com fogo e depois caiu fora Saiu da minha vida, o que é que eu faço agora? Menina, estou a ponto de enlouquecer Fora do comum, não posso te esquecer",Gusttavo Lima,2011,32,https://www.letras.mus.br/gusttavo-lima/1831161/,-1
762,Fotos,musica762,musica762_trecho3,"Uma vida pra tirar você da minha Só seus flashs disparam meu coração Já rasguei as fotos, mas em pensamento Guardo cópias do seu beijo e solidão",Victor & Leo,2007,27,https://www.letras.mus.br/victor-leo/1088823/,-1
762,Fotos,musica762,musica762_trecho7,Uma vida pra tirar você da minha Só seus flashs disparam meu coração Já rasguei as fotos mas em pensamento Guardo cópias do seu beijo e solidão,Victor & Leo,2007,27,https://www.letras.mus.br/victor-leo/1088823/,-1
138,Fronteira (part. Gustavo Mioto),musica138,musica138_trecho3,"Cê tá cruzando a fronteira Esquece não Que mais um passo cê abre a porteira Do coração Vai dar namoro, vai ter igreja Você e meu pai tomando cerveja Se quer isso, bora, se não, nem me beija",Ana Castela,2024,38,https://www.letras.mus.br/ana-castela/fronteira-part-gustavo-mioto/,-1
1087,Fugidinha,musica1087,musica1087_trecho3,"Tô bem na parada, ninguém consegue entender Chego na balada, todos param pra me ver Tudo dando certo, mas eu tô esperto Não posso botar tudo a perder",Michel Teló,2010,28,https://www.letras.mus.br/michel-telo/1679247/,-1
1087,Fugidinha,musica1087,musica1087_trecho4,"Sempre tem aquela pessoa especial Que fica na dela, sabe seu potencial E mexe comigo, isso é um perigo Logo agora que eu fiquei legal",Michel Teló,2010,25,https://www.letras.mus.br/michel-telo/1679247/,-1
1087,Fugidinha,musica1087,musica1087_trecho5,Tô morrendo de vontade de te agarrar Não sei quanto tempo mais vou suportar Mas pra gente se encontrar ninguém pode saber Já pensei e sei o que devo fazer,Michel Teló,2010,30,https://www.letras.mus.br/michel-telo/1679247/,-1
1087,Fugidinha,musica1087,musica1087_trecho10,Tô morrendo de vontade de te agarrar Não sei quanto tempo mais vou suportar Mas pra gente se encontrar ninguém pode saber Já pensei e sei o que devo fazer O jeito é dar uma fugidinha com você O jeito é dar uma fugida com você Se você quer saber o que vai acontecer Primeiro a gente foge (e o quê?),Michel Teló,2010,61,https://www.letras.mus.br/michel-telo/1679247/,-1
629,Fui Fiel,musica629,musica629_trecho3,"Hoje eu acordei, me veio a falta de você Saudade de você, saudade de você Lembrei que me acordava de manhã só pra dizer Bom dia, meu bebê! Te amo, meu bebê!",Gusttavo Lima,2014,32,https://www.letras.mus.br/gusttavo-lima/fui-fiel/,-1
850,Fumo da Noite,musica850,musica850_trecho4,"Desci do carro pra ver o estrago Puto, estressado, recém largado Mas o fumo da noite não foi a batida, só vai escutando Do nada, desce minha ex e o cara que ela tá pegando",Danilo e Davi,2023,35,https://www.letras.mus.br/danilo-e-davi/fumo-da-noite/,-1
850,Fumo da Noite,musica850,musica850_trecho5,"Desci do carro pra ver o estrago Puto, estressado, recém-largado Mas o fumo da noite não foi a batida, só vai escutando Do nada, desce minha ex e o cara que ela tá pegando Delegado, passa o pano",Danilo e Davi,2023,38,https://www.letras.mus.br/danilo-e-davi/fumo-da-noite/,-1
850,Fumo da Noite,musica850,musica850_trecho10,"Mas o fumo da noite não foi a batida, só vai escutando Do nada, desce minha ex e o cara que ela tá pegando Delegado, passa o pano",Danilo e Davi,2023,28,https://www.letras.mus.br/danilo-e-davi/fumo-da-noite/,-1
116,Garotas Não Merecem Chorar,musica116,musica116_trecho1,Ela é uma mulher-menina que precisa urgentemente ser mais forte Ela quer alguém que leia seu sorriso antes de olhar o seu decote Ela vê suas amigas se entregando ao primeiro que aparecer Numa tentativa boba de se preencher,Luan Santana,2013,39,https://www.letras.mus.br/luan-santana/garotas-nao-merecem-chorar/,-1
116,Garotas Não Merecem Chorar,musica116,musica116_trecho3,"Eu não te deixaria por uma aventura à toa (oh) E nem te trocaria por qualquer outra pessoa (oh) Só pra matar a vontade, o crime não compensa Garotas inocentes não merecem chorar (oh) Por garotos que não têm a verdade no olhar (oh) Escolhi ser diferente, amor Só pra te amar (Oh, oh)",Luan Santana,2013,54,https://www.letras.mus.br/luan-santana/garotas-nao-merecem-chorar/,-1
116,Garotas Não Merecem Chorar,musica116,musica116_trecho6,"Eu não te deixaria por uma aventura à toa (oh) E nem te trocaria por qualquer outra pessoa (oh) Só pra matar a vontade, o crime não compensa Garotas inocentes não merecem chorar (oh) Por garotos que não têm a verdade no olhar (oh) Escolhi ser diferente, amor",Luan Santana,2013,48,https://www.letras.mus.br/luan-santana/garotas-nao-merecem-chorar/,-1
116,Garotas Não Merecem Chorar,musica116,musica116_trecho7,"Eu não te deixaria por uma aventura à toa (oh) E nem te trocaria por qualquer outra pessoa (oh) O crime não compensa Garotas inocentes não merecem chorar (oh) Por garotos que não têm a verdade no olhar (oh) Escolhi ser diferente, amor Só pra te amar",Luan Santana,2013,47,https://www.letras.mus.br/luan-santana/garotas-nao-merecem-chorar/,-1
116,Garotas Não Merecem Chorar,musica116,musica116_trecho8,"Escolhi ser diferente, amor Só pra te amar",Luan Santana,2013,8,https://www.letras.mus.br/luan-santana/garotas-nao-merecem-chorar/,-1
584,Gerente da Sicredi (part. CountryBeat),musica584,musica584_trecho1,"Só se vive uma vez, vou ser feliz Não vou ficar chorando por quem não merece Vendi uma fazenda cheia de gadin Meu saldo tem mais número que um CPF",Bruno e Barretto,2025,30,https://www.letras.mus.br/bruno-e-barretto/gerente-da-sicredi-part-countrybeat/,-1
584,Gerente da Sicredi (part. CountryBeat),musica584,musica584_trecho2,Comprei um Hilucão Enchi ela de som Só vai dar as menina na caçamba com os copão,Bruno e Barretto,2025,17,https://www.letras.mus.br/bruno-e-barretto/gerente-da-sicredi-part-countrybeat/,-1
1177,Girassol,musica1177,musica1177_trecho2,Não tô querendo me envolver Mas eu já me envolvi com você Eu tô querendo te falar E você vai me ouvir te dizer,João Bosco & Vinícius,2014,24,https://www.letras.mus.br/joao-bosco-viniciusacustico/girassol/,-1
1177,Girassol,musica1177,musica1177_trecho3,"Que meu sentimento é puro e sincero Que o seu amor é tudo que eu quero Cê fica fazendo charminho E eu tentando com jeitinho, querendo dizer",João Bosco & Vinícius,2014,27,https://www.letras.mus.br/joao-bosco-viniciusacustico/girassol/,-1
1177,Girassol,musica1177,musica1177_trecho4,"Meu coração é como um girassol que fica só Ele não quer me entender, só sabe amar você Meu coração é como um girassol que fica só Corre o risco de enlouquecer, de tanto te querer",João Bosco & Vinícius,2014,36,https://www.letras.mus.br/joao-bosco-viniciusacustico/girassol/,-1
503,Gosta de Rua,musica503,musica503_trecho3,"Já vi de tudo nessa vida Gente que gosta de tapa, e alguns, de carinho Mas seu fetiche é trair",Felipe e Rodrigo,2024,20,https://www.letras.mus.br/felipe-e-rodrigo/gosta-de-rua/,-1
503,Gosta de Rua,musica503,musica503_trecho4,Já que cê gosta tanto de rua Pega suas coisas e vaza Hoje cê dorme em qualquer fim de mundo Menos aqui em casa,Felipe e Rodrigo,2024,24,https://www.letras.mus.br/felipe-e-rodrigo/gosta-de-rua/,-1
401,Graveto,musica401,musica401_trecho3,"Você virou saudade aqui dentro de casa Se eu te chamo pro colchão, você foge pra sala E nem se importa mais saber do que eu sinto Poucos metros quadrados, virou um labirinto",Marília Mendonça,2020,33,https://www.letras.mus.br/marilia-mendonca/graveto/,-1
481,Hackearam-Me (part. Tierry),musica481,musica481_trecho3,Meu coração clonou meu chip E só para te avisar Se essa noite eu te ligar Não me atenda,Marília Mendonça,2020,19,https://www.letras.mus.br/marilia-mendonca/hackearam-me-part-tierry/,-1
481,Hackearam-Me (part. Tierry),musica481,musica481_trecho4,"Se acaso, de madrugada Chegar algum: Volta pra mim Hackearam-me, hackearam-me",Marília Mendonça,2020,11,https://www.letras.mus.br/marilia-mendonca/hackearam-me-part-tierry/,-1
481,Hackearam-Me (part. Tierry),musica481,musica481_trecho10,"Se acaso, de madrugada Chegar algum: Volta para mim Hackearam-me, hackearam-me",Marília Mendonça,2020,11,https://www.letras.mus.br/marilia-mendonca/hackearam-me-part-tierry/,-1
1572,Halls Preto,musica1572,musica1572_trecho3,Assim tá bom demais Eu atraso o relógio A gente fica mais,Conrado e Aleksandro,2013,12,https://www.letras.mus.br/conrado-aleksandro/halls-preto/,-1
1482,Hoje Somos Só Metade,musica1482,musica1482_trecho1,"Não nos conhecemos mais Não vejo mais em você a pessoa que eu amei demais O que tava dando certo, agora deu errado Não é que eu queira reviver nosso passado",Marília Mendonça,2015,31,https://www.letras.mus.br/marilia-mendonca/hoje-somos-so-metade/,-1
1293,Hoje Sonhei Com Você,musica1293,musica1293_trecho2,"Hoje sonhei com você Ninguém podia nos separar Só eu podia te ver Foi tão real, não quero acordar",Humberto e Ronaldo,2013,19,https://www.letras.mus.br/humberto-ronaldo/hoje-sonhei-com-voce/,-1
348,Homem de Família,musica348,musica348_trecho3,"E quem me viu, se visse hoje não acreditaria Que o cachaceiro virou homem de família Troquei a noite pelo dia",Gusttavo Lima,2016,21,https://www.letras.mus.br/gusttavo-lima/homem-de-familia/,-1
348,Homem de Família,musica348,musica348_trecho4,"E quem me viu, se visse hoje não acreditaria Troquei o bar, agora é só sorveteria Só eu e ela quem diria Que o cachaceiro virou homem de família",Gusttavo Lima,2016,29,https://www.letras.mus.br/gusttavo-lima/homem-de-familia/,-1
348,Homem de Família,musica348,musica348_trecho7,"E quem me viu, se visse hoje não acreditaria Deixei o bar, agora é só sorveteria Só eu e ela quem diria Que o cachaceiro virou homem de família",Gusttavo Lima,2016,29,https://www.letras.mus.br/gusttavo-lima/homem-de-familia/,-1
348,Homem de Família,musica348,musica348_trecho8,"Acreditaria, que o cachaceiro virou homem de família Troquei a noite pelo dia",Gusttavo Lima,2016,13,https://www.letras.mus.br/gusttavo-lima/homem-de-familia/,-1
348,Homem de Família,musica348,musica348_trecho10,"Só eu e ela quem diria Que o cachaceiro virou homem de família, de família",Gusttavo Lima,2016,15,https://www.letras.mus.br/gusttavo-lima/homem-de-familia/,-1
1397,Homens e Anjos,musica1397,musica1397_trecho1,"Eu vivo no chão, ela tem asas Sou a escuridão, ela é iluminada Ela é tudo, eu sou quase nada Homens e anjos",Fernando e Sorocaba,2013,23,https://www.letras.mus.br/fernando-sorocaba/homens-e-anjos/,-1
1397,Homens e Anjos,musica1397,musica1397_trecho3,"Um raio e um arcos íris, dividindo o mesmo céu Belezas tão diferentes, pintadas num só papel Vencemos o impossível com a força do coração",Fernando e Sorocaba,2013,25,https://www.letras.mus.br/fernando-sorocaba/homens-e-anjos/,-1
1118,Humilde Residência,musica1118,musica1118_trecho2,Quando chegar aqui Me dê um grito lá na frente Eu vou correndo te buscar Não tem ninguém aqui Mas vou deixar a luz acesa,Michel Teló,2011,25,https://www.letras.mus.br/michel-telo/1993728/,-1
1121,I Love You,musica1121,musica1121_trecho7,Me ame como eu amo tu Me ame como eu amo tu,Marcos & Belutti,2012,12,https://www.letras.mus.br/marcos-belutti/i-love-you/,-1
1409,Idas e Voltas,musica1409,musica1409_trecho1,"Se eu não te fizer chorar Se eu não te fizer sofrer Fica comigo essa noite o tempo que quiser Enquanto se sentir bem Adoro quando você fica, fica, fica E vai ficando Me desacostumando a ficar sem",Jorge & Mateus,2015,38,https://www.letras.mus.br/jorge-mateus/idas-e-voltas/,-1
1409,Idas e Voltas,musica1409,musica1409_trecho2,"Odeio quando você vai, vai, vai, vai E demora pra voltar Eu nunca sei se a gente só tá revivendo Ou tentando recomeçar",Jorge & Mateus,2015,23,https://www.letras.mus.br/jorge-mateus/idas-e-voltas/,-1
1409,Idas e Voltas,musica1409,musica1409_trecho5,"E adoro quando você fica, fica, fica E vai ficando Desacostumando a ficar sem",Jorge & Mateus,2015,14,https://www.letras.mus.br/jorge-mateus/idas-e-voltas/,-1
1409,Idas e Voltas,musica1409,musica1409_trecho6,"E odeio quando você vai, vai, vai, vai, vai, vai E demora pra voltar Eu nunca sei se a gente só ta revivendo Ou tentando recomeçar",Jorge & Mateus,2015,26,https://www.letras.mus.br/jorge-mateus/idas-e-voltas/,-1
278,ILHA,musica278,musica278_trecho1,"Quero que prometa, que se comprometa A ir procurar outro amor em outro planeta Pra que eu não te veja sentada na mesa Rindo à toa enquanto outra boca te beija, ai, ai, ai",Luan Santana,2025,34,https://www.letras.mus.br/luan-santana/ilha/,-1
278,ILHA,musica278,musica278_trecho3,"Vou transformar decepção em novo começo O passado é um erro, o presente é só acerto O amor eu te prometo",Luan Santana,2025,21,https://www.letras.mus.br/luan-santana/ilha/,-1
278,ILHA,musica278,musica278_trecho4,"Também vou procurar outro amor em outro planeta Guardo seu ciúme em qualquer gaveta Primeiro a gente peita, depois a gente aceita Que amores vem, amores vão Cê vai pro céu, volta pro chão",Luan Santana,2025,34,https://www.letras.mus.br/luan-santana/ilha/,-1
278,ILHA,musica278,musica278_trecho5,"E quando tá pra se afogar no mar da vida Vem alguém, vem alguém E se torna ilha",Luan Santana,2025,18,https://www.letras.mus.br/luan-santana/ilha/,-1
278,ILHA,musica278,musica278_trecho9,"E quando tá pra se afogar no mar da vida Vem alguém, vem alguém",Luan Santana,2025,14,https://www.letras.mus.br/luan-santana/ilha/,-1
211,Ilusão De Ótica (part. Ana Castela),musica211,musica211_trecho9,Não era só drama Eu não tenho as manha de ficar sem você,Matheus & Kauan,2025,13,https://www.letras.mus.br/matheus-kauan/ilusao-de-otica-part-ana-castela/,-1
870,Impasse (part. Henrique & Juliano),musica870,musica870_trecho3,Você diz que não E eu acho que sim Você não se entrega Seu medo te cerca Te pega e te joga Pra longe de mim,Marília Mendonça,2015,26,https://www.letras.mus.br/marilia-mendonca/impasse/,-1
870,Impasse (part. Henrique & Juliano),musica870,musica870_trecho4,Eu acho que sim Você diz que não Resolve esse impasse E assuma pra gente Essa louca paixão,Marília Mendonça,2015,18,https://www.letras.mus.br/marilia-mendonca/impasse/,-1
870,Impasse (part. Henrique & Juliano),musica870,musica870_trecho5,Me abraça e me beija Que eu tomo conta de você,Marília Mendonça,2015,11,https://www.letras.mus.br/marilia-mendonca/impasse/,-1
870,Impasse (part. Henrique & Juliano),musica870,musica870_trecho7,Você diz que não Eu acho que sim Você não se entrega Seu medo te cerca Te pega e te joga Pra longe de mim,Marília Mendonça,2015,25,https://www.letras.mus.br/marilia-mendonca/impasse/,-1
870,Impasse (part. Henrique & Juliano),musica870,musica870_trecho11,Eu acho que sim Mas você diz que não Resolve esse impasse E assuma pra gente Essa louca paixão,Marília Mendonça,2015,19,https://www.letras.mus.br/marilia-mendonca/impasse/,-1
438,Imperfeito,musica438,musica438_trecho2,Tua foto no espelho Um pedacinho de ilusão A cama ainda tem seu cheiro Perfume de sedução,Zezé Di Camargo,2021,17,https://www.letras.mus.br/zeze-di-camargo/imperfeito/,-1
438,Imperfeito,musica438,musica438_trecho3,"E nessa noite embriagante Até a Lua quer você aqui Paixão a gente não esconde Perdão, é que eu não sei fingir",Zezé Di Camargo,2021,22,https://www.letras.mus.br/zeze-di-camargo/imperfeito/,-1
438,Imperfeito,musica438,musica438_trecho4,"Meu delírio repete teu nome Meu desejo só quer teu calor Imperfeito, sou carne, sou homem Me alimento só do teu amor Do teu amor",Zezé Di Camargo,2021,25,https://www.letras.mus.br/zeze-di-camargo/imperfeito/,-1
438,Imperfeito,musica438,musica438_trecho6,O céu e a terra aqui se juntam Porque eu não posso mais te amar Vivo e morro entre perguntas Sem respostas pra me dar,Zezé Di Camargo,2021,25,https://www.letras.mus.br/zeze-di-camargo/imperfeito/,-1
303,Impressionando Os Anjos,musica303,musica303_trecho3,"Tirando isso, do resto até que eu tô dando conta A Julinha tá banguela e o Pedro só apronta O que faltava do carro, eu já quitei a conta",Gustavo Mioto,2017,29,https://www.letras.mus.br/gustavo-mioto/impressionando-os-anjos/,-1
1361,Incerteza,musica1361,musica1361_trecho1,"Eu sou do tipo de pessoa que ama rápido demais Meu jeito todo estranho não combina com os normais E eu olho pro relógio e espero o tempo passar Sempre penso que é você, quando toca o celular",Matheus & Kauan,2016,38,https://www.letras.mus.br/matheus-kauan/incerteza/,-1
505,Incondicional,musica505,musica505_trecho1,"Eu vou pedir ao Sol pra iluminar nosso caminho E todas as estrelas pra enfeitar nosso destino Me leve onde for, segure a minha mão Pois sei que você vai ser a minha direção",Luan Santana,2012,34,https://www.letras.mus.br/luan-santana/incondicional/,-1
505,Incondicional,musica505,musica505_trecho7,"Em minhas digitais já tem um pouco de você Eu sigo os seus sinais, assim nunca vou te perder É incondicional, você tem a forma exata pra me prender Em você",Luan Santana,2012,31,https://www.letras.mus.br/luan-santana/incondicional/,-1
18,Infiel,musica18,musica18_trecho2,"Hoje não tem hora de ir embora Hoje ele vai ficar No momento deve estar feliz e achando que ganhou Não perdi nada, acabei de me livrar",Marília Mendonça,2015,27,https://www.letras.mus.br/marilia-mendonca/infiel/,-1
18,Infiel,musica18,musica18_trecho4,"O seu prêmio, que não vale nada, estou te entregando Pus as malas lá fora e ele ainda saiu chorando Essa competição por amor só serviu pra me machucar Tá na sua mão, você agora vai cuidar de um traidor Me faça esse favor",Marília Mendonça,2015,44,https://www.letras.mus.br/marilia-mendonca/infiel/,-1
18,Infiel,musica18,musica18_trecho5,"Iê-ê-ê, infiel Eu quero ver você morar num motel Estou te expulsando do meu coração Assuma as consequências dessa traição",Marília Mendonça,2015,20,https://www.letras.mus.br/marilia-mendonca/infiel/,-1
18,Infiel,musica18,musica18_trecho6,"Iê, iê, iê, infiel Agora ela vai fazer o meu papel Daqui um tempo você vai se acostumar E aí vai ser a ela a quem vai enganar Você não vai mudar",Marília Mendonça,2015,32,https://www.letras.mus.br/marilia-mendonca/infiel/,-1
18,Infiel,musica18,musica18_trecho10,"Iê-ê-ê, infiel Agora ela vai fazer o meu papel Daqui um tempo você vai se acostumar E aí vai ser a ela a quem vai enganar Você não vai mudar",Marília Mendonça,2015,30,https://www.letras.mus.br/marilia-mendonca/infiel/,-1
527,Instinto Animal,musica527,musica527_trecho10,Pra ela dou a vida e sei que tenho só por ela Esse instinto animal,Zé Henrique & Gabriel,2005,15,https://www.letras.mus.br/ze-henrique-gabriel/172965/,-1
556,Intenção (part. Gaab),musica556,musica556_trecho3,"Eu não tô de palhaçada, vamo lá pra casa Bora, que o cafofo hoje é brasa E nesse tanto de curva, eu me arrisco até na contramão Deixa eu te apresentar pro meu colchão",Marília Mendonça,2019,34,https://www.letras.mus.br/marilia-mendonca/intencao-part-gaab/,-1
556,Intenção (part. Gaab),musica556,musica556_trecho7,"E não explana pra não estragar É que amanhã eu tô em outro lugar Mas se quiser de novo, é só chamar Só não exagera pra não enjoar",Marília Mendonça,2019,28,https://www.letras.mus.br/marilia-mendonca/intencao-part-gaab/,-1
556,Intenção (part. Gaab),musica556,musica556_trecho12,"Só não explana pra não estragar É que amanhã eu tô em outro lugar Mas se quiser de novo, é só chamar Só não exagera pra não enjoar",Marília Mendonça,2019,28,https://www.letras.mus.br/marilia-mendonca/intencao-part-gaab/,-1
1251,Invasões,musica1251,musica1251_trecho8,Minha cabeça diz que já se foi,Jorge & Mateus,2012,7,https://www.letras.mus.br/jorge-mateus/invasoes/,-1
602,Inventor Dos Amores,musica602,musica602_trecho3,"E se eu me entregar, será que vai rolar? Sou um doente apaixonado e ela tem razão Se for pra ser assim, eu vou cuidar de mim Eu penso em desistir e ela diz que não",Gusttavo Lima,2010,36,https://www.letras.mus.br/gusttavo-lima/1700642/,-1
1250,Irracional,musica1250,musica1250_trecho1,"Basta apenas um olhar, um beijo, um toque Pra eu perder meu chão, ficar em choque Perder o sentido e a razão, desequilibrar o coração Não responder mais por mim",Marcos & Belutti,2014,30,https://www.letras.mus.br/marcos-belutti/irracional/,-1
1250,Irracional,musica1250,musica1250_trecho2,"Basta um cheiro ou apenas um sorriso Pra eu perder meu ar e o juízo Seu domínio em mim é fatal Eu me sinto tão irracional Mas não tem jeito é assim Nunca vai mudar, vou me declarar",Marcos & Belutti,2014,38,https://www.letras.mus.br/marcos-belutti/irracional/,-1
1250,Irracional,musica1250,musica1250_trecho8,"Basta apenas um olhar, um beijo, um toque",Marcos & Belutti,2014,8,https://www.letras.mus.br/marcos-belutti/irracional/,-1
1110,Já Não Sei Mais Nada (Yo No Se Mañana),musica1110,musica1110_trecho5,Seu café derrama no sofá Distraída não sabe o que faz Não consegue ver que acabou Não quer desistir mais deste amor Mas tudo que vê é o que sou Não me peça mais do que eu te dou Não!,Bruno & Marrone,2011,40,https://www.letras.mus.br/bruno-e-marrone/1958200/,-1
485,Jeito Carinhoso,musica485,musica485_trecho1,Como esquecer o beijo que você me deu? Como esquecer o beijo que você me deu? Não sei se era pra esquecer ou lembrar E ficou um pedaço de você em mim E hoje eu quero te ver pra me entregar,Jads e Jadson,2013,41,https://www.letras.mus.br/jads-e-jadson/jeito-carinhoso/,-1
1541,Jesus Apaga a Luz,musica1541,musica1541_trecho2,"Meu Deus abana forte Com que cara que eu vou perguntar pra ela Se ela já pode ou esconde da mãe dela Sua carinha não nega, o sorriso entrega que gosta demais",Henrique & Juliano,2014,32,https://www.letras.mus.br/henrique-e-juliano/jesus-apaga-a-luz/,-1
397,Jogado Na Rua,musica397,musica397_trecho1,"Não tá fácil ficar sem teu amor aqui Que saudade que dá Chego a ter dó de mim Meu amor é assim Bruto e sincero demais Sentimento sem fim Amo você, ninguém mais",Guilherme & Santiago,2014,33,https://www.letras.mus.br/guilherme-e-santiago/jogado-na-rua/,-1
397,Jogado Na Rua,musica397,musica397_trecho2,"Me deixou assim Sombra na escuridão Arrancou de mim a paz O sorriso e a razão Uôu, uôu, uôu, uôu, ai",Guilherme & Santiago,2014,21,https://www.letras.mus.br/guilherme-e-santiago/jogado-na-rua/,-1
1600,Juliana,musica1600,musica1600_trecho1,Ela é linda Ela é tudo que eu queria Ela entrou no coração Olhos claros Que me envolve de magia E me deixa sem ação Não há lugar Que quero estar Se eu não tiver você,Fernando e Sorocaba,2008,36,https://www.letras.mus.br/fernando-sorocaba/1132810/,-1
1600,Juliana,musica1600,musica1600_trecho2,Me abrace Não vá embora Eu te quero toda hora Oh Juliana Me dê a mão Me segure Que seja eterno enquanto dure amor Oh Juliana Oh Juliana,Fernando e Sorocaba,2008,28,https://www.letras.mus.br/fernando-sorocaba/1132810/,-1
1600,Juliana,musica1600,musica1600_trecho4,Me abrace Não vá embora Eu te quero toda hora Oh Juliana Me dê a mão Me segure Que seja eterno enquanto dure amor Oh Juliana aa Oh Juliana,Fernando e Sorocaba,2008,29,https://www.letras.mus.br/fernando-sorocaba/1132810/,-1
906,Juras de Amor,musica906,musica906_trecho3,Do beijo na boca Do cheiro da pele Das juras de amor Que eram pra sempre,Bruno & Marrone,2011,16,https://www.letras.mus.br/bruno-e-marrone/1955761/,-1
906,Juras de Amor,musica906,musica906_trecho4,Não quero lembrar Que tudo acabou Só quero lembrar Dos momentos de amor,Bruno & Marrone,2011,13,https://www.letras.mus.br/bruno-e-marrone/1955761/,-1
1422,Lágrimas,musica1422,musica1422_trecho4,"Mil desejos, fantasias Segredos sentimentos Perdidos no tempo As lembranças, os momentos E lágrimas choradas jogadas ao vento",Victor & Leo,2011,18,https://www.letras.mus.br/victor-leo/1979152/,-1
1307,Larga de Bobeira,musica1307,musica1307_trecho2,Chega de me controlar aceite como eu sou Chega de falar que eu tenho outro amor Te quero só pra mim,Michel Teló,2010,21,https://www.letras.mus.br/michel-telo/1525685/,-1
179,Largado Às Traças,musica179,musica179_trecho1,"Meu orgulho caiu quando subiu o álcool Aí deu ruim pra mim E, pra piorar, tá tocando um modão De arrastar o chifre no asfalto",Zé Neto e Cristiano,2018,25,https://www.letras.mus.br/ze-neto-cristiano/largado-as-tracas/,-1
179,Largado Às Traças,musica179,musica179_trecho5,"Ô ô ô, ô ô ô A falta de você, bebida não ameniza Ô ô ô, ô ô ô Tô tentando apagar fogo com gasolina",Zé Neto e Cristiano,2018,25,https://www.letras.mus.br/ze-neto-cristiano/largado-as-tracas/,-1
1082,Lê Lê Lê,musica1082,musica1082_trecho1,Em plena sexta feira Fui tentar me distrair Chegando na balada Toda linda eu te vi,João Neto e Frederico,2012,16,https://www.letras.mus.br/joao-neto-frederico/1972478/,-1
34,Leão,musica34,musica34_trecho2,Que o Sol da manhã te dissolva Seu vampiro de filmes pastelão Mas quem vai nos julgar? Sou seu despenteado leão,Marília Mendonça,2023,21,https://www.letras.mus.br/marilia-mendonca/leao/,-1
34,Leão,musica34,musica34_trecho3,Sei que cê me entende bem Sempre foge quando namora Se você não ama ninguém Por que tá me escutando agora?,Marília Mendonça,2023,21,https://www.letras.mus.br/marilia-mendonca/leao/,-1
34,Leão,musica34,musica34_trecho5,Mas quem vai nos julgar? Vilão particular,Marília Mendonça,2023,7,https://www.letras.mus.br/marilia-mendonca/leao/,-1
34,Leão,musica34,musica34_trecho6,"Se eu subo nesse palco aqui Foi Deus que me criou assim E os holofotes vêm ao meu encontro É que eu te amo e nem te conto Não, não posso ser seu santo",Marília Mendonça,2023,34,https://www.letras.mus.br/marilia-mendonca/leao/,-1
34,Leão,musica34,musica34_trecho10,Pode ser até que você não me dê moral Até me ver no espaço pela banca de jornal,Marília Mendonça,2023,18,https://www.letras.mus.br/marilia-mendonca/leao/,-1
1128,Lei do Desapego,musica1128,musica1128_trecho4,E eu já decidi que hoje eu vou sair Sem preocupar eu vou me divertir Já que agora eu não preciso me explicar E com certeza você vai ouvir falar,Thiago Brava,2012,30,https://www.letras.mus.br/thiago-brava/lei-do-desapego/,-1
1128,Lei do Desapego,musica1128,musica1128_trecho8,Que tô feliz Sem você do meu lado Hoje eu tô livre Leve e desapegado,Thiago Brava,2012,15,https://www.letras.mus.br/thiago-brava/lei-do-desapego/,-1
1128,Lei do Desapego,musica1128,musica1128_trecho15,Que tô feliz Sem você do meu lado Hoje eu tô livre Leve,Thiago Brava,2012,13,https://www.letras.mus.br/thiago-brava/lei-do-desapego/,-1
177,Leilão,musica177,musica177_trecho5,Eu vou fazer um leilão Quem dá mais pelo meu coração Me ajude voltar a viver Estou aqui tão perto Me arremate pra você,César Menotti & Fabiano,2005,24,https://www.letras.mus.br/cesar-menotti-e-fabiano/839008/,-1
383,Lembrança Boa,musica383,musica383_trecho2,"Me fala que não vai Passar a noite só sorrindo Me tira daqui Me leva pro seu paraíso Não quero voltar Pra casa imaginando o que poderia rolar Com você, quero fazer agora",Henrique & Juliano,2018,33,https://www.letras.mus.br/henrique-e-juliano/lembranca-boa/,-1
383,Lembrança Boa,musica383,musica383_trecho3,Vai que vira uma lembrança boa Vai que vira uma lembrança boa,Henrique & Juliano,2018,12,https://www.letras.mus.br/henrique-e-juliano/lembranca-boa/,-1
383,Lembrança Boa,musica383,musica383_trecho5,"Me fala que não vai Passar a noite só sorrindo Me tira daqui Me leva pro seu paraíso Não quero voltar Pra casa imaginando o que poderia rolar Com você, quero fazer (quero fazer)",Henrique & Juliano,2018,34,https://www.letras.mus.br/henrique-e-juliano/lembranca-boa/,-1
271,Lembranças de Amor,musica271,musica271_trecho1,"Veja só Sei que palavras não consertam nada, mas eu acho que é melhor A gente conversar",Victor & Leo,2007,17,https://www.letras.mus.br/victor-leo/797041/,-1
317,Lendas e Mistérios,musica317,musica317_trecho3,Pra iluminar quem quiser amar Uma vez por mês a lua cheia vai brilhar Lendas e mistérios de um amor eterno Que nem mesmo o tempo foi capaz de apagar,Fred e Gustavo,2013,30,https://www.letras.mus.br/fred-gustavo/1872101/,-1
317,Lendas e Mistérios,musica317,musica317_trecho7,Pra iluminar... Uma vez por mês a lua cheia vai brilhar Lendas e mistérios de um amor eterno Que nem mesmo o tempo foi capaz de apagar,Fred e Gustavo,2013,27,https://www.letras.mus.br/fred-gustavo/1872101/,-1
263,Liberdade Provisória,musica263,musica263_trecho2,Só que foi eu quem terminou E quem foi largado não espera Eu segui minha vida Até ela começar seguir a dela,Henrique & Juliano,2020,22,https://www.letras.mus.br/henrique-e-juliano/liberdade-provisoria/,-1
263,Liberdade Provisória,musica263,musica263_trecho5,E eu implorei pra você voltar E ela me matou na unha Disse que eu tava solteiro Eu tava solteiro porra nenhuma,Henrique & Juliano,2020,22,https://www.letras.mus.br/henrique-e-juliano/liberdade-provisoria/,-1
263,Liberdade Provisória,musica263,musica263_trecho6,Implorei pra voltar Não me manda embora Sou preso na sua vida Era só liberdade provisória,Henrique & Juliano,2020,16,https://www.letras.mus.br/henrique-e-juliano/liberdade-provisoria/,-1
263,Liberdade Provisória,musica263,musica263_trecho10,E eu implorei pra voltar E ela me matou na unha Disse que eu tava solteiro Eu tava solteiro porra nenhuma,Henrique & Juliano,2020,21,https://www.letras.mus.br/henrique-e-juliano/liberdade-provisoria/,-1
263,Liberdade Provisória,musica263,musica263_trecho13,Eu implorei pra voltar E ela me matou na unha Disse que eu tava solteiro Eu tava solteiro porra nenhuma,Henrique & Juliano,2020,20,https://www.letras.mus.br/henrique-e-juliano/liberdade-provisoria/,-1
263,Liberdade Provisória,musica263,musica263_trecho14,Eu implorei pra voltar Não me manda embora Sou preso na sua vida Era só liberdade provisória,Henrique & Juliano,2020,17,https://www.letras.mus.br/henrique-e-juliano/liberdade-provisoria/,-1
943,Liga Lá Em Casa,musica943,musica943_trecho1,"Liga lá em casa Fala que hoje eu não vou voltar Fala que num motel eu vou pousar Que é muito tarde, a chuva desabou",Leonardo,2014,25,https://www.letras.mus.br/leonardo/liga-la-em-casa/,-1
943,Liga Lá Em Casa,musica943,musica943_trecho4,"Liga lá em casa Fala que hoje eu não vou voltar Fala que num motel eu vou pousar É muito tarde, a chuva desabou",Leonardo,2014,24,https://www.letras.mus.br/leonardo/liga-la-em-casa/,-1
943,Liga Lá Em Casa,musica943,musica943_trecho5,"Liga lá em casa Conte uma história, fale uma mentira Fala que eu fiquei sem gasolina Que estou de fogo e meu carro quebrou",Leonardo,2014,24,https://www.letras.mus.br/leonardo/liga-la-em-casa/,-1
1533,Litrão,musica1533,musica1533_trecho2,"Eu tenho certeza, vai ser de primeira Se a gente ficar, é menos uma solteira nesse mundo E menos um vagabundo!",Matheus & Kauan,2020,21,https://www.letras.mus.br/matheus-kauan/litrao/,-1
1388,Livre,musica1388,musica1388_trecho1,"Vamos girar, girar Até o dia clarear A vida é muito curta Não vou parar",Fernando e Sorocaba,2013,15,https://www.letras.mus.br/fernando-sorocaba/livre/,-1
1388,Livre,musica1388,musica1388_trecho4,Esse é meu jeito E ninguém consegue me mudar Acordo em um canto E vou dormir em outro lugar,Fernando e Sorocaba,2013,19,https://www.letras.mus.br/fernando-sorocaba/livre/,-1
1388,Livre,musica1388,musica1388_trecho5,"Livre, é o meu jeito de ser Nasci, fui criado desse jeito Meio louco, imperfeito Não queira entender",Fernando e Sorocaba,2013,18,https://www.letras.mus.br/fernando-sorocaba/livre/,-1
1388,Livre,musica1388,musica1388_trecho7,"Vamos girar, girar Abra as asas pra voar Não existem limites Vem se entregar",Fernando e Sorocaba,2013,14,https://www.letras.mus.br/fernando-sorocaba/livre/,-1
1388,Livre,musica1388,musica1388_trecho15,"Livre, é o meu jeito de ser Nasci, fui criado desse jeito Meio louco, imperfeito",Fernando e Sorocaba,2013,15,https://www.letras.mus.br/fernando-sorocaba/livre/,-1
591,Locutor,musica591,musica591_trecho1,"Tô no celular Falando de um bar Bebi todas pra poder ligar Perdi um grande amor Não sei o que fazer Amigo locutor, liguei pra te dizer Manda um recado e um beijo meu Sei que ela não perde um programa seu Mas não abre a porta nem atende o celular Então só tem um jeito dela me escutar",Léo Magalhães,2014,59,https://www.letras.mus.br/leo-magalhaes/1069047/,-1
591,Locutor,musica591,musica591_trecho2,"Vai locutor Diz que eu estou Completamente apaixonado, louco de amor Diga por favor Fala aí no ar, não sei viver sem ela Que tem um cara aqui Com saudade dela, cheio de desejo Diz pra ela locutor só quero mais um beijo",Léo Magalhães,2014,43,https://www.letras.mus.br/leo-magalhaes/1069047/,-1
591,Locutor,musica591,musica591_trecho5,"Vai locutor Diz que eu estou Completamente apaixonado, louco de amor Diga por favor Fala aí no ar, não sei viver sem ela Que tem um cara aqui Com saudade dela, cheio de desejo Diz pra ela locutor, só quero mais um beijo Diz pra ela locutor, só quero mais um beijo Diz pra ela locutor, só quero mais um beijo",Léo Magalhães,2014,61,https://www.letras.mus.br/leo-magalhaes/1069047/,-1
484,Logo Eu,musica484,musica484_trecho2,Logo eu que nem pensava Eu não imaginava te merecer E agora sou o dono desse amor Eu nem quero saber por que Eu só preciso viver O resto dessa vida com você,Jorge & Mateus,2015,33,https://www.letras.mus.br/jorge-mateus/logo-eu/,-1
484,Logo Eu,musica484,musica484_trecho5,Eu que nem pensava Eu não imaginava te merecer E agora sou o dono desse amor Eu nem quero saber por que Eu só preciso viver O resto dessa vida com você,Jorge & Mateus,2015,32,https://www.letras.mus.br/jorge-mateus/logo-eu/,-1
51,Logo Logo,musica51,musica51_trecho3,"Se eu fugir agora Eu não vou saber o final dessa história E conviver com a dúvida é foda Então, se arruma pra me iludir ou não Se for além desse tesão, vou descobrir na hora Ah, ah, ah, ah",Henrique & Juliano,2025,40,https://www.letras.mus.br/henrique-e-juliano/logo-logo/,-1
51,Logo Logo,musica51,musica51_trecho4,"Se amanhã vou chorar? Aposto Mas que hoje eu vou suar, certeza Se der certo, eu compro as aliança Se der errado Compro uns remédio pra dor de cabeça Se for pra errar, então que eu erre logo Que logo, logo outra pessoa chega Se der certo, eu compro as aliança Se der errado Compro uns remédio pra dor de cabeça, ai, ai, ai, ai",Henrique & Juliano,2025,65,https://www.letras.mus.br/henrique-e-juliano/logo-logo/,-1
51,Logo Logo,musica51,musica51_trecho5,"Se der certo, eu compro as aliança Se der errado Compro uns remédio pra dor de cabeça",Henrique & Juliano,2025,17,https://www.letras.mus.br/henrique-e-juliano/logo-logo/,-1
51,Logo Logo,musica51,musica51_trecho7,"Se amanhã vou chorar? Aposto Mas que hoje eu vou suar, certeza Se der certo, eu compro as aliança Se der errado Compro uns remédio pra dor de cabeça Se for pra errar, então que eu erre logo Que logo, logo outra pessoa chega Se der certo, eu compro as aliança E se der errado Compro uns remédio pra dor de cabeça, ai, ai, ai, ai",Henrique & Juliano,2025,66,https://www.letras.mus.br/henrique-e-juliano/logo-logo/,-1
1531,Longe Daqui (part. Luan Santana),musica1531,musica1531_trecho2,"Até quando você vai tentar negar Se enganar, se esconder de si mesma Se prefere eu posso inventar um lugar diferente Onde não há ninguém pra falar mal da vida da gente",Munhoz & Mariano,2014,32,https://www.letras.mus.br/munhoz-mariano/longe-daqui/,-1
55,Louca de Saudade,musica55,musica55_trecho2,Já que me trocou por um outro alguém Substituir é o que te convém,Jorge & Mateus,2016,14,https://www.letras.mus.br/jorge-mateus/louca-de-saudade/,-1
142,Madri,musica142,musica142_trecho1,"Que saudade, amor Estou sabendo que aí na Espanha tudo é lindo Você me deixou E aqui dentro o meu coração ficou partido Nessa cidade, não vou mais sorrir Que bom seria Se São Paulo fosse do lado de Madri",Fernando e Sorocaba,2009,40,https://www.letras.mus.br/fernando-sorocaba/1580145/,-1
142,Madri,musica142,musica142_trecho3,"Que saudade, amor Volta logo pro Hemisfério Sul do mundo Ficar sem você Me mostrou o quanto é bom estarmos juntos Sonho tão lindo é ter você aqui Que bom seria Se São Paulo fosse do lado de Madri",Fernando e Sorocaba,2009,39,https://www.letras.mus.br/fernando-sorocaba/1580145/,-1
707,Mágica,musica707,musica707_trecho1,"Desconfiei dos seus amigos, dos meus, de todos Até pensei: Será que eu não tô sendo escroto? E ao mesmo tempo, tem um tempo que seu beijo anda meio xoxo Na cama é três minutinhos, vira de lado caindo de sono",Hugo & Guilherme,2023,41,https://www.letras.mus.br/hugo-guilherme/magica-part-gusttavo-lima/,-1
707,Mágica,musica707,musica707_trecho8,Faz uma mágica aí pra gente e some,Hugo & Guilherme,2023,8,https://www.letras.mus.br/hugo-guilherme/magica-part-gusttavo-lima/,-1
1544,Mágica (part. Gusttavo Lima),musica1544,musica1544_trecho2,"Se quer saber se me arrependo, eu não Se troco essa nossa vida, troco não E longe de você é tudo mais ou menos Se eu ganhar o mundo sem você, eu tô perdendo",Matheus & Kauan,2019,34,https://www.letras.mus.br/matheus-kauan/magica-part-gusttavo-lima/,-1
1544,Mágica (part. Gusttavo Lima),musica1544,musica1544_trecho7,"E um beijo seu pesa mais, e muito mais Que um fim de semana na boate louco E que ninguém satisfaz, não faz A mágica que você faz com meu corpo Eu perdi tudo, mas ganhei em dobro, aiai, aiai Eu perdi tudo, mas ganhei, mas ganhei em dobro Eu perdi tudo, mas ganhei em dobro",Matheus & Kauan,2019,56,https://www.letras.mus.br/matheus-kauan/magica-part-gusttavo-lima/,-1
1266,Mais Amor e Menos Drama,musica1266,musica1266_trecho1,"Faz tão pouco tempo que provei teu beijo Gostei, mas eu não nego que eu tô com medo Vai que acontece como da última vez Me entrego, te amo, cê foge, sobrei",Henrique & Juliano,2017,32,https://www.letras.mus.br/henrique-e-juliano/mais-amor-e-menos-drama/,-1
1266,Mais Amor e Menos Drama,musica1266,musica1266_trecho3,"Mas antes de te entregar meu coração Eu preciso saber da sua intenção Se é só fogo de palha, qualquer boca apaga Se for por aí, a gente para",Henrique & Juliano,2017,29,https://www.letras.mus.br/henrique-e-juliano/mais-amor-e-menos-drama/,-1
1266,Mais Amor e Menos Drama,musica1266,musica1266_trecho4,"Antes de te entregar meu coração Eu preciso saber da sua intenção Se é só fogo de palha, qualquer boca apaga Se for por aí, a gente para",Henrique & Juliano,2017,28,https://www.letras.mus.br/henrique-e-juliano/mais-amor-e-menos-drama/,-1
1266,Mais Amor e Menos Drama,musica1266,musica1266_trecho5,Para na minha cama até dizer que me ama Mais amor e menos drama Para na minha cama até dizer que me ama Mais amor e menos drama,Henrique & Juliano,2017,28,https://www.letras.mus.br/henrique-e-juliano/mais-amor-e-menos-drama/,-1
1266,Mais Amor e Menos Drama,musica1266,musica1266_trecho11,Para na minha cama até dizer que me ama Mais amor e menos drama Para na minha cama até dizer que me ama Mais amor e menos drama Mais amor e menos drama,Henrique & Juliano,2017,33,https://www.letras.mus.br/henrique-e-juliano/mais-amor-e-menos-drama/,-1
1521,Mais Que Amigos,musica1521,musica1521_trecho5,Não tenho asas e nem sei voar Mas o que o mundo não pode Eu posso lhe dar Vou lhe mostrar o caminho de Deus Só Ele pode te santificar,Luan Santana,2013,30,https://www.letras.mus.br/luan-santana/mais-que-amigos/,-1
1241,Mais Que Pai e Filho,musica1241,musica1241_trecho1,"Pai, tô aqui pra dizer que valeu Olha o quanto o seu filho cresceu Pai, olha seu sonho aqui",Rick & Renner,2008,19,https://www.letras.mus.br/rick-e-renner/1304408/,-1
1241,Mais Que Pai e Filho,musica1241,musica1241_trecho4,"Filho, não importa onde o destino vá Saiba que o meu amor de pai Sempre irá te acompanhar",Rick & Renner,2008,18,https://www.letras.mus.br/rick-e-renner/1304408/,-1
1241,Mais Que Pai e Filho,musica1241,musica1241_trecho9,"Pai, você é o meu grande amigo (muito mais que um amigo) Quando você conversa comigo Me sinto seguro e melhor",Rick & Renner,2008,21,https://www.letras.mus.br/rick-e-renner/1304408/,-1
1441,Mais Um Ano Juntos,musica1441,musica1441_trecho3,Eu quero renovar os votos e dizer Que na riqueza ou na pobreza Eu quero só você Dinheiro vai e vem O amor que a gente tem Supera falta dele e fica tudo bem,Marcos & Belutti,2017,34,https://www.letras.mus.br/marcos-belutti/mais-um-ano-juntos/,-1
1441,Mais Um Ano Juntos,musica1441,musica1441_trecho4,"Casal em crise de grana e não de amor Vai melhorar, não chora por favor Um brinde a nós dois a intuição me diz Que ano que vem a gente comemora Essa data em Paris",Marcos & Belutti,2017,35,https://www.letras.mus.br/marcos-belutti/mais-um-ano-juntos/,-1
292,Mal Feito (part. Marília Mendonça),musica292,musica292_trecho1,"Essa música eu fiz pra você Nem perder seu tempo tentando me convencer Peço paciência, escuta até o fim Vai ficar claro pra você como ficou claro pra mim",Hugo & Guilherme,2022,29,https://www.letras.mus.br/hugo-guilherme/mal-feito-part-marilia-mendonca/,-1
292,Mal Feito (part. Marília Mendonça),musica292,musica292_trecho10,"Pena que tudo que cê faz, cê faz mal feito",Hugo & Guilherme,2022,10,https://www.letras.mus.br/hugo-guilherme/mal-feito-part-marilia-mendonca/,-1
252,Mala,musica252,musica252_trecho1,Se eu não posso ter Eu fico imaginando Se me falta coragem fico esperando Mas até quando?,Hugo Henrique,2017,17,https://www.letras.mus.br/hugo-henrique/mala/,-1
166,Mala Amarela (part. José Camillo),musica166,musica166_trecho4,"Eu nunca esqueci o que o velho falou O tempo passou e pra casa voltei Quem fica distante jamais se conforma Lá na plataforma meus pais avistei Desci comovido, abracei ele e ela E mala amarela meu filho eu não vi? Meu pai acredite na fala de um homem Pra não passar fome a mala eu vendi",Daniel,2005,57,https://www.letras.mus.br/daniel/319866/,-1
166,Mala Amarela (part. José Camillo),musica166,musica166_trecho5,"Que pena, que pena, era minha lembrança Que eu trouxe de herança do seu avô Mas deixa pra lá, eu vou esquecer A herança é você e você já voltou",Daniel,2005,30,https://www.letras.mus.br/daniel/319866/,-1
783,Malú,musica783,musica783_trecho3,"Pedi a conta e saí, na avenida ouvi Me espere, também vou! No agito da noite urbana Sem trauma e sem drama, sua história contou",Di Paullo e Paulino,2011,25,https://www.letras.mus.br/di-paulo-e-paulino/malu/,-1
305,Manda um Oi (part. Simone Mendes),musica305,musica305_trecho5,Aí não teve o que fazer Aí eu vou falar o quê?,Guilherme & Benuto,2024,12,https://www.letras.mus.br/guilherme-e-benuto/manda-um-oi-part-simone-mendes/,-1
305,Manda um Oi (part. Simone Mendes),musica305,musica305_trecho10,Não teve o que fazer (não teve o que fazer) Aí eu vou falar o quê? (Eu vou falar o quê?),Guilherme & Benuto,2024,21,https://www.letras.mus.br/guilherme-e-benuto/manda-um-oi-part-simone-mendes/,-1
1372,Maneira Errada,musica1372,musica1372_trecho3,Se eu te deixo livre é porque te amo A gente não precisa fazer nem um plano Quando tô com saudade eu te chamo Eu deixo você ir só pra te ver voltando,Jorge & Mateus,2015,33,https://www.letras.mus.br/jorge-mateus/maneira-errada/,-1
1372,Maneira Errada,musica1372,musica1372_trecho8,Se eu te deixo livre é porque te amo A gente não precisa fazer nem um plano Quando tô com saudade eu te chamo Eu deixo você ir só pra te ver voltando Eu deixo você ir só pra te ver voltando,Jorge & Mateus,2015,42,https://www.letras.mus.br/jorge-mateus/maneira-errada/,-1
576,Marca Evidente,musica576,musica576_trecho5,"Você, você Você, você",Israel & Rodolffo,2012,4,https://www.letras.mus.br/israel-rodolfo/1793990/,-1
576,Marca Evidente,musica576,musica576_trecho9,"Você, você Você, você Você, você Você, você",Israel & Rodolffo,2012,8,https://www.letras.mus.br/israel-rodolfo/1793990/,-1
230,Maus Bocados,musica230,musica230_trecho4,"Também passei E te liguei bêbado fora de hora Que nem cê tá fazendo agora Ligando a cobrar Chorando, querendo me amar",Cristiano Araújo,2013,22,https://www.letras.mus.br/cristiano-araujo/maus-bocados/,-1
395,Me Ama Ou Me Larga,musica395,musica395_trecho2,"Me incomoda o fato que cê não me olha mais Daquele jeito, hum Me incomoda essa preguiça da sua língua Dos nossos beijos",Simone Mendes,2025,23,https://www.letras.mus.br/simone-mendes/me-ama-ou-me-larga/,-1
395,Me Ama Ou Me Larga,musica395,musica395_trecho3,Sem falar no amor mal feito Que o corpo acaba seco Que os poros não derramam as águas do desejo Eu preciso de uma resposta Porque entre o tchau e o fica Eu tô no meio (joga a mão!),Simone Mendes,2025,39,https://www.letras.mus.br/simone-mendes/me-ama-ou-me-larga/,-1
395,Me Ama Ou Me Larga,musica395,musica395_trecho6,Sem falar no amor mal feito Que o corpo acaba seco Que os poros não derramam as águas do desejo Eu preciso de uma resposta Porque entre o tchau e o fica Eu tô no meio (vai!),Simone Mendes,2025,37,https://www.letras.mus.br/simone-mendes/me-ama-ou-me-larga/,-1
1101,Me Apego,musica1101,musica1101_trecho3,"Quero de novo, todo dia, cada dia mais Eu me apaixono nas loucuras que a gente faz É nesse teu jeitinho que eu me apego bem facinho",Cristiano Araújo,2012,27,https://www.letras.mus.br/cristiano-araujo/2003141/,-1
636,Me Bloqueia,musica636,musica636_trecho2,E quando toca a nossa música É a canção do desespero Vai pro banheiro da balada E chora em frente ao espelho,Zé Neto e Cristiano,2023,22,https://www.letras.mus.br/ze-neto-cristiano/me-bloqueia/,-1
636,Me Bloqueia,musica636,musica636_trecho4,Me bloqueia Me odeia Mas duvido que meu beijo será esquecido Me bloqueia Me odeia Mas duvido que meu beijo será esquecido Sai desse paredão sofrido,Zé Neto e Cristiano,2023,26,https://www.letras.mus.br/ze-neto-cristiano/me-bloqueia/,-1
636,Me Bloqueia,musica636,musica636_trecho7,Me bloqueia Me odeia Mas duvido que meu beijo será esquecido Me bloqueia Me odeia Mas duvido que meu beijo será esquecido Sai desse paredão sofrido Sai desse paredão sofrido,Zé Neto e Cristiano,2023,30,https://www.letras.mus.br/ze-neto-cristiano/me-bloqueia/,-1
842,Me Caiu Tão Bem (part. Gustavo Mioto),musica842,musica842_trecho2,"Se até a bússola já virou GPS O DVD um dia foi VHS Pra combinar com seu vestido, eu abro uma exceção Já tô na loja escolhendo uma camisa de botão",Murilo Huff,2024,31,https://www.letras.mus.br/murilo-huff/me-caiu-tao-bem-part-gustavo-mioto/,-1
274,Me Leva Pra Casa,musica274,musica274_trecho2,"No amor, sempre fui bandido E agora que estou perdido Uou uou, me leva pra casa",Zezé Di Camargo,2022,16,https://www.letras.mus.br/zeze-di-camargo/me-leva-pra-casa-part-luciano/,-1
274,Me Leva Pra Casa,musica274,musica274_trecho5,"Hoje eu sei que achei Quem eu tanto procurava Meu amor, é você Uou uou, me leva pra casa",Zezé Di Camargo,2022,19,https://www.letras.mus.br/zeze-di-camargo/me-leva-pra-casa-part-luciano/,-1
225,Me Leva Pra Casa / Escrito Nas Estrelas / Saudade,musica225,musica225_trecho1,"Cansei de ficar sozinho Na rua não tem carinho Uô-uô, me leva pra casa No amor sempre fui bandido E agora estou perdido Uô-uô, me leva pra casa",Lauana Prado,2023,28,https://www.letras.mus.br/lauana-prado/me-leva-pra-casa-escrito-nas-estrelas-saudade/,-1
225,Me Leva Pra Casa / Escrito Nas Estrelas / Saudade,musica225,musica225_trecho7,"Caso do acaso bem marcado em cartas de tarô Ô, ô Meu amor, esse amor de cartas claras sobre a mesa É assim Signo do destino, que surpresa ele nos preparou Ô, ô Meu amor, esse amor estava escrito nas estrelas Tava, sim",Lauana Prado,2023,43,https://www.letras.mus.br/lauana-prado/me-leva-pra-casa-escrito-nas-estrelas-saudade/,-1
225,Me Leva Pra Casa / Escrito Nas Estrelas / Saudade,musica225,musica225_trecho8,Você sempre fez dos meus sonhos Sempre soube dos meus segredos Isso já faz muito tempo Eu nem me lembro quanto tempo faz,Lauana Prado,2023,23,https://www.letras.mus.br/lauana-prado/me-leva-pra-casa-escrito-nas-estrelas-saudade/,-1
225,Me Leva Pra Casa / Escrito Nas Estrelas / Saudade,musica225,musica225_trecho9,O meu coração não sabe contar os dias E a minha cabeça já está tão vazia Mas a primeira vez ainda me lembro bem,Lauana Prado,2023,24,https://www.letras.mus.br/lauana-prado/me-leva-pra-casa-escrito-nas-estrelas-saudade/,-1
225,Me Leva Pra Casa / Escrito Nas Estrelas / Saudade,musica225,musica225_trecho10,Talvez eu seja no seu passado mais uma página Que foi do seu diário arrancada,Lauana Prado,2023,15,https://www.letras.mus.br/lauana-prado/me-leva-pra-casa-escrito-nas-estrelas-saudade/,-1
225,Me Leva Pra Casa / Escrito Nas Estrelas / Saudade,musica225,musica225_trecho11,"Sonho, choro e sinto Que resta alguma esperança Saudade, quero arrancar essa página Da minha vida Da minha vida Da minha vida",Lauana Prado,2023,22,https://www.letras.mus.br/lauana-prado/me-leva-pra-casa-escrito-nas-estrelas-saudade/,-1
476,Média Boa,musica476,musica476_trecho3,"Nem bonito demais pra te dar trabalho Nem feio demais pra te passar vergonha Eu tô na média, tô numa média boa Nem rico demais pra andar de iate Nem liso demais pra remar de canoa Eu tô na média, tô numa média boa",Felipe e Rodrigo,2023,44,https://www.letras.mus.br/felipe-e-rodrigo/media-boa/,-1
476,Média Boa,musica476,musica476_trecho4,"Nem bonito demais pra te dar trabalho Nem feio Eu tô na média, tô numa média boa Nem rico demais pra andar de iate Nem liso demais pra remar de canoa Eu tô na média, tô numa média boa",Felipe e Rodrigo,2023,39,https://www.letras.mus.br/felipe-e-rodrigo/media-boa/,-1
22,Medo Bobo,musica22,musica22_trecho1,"Ah, esse tom de voz eu reconheço Mistura de medo e desejo Tô aplaudindo a sua coragem de me ligar",Maiara & Maraisa,2016,20,https://www.letras.mus.br/maiara-maraisa/medo-bobo/,-1
22,Medo Bobo,musica22,musica22_trecho4,"É, e na hora que eu te beijei Foi melhor do que eu imaginei Se eu soubesse tinha feito antes No fundo sempre fomos bons amantes",Maiara & Maraisa,2016,26,https://www.letras.mus.br/maiara-maraisa/medo-bobo/,-1
22,Medo Bobo,musica22,musica22_trecho5,E na hora que eu te beijei Foi melhor do que eu imaginei Se eu soubesse tinha feito antes No fundo sempre fomos bons amantes No fundo sempre fomos bons amantes É o fim daquele medo bobo,Maiara & Maraisa,2016,37,https://www.letras.mus.br/maiara-maraisa/medo-bobo/,-1
22,Medo Bobo,musica22,musica22_trecho8,E na hora que eu te beijei Foi melhor do que eu imaginei Se eu soubesse tinha feito antes No fundo sempre fomos bons amantes No fundo sempre fomos bons amantes É o fim daquele medo bobo É o fim daquele medo bobo,Maiara & Maraisa,2016,43,https://www.letras.mus.br/maiara-maraisa/medo-bobo/,-1
446,Meiga Senhorita,musica446,musica446_trecho2,"Aqui é pequeno mas dá pra nós dois E ser for preciso a gente aumenta depois Tenho um violão que é pras noites de Lua Tem uma varanda que é minha e que é sua Vem morar comigo meiga senhorita Vem morar comigo meiga senhorita, vem morar comigo",Zé Ricardo e Thiago,2018,48,https://www.letras.mus.br/ze-ricardo-thiago/meiga-senhorita/,-1
1458,Meio Caminho Andado,musica1458,musica1458_trecho5,"Que tal um beijo agora, hein?",Enzo Rabelo,2020,6,https://www.letras.mus.br/enzo-rabelo/meio-caminho-andado/,-1
1458,Meio Caminho Andado,musica1458,musica1458_trecho10,"Que tal um beijo agora, hein? Que tal um beijo agora, hein?",Enzo Rabelo,2020,12,https://www.letras.mus.br/enzo-rabelo/meio-caminho-andado/,-1
109,MEIO TERMO,musica109,musica109_trecho1,"Vida Teu cheiro ainda tá na minha camisa Toda vez que cê vai, uma parte fica Só pra me assombrar",Luan Santana,2023,20,https://www.letras.mus.br/luan-santana/meio-termo/,-1
109,MEIO TERMO,musica109,musica109_trecho4,"Se cê não quiser nada sério, eu espero Que não se arrependa de me devolver pra rua Não tem meio-termo, eu não sou bagunça Ou ama pra porra ou porra nenhuma Se não quer nada sério, eu espero Que não se arrependa de me devolver pra rua Não tem meio-termo, eu não sou bagunça Ou ama pra porra ou porra nenhuma",Luan Santana,2023,61,https://www.letras.mus.br/luan-santana/meio-termo/,-1
109,MEIO TERMO,musica109,musica109_trecho5,"Ô, vida Teu cheiro ainda tá na minha camisa Toda vez que cê vai, uma parte fica Só pra me assombrar",Luan Santana,2023,21,https://www.letras.mus.br/luan-santana/meio-termo/,-1
109,MEIO TERMO,musica109,musica109_trecho9,"Se não quer nada sério, eu espero Que não se arrependa de me devolver pra rua Não tem meio-termo, eu não sou bagunça Ou ama pra porra ou porra nenhuma Se não quer nada sério, eu espero Que não se arrependa de me devolver pra rua Não tem meio-termo, eu não sou bagunça Ou ama pra porra ou porra nenhuma",Luan Santana,2023,60,https://www.letras.mus.br/luan-santana/meio-termo/,-1
1046,Melhor Trair Agora,musica1046,musica1046_trecho3,Eu tô terminando em paz Com meu coração tranquilo Já pensou se fosse mais pra frente? Já pensou a gente casado e com filho?,Marília Tavares,2025,24,https://www.letras.mus.br/marilia-tavares/melhor-trair-agora/,-1
1046,Melhor Trair Agora,musica1046,musica1046_trecho4,"Tô terminando em paz Evitando mais dor de cabeça Foi melhor cê me trair agora Do que, no futuro, uma família inteira",Marília Tavares,2025,22,https://www.letras.mus.br/marilia-tavares/melhor-trair-agora/,-1
934,Mensagem Pra Ela,musica934,musica934_trecho1,Mandei mensagem pra ela Ela não me respondeu Liguei no seu celular A secretária atendeu,César Menotti & Fabiano,2005,15,https://www.letras.mus.br/cesar-menotti-e-fabiano/566162/,-1
934,Mensagem Pra Ela,musica934,musica934_trecho3,Vou te ligar Vou deixar recado Vou mandar mensagem,César Menotti & Fabiano,2005,9,https://www.letras.mus.br/cesar-menotti-e-fabiano/566162/,-1
934,Mensagem Pra Ela,musica934,musica934_trecho4,Pois só desse jeito eu tive coragem De abrir o jogo nessa ligação,César Menotti & Fabiano,2005,13,https://www.letras.mus.br/cesar-menotti-e-fabiano/566162/,-1
934,Mensagem Pra Ela,musica934,musica934_trecho5,"Por quê? Me deu a esperança de ficar com você? Me deu o seu telefone, se não ia atender? Por que você brincou com o meu coração?",César Menotti & Fabiano,2005,27,https://www.letras.mus.br/cesar-menotti-e-fabiano/566162/,-1
1593,Mentalmente (part. MC Kevinho),musica1593,musica1593_trecho2,Tô sarrando em você mentalmente Tô sarrando em você mentalmente Tô sarrando em você Olhei pro seu sorriso e viajei de repente,Naiara Azevedo,2017,22,https://www.letras.mus.br/naiara-azevedo/mentalmente/,-1
1593,Mentalmente (part. MC Kevinho),musica1593,musica1593_trecho3,Tô sarrando em você lentamente E tô sarrando em você lentamente Tô sarrando em você lentamente Tô sarrando em você lentamente,Naiara Azevedo,2017,21,https://www.letras.mus.br/naiara-azevedo/mentalmente/,-1
1593,Mentalmente (part. MC Kevinho),musica1593,musica1593_trecho6,Tô sarrando em você lentamente Tô sarrando em você lentamente Tô sarrando em você lentamente,Naiara Azevedo,2017,15,https://www.letras.mus.br/naiara-azevedo/mentalmente/,-1
1593,Mentalmente (part. MC Kevinho),musica1593,musica1593_trecho7,Tô sarrando em você lentamente Eu tô sarrando em você lentamente Tô sarrando em você lentamente Tô sarrando em você lentamente,Naiara Azevedo,2017,21,https://www.letras.mus.br/naiara-azevedo/mentalmente/,-1
272,Mente Pra Mim,musica272,musica272_trecho1,Olha dentro dos meus olhos E me conta umas mentiras só pra me agradar Fala que hoje eu tô bonito Que ainda pensa em mim quando vai se deitar,Cristiano Araújo,2012,29,https://www.letras.mus.br/cristiano-araujo/mente-pra-mim/,-1
272,Mente Pra Mim,musica272,musica272_trecho2,Diz que quando acorda todo dia Seu primeiro pensamento pode ser que seja eu Mente pra esse cara inocente Fala que ele ainda vai ser seu,Cristiano Araújo,2012,26,https://www.letras.mus.br/cristiano-araujo/mente-pra-mim/,-1
272,Mente Pra Mim,musica272,musica272_trecho3,"O amor da sua vida era eu Não era verdade Eu vou amar doendo, eu vou amar sofrendo Mesmo sabendo que tudo pode acabar (vai)",Cristiano Araújo,2012,25,https://www.letras.mus.br/cristiano-araujo/mente-pra-mim/,-1
272,Mente Pra Mim,musica272,musica272_trecho4,"Mente pra mim, é o que eu gosto Quanto mais você me ilude, mais eu te adoro Menina indecente, que finge ser carente E é desse jeito que eu te provoco",Cristiano Araújo,2012,31,https://www.letras.mus.br/cristiano-araujo/mente-pra-mim/,-1
70,Mentes Tão Bem,musica70,musica70_trecho1,"Me promete amor sincero, uma vida inteira Com você, o meu inverno vira primavera Vive me jurando estar apaixonada Prometeu o mundo e nunca me deu nada Você não cumpre nada",Zezé Di Camargo,2022,31,https://www.letras.mus.br/zeze-di-camargo/mentes-tao-bem/,-1
70,Mentes Tão Bem,musica70,musica70_trecho4,Mentes tão bem Que parece verdade O que você me fala Vou acreditando,Zezé Di Camargo,2022,13,https://www.letras.mus.br/zeze-di-camargo/mentes-tao-bem/,-1
70,Mentes Tão Bem,musica70,musica70_trecho5,Mentes tão bem Que até chego a imaginar Que não quer me enganar Que me ama de verdade,Zezé Di Camargo,2022,18,https://www.letras.mus.br/zeze-di-camargo/mentes-tao-bem/,-1
70,Mentes Tão Bem,musica70,musica70_trecho10,"Mentes tão bem, oh, oh Não me ama de verdade Você mente tão bem Você mente, você mente",Zezé Di Camargo,2022,18,https://www.letras.mus.br/zeze-di-camargo/mentes-tao-bem/,-1
1348,Mentirosa,musica1348,musica1348_trecho3,"Mentirosa, barraqueira, fofoqueira Cê fica tirando onda com minha cara, se achando Mentirosa, barraqueira, fofoqueira Foi você que deu bobeira quando tava me enganando",Marcos & Belutti,2014,24,https://www.letras.mus.br/marcos-belutti/mentirosa/,-1
425,Mentirosa (part. Wesley Safadão),musica425,musica425_trecho3,"Sumiu de mim ontem na festa Só de manhã foi dar o ar da graça (Bandida, hein?) Onde cê tava? Que olheira é essa? Que bom que cê já veio aqui pra casa",Hugo & Guilherme,2025,33,https://www.letras.mus.br/hugo-guilherme/mentirosa-part-wesley-safadao/,-1
425,Mentirosa (part. Wesley Safadão),musica425,musica425_trecho10,"Onde cê tava? Que olheira é essa? Mas que bom que cê já veio aqui pra casa (Mais ou menos, né?)",Hugo & Guilherme,2025,21,https://www.letras.mus.br/hugo-guilherme/mentirosa-part-wesley-safadao/,-1
872,Mesmo Sem Estar (part. Sandy),musica872,musica872_trecho2,"Tô no teu reflexo no espelho, no teu travesseiro Sonho, pesadelo E quando acordar, eu tô aí Mesmo sem estar",Luan Santana,2016,20,https://www.letras.mus.br/luan-santana/mesmo-sem-estar/,-1
872,Mesmo Sem Estar (part. Sandy),musica872,musica872_trecho4,"Tô na solidão do elevador No teu cobertor, no filme de amor Seja onde for, eu tô aí Mesmo sem estar",Luan Santana,2016,21,https://www.letras.mus.br/luan-santana/mesmo-sem-estar/,-1
872,Mesmo Sem Estar (part. Sandy),musica872,musica872_trecho8,"No teu reflexo no espelho, no teu travesseiro Sonho e pesadelo E quando acordar, eu tô aí Mesmo sem estar",Luan Santana,2016,20,https://www.letras.mus.br/luan-santana/mesmo-sem-estar/,-1
668,Metade da Estrada,musica668,musica668_trecho1,Olha aqui pra mim Pra cá e pra lá no quarto Nesse breu danado Eu não levantei e nem vou levantar É desesperador Essa situação Cadê o bom senso do seu coração? Já dá pra parar,Henrique & Juliano,2018,36,https://www.letras.mus.br/henrique-e-juliano/metade-da-estrada/,-1
668,Metade da Estrada,musica668,musica668_trecho4,Nem toda dor é constante Nem toda foto é pra sempre na estante Nem toda dor é constante Nem toda foto é pra sempre na estante,Henrique & Juliano,2018,26,https://www.letras.mus.br/henrique-e-juliano/metade-da-estrada/,-1
668,Metade da Estrada,musica668,musica668_trecho5,"Nunca pensou em mim, nunca Só me deixou o eco e mais nada Me prometeu vida toda E me deixou na metade da estrada",Henrique & Juliano,2018,24,https://www.letras.mus.br/henrique-e-juliano/metade-da-estrada/,-1
498,Meteoro,musica498,musica498_trecho1,"Te dei o sol, te dei o mar Pra ganhar seu coração Você é raio de saudade Meteoro da paixão Explosão de sentimentos Que eu não pude acreditar Ah! Como é bom poder te amar!",Luan Santana,2009,35,https://www.letras.mus.br/luan-santana/1407542/,-1
498,Meteoro,musica498,musica498_trecho2,Depois que eu te conheci fui mais feliz Você é exatamente o que eu sempre quis Ela se encaixa perfeitamente em mim O nosso quebra-cabeça teve fim,Luan Santana,2009,27,https://www.letras.mus.br/luan-santana/1407542/,-1
498,Meteoro,musica498,musica498_trecho3,"Se for sonho, não me acorde Eu preciso flutuar Pois só quem sonha Consegue alcançar",Luan Santana,2009,15,https://www.letras.mus.br/luan-santana/1407542/,-1
498,Meteoro,musica498,musica498_trecho10,"Te dei o sol, te dei o mar Pra ganhar seu coração Você é raio de saudade Meteoro da paixão Explosão de sentimentos Que eu não pude acreditar Ah! Como é bom poder te amar! Ah! Como é bom poder te amar!",Luan Santana,2009,42,https://www.letras.mus.br/luan-santana/1407542/,-1
1312,Meu Amor,musica1312,musica1312_trecho4,"E aí, meu amor Tô mais maduro e mais seguro do que eu quero Ganhei uns quilos e, na aparência, eu tô mais velho E ainda te gosto tanto, te amo o mesmo tanto",Henrique & Juliano,2017,34,https://www.letras.mus.br/henrique-e-juliano/meu-amor/,-1
1096,Meu Coração Pede Carona,musica1096,musica1096_trecho2,"Se eu puder me controlar, ganhar seu coração Viajaria o mundo inteiro para te ter nas mãos Se for preciso perco medo, pago o preço para encontrar a direção Uô, uô, uô",João Neto e Frederico,2012,32,https://www.letras.mus.br/joao-neto-frederico/1832016/,-1
1096,Meu Coração Pede Carona,musica1096,musica1096_trecho6,"Se eu puder me controlar ganhar seu coração Viajaria o mundo inteiro para te ter nas mãos Se for preciso perco medo, pago o preço para encontrar a direção Uô, uô, uô",João Neto e Frederico,2012,32,https://www.letras.mus.br/joao-neto-frederico/1832016/,-1
155,Meu Destino,musica155,musica155_trecho3,"E agora não tem quem arranque Você de dentro do meu coração Você é minha fantasia, meu sonho lindo, minha ilusão Eu esperei a hora que eu pudesse te dizer O meu destino é pra sempre amar você",Luan Santana,2008,38,https://www.letras.mus.br/luan-santana/1264252/,-1
155,Meu Destino,musica155,musica155_trecho7,O meu destino é pra sempre amar O meu destino é pra sempre amar você,Luan Santana,2008,15,https://www.letras.mus.br/luan-santana/1264252/,-1
543,Meu Grito de Amor,musica543,musica543_trecho4,Dói demais o silêncio E o vazio frio dos lençóis Dói demais quando a noite Invade o nosso quarto e traz no vento O meu grito de amor,Zé Felipe,2025,28,https://www.letras.mus.br/ze-felipe/meu-grito-de-amor/,-1
1532,Meu Grito De Amor (part. Eduardo Costa),musica1532,musica1532_trecho5,Dói demais o silêncio E o vazio frio dos lençóis Dói demais quando a noite Invade o nosso quarto E traz no vento O meu grito de amor,Paula Fernandes,2014,28,https://www.letras.mus.br/paula-fernandes/1852896/,-1
1167,"Meu Menino, Minha Menina (part. Belinda)",musica1167,musica1167_trecho7,"Seu jeito, seu sorriso Sua forma de menina de me agradar Seu charme, seu pedido Sua voz tão constrangida ao se desculpar Sua timidez me encanta, e eu vou te confessar Que a ânsia de esperar você ligar me assusta!",Luan Santana,2011,40,https://www.letras.mus.br/luan-santana/1791040/,-1
1077,Meu Número (part. Jorge & Mateus),musica1077,musica1077_trecho1,Tô sentindo o seu corpo se distanciando Seu beijo esfriando O amor diluindo em lágrimas E ninguém tem coragem de nada,Hugo & Guilherme,2022,21,https://www.letras.mus.br/hugo-guilherme/meu-numero-part-jorge-e-mateus/,-1
1077,Meu Número (part. Jorge & Mateus),musica1077,musica1077_trecho4,Hoje eu tô te deixando voar Na certeza que tem outro amor Se acaso ele te machucar O meu número nunca mudou,Hugo & Guilherme,2022,22,https://www.letras.mus.br/hugo-guilherme/meu-numero-part-jorge-e-mateus/,-1
1507,Meu Oxigênio,musica1507,musica1507_trecho1,Nem todas as verdades vão te convencer Palavras de mentira a gente passa a borracha E elas logo se apagam,Matheus & Kauan,2015,20,https://www.letras.mus.br/matheus-kauan/meu-oxigenio/,-1
1507,Meu Oxigênio,musica1507,musica1507_trecho4,"Você é meu oxigênio Minha sina, meu destino A metade do caminho Que falta para eu caminhar",Matheus & Kauan,2015,17,https://www.letras.mus.br/matheus-kauan/meu-oxigenio/,-1
1507,Meu Oxigênio,musica1507,musica1507_trecho5,"Você é o meu melhor momento Meu barulho, meu silêncio Você é o meu melhor lugar É o meu melhor lugar, oh",Matheus & Kauan,2015,22,https://www.letras.mus.br/matheus-kauan/meu-oxigenio/,-1
1507,Meu Oxigênio,musica1507,musica1507_trecho10,"Você é o meu melhor momento Meu barulho, meu silêncio Você é o meu melhor lugar É o meu melhor lugar",Matheus & Kauan,2015,21,https://www.letras.mus.br/matheus-kauan/meu-oxigenio/,-1
490,Meu Primeiro Amor,musica490,musica490_trecho1,"Saudade palavra triste quando se perde um grande amor Na estrada longa da vida eu vou chorando a minha dor Igual a uma borboleta vagando triste por sobre a flor Teu nome sempre em meus lábios irei chamando por onde for Você nem se quer se lembra de ouvir a voz deste sofredor Que implora por teus carinhos, só um pouquinho do teu amor. Meu primeiro amor Tão cedo acabou só a dor restou Neste peito meu Meu primeiro amor Foi como uma flor que desabrochou E logo morreu Nesta solidão Sem ter alegria o que me alivia São meus tristes ais São prantos de dor Que dos olhos caem É porque bem sei quem eu tanto amei Não verei jamais.",Roberta Miranda,2008,121,https://www.letras.mus.br/roberta-miranda/1312890/,-1
702,Meu Violão e o Nosso Cachorro,musica702,musica702_trecho2,"Se o nosso amor se acabar, eu de você não quero nada Pode ficar com a casa inteira e o nosso carro Por você eu vivo e morro Mas dessa casa eu só vou levar Meu violão e o nosso cachorro",Simone & Simaria,2016,41,https://www.letras.mus.br/simone-simaria-as-coleguinhas/meu-violao-e-o-nosso-cachorro/,-1
702,Meu Violão e o Nosso Cachorro,musica702,musica702_trecho3,"Se amanhã a gente se acertar, tudo bem Mas se a gente não voltar, posso beber, posso chorar E até ficar no soro Mas dessa casa eu só vou levar Meu violão e o nosso cachorro",Simone & Simaria,2016,36,https://www.letras.mus.br/simone-simaria-as-coleguinhas/meu-violao-e-o-nosso-cachorro/,-1
458,Mil Anos,musica458,musica458_trecho1,Você fala demais Diz muitas besteiras da boca pra fora Mas sei que se arrepende Por jogar o que não era lixo fora,Jorge & Mateus,2010,23,https://www.letras.mus.br/jorge-mateus/1713699/,-1
458,Mil Anos,musica458,musica458_trecho2,"Você briga, me ignora Pisa na bola Sente saudade e chora Diz que é de raiva Pra não assumir que me adora Eu sei que um grande amor Não é fácil de se encontrar Mais difícil ainda é deixar de gostar",Jorge & Mateus,2010,41,https://www.letras.mus.br/jorge-mateus/1713699/,-1
458,Mil Anos,musica458,musica458_trecho3,"Se o clima tá pesado Não existe pecado Que não se possa perdoar Vai ver a gente não conhece o amor direito Prazer, eu sou um cara cheio de defeitos Igualzinho aquele que você aprendeu amar",Jorge & Mateus,2010,36,https://www.letras.mus.br/jorge-mateus/1713699/,-1
1221,Minha Boca Você Não Beija Mais,musica1221,musica1221_trecho1,Tá aí Se o que você queria Era me ver chorar Então pode sorrir,Luan Santana,2009,14,https://www.letras.mus.br/luan-santana/1427742/,-1
1221,Minha Boca Você Não Beija Mais,musica1221,musica1221_trecho2,Então pode zombar Desse tolo Desse bobo Que você não soube amar,Luan Santana,2009,12,https://www.letras.mus.br/luan-santana/1427742/,-1
1221,Minha Boca Você Não Beija Mais,musica1221,musica1221_trecho5,"É, as vezes depois de um grande amor a Gente acaba se perdendo Mas agora chega Nunca mais você me tira do sério",Luan Santana,2009,23,https://www.letras.mus.br/luan-santana/1427742/,-1
84,Minha Herança,musica84,musica84_trecho2,Saudade de abrir a janela Ver como o céu tá bonito É que na cidade grande Prédio esconde o que Deus fez de mais lindo,Ana Castela,2024,25,https://www.letras.mus.br/ana-castela/minha-heranca/,-1
1105,Mistura Louca (part. Os Hawaianos),musica1105,musica1105_trecho5,"Solteiras podem ir, casadas vêm também O marido não pode, porque homem aqui já tem Ai que mistura louca, já deu água na boca Só de pensar na gente lá em casa tirando a roupa",Henrique & Juliano,2013,35,https://www.letras.mus.br/henrique-e-juliano/mistura-louca/,-1
1270,Mô Deuso,musica1270,musica1270_trecho1,Por causa dumas bestage tão besta Umas bobage tão boba Ocê me largô ieu Me deixô ieu na solidão Sofrendo tão só Quando ocê se escafedeu,Gino e Geno,2012,26,https://www.letras.mus.br/gino-e-geno/mo-deuso/,-1
1270,Mô Deuso,musica1270,musica1270_trecho2,"Com os ói que a terra há de comer Eu te vi indo embora E pedi pra mo deuso Mo deuso, excumunga essa muié Que num mais me quer Mata ela pra ieu!",Gino e Geno,2012,33,https://www.letras.mus.br/gino-e-geno/mo-deuso/,-1
1270,Mô Deuso,musica1270,musica1270_trecho3,Mo deuso excumunga essa muié Que num mais me quer Mata ela pra ieu!,Gino e Geno,2012,14,https://www.letras.mus.br/gino-e-geno/mo-deuso/,-1
1270,Mô Deuso,musica1270,musica1270_trecho6,Ó mo deuso Mande logo esse castigo Ela brigô comigo E num mais me qué eu Tomara que a negócia dela Encha de pareba Pra num dá pr'otros homi O que antonte era meu,Gino e Geno,2012,34,https://www.letras.mus.br/gino-e-geno/mo-deuso/,-1
1270,Mô Deuso,musica1270,musica1270_trecho8,Por causa de umas bestage tão besta Umas bobage tão boba Ocê me largô ieu Me deixô ieu na solidão Sofrendo tão só Quando ocê se escafedeu,Gino e Geno,2012,27,https://www.letras.mus.br/gino-e-geno/mo-deuso/,-1
1270,Mô Deuso,musica1270,musica1270_trecho9,"Com os ói que a terra há de comer Eu te vi indo embora E pedi pra mo deuso ""Mo deuso, excumunga essa muié Que num mais me quer Mata ela pra ieu!",Gino e Geno,2012,33,https://www.letras.mus.br/gino-e-geno/mo-deuso/,-1
451,Morena,musica451,musica451_trecho2,"O que eu dei pra você? Tudo, tudo que eu tinha pra dar E do quê que adiantou? Nada, você só queria brincar",Luan Santana,2021,23,https://www.letras.mus.br/luan-santana/morena/,-1
451,Morena,musica451,musica451_trecho4,"Me diz quê que eu posso fazer se ela rouba a cena? Se até deitado no colo da loira, eu lembro da morena?",Luan Santana,2021,23,https://www.letras.mus.br/luan-santana/morena/,-1
451,Morena,musica451,musica451_trecho8,"O que eu dei pra você? Tudo, tudo que eu tinha pra dar E do que que adiantou? Nada, você só queria brincar",Luan Santana,2021,23,https://www.letras.mus.br/luan-santana/morena/,-1
599,Morena Proibida,musica599,musica599_trecho2,Por uma linda morena Violeiro apaixonou E aquela flor de açucena Coração enfeitiçou Não sabia violeiro Da família que ela vinha De pai rico endinheirado Cem mil cabeças de gado Era pouco pra que o tinha,Jorge & Mateus,2007,36,https://www.letras.mus.br/jorge-mateus/985048/,-1
599,Morena Proibida,musica599,musica599_trecho3,O pai daquela morena Tinha fama de ser duro E disse que o violeiro Na vida não tem futuro,Jorge & Mateus,2007,19,https://www.letras.mus.br/jorge-mateus/985048/,-1
599,Morena Proibida,musica599,musica599_trecho5,Violeiro foi embora Chegou na grande cidade No ponteio da viola Sobrou oportunidade De gravar aquela história Que falava de um amor Nas paradas de sucesso Violeiro estourou,Jorge & Mateus,2007,28,https://www.letras.mus.br/jorge-mateus/985048/,-1
599,Morena Proibida,musica599,musica599_trecho6,Depois de milhões de cópias E a conta já garantida Voltou naquela fazenda Da morena proibida Comprou a propriedade E disse ao fazendeiro Agora caso com ela Se o problema for dinheiro,Jorge & Mateus,2007,32,https://www.letras.mus.br/jorge-mateus/985048/,-1
1196,Morro de Saudade,musica1196,musica1196_trecho1,Morro de saudade longe do seu beijo Coração não para de acelerar Quase a 200 por hora batendo no peito Cria asas querendo voar,Hugo Pena e Gabriel,2008,24,https://www.letras.mus.br/hugo-pena-e-gabriel/692004/,-1
1196,Morro de Saudade,musica1196,musica1196_trecho5,"Essa saudade tá doendo, tá doendo sim! Eu não consigo, eu não posso Preciso te ver Essa vontade é tamanha, já não cabe em mim Tô voltando agora pro meu bem querer",Hugo Pena e Gabriel,2008,32,https://www.letras.mus.br/hugo-pena-e-gabriel/692004/,-1
901,Motel Afrodite (part. Maiara & Maraisa),musica901,musica901_trecho1,"Quanto tempo faz da última vez? O Motel Afrodite perdeu um casal freguês Suíte vinte e dois, se eu não me engano, vinte e três Pernoite, depois do café, amor mais uma vez",Marília Mendonça,2021,33,https://www.letras.mus.br/marilia-mendonca/motel-afrodite-part-maiara-e-maraisa/,-1
901,Motel Afrodite (part. Maiara & Maraisa),musica901,musica901_trecho2,"E dá saudade daquela hidro borbulhando E você me chamando pra gente se amar Dá saudade do gosto, do beijo e daquele lugar",Marília Mendonça,2021,23,https://www.letras.mus.br/marilia-mendonca/motel-afrodite-part-maiara-e-maraisa/,-1
901,Motel Afrodite (part. Maiara & Maraisa),musica901,musica901_trecho4,"E volta e meia, eu volto lá sozinho Eu tiro a roupa, eu choro e abro um vinho Mas hoje a moça da cabine que adorava a gente Com dó de mim falou: Segue a sua vida, ele saiu no carro da frente",Marília Mendonça,2021,43,https://www.letras.mus.br/marilia-mendonca/motel-afrodite-part-maiara-e-maraisa/,-1
901,Motel Afrodite (part. Maiara & Maraisa),musica901,musica901_trecho5,"Dá saudade daquela hidro borbulhando E você me chamando pra gente se amar Dá saudade do gosto, do beijo e daquele lugar",Marília Mendonça,2021,22,https://www.letras.mus.br/marilia-mendonca/motel-afrodite-part-maiara-e-maraisa/,-1
901,Motel Afrodite (part. Maiara & Maraisa),musica901,musica901_trecho8,"Mas hoje a moça da cabine que adorava a gente Com dó de mim falou: Segue a sua vida, ele saiu no carro da frente",Marília Mendonça,2021,25,https://www.letras.mus.br/marilia-mendonca/motel-afrodite-part-maiara-e-maraisa/,-1
878,Moto (part. Ana Castela),musica878,musica878_trecho1,"Eu tive uns namorado doido, ciumento e mentiroso Fiquei arisca, rapaz Tá que cê abre a porta do carro, se tá frio, dá o casaco Isso eles fazia demais",Júlia & Rafaela,2024,29,https://www.letras.mus.br/julia-e-rafaela/moto-part-ana-castela/,-1
1088,Mozão,musica1088,musica1088_trecho1,"Oh mozão, cheguei à conclusão Já faz tempo que a gente fica Quase um namoro, sei lá, a gente enrola Eu sinto falta de você quando não está aqui",Lucas Lucco,2014,29,https://www.letras.mus.br/lucas-lucco/mozao/,-1
1088,Mozão,musica1088,musica1088_trecho2,"Sei lá, dá vontade de te amarrar Colar em você e te prender a mim Vontade de casar, ter filhos pra gente cuidar Pra sempre namorar",Lucas Lucco,2014,26,https://www.letras.mus.br/lucas-lucco/mozao/,-1
1088,Mozão,musica1088,musica1088_trecho3,"Eu sei, tô viajando Tô novo, mas o que custa sonhar? Se o tempo não para de passar E nunca vai parar",Lucas Lucco,2014,22,https://www.letras.mus.br/lucas-lucco/mozao/,-1
1088,Mozão,musica1088,musica1088_trecho4,"Num piscar de olhos, tá passando mais de um mês A gente fica velho e o que a gente fez? Não deixe o nosso plano acabar Esteja aqui amanhã quando eu acordar",Lucas Lucco,2014,32,https://www.letras.mus.br/lucas-lucco/mozao/,-1
1088,Mozão,musica1088,musica1088_trecho6,"Momôzim, vamos fazer assim Eu cuido de você, você cuida de mim Não desisto de você e nem você de mim Vamos até o fim, dá a mão pra mim",Lucas Lucco,2014,30,https://www.letras.mus.br/lucas-lucco/mozao/,-1
375,Mudando de Assunto,musica375,musica375_trecho1,"Quer saber qual seria o meu pesadelo? Sem nenhuma dúvida seria o medo Seria acordar, não estar com você",Henrique & Juliano,2014,19,https://www.letras.mus.br/henrique-e-juliano/mudando-de-assunto/,-1
375,Mudando de Assunto,musica375,musica375_trecho2,"Chega a dar tremedeira, um nó na barriga Quem ama demais não suporta uma briga Ciúme demais faz a gente sofrer",Henrique & Juliano,2014,21,https://www.letras.mus.br/henrique-e-juliano/mudando-de-assunto/,-1
375,Mudando de Assunto,musica375,musica375_trecho5,"Pra que brigar, chorar, embora Eu bem sei que nessa hora Vai me dar vontade de você",Henrique & Juliano,2014,17,https://www.letras.mus.br/henrique-e-juliano/mudando-de-assunto/,-1
1456,Mudou a Estação (part. Henrique & Juliano),musica1456,musica1456_trecho3,Eu fui sentindo o frio chegando E o seu perfume acabando Eu me refiz pra não ter que ver você me deixando,Marília Mendonça,2017,22,https://www.letras.mus.br/marilia-mendonca/mudou-a-estacao/,-1
1456,Mudou a Estação (part. Henrique & Juliano),musica1456,musica1456_trecho6,Com você Eu fui sentindo o frio chegando E o seu perfume acabando Eu me refiz pra não ter que ver você me deixando,Marília Mendonça,2017,24,https://www.letras.mus.br/marilia-mendonca/mudou-a-estacao/,-1
1069,Mulher da Blusa Amarela,musica1069,musica1069_trecho1,"Vocês estão vendo aquela Mulher da blusa amarela e a saia de outra cor Vendo ela desprezada, lembraste que foi amada Já foi meu primeiro amor",Amado Edílson,2009,26,https://www.letras.mus.br/amado-edilson/1216757/,-1
1069,Mulher da Blusa Amarela,musica1069,musica1069_trecho4,Essa mulher me deixou Essa mulher me deixou,Amado Edílson,2009,8,https://www.letras.mus.br/amado-edilson/1216757/,-1
1069,Mulher da Blusa Amarela,musica1069,musica1069_trecho5,"Não acreditou em mim Tanto que eu lhe dei carinho, pra ela foi tudo em vão Nosso amor era tão louco, mas por conversa dos outros Ela me fez essa traição",Amado Edílson,2009,31,https://www.letras.mus.br/amado-edilson/1216757/,-1
1069,Mulher da Blusa Amarela,musica1069,musica1069_trecho6,Ela me fez essa traição Ela me fez essa traição,Amado Edílson,2009,10,https://www.letras.mus.br/amado-edilson/1216757/,-1
1069,Mulher da Blusa Amarela,musica1069,musica1069_trecho8,Pra ficar com quem quiser Ficando com quem quiser,Amado Edílson,2009,9,https://www.letras.mus.br/amado-edilson/1216757/,-1
1069,Mulher da Blusa Amarela,musica1069,musica1069_trecho9,"Não pensava que aquela mulher da blusa amarela Me fizesse essa traição Mas o destino é cruel, ela deixou de ser fiel Pra viver de mão em mão",Amado Edílson,2009,28,https://www.letras.mus.br/amado-edilson/1216757/,-1
1069,Mulher da Blusa Amarela,musica1069,musica1069_trecho10,Pra viver de mão em mão Pra viver de mão em mão,Amado Edílson,2009,12,https://www.letras.mus.br/amado-edilson/1216757/,-1
1069,Mulher da Blusa Amarela,musica1069,musica1069_trecho12,E ter passado o que eu passei E ter passado o que eu passei,Amado Edílson,2009,14,https://www.letras.mus.br/amado-edilson/1216757/,-1
1069,Mulher da Blusa Amarela,musica1069,musica1069_trecho15,"Mas a lei de Deus não tarda, o que se faz aqui se paga Essa mulher me pagou Hoje vive sem ninguem, nem casa pra morar tem E nem quem lhe dê amor",Amado Edílson,2009,33,https://www.letras.mus.br/amado-edilson/1216757/,-1
1069,Mulher da Blusa Amarela,musica1069,musica1069_trecho18,Dos malandrecos das ruas Dos malandrecos das ruas,Amado Edílson,2009,8,https://www.letras.mus.br/amado-edilson/1216757/,-1
1069,Mulher da Blusa Amarela,musica1069,musica1069_trecho19,"Eu tenho pena daquela mulher da blusa amarela E a saia de outra cor A doença lhe venceu, seu corpo enfraqueceu Morreu sem ter um amor",Amado Edílson,2009,26,https://www.letras.mus.br/amado-edilson/1216757/,-1
1069,Mulher da Blusa Amarela,musica1069,musica1069_trecho20,Morreu sem ter um amor Morreu sem ter um amor,Amado Edílson,2009,10,https://www.letras.mus.br/amado-edilson/1216757/,-1
449,Mulher Foda,musica449,musica449_trecho2,"É que eu não aceito colocar dedo na minha cara Eu sou mulher demais pra engolir sapo calada Vacilou, me perdeu, quer mudar, mas é tarde Vai embora da minha vida ou quer que eu chame um táxi?",Simone Mendes,2024,38,https://www.letras.mus.br/simone-mendes/mulher-foda/,-1
449,Mulher Foda,musica449,musica449_trecho3,"E conta pra ele o que você fez Que uma mulher foda virou sua ex Quis ser o bichão, agora engole calado Outro valorizando",Simone Mendes,2024,24,https://www.letras.mus.br/simone-mendes/mulher-foda/,-1
449,Mulher Foda,musica449,musica449_trecho4,"E conta pra ele o que você fez Que uma mulher foda virou sua ex Quis ser o bichão, agora engole calado Outro valorizando o que era pra você ter valorizado",Simone Mendes,2024,31,https://www.letras.mus.br/simone-mendes/mulher-foda/,-1
449,Mulher Foda,musica449,musica449_trecho6,"Conta pra ele o que você fez Que uma mulher foda virou sua ex Quis ser o bichão, agora engole calado Outro valorizando",Simone Mendes,2024,23,https://www.letras.mus.br/simone-mendes/mulher-foda/,-1
449,Mulher Foda,musica449,musica449_trecho8,"Quis ser o bichão, agora engole calado Outro valorizando o que era pra você ter valorizado",Simone Mendes,2024,16,https://www.letras.mus.br/simone-mendes/mulher-foda/,-1
125,Mulher Maravilha,musica125,musica125_trecho1,Tem brinquedo espalhado pela casa toda E as paredes rabiscadas com o giz de cera Mudou de tal maneira Nossa vida já não é a mesma,Zé Neto e Cristiano,2018,26,https://www.letras.mus.br/ze-neto-cristiano/mulher-maravilha/,-1
125,Mulher Maravilha,musica125,musica125_trecho2,A gente já não dorme mais a noite inteira Na mesa tem dois copos e uma mamadeira Mudou de tal maneira Nossa vida já não é a mesma,Zé Neto e Cristiano,2018,28,https://www.letras.mus.br/ze-neto-cristiano/mulher-maravilha/,-1
125,Mulher Maravilha,musica125,musica125_trecho4,"Sabe aquele amor que se multiplica? Quem nunca sonhou ter isso na vida? Ser herói de alguém e, melhor ainda Ter do lado a Mulher Maravilha",Zé Neto e Cristiano,2018,26,https://www.letras.mus.br/ze-neto-cristiano/mulher-maravilha/,-1
1494,Mundo de Ilusões,musica1494,musica1494_trecho1,"Ei, por que tá me ligando em plena madrugada Se entre nós dois não existe mais nada? Quer fazer com ele o que fez comigo",Gusttavo Lima,2017,25,https://www.letras.mus.br/gusttavo-lima/mundo-de-ilusoes/,-1
1494,Mundo de Ilusões,musica1494,musica1494_trecho2,"Ei, será que você não consegue ser fiel? Tá falando comigo dentro de um motel Enganando ele como me enganou",Gusttavo Lima,2017,20,https://www.letras.mus.br/gusttavo-lima/mundo-de-ilusoes/,-1
1494,Mundo de Ilusões,musica1494,musica1494_trecho3,"Não vai ser dessa vez Que vai fazer com ele o que você me fez Por favor, me escute logo de uma vez Seu amor é um mundo de ilusões Brincando com dois corações",Gusttavo Lima,2017,34,https://www.letras.mus.br/gusttavo-lima/mundo-de-ilusoes/,-1
1494,Mundo de Ilusões,musica1494,musica1494_trecho4,"Será que dentro do seu peito não tem coração E a sua cabeça só pensa em traição? Sai pra lá com esse seu amor bandido E me traiu com ele, quer trair ele comigo",Gusttavo Lima,2017,34,https://www.letras.mus.br/gusttavo-lima/mundo-de-ilusoes/,-1
1494,Mundo de Ilusões,musica1494,musica1494_trecho5,"Uô uô, você não sabe dar valor Uô uô, agora perdeu o meu amor Uô uô, e vai perder ele também Não deu certo comigo, não dá certo com ninguém",Gusttavo Lima,2017,30,https://www.letras.mus.br/gusttavo-lima/mundo-de-ilusoes/,-1
1328,Mundo Paralelo,musica1328,musica1328_trecho1,Hoje eu vi em seus olhos o medo que tem de me encontrar Percebi o desejo que você tem de me provar E o que te impede de estar feliz? Ainda é cedo pra dizer adeus,Matheus & Kauan,2013,36,https://www.letras.mus.br/matheus-kauan/mundo-paralelo/,-1
1328,Mundo Paralelo,musica1328,musica1328_trecho2,Vejo você distante em um mundo paralelo ao meu E nem sei se os meus planos ainda São os mesmos que os seus E o que te impede de estar aqui Pra não passar da hora de dizer que sim,Matheus & Kauan,2013,40,https://www.letras.mus.br/matheus-kauan/mundo-paralelo/,-1
846,Na Conta da Loucura,musica846,musica846_trecho1,Gosto Das suas mãos atrevidas Desse seu olhar maldoso Suas frases provocantes Desse jogo corpo a corpo,Bruno & Marrone,2017,17,https://www.letras.mus.br/bruno-e-marrone/na-conta-da-loucura/,-1
846,Na Conta da Loucura,musica846,musica846_trecho3,Quero Sua cama passageira A sua temperatura Traz a loucura pro quarto Deixa a razão na rua Temos uma noite inteira Pra fazer o que quiser,Bruno & Marrone,2017,26,https://www.letras.mus.br/bruno-e-marrone/na-conta-da-loucura/,-1
846,Na Conta da Loucura,musica846,musica846_trecho7,Coração nem precisa saber Que hoje eu tô com você Coração nem precisa saber Que hoje eu tô com você,Bruno & Marrone,2017,20,https://www.letras.mus.br/bruno-e-marrone/na-conta-da-loucura/,-1
373,Na Hora da Raiva,musica373,musica373_trecho2,Em minhas mãos agora Tá cada parte dessa nossa história E eu não sei se eu rasgo ou jogo fora E o que é que eu faço agora,Henrique & Juliano,2015,28,https://www.letras.mus.br/henrique-e-juliano/foi-na-hora-da-raiva/,-1
235,Na Hora de Amar,musica235,musica235_trecho1,"Teu olhar sempre está muito longe Em um lugar que se chama solidão Chego a pensar, que você se esconde da minha paixão",Gusttavo Lima,2017,23,https://www.letras.mus.br/gusttavo-lima/na-hora-de-amar/,-1
235,Na Hora de Amar,musica235,musica235_trecho3,"Você deve estar com medo de contar Que seu amor, por mim acabou, sempre fingiu, nada sentiu na hora de amar",Gusttavo Lima,2017,21,https://www.letras.mus.br/gusttavo-lima/na-hora-de-amar/,-1
235,Na Hora de Amar,musica235,musica235_trecho4,Eu vejo o Sol se afastando do horizonte Igual você que se escondeu Não sei porque um amor que era tão grande Foi ficando assim,Gusttavo Lima,2017,25,https://www.letras.mus.br/gusttavo-lima/na-hora-de-amar/,-1
235,Na Hora de Amar,musica235,musica235_trecho5,"Você deve estar com medo de contar Que seu amor, por mim acabou, sempre fingiu, nada sentiu na hora de amar Tem medo de contar Que seu amor, por mim acabou, sempre fingiu, nada sentiu na hora de amar",Gusttavo Lima,2017,39,https://www.letras.mus.br/gusttavo-lima/na-hora-de-amar/,-1
235,Na Hora de Amar,musica235,musica235_trecho7,"Você deve estar com medo de contar Que seu amor, por mim acabou, sempre fingiu, nada sentiu na hora de amar (Insensível)",Gusttavo Lima,2017,22,https://www.letras.mus.br/gusttavo-lima/na-hora-de-amar/,-1
235,Na Hora de Amar,musica235,musica235_trecho8,"Tem medo de contar Que seu amor, por mim acabou, sempre fingiu, nada sentiu Na hora de amar",Gusttavo Lima,2017,18,https://www.letras.mus.br/gusttavo-lima/na-hora-de-amar/,-1
1506,Na Hora Que Você Chamar,musica1506,musica1506_trecho1,"Se não sou eu, quem vai ser?",Jorge & Mateus,2024,7,https://www.letras.mus.br/jorge-mateus/na-hora-que-voce-chamar/,-1
1506,Na Hora Que Você Chamar,musica1506,musica1506_trecho3,"Eu tenho um dicionário de defeitos Desculpe, amor, esse é meu jeito Esse é o jeito meu Sem pensar, me deixou aqui Pra pensar no que te faz feliz Te faz sorrir",Jorge & Mateus,2024,32,https://www.letras.mus.br/jorge-mateus/na-hora-que-voce-chamar/,-1
1506,Na Hora Que Você Chamar,musica1506,musica1506_trecho4,"Se não sou eu, quem vai ser? Se não sou eu, quem vai ser?",Jorge & Mateus,2024,14,https://www.letras.mus.br/jorge-mateus/na-hora-que-voce-chamar/,-1
1506,Na Hora Que Você Chamar,musica1506,musica1506_trecho5,"E se você quiser, espero por você E se você ligar, eu corro pra atender À meia-noite ou quatro horas da manhã Eu vou te encontrar Na hora em que você chamar",Jorge & Mateus,2024,32,https://www.letras.mus.br/jorge-mateus/na-hora-que-voce-chamar/,-1
1506,Na Hora Que Você Chamar,musica1506,musica1506_trecho8,"E se você quiser, espero por você E se você ligar, eu corro pra atender À meia-noite ou quatro horas da manhã Eu vou te encontrar Na hora em que você me chamar eu vou",Jorge & Mateus,2024,35,https://www.letras.mus.br/jorge-mateus/na-hora-que-voce-chamar/,-1
1506,Na Hora Que Você Chamar,musica1506,musica1506_trecho9,"Na hora em que você me chamar eu vou Na hora em que você me chamar eu vou, eu vou Na hora em que você me Na hora em que você eu vou, eu vou Na hora em que você me chamar Na hora em que você me chamar Me chamar",Jorge & Mateus,2024,51,https://www.letras.mus.br/jorge-mateus/na-hora-que-voce-chamar/,-1
33,Na Linha do Tempo,musica33,musica33_trecho1,"Eu te dei o ouro do Sol, a prata da Lua Te dei as estrelas pra desenhar o teu céu Na linha do tempo, o destino escreveu Com letras douradas, você e eu",Victor & Leo,2015,33,https://www.letras.mus.br/victor-leo/na-linha-do-tempo/,-1
33,Na Linha do Tempo,musica33,musica33_trecho2,Há quanto tempo eu esperava encontrar alguém assim Que se encaixasse bem nos planos que um dia fiz pra mim Você e eu,Victor & Leo,2015,23,https://www.letras.mus.br/victor-leo/na-linha-do-tempo/,-1
33,Na Linha do Tempo,musica33,musica33_trecho4,"E nesses traços vou tentando descrever Que mil palavras é tão pouco pra dizer Que um sentimento muda tudo, muda o mundo Isso é o amor",Victor & Leo,2015,26,https://www.letras.mus.br/victor-leo/na-linha-do-tempo/,-1
33,Na Linha do Tempo,musica33,musica33_trecho5,"Na linha do tempo, o destino escreveu Com letras douradas, você e eu",Victor & Leo,2015,13,https://www.letras.mus.br/victor-leo/na-linha-do-tempo/,-1
871,Nada Nada,musica871,musica871_trecho3,Eu bebo Pra esquecer Se fosse pra lembrar Eu anotava,Henrique & Juliano,2015,10,https://www.letras.mus.br/henrique-e-juliano/nada-nada/,-1
717,Nada Normal,musica717,musica717_trecho1,"Lareira pra acender, um céu pra se olhar E tudo está tranquilo por aqui Você vai me vencer, eu vou me apaixonar Não há mais o que decidir",Victor & Leo,2008,28,https://www.letras.mus.br/victor-leo/1360046/,-1
986,Não Casa Não,musica986,musica986_trecho1,Sei que você tá procurando uma casa Comprou a geladeira e na TV já deu entrada Com outra vai casar Será que tá feliz?,Marília Mendonça,2017,24,https://www.letras.mus.br/marilia-mendonca/nao-casa-nao/,-1
986,Não Casa Não,musica986,musica986_trecho2,"Tô aqui Lembrando que a gente namorou há três anos atrás Fui feliz demais Quando a gente ama de verdade, o coração não muda Vou te ligar Só pra tirar a dúvida",Marília Mendonça,2017,32,https://www.letras.mus.br/marilia-mendonca/nao-casa-nao/,-1
986,Não Casa Não,musica986,musica986_trecho3,"Fui logo dizendo: Oi, amor Se tem um pouco de mim no seu coração Então não casa, não Por favor, não casa, não",Marília Mendonça,2017,23,https://www.letras.mus.br/marilia-mendonca/nao-casa-nao/,-1
986,Não Casa Não,musica986,musica986_trecho4,"Fui logo dizendo: Oi, amor Se tem um pouco de mim no seu coração Então não casa, não Por favor, não casa não",Marília Mendonça,2017,23,https://www.letras.mus.br/marilia-mendonca/nao-casa-nao/,-1
986,Não Casa Não,musica986,musica986_trecho6,"Tô aqui Lembrando quando a gente namorou há três anos atrás Fui feliz demais Quando a gente ama de verdade, o coração não muda Vou te ligar Só pra tirar a dúvida",Marília Mendonça,2017,32,https://www.letras.mus.br/marilia-mendonca/nao-casa-nao/,-1
1573,Não Dá Pra Continuar,musica1573,musica1573_trecho2,Quando ligo não me atende Quando falo não compreende os meus problemas Se te peço um beijo você foge Eu permaneço sozinho com o meu dilema,João Bosco & Vinícius,2007,26,https://www.letras.mus.br/joao-bosco-viniciusacustico/979833/,-1
1076,Não Demora Perceber,musica1076,musica1076_trecho3,Será que vai ter o dia De eu ter sua companhia E nunca mais ver você ir embora,Jorge & Mateus,2012,18,https://www.letras.mus.br/jorge-mateus/nao-demore-a-perceber/,-1
1076,Não Demora Perceber,musica1076,musica1076_trecho4,"Eu não me vejo sem você Só não demore a perceber O tempo voa, o dia passa e esse amor acaba Se não há nada a perder Então vai ter que escolher Desembaça, vê se não me atrasa",Jorge & Mateus,2012,38,https://www.letras.mus.br/jorge-mateus/nao-demore-a-perceber/,-1
1044,Não Era Pra Ser,musica1044,musica1044_trecho1,Fiquei a dois dedos da sua boca e não beijei Perdi o time pra me declarar e me calei Milhões de desencontros culminaram nessa decisão,Luan Santana,2011,25,https://www.letras.mus.br/luan-santana/1779417/,-1
1044,Não Era Pra Ser,musica1044,musica1044_trecho2,Perdi meu celular e o seu número foi junto Nosso primeiro encontro tava meio sem assunto Talvez por timidez eu me fechei e esperei você me procurar,Luan Santana,2011,27,https://www.letras.mus.br/luan-santana/1779417/,-1
1232,Não Fui Eu,musica1232,musica1232_trecho1,"Ei, escuta, para de agir feito criança Escuta, sinto em te dizer, mas foi você quem procurou Quem partiu um coração, não fui eu",Paula Fernandes,2013,24,https://www.letras.mus.br/paula-fernandes/nao-fui-eu/,-1
1232,Não Fui Eu,musica1232,musica1232_trecho2,"Ei, escuta, tudo nessa vida tem seu preço Escuta, se chegou a hora de colher o que plantou Você mesmo quem regou, não fui eu Não fui eu",Paula Fernandes,2013,28,https://www.letras.mus.br/paula-fernandes/nao-fui-eu/,-1
795,Não Importa Os KM (part. Léo Foguete),musica795,musica795_trecho2,"Uma foto sua no painel eu colei Só meu volante sabe o quanto eu chorei Acelerando noite e dia Madrugada, todo lugar que eu passei, te encontrei",Fernando e Sorocaba,2025,27,https://www.letras.mus.br/fernando-sorocaba/nao-importa-os-km-part-leo-foguete/,-1
795,Não Importa Os KM (part. Léo Foguete),musica795,musica795_trecho4,Em SP eu vi seu brilho por toda a cidade Vi seu cabelo loiro no pôr do Sol no Nordeste E na serra gaúcha tomei vinho com a saudade Pois não importa os KM quem ama não esquece,Fernando e Sorocaba,2025,38,https://www.letras.mus.br/fernando-sorocaba/nao-importa-os-km-part-leo-foguete/,-1
796,Não Me Perdoei,musica796,musica796_trecho1,Eu queria ser um anjo E não passo apenas do que sou Te daria um par de estrelas E o que tenho é o meu amor,Victor & Leo,2012,26,https://www.letras.mus.br/victor-leo/nao-me-perdoei/,-1
796,Não Me Perdoei,musica796,musica796_trecho2,"Eu só sei sonhar contigo Aceitando o meu regresso Tenho medo de perdê-la Te amo, confesso",Victor & Leo,2012,16,https://www.letras.mus.br/victor-leo/nao-me-perdoei/,-1
334,Não Precisa (part. Victor & Leo),musica334,musica334_trecho2,"Mas tem que ser assim pra ser de coração Não diga: Não precisa, ah-ah-ah Tem que ser assim, é seu meu coração Não diga: Não precisa, ah-ah-ah",Paula Fernandes,2010,27,https://www.letras.mus.br/paula-fernandes/1756907/,-1
334,Não Precisa (part. Victor & Leo),musica334,musica334_trecho3,"Eu já sonhei com a vida, agora vivo um sonho Mas viver ou sonhar, com você, tanto faz Não diga: Não precisa, eu digo que é preciso A gente se amar demais, nada mais",Paula Fernandes,2010,34,https://www.letras.mus.br/paula-fernandes/1756907/,-1
1444,Não Sai da Minha Vida,musica1444,musica1444_trecho1,Sempre vou me lembrar de nós dois Quando a música tocar no rádio E a saudade dentro do meu carro Relembrar de quando começou,Jorge & Mateus,2009,24,https://www.letras.mus.br/jorge-mateus/1446998/,-1
1444,Não Sai da Minha Vida,musica1444,musica1444_trecho2,Sempre vou me lembrar de nós dois Dos sorrisos na fotografia Dos abraços numa tarde fria E os amassos no elevador,Jorge & Mateus,2009,21,https://www.letras.mus.br/jorge-mateus/1446998/,-1
1444,Não Sai da Minha Vida,musica1444,musica1444_trecho4,Vou te provar que vai ser diferente Me dá uma chance vai ser bom pra gente Nunca diga nunca pra esse nosso amor,Jorge & Mateus,2009,23,https://www.letras.mus.br/jorge-mateus/1446998/,-1
546,Não Tente Me Impedir,musica546,musica546_trecho8,"Nem que o mundo acabe eu vou partir Pro seu próprio bem, não tente me impedir Chega de amor unilateral Só vivi um sonho, nunca foi real",Bruno & Marrone,2009,27,https://www.letras.mus.br/bruno-e-marrone/1444912/,-1
669,Não Vitalício (Nunca Mais) (part. Mari Fernandez),musica669,musica669_trecho1,"Eu tenho raiva de você Porque cê beija bem demais Na cama, cê tem o poder De tirar minha paz",Matheus & Kauan,2023,20,https://www.letras.mus.br/matheus-kauan/nao-vitalicio-nunca-mais-part-mari-fernandez/,-1
669,Não Vitalício (Nunca Mais) (part. Mari Fernandez),musica669,musica669_trecho3,Juro que eu não volto nunca mais Olha eu beijando na boca do nunca mais Olha eu tirando a roupa do nunca mais Eu juro que eu nao corro mais atrás Olha eu correndo pra casa do nunca mais Olha eu me acabando na cama do nunca mais,Matheus & Kauan,2023,48,https://www.letras.mus.br/matheus-kauan/nao-vitalicio-nunca-mais-part-mari-fernandez/,-1
669,Não Vitalício (Nunca Mais) (part. Mari Fernandez),musica669,musica669_trecho6,Juro que eu não volto nunca mais Olha eu beijando na boca do nunca mais Olha eu tirando a roupa do nunca mais Juro que eu nao corro mais atrás Olha eu correndo pra casa do nunca mais Olha eu me acabando na cama do nunca mais,Matheus & Kauan,2023,47,https://www.letras.mus.br/matheus-kauan/nao-vitalicio-nunca-mais-part-mari-fernandez/,-1
669,Não Vitalício (Nunca Mais) (part. Mari Fernandez),musica669,musica669_trecho7,Eu juro que eu não volto nunca mais Olha eu beijando na boca do nunca mais Olha eu tirando a roupa do nunca mais Juro que eu nao corro mais atrás Olha eu correndo pra casa do nunca mais Olha eu me acabando na cama do nunca mais (do nunca mais) Nunca mais,Matheus & Kauan,2023,53,https://www.letras.mus.br/matheus-kauan/nao-vitalicio-nunca-mais-part-mari-fernandez/,-1
1607,Não Vou Mais Atrás De Você (Agora Eu Me Curei),musica1607,musica1607_trecho1,"Cansei de te procurar e De bater no seu apartamento Tentando reconciliar o nosso relacionamento Mandei mensagens, te liguei Pra reviver a nossa história Você não quis se preocupar e me mandou embora",Simone & Simaria,2016,33,https://www.letras.mus.br/simone-simaria-as-coleguinhas/nao-vou-mais-atras-de-voce-agora-eu-me-curei/,-1
1607,Não Vou Mais Atrás De Você (Agora Eu Me Curei),musica1607,musica1607_trecho4,"Cansei de te procurar De bater em seu apartamento Tentando reconciliar o nosso relacionamento Mandei mensagens, te liguei Pra reviver a nossa história Você não quis se preocupar o tempo resolve tudo, hein",Simone & Simaria,2016,33,https://www.letras.mus.br/simone-simaria-as-coleguinhas/nao-vou-mais-atras-de-voce-agora-eu-me-curei/,-1
1607,Não Vou Mais Atrás De Você (Agora Eu Me Curei),musica1607,musica1607_trecho8,"Agora eu me curei Eu vim pro bar das coleguinhas e me curei Tomei uma dose, me curei Agora eu me curei",Simone & Simaria,2016,22,https://www.letras.mus.br/simone-simaria-as-coleguinhas/nao-vou-mais-atras-de-voce-agora-eu-me-curei/,-1
1097,Não Vou Mais Chorar,musica1097,musica1097_trecho1,Te esquecer era o que eu mais queria O que fez comigo é covardia,João Neto e Frederico,2008,14,https://www.letras.mus.br/joao-neto-frederico/1543590/,-1
1097,Não Vou Mais Chorar,musica1097,musica1097_trecho5,Não vou mais chorar Por quem me magoou Agora você dançou Vou procurar um novo amor Que saiba me amar Saiba me dar valor Agora você dançou Vou procurar um novo amor,João Neto e Frederico,2008,32,https://www.letras.mus.br/joao-neto-frederico/1543590/,-1
1097,Não Vou Mais Chorar,musica1097,musica1097_trecho11,"Não vou mais chorar Por quem me magoou Agora você dançou, Vou procurar um novo amor Que saiba me amar Saiba me dar valor Agora você dançou Vou procurar um novo amor",João Neto e Frederico,2008,32,https://www.letras.mus.br/joao-neto-frederico/1543590/,-1
58,Narcisista,musica58,musica58_trecho1,"Senta aqui Que eu quero conversar com todas suas personalidades Primeiro a que me trai Então quer dizer que você era infeliz no nosso relacionamento? Segundo a que cê é quando me deixa e sai Então cê administrava três, quatro ao mesmo tempo?",Maiara & Maraisa,2023,43,https://www.letras.mus.br/maiara-maraisa/narcisista/,-1
58,Narcisista,musica58,musica58_trecho3,É sério Não sei se eu termino ou se eu te interno Seu louco,Maiara & Maraisa,2023,14,https://www.letras.mus.br/maiara-maraisa/narcisista/,-1
58,Narcisista,musica58,musica58_trecho4,"Já que eu não sei quem cê é de verdade Já que todo o dia cê é uma pessoa Já que cê tem várias personalidades Seu narcisista, seu covarde Tô terminando com todas suas partes A que me trai, a que é solteira A que cê não foi homem de verdade",Maiara & Maraisa,2023,51,https://www.letras.mus.br/maiara-maraisa/narcisista/,-1
58,Narcisista,musica58,musica58_trecho5,"Já que eu não sei quem cê é de verdade Já que todo o dia cê é uma pessoa Já que cê tem várias personalidades Seu narcisista, seu covarde Tô terminando com todas suas partes A que me trai, a que é solteira A que cê não foi homem de verdade De verdade",Maiara & Maraisa,2023,53,https://www.letras.mus.br/maiara-maraisa/narcisista/,-1
1269,Navegar Em Mim,musica1269,musica1269_trecho1,Assinando o fim Eu lamento tanto Palavras perdidas Sensações vividas,Paula Fernandes,2010,10,https://www.letras.mus.br/paula-fernandes/1750833/,-1
1269,Navegar Em Mim,musica1269,musica1269_trecho2,Eu anulo em mim A promessa feita Eu desfaço o sonho De amor por toda a vida,Paula Fernandes,2010,17,https://www.letras.mus.br/paula-fernandes/1750833/,-1
1269,Navegar Em Mim,musica1269,musica1269_trecho3,Foi engano achar Que você me amou Afinal de amor Você não sabe nada Foi um erro aceitar O seu gesto de amor No final a dor Fez sua morada,Paula Fernandes,2010,30,https://www.letras.mus.br/paula-fernandes/1750833/,-1
1269,Navegar Em Mim,musica1269,musica1269_trecho4,"Alguém pra me amar Precisa me aceitar Assim como eu sou Imperfeita, amor Quem quiser me amar Precisa ter o dom Bem mais que seduzir Navegar em mim Navegar em mim Navegar em mim",Paula Fernandes,2010,34,https://www.letras.mus.br/paula-fernandes/1750833/,-1
1269,Navegar Em Mim,musica1269,musica1269_trecho7,Foi engano achar Que você me amou Afinal de amor Você não sabe nada Foi um erro aceitar O seu gesto de amor No final a dor Me fez sua morada,Paula Fernandes,2010,31,https://www.letras.mus.br/paula-fernandes/1750833/,-1
1269,Navegar Em Mim,musica1269,musica1269_trecho8,"Alguém pra me amar Precisa me aceitar Assim como eu sou Imperfeita, amor Quem quiser me amar Precisa ter o dom Bem mais que seduzir Navegar em mim Navegar em mim Oh, ah, ah Navegar em mim",Paula Fernandes,2010,37,https://www.letras.mus.br/paula-fernandes/1750833/,-1
1269,Navegar Em Mim,musica1269,musica1269_trecho10,"Alguém pra me amar Iê Iê Iê Iê, na na Quem quiser me amar Precisa ter o dom Bem mais que seduzir Navegar em mim Navegar em mim Navegar em mim",Paula Fernandes,2010,31,https://www.letras.mus.br/paula-fernandes/1750833/,-1
1080,Nega,musica1080,musica1080_trecho1,"Eu sei, você sofreu demais E sabe que eu não fui capaz Mas, mas, mas Aquele sonho que era meu Descobri não era seu É, não deu",Luan Santana,2012,27,https://www.letras.mus.br/luan-santana/1979110/,-1
1080,Nega,musica1080,musica1080_trecho2,Não deu certo quanto a gente planejou Mas o amor nos deu mais uma chance Volta e vem viver esse romance,Luan Santana,2012,21,https://www.letras.mus.br/luan-santana/1979110/,-1
562,Nem Doeu,musica562,musica562_trecho1,Quando cê pediu pra terminar Quase que eu falei: Até que enfim Meti o dedo no olho pra chorar E por dentro querendo rir,Matheus & Kauan,2020,24,https://www.letras.mus.br/matheus-kauan/nem-doeu/,-1
562,Nem Doeu,musica562,musica562_trecho3,A melhor sensação que eu já senti Foi ver que nem doeu e eu te esqueci Eu tô bebendo é porque eu tô feliz Eu tô feliz porque acabou nós dois E aproveitando que eu tô solteiro Eu vou beijar primeiro e perguntar o nome depois,Matheus & Kauan,2020,46,https://www.letras.mus.br/matheus-kauan/nem-doeu/,-1
1356,Nem Tchum,musica1356,musica1356_trecho2,"Saudade quando a minha pergunta tinha uma resposta De quando respondia: Oi, meu bem, na mesma hora Hoje é só: Oi Tchau, fica com Deus E de vez em quando um: Boa noite",Maiara & Maraisa,2019,33,https://www.letras.mus.br/maiara-maraisa/nem-tchum/,-1
1356,Nem Tchum,musica1356,musica1356_trecho3,"Sentimento seu, nenhum Te amo e você nem tchum Lembra a gente no começo? Da minha língua dando volta no seu beijo?",Maiara & Maraisa,2019,22,https://www.letras.mus.br/maiara-maraisa/nem-tchum/,-1
1356,Nem Tchum,musica1356,musica1356_trecho5,"Volta a ser como era antes Que eu deixo, que eu deixo Volta a ser como era antes Que eu deixo, que eu deixo",Maiara & Maraisa,2019,24,https://www.letras.mus.br/maiara-maraisa/nem-tchum/,-1
1258,Nem Te Conto,musica1258,musica1258_trecho1,"Xi... Tem um sogro bravo na parada Ele descobriu que sua filha amada já não é mais moça E o culpado disso tudo sou eu, sou eu, sou eu",Lucas Lucco,2013,29,https://www.letras.mus.br/lucas-lucco/nem-te-conto/,-1
1258,Nem Te Conto,musica1258,musica1258_trecho4,"Ah, se ele soubesse o que a filha dele faz Entre 4 paredes, ela é doida, ela é demais! Que me enlouquece, quase me deixa tonto E se me perguntar o que eu já fiz com ela",Lucas Lucco,2013,37,https://www.letras.mus.br/lucas-lucco/nem-te-conto/,-1
1258,Nem Te Conto,musica1258,musica1258_trecho5,"Sogrão, eu nem te conto Nem te conto, nem te conto Sogrão, eu nem te conto Nem te conto, nem te conto Sogrão, eu nem te conto Nem te conto , nem te conto Sogrão, eu nem te conto",Lucas Lucco,2013,39,https://www.letras.mus.br/lucas-lucco/nem-te-conto/,-1
63,Nessas Horas,musica63,musica63_trecho2,"Metade do meu coração só quer te ver de novo E a outra só pensa em você Não tem nenhum espaço pra eu amar alguém de novo Em mim, só existe você",Matheus & Kauan,2017,32,https://www.letras.mus.br/matheus-kauan/nessas-horas/,-1
1448,Ninguém Tem Nada Com Isso,musica1448,musica1448_trecho1,Se eu amanheci No meio da gandaia Tô pagando,Hugo e Tiago,2011,9,https://www.letras.mus.br/hugo-e-tiago/1873656/,-1
1448,Ninguém Tem Nada Com Isso,musica1448,musica1448_trecho2,"Colado, enrolado Num rabo de saia Nem tô ligando",Hugo e Tiago,2011,9,https://www.letras.mus.br/hugo-e-tiago/1873656/,-1
1448,Ninguém Tem Nada Com Isso,musica1448,musica1448_trecho11,Se ela revoltar Me por fora de casa Tô vazando,Hugo e Tiago,2011,10,https://www.letras.mus.br/hugo-e-tiago/1873656/,-1
735,No Dia Do Seu Casamento,musica735,musica735_trecho4,"Olha pro seu dedo agora E jogue essa aliança fora Eu sei bem quem você ama É a mim que você chama Na saúde, na tristeza Na alegria e na cama",Maiara & Maraisa,2014,31,https://www.letras.mus.br/maiara-maraisa/no-dia-do-seu-casamento/,-1
735,No Dia Do Seu Casamento,musica735,musica735_trecho11,"Na saúde, na tristeza Na alegria e na cama",Maiara & Maraisa,2014,9,https://www.letras.mus.br/maiara-maraisa/no-dia-do-seu-casamento/,-1
42,Nome Proibido,musica42,musica42_trecho1,Não se pergunta de ex Pra quem terminou Se eu não cheguei com ela É porque com ela eu não tô,Simone Mendes,2023,21,https://www.letras.mus.br/simone-mendes/nome-proibido/,-1
42,Nome Proibido,musica42,musica42_trecho8,É que acabou o namoro e não acabou o amor É que acabou o namoro e não acabou o amor,Simone Mendes,2023,20,https://www.letras.mus.br/simone-mendes/nome-proibido/,-1
1094,Nosso Amor Já Era,musica1094,musica1094_trecho2,"Mas fale de coração, se é verdade ou não O que a cidade está comentando Mas olha o que vai dizer, pra não se arrepender Depois você vai terminar chorando",Hugo Pena e Gabriel,2011,30,https://www.letras.mus.br/hugo-pena-e-gabriel/1740792/,-1
1357,Nosso Casamento,musica1357,musica1357_trecho2,Tô ligando pra dizer Que não vivo sem você É o anjo que Deus me mandou Um beijo se adivinhar Vai ter que acertar Onde eu estou,Léo Magalhães,2012,27,https://www.letras.mus.br/leo-magalhaes/1984185/,-1
120,Nosso Quadro,musica120,musica120_trecho1,"Todo mundo tem um amor que quando deita e olha pro teto Vem a pergunta: Será que se fosse hoje a gente dava certo? Um episódio que nunca vai ser lançado, um álbum incompleto Uma história que parou pela metade, cê imagina o resto",Ana Castela,2024,44,https://www.letras.mus.br/ana-castela/nosso-quadro/,-1
120,Nosso Quadro,musica120,musica120_trecho2,"É saudade que toma, que toma Que toma conta de mim E não me dá remorso, nem raiva Nem ódio, dá pena do fim",Ana Castela,2024,24,https://www.letras.mus.br/ana-castela/nosso-quadro/,-1
120,Nosso Quadro,musica120,musica120_trecho3,"Agora o nosso quadro casando na igreja Não vai ser pendurado, só existe na minha cabeça Nós dois tocando o gado, a filha boiadeira Nossa vida no mato só existe na minha cabeça Vai ser amor mesmo não sendo a vida inteira Vai ser amor mesmo não sendo a vida inteira",Ana Castela,2024,51,https://www.letras.mus.br/ana-castela/nosso-quadro/,-1
120,Nosso Quadro,musica120,musica120_trecho4,Tem coisas que nem querendo a gente esquece Final do ano de 2017 Eu começando odonto e você na vet A sua camisa jeans na minha caminhonete,Ana Castela,2024,27,https://www.letras.mus.br/ana-castela/nosso-quadro/,-1
93,Notificação Preferida,musica93,musica93_trecho4,"Foi, mas não é mais a minha notificação preferida Já foi, mas não é mais a número um da minha vida Sinto em te dizer Mas eu já superei você",Zé Neto e Cristiano,2018,30,https://www.letras.mus.br/ze-neto-cristiano/notificacao-preferida/,-1
1156,Nova Namorada,musica1156,musica1156_trecho1,"Não vou negar, sofri demais Quando você me deu um fora Mas o tempo passa, o mundo gira O mundo é uma bola",Marcos & Belutti,2011,23,https://www.letras.mus.br/marcos-belutti/1892018/,-1
608,Nova York,musica608,musica608_trecho1,"Essa é a história de um novo herói Cabelos compridos a rolar no vento Pela estrada, no seu caminhão Gravado no peito a sombra de um dragão",Victor & Leo,2007,27,https://www.letras.mus.br/victor-leo/1094584/,-1
608,Nova York,musica608,musica608_trecho2,"Tinha um sonho: Ir pra Nova York E levar a namorada Fazer seu caminhão voar nas nuvens Mas enquanto isso, na estrada",Victor & Leo,2007,22,https://www.letras.mus.br/victor-leo/1094584/,-1
113,Novo Eu,musica113,musica113_trecho2,"Eu sei da dificuldade que é cruzar a cidade, parar na minha frente E não chorar Eu sei que a sua vontade é me falar umas verdade, me xingar e me bater E depois me beijar Porque cê não me odeia Você odeia o fato de me amar",Henrique & Juliano,2025,48,https://www.letras.mus.br/henrique-e-juliano/novo-eu/,-1
113,Novo Eu,musica113,musica113_trecho3,"Meu rosto não mudou, a barba só cresceu Por fora, ainda parece aquele eu Mas não sou o cara que seu choro conheceu Não sou mais um moleque de dezoito Quem te fez sofrer, sofreu em dobro Quem te fez chorar, pagou com choro e se arrependeu Aquele sem noção morreu Dá uma chance pra esse novo eu",Henrique & Juliano,2025,58,https://www.letras.mus.br/henrique-e-juliano/novo-eu/,-1
711,O Amor Coloriu,musica711,musica711_trecho1,"Quando alguém te enche de coragem pra seguir A busca interminável termina em um sorrir E o que era cinza frio o amor coloriu De um jeito assim, tão simples",Luan Santana,2013,30,https://www.letras.mus.br/luan-santana/o-amor-coloriu/,-1
711,O Amor Coloriu,musica711,musica711_trecho2,"Quando há dois caminhos e a escolha é toda sua Talvez nós perderemos numa esquina ou numa rua Mas no final da estrada, numa madrugada, vou te roubar pra mim",Luan Santana,2013,30,https://www.letras.mus.br/luan-santana/o-amor-coloriu/,-1
582,O Bilau,musica582,musica582_trecho6,Me perguntando onde pus o meu Bilau Fala pra nós deixa de enconder o jogo A gente pede e abre a porteira agora Põe o Bilau pra fora pra gente montar denovo,Teodoro e Sampaio,2011,32,https://www.letras.mus.br/teodoro-e-sampaio/1961233/,-1
770,O Cavaco Vuou,musica770,musica770_trecho1,"O machado cortou, cortou, cortou, cortou O suor escorreu, a madeira gemeu e o cavaco vuou O machado cortou, cortou, cortou, cortou O suor escorreu, a madeira gemeu e o cavaco vuou",Gino e Geno,2017,32,https://www.letras.mus.br/gino-e-geno/o-cavaco-vuou/,-1
770,O Cavaco Vuou,musica770,musica770_trecho2,"Madeira gemeu, cavaco vuou A madeira gemeu e o cavaco vuou",Gino e Geno,2017,11,https://www.letras.mus.br/gino-e-geno/o-cavaco-vuou/,-1
770,O Cavaco Vuou,musica770,musica770_trecho6,"Convidei um amigo pra ir em uma pescaria lá no Pantanal De tanto medo da mulher, o coitado até ficou passando mal Preocupado com ele, eu pensei em uma solução pra evitar o perigo O amigo eu deixei em casa e levei a mulher para pescar comigo",Gino e Geno,2017,47,https://www.letras.mus.br/gino-e-geno/o-cavaco-vuou/,-1
770,O Cavaco Vuou,musica770,musica770_trecho11,"Madeira gemeu, cavaco vuou A madeira gemeu e o cavaco vuou Madeira gemeu, cavaco vuou A madeira gemeu e o cavaco vuou",Gino e Geno,2017,22,https://www.letras.mus.br/gino-e-geno/o-cavaco-vuou/,-1
479,O Céu Explica Tudo,musica479,musica479_trecho2,"Bastou uma noite, um beijo na boca Um: Fica comigo pra vida toda? Nós dois sem roupa olhando pro céu Imaginando a gente de terno e véu",Henrique & Juliano,2017,27,https://www.letras.mus.br/henrique-e-juliano/o-ceu-explica-tudo/,-1
479,O Céu Explica Tudo,musica479,musica479_trecho3,O céu explica tudo pros nossos corações As estrelas são as várias paixões que eu tive O céu explica tudo e o amor é feito a Lua Adivinha o quê que cê é no meu céu? Chuta: A Lua,Henrique & Juliano,2017,39,https://www.letras.mus.br/henrique-e-juliano/o-ceu-explica-tudo/,-1
269,O Defensor,musica269,musica269_trecho1,"Mais uma vez, ele te feriu É a última vez Que ele vai por a mão em você Te machucar, fazer sangrar Te humilhar, fazer chorar seu coração",Zezé Di Camargo & Luciano,2015,28,https://www.letras.mus.br/zeze-di-camargo-e-luciano/o-defensor/,-1
269,O Defensor,musica269,musica269_trecho2,"Não tenha medo, denuncie Deixa ele e vem morar comigo Deixa ele e vem morar comigo",Zezé Di Camargo & Luciano,2015,16,https://www.letras.mus.br/zeze-di-camargo-e-luciano/o-defensor/,-1
1054,Ô Linda,musica1054,musica1054_trecho4,"Se você fosse uma cidade, era ô Linda Se você fosse uma mineirinha, era um trenzão Se você fosse um amor, era o amor da minha vida Se me desse corda, eu era um violão",Diego e Victor Hugo,2025,35,https://www.letras.mus.br/diego-victor-hugo/o-linda/,-1
1054,Ô Linda,musica1054,musica1054_trecho10,"Se você fosse um amor, era o amor da minha vida Se me desse corda, eu era um violão",Diego e Victor Hugo,2025,19,https://www.letras.mus.br/diego-victor-hugo/o-linda/,-1
672,O Menino da Porteira,musica672,musica672_trecho5,Lá pras bandas de Ouro Fino levando gado selvagem Quando eu passo na porteira até vejo a sua imagem O seu rangido tão triste mais parece uma mensagem Daquele rosto trigueiro desejando-me boa viagem,Daniel,2009,34,https://www.letras.mus.br/daniel/1451336/,-1
245,O Meu Coração Em Suas Mãos (Colgando en tus manos) (part. Maiara e Maraisa),musica245,musica245_trecho4,Meu coração está em suas mãos Não me deixes cair Você sabe que estou Presa em suas mãos,Hugo & Guilherme,2024,18,https://www.letras.mus.br/hugo-guilherme/o-meu-coracao-em-suas-maos-part-maiara-e-maraisa/,-1
245,O Meu Coração Em Suas Mãos (Colgando en tus manos) (part. Maiara e Maraisa),musica245,musica245_trecho5,"Te envio poemas de meu punho e letra Te envio canções pra que você entenda Te envio minhas fotos pra que você me veja Não estamos juntos, mas tenho certeza Assim, eu espero que nunca se esqueça Que o meu coração está em suas mãos",Hugo & Guilherme,2024,45,https://www.letras.mus.br/hugo-guilherme/o-meu-coracao-em-suas-maos-part-maiara-e-maraisa/,-1
245,O Meu Coração Em Suas Mãos (Colgando en tus manos) (part. Maiara e Maraisa),musica245,musica245_trecho6,"Cuidado, cuidado, muito cuidado (cuidado) Que o meu coração está em suas mãos",Hugo & Guilherme,2024,13,https://www.letras.mus.br/hugo-guilherme/o-meu-coracao-em-suas-maos-part-maiara-e-maraisa/,-1
245,O Meu Coração Em Suas Mãos (Colgando en tus manos) (part. Maiara e Maraisa),musica245,musica245_trecho8,Não perco a esperança de encontrar contigo Não importa o que diga o destino Eu quero manter teu perfume comigo E viver um amor proibido,Hugo & Guilherme,2024,25,https://www.letras.mus.br/hugo-guilherme/o-meu-coracao-em-suas-maos-part-maiara-e-maraisa/,-1
245,O Meu Coração Em Suas Mãos (Colgando en tus manos) (part. Maiara e Maraisa),musica245,musica245_trecho9,Meu coração está em suas mãos (uh) Não me deixes cair Você sabe que estou Presa em suas mãos,Hugo & Guilherme,2024,19,https://www.letras.mus.br/hugo-guilherme/o-meu-coracao-em-suas-maos-part-maiara-e-maraisa/,-1
245,O Meu Coração Em Suas Mãos (Colgando en tus manos) (part. Maiara e Maraisa),musica245,musica245_trecho12,"Cuidado, cuidado, muito cuidado (oh) Que o meu coração está em suas mãos Está em suas mãos Que o meu coração está em suas mãos",Hugo & Guilherme,2024,25,https://www.letras.mus.br/hugo-guilherme/o-meu-coracao-em-suas-maos-part-maiara-e-maraisa/,-1
723,O Mundo É Tão Pequeno,musica723,musica723_trecho1,"Pode brincar Eu te conheço, sei jogar teu jogo Sei que você vai se queimar Sei que não aguenta fogo e vai quebrar a cara Quando me ver escapando entre seus dedos Ou dividindo os meus segredos com outra pessoa Hoje eu acordei gostando mais de mim Vou cair fora numa boa",Jorge & Mateus,2009,52,https://www.letras.mus.br/jorge-mateus/1446997/,-1
723,O Mundo É Tão Pequeno,musica723,musica723_trecho2,"Então fica assim A gente se encontra outra ocasião Na festa junina, festa de peão No bar da esquina O mundo é tão pequeno, afinal",Jorge & Mateus,2009,25,https://www.letras.mus.br/jorge-mateus/1446997/,-1
468,O Nosso Santo Bateu,musica468,musica468_trecho1,"Às vezes acho que devia te dizer mais vezes Que te amo e que te quero mais que qualquer coisa Por essa noite vem morar aqui, aqui, vem",Matheus & Kauan,2016,28,https://www.letras.mus.br/matheus-kauan/nosso-santo-bateu/,-1
468,O Nosso Santo Bateu,musica468,musica468_trecho3,"Dessa vida nada se leva E no fundo todo mundo espera Um amor que venha pra somar, pra completar Simbora",Matheus & Kauan,2016,20,https://www.letras.mus.br/matheus-kauan/nosso-santo-bateu/,-1
468,O Nosso Santo Bateu,musica468,musica468_trecho4,O nosso santo bateu O amor da sua vida sou eu Tudo que é meu hoje é seu E o fim nem precisa rimar,Matheus & Kauan,2016,24,https://www.letras.mus.br/matheus-kauan/nosso-santo-bateu/,-1
468,O Nosso Santo Bateu,musica468,musica468_trecho6,"E dessa vida nada se leva E no fundo todo mundo espera Um amor que venha pra somar, pra completar",Matheus & Kauan,2016,20,https://www.letras.mus.br/matheus-kauan/nosso-santo-bateu/,-1
468,O Nosso Santo Bateu,musica468,musica468_trecho8,"O nosso santo bateu, bateu O amor da sua vida sou eu, sou eu Tudo que é meu hoje é seu E o fim nem precisa rimar",Matheus & Kauan,2016,27,https://www.letras.mus.br/matheus-kauan/nosso-santo-bateu/,-1
656,O Que Cê Vai Fazer,musica656,musica656_trecho3,"As razões que me impedem de estar com você Vai além de te amar, vai além do querer Vai saber, vai saber",Fernando e Sorocaba,2013,22,https://www.letras.mus.br/fernando-sorocaba/o-que-ce-vai-fazer/,-1
656,O Que Cê Vai Fazer,musica656,musica656_trecho4,"Já não somos tão jovens pra enlouquecer Nem tão velhos pra ver nosso sonho morrer Vai saber, vai saber Não consegui te esquecer",Fernando e Sorocaba,2013,23,https://www.letras.mus.br/fernando-sorocaba/o-que-ce-vai-fazer/,-1
772,O Que Combina Comigo é Você,musica772,musica772_trecho1,O que combina com frio é cobertor O que combina com a noite é o luar Praia e mar só combinam com calor O que combina com festa é namorar,Zé Henrique & Gabriel,2010,30,https://www.letras.mus.br/ze-henrique-gabriel/1520525/,-1
772,O Que Combina Comigo é Você,musica772,musica772_trecho2,"O que combina com sede é água doce O que combina com riso é prazer Primavera combina com as flores O que combina comigo é você Você, você, você",Zé Henrique & Gabriel,2010,29,https://www.letras.mus.br/ze-henrique-gabriel/1520525/,-1
772,O Que Combina Comigo é Você,musica772,musica772_trecho3,"Todo anjo é cupido de alguém O anjo que te flechou me acertou também Uma flecha em dois corações Combinar como a gente combina Não tem ninguém Combinar como a gente combina, ninguém",Zé Henrique & Gabriel,2010,33,https://www.letras.mus.br/ze-henrique-gabriel/1520525/,-1
874,O Que É Amor Pra Você,musica874,musica874_trecho2,Nunca pensei que o fim seria assim tão perto Mas pra seguir sendo sincero Já esperei demais,Marília Mendonça,2015,17,https://www.letras.mus.br/marilia-mendonca/o-que-e-amor-pra-voce/,-1
874,O Que É Amor Pra Você,musica874,musica874_trecho12,Me diz o que é amor pra você,Marília Mendonça,2015,8,https://www.letras.mus.br/marilia-mendonca/o-que-e-amor-pra-voce/,-1
329,O Que É Que Tem?,musica329,musica329_trecho1,E pra deixar acontecer A pena tem que valer Tem que ser com você,Jorge & Mateus,2012,14,https://www.letras.mus.br/jorge-mateus/o-que-e-que-tem/,-1
329,O Que É Que Tem?,musica329,musica329_trecho2,"Nós, livres pra voar Nesse céu que hoje tá tão lindo Carregado de estrelas E a Lua tá cheia refletindo o seu rosto Dá um gosto de pensar Eu, você e o céu e a noite inteira pra amar",Jorge & Mateus,2012,39,https://www.letras.mus.br/jorge-mateus/o-que-e-que-tem/,-1
329,O Que É Que Tem?,musica329,musica329_trecho3,E quando o Sol chegar A gente ama de novo A gente liga pro povo Fala que tá namorando E casa semana que vem,Jorge & Mateus,2012,24,https://www.letras.mus.br/jorge-mateus/o-que-e-que-tem/,-1
329,O Que É Que Tem?,musica329,musica329_trecho6,"E nós, livres pra voar Nesse céu que hoje tá tão lindo Carregado de estrelas E a Lua tá cheia refletindo o seu rosto Dá um gosto de pensar Eu, você e o céu e a noite inteira pra amar",Jorge & Mateus,2012,40,https://www.letras.mus.br/jorge-mateus/o-que-e-que-tem/,-1
1355,O Que É Que Você Viu em Mim? (part. Hugo Del Vecchio),musica1355,musica1355_trecho1,"Estamos lado a lado nessa cama Só que hoje eu não vou querer dormir Dessa vez não deu dor de cabeça Desliguei o celular, que surpresa você por aqui",Marília Mendonça,2016,29,https://www.letras.mus.br/marilia-mendonca/o-que-e-que-voce-viu-em-mim/,-1
1355,O Que É Que Você Viu em Mim? (part. Hugo Del Vecchio),musica1355,musica1355_trecho3,"Vejo você perdoando as minhas mentiras Logo você, que teve o pior de mim Eu sei que errar é humano Mas me aceitar depois de tudo, é amor",Marília Mendonça,2016,28,https://www.letras.mus.br/marilia-mendonca/o-que-e-que-voce-viu-em-mim/,-1
1326,O Que Essa Moça Fez Aqui,musica1326,musica1326_trecho2,"Eu vivo no mato, só sei trabalhar Só lido com os bichos, não sei nem falar O que essa moça fez aqui? O que essa moça fez aqui?",João Carreiro & Capataz,2010,28,https://www.letras.mus.br/joao-carreiro-capataz/1979189/,-1
1326,O Que Essa Moça Fez Aqui,musica1326,musica1326_trecho3,"Ela é formada lá no exterior Tamanha beleza, parece uma flor E o que essa moça fez aqui? O que essa moça fez aqui?",João Carreiro & Capataz,2010,24,https://www.letras.mus.br/joao-carreiro-capataz/1979189/,-1
1326,O Que Essa Moça Fez Aqui,musica1326,musica1326_trecho4,"Remoendo saudade, ruminando dor Vivo sofrendo, esperando esse amor Fez um estrago no meu coração Bagunçou, bagunçou a vida desse peão Remoendo saudade, ruminando dor Vivo sofrendo, esperando esse amor Fez um estrago no meu coração E o que essa moça fez aqui? Bagunçou, bagunçou a vida desse peão",João Carreiro & Capataz,2010,49,https://www.letras.mus.br/joao-carreiro-capataz/1979189/,-1
1326,O Que Essa Moça Fez Aqui,musica1326,musica1326_trecho6,"Remoendo saudade, ruminando dor Vivo sofrendo, esperando esse amor Fez um estrago no meu coração E o que essa moça fez aqui?",João Carreiro & Capataz,2010,22,https://www.letras.mus.br/joao-carreiro-capataz/1979189/,-1
1326,O Que Essa Moça Fez Aqui,musica1326,musica1326_trecho7,E pra aumentar ainda mais a minha dor Já tá prometida pra um tal de doutor E o que essa moça fez aqui?,João Carreiro & Capataz,2010,23,https://www.letras.mus.br/joao-carreiro-capataz/1979189/,-1
1326,O Que Essa Moça Fez Aqui,musica1326,musica1326_trecho8,"Remoendo saudade, ruminando dor Vivo sofrendo, esperando esse amor Fez um estrago no meu coração Bagunçou, bagunçou a vida desse peão Remoendo saudade, ruminando dor Vivo sofrendo, esperando esse amor Fez um estrago no meu coração E o que essa moça fez aqui? E o que essa moça fez aqui? E o que essa moça fez aqui?",João Carreiro & Capataz,2010,57,https://www.letras.mus.br/joao-carreiro-capataz/1979189/,-1
213,O Que Falta Em Você Sou Eu,musica213,musica213_trecho1,Falando em saudade De novo eu acordei pensando em você Já faz um mês que não te vejo Trinta dias que eu acordo pensando em você,Marília Mendonça,2015,26,https://www.letras.mus.br/marilia-mendonca/o-que-falta-em-voce-sou-eu/,-1
213,O Que Falta Em Você Sou Eu,musica213,musica213_trecho2,Não sei se você está bem Se está gostando de outro alguém O corte do cabelo tá do mesmo jeito Aparentemente tudo igual,Marília Mendonça,2015,23,https://www.letras.mus.br/marilia-mendonca/o-que-falta-em-voce-sou-eu/,-1
213,O Que Falta Em Você Sou Eu,musica213,musica213_trecho3,Vi uma foto sua com aquela roupa Mas parecia que faltava alguma coisa Nos traços do sorriso deu pra perceber O que será que tá faltando em você?,Marília Mendonça,2015,28,https://www.letras.mus.br/marilia-mendonca/o-que-falta-em-voce-sou-eu/,-1
213,O Que Falta Em Você Sou Eu,musica213,musica213_trecho9,Falando em saudade Tá aqui comigo,Marília Mendonça,2015,6,https://www.letras.mus.br/marilia-mendonca/o-que-falta-em-voce-sou-eu/,-1
1304,O Que Os Olhos Não Veem,musica1304,musica1304_trecho3,"E o que os olhos não veem, o coração não sente Não posso te encarar assim tão de repente Eu começo a lembrar, vou me descontrolar Chorar na sua frente",Jorge & Mateus,2009,30,https://www.letras.mus.br/jorge-mateus/1447009/,-1
1304,O Que Os Olhos Não Veem,musica1304,musica1304_trecho4,E o que os olhos não veem o coração não sente Eu não vou conseguir fingir que estou contente Vou precisar de um tempo pra te esquecer Por isso estou ausente,Jorge & Mateus,2009,31,https://www.letras.mus.br/jorge-mateus/1447009/,-1
1220,O Tempo Não Apaga,musica1220,musica1220_trecho1,"Olhando o céu, lembrei Que tudo que vivemos não passou E pra dizer mais, pensei Que temos outra chance de fazer Nosso Sol brilhar em mim, em você",Victor & Leo,2013,28,https://www.letras.mus.br/victor-leo/o-tempo-nao-apaga/,-1
1503,Obrigado Deus,musica1503,musica1503_trecho1,"Já parou para pensar As coisas que vem planejando aonde Ele se encaixa E se agradece todo dia que sua vida passa Pois, pode ter certeza que Ele olha por você Já parou pra perceber",Henrique & Juliano,2015,35,https://www.letras.mus.br/henrique-e-juliano/obrigado-deus/,-1
1503,Obrigado Deus,musica1503,musica1503_trecho3,"Que você hoje tem saúde, tem a paz Felicidade que nem todos podem ter E tem um Deus ali em cima Que até chora quando vê você sofrer Que escolheu sacrificar o filho Dele só pra te deixar viver",Henrique & Juliano,2015,39,https://www.letras.mus.br/henrique-e-juliano/obrigado-deus/,-1
1371,Obrigado por Estragar Tudo,musica1371,musica1371_trecho1,Você fez tudo que eu pedi pra não fazer E conseguiu me perder logo pra você Sabia que não ia me escutar Que sorte a minha te ver errar,Marília Mendonça,2019,29,https://www.letras.mus.br/marilia-mendonca/obrigada-por-estragar-tudo/,-1
1371,Obrigado por Estragar Tudo,musica1371,musica1371_trecho3,"Tão dizendo por aí Que nunca se esquece um amor Vai com calma, espera aí O que foi mesmo que você falou?",Marília Mendonça,2019,22,https://www.letras.mus.br/marilia-mendonca/obrigada-por-estragar-tudo/,-1
1371,Obrigado por Estragar Tudo,musica1371,musica1371_trecho5,Você foi a melhor coisa que eu nunca tive Por pouco eu não me iludo Obrigada por estragar tudo,Marília Mendonça,2019,19,https://www.letras.mus.br/marilia-mendonca/obrigada-por-estragar-tudo/,-1
1274,"Oh, Mamãe",musica1274,musica1274_trecho1,"Oh, mamãe, pode deixar e não precisa preocupar Eu volto cedo, quando o dia clarear Sou responsável e já sei o que fazer, ê ê",Thiago Brava,2013,25,https://www.letras.mus.br/thiago-brava/oh-mamae/,-1
1274,"Oh, Mamãe",musica1274,musica1274_trecho2,"Oh mamãe, hoje a certeza absolut, você vai ver Sou comportado e não posso dar PT Amanhã cedo eu preciso trabalhar E nem precisa perguntar como é que eu vou",Thiago Brava,2013,30,https://www.letras.mus.br/thiago-brava/oh-mamae/,-1
837,Oi,musica837,musica837_trecho1,Entre ser só seu amigo e não ser nada Prefiro ser nada Onde é que eu vou guardar esse amor que tenho aqui? Me fala,Léo Magalhães,2017,25,https://www.letras.mus.br/leo-magalhaes/oi/,-1
837,Oi,musica837,musica837_trecho2,Como é que eu vou pegar na sua mão E não poder te levar pra casa? Ficar tão perto assim da sua boca E não poder beijá-la?,Léo Magalhães,2017,27,https://www.letras.mus.br/leo-magalhaes/oi/,-1
86,Oi Balde,musica86,musica86_trecho1,Sabe quando a gente termina um relacionamento E sente um alívio? Já passei por isso Sabe quando a gente mete o louco na cidade e sai moendo? Também já fiz isso e ainda tô fazendo,Zé Neto e Cristiano,2023,35,https://www.letras.mus.br/ze-neto-cristiano/oi-balde/,-1
86,Oi Balde,musica86,musica86_trecho2,"Eu já borrei batons pela cidade Mas nada apaga minha saudade Eu tento, mas não acho alguém do nível Só acho amor incompatível",Zé Neto e Cristiano,2023,23,https://www.letras.mus.br/ze-neto-cristiano/oi-balde/,-1
733,Oi Deus,musica733,musica733_trecho2,Hoje acordei de ressaca Vi tudo arrumado Me lembrei que a gente tinha combinado Ontem era o nosso quinto aniversário,Hugo & Guilherme,2022,20,https://www.letras.mus.br/hugo-guilherme/oi-deus/,-1
1467,Oitava Dose,musica1467,musica1467_trecho3,"Esperando a saudade sair do meu peito Ou alguém vir puxar a cadeira pra me consolar Mas tá demorando Eu já tô na sétima dose, pedindo a oitava sem gelo Pra ver se arranco um terço de você de mim",Matheus & Kauan,2017,40,https://www.letras.mus.br/matheus-kauan/oitava-dose/,-1
1467,Oitava Dose,musica1467,musica1467_trecho4,"E a parte de você que sobrar vai me acompanhar Eu vou deixando um pouco em cada mesa que eu sentar Cada dose que eu tomar, cada boca que eu beijar Pode demorar, mas",Matheus & Kauan,2017,34,https://www.letras.mus.br/matheus-kauan/oitava-dose/,-1
1467,Oitava Dose,musica1467,musica1467_trecho5,"E a parte de você que sobrar vai me acompanhar Eu vou deixando um pouco em cada mesa que eu sentar Cada dose que eu tomar, cada boca que eu beijar Pode demorar, mas ainda deixo de te amar",Matheus & Kauan,2017,39,https://www.letras.mus.br/matheus-kauan/oitava-dose/,-1
1514,Olhares Sinceros,musica1514,musica1514_trecho1,"E deixa a tristeza de lado Dê um abraço apertado na primeira pessoa Celebre o amor com quem tá do seu lado Faça o bem sem olhar a quem Simplesmente faça o bem, faça o bem, faça o bem",Jorge & Mateus,2018,39,https://www.letras.mus.br/jorge-mateus/amores-sinceros/,-1
1514,Olhares Sinceros,musica1514,musica1514_trecho2,Hoje eu só quero Sorrisos bobos Abraços longos Olhares sinceros,Jorge & Mateus,2018,10,https://www.letras.mus.br/jorge-mateus/amores-sinceros/,-1
1514,Olhares Sinceros,musica1514,musica1514_trecho7,Hoje eu só quero Sorrisos bobos Olhares sinceros,Jorge & Mateus,2018,8,https://www.letras.mus.br/jorge-mateus/amores-sinceros/,-1
1514,Olhares Sinceros,musica1514,musica1514_trecho8,"Ôo, ôo Abraços longos Olhares sinceros Ôo, ôo Abraços longos Olhares sinceros",Jorge & Mateus,2018,12,https://www.letras.mus.br/jorge-mateus/amores-sinceros/,-1
969,Onde Haja Sol,musica969,musica969_trecho3,Veja só Eu podia estar ao seu lado Mas não deu Eu não vou ficar aqui parado,Jorge & Mateus,2009,17,https://www.letras.mus.br/jorge-mateus/1423226/,-1
969,Onde Haja Sol,musica969,musica969_trecho4,"Tô indo pra onde haja sol Pois o meu coração é meu lar Se você quiser ir Pode vir, já guardei seu lugar",Jorge & Mateus,2009,23,https://www.letras.mus.br/jorge-mateus/1423226/,-1
969,Onde Haja Sol,musica969,musica969_trecho8,Tô indo pra onde haja sol Pois o meu coração é meu lar Se você quiser ir Pode vir já guardei seu lugar,Jorge & Mateus,2009,23,https://www.letras.mus.br/jorge-mateus/1423226/,-1
899,Onde Nasce o Sol,musica899,musica899_trecho2,Amanhã bem cedo Depois que o sol sorrir pro mundo Eu vou chorar do outro lado Sem ninguém Sem você,Bruninho e Davi,2014,20,https://www.letras.mus.br/bruninho-davi/onde-nasce-o-sol/,-1
899,Onde Nasce o Sol,musica899,musica899_trecho3,Já estou indo Embarco no próximo voo da meia noite Perfeito pra recomeçar Sem você Vou ver que esse amor Não era pra gente viver,Bruninho e Davi,2014,25,https://www.letras.mus.br/bruninho-davi/onde-nasce-o-sol/,-1
822,Online,musica822,musica822_trecho1,"Quatro horas da manhã Tá online há vinte minutos Tô hipnotizado aqui Esperando um movimento seu Se não jogar agora, você me perdeu",Henrique & Juliano,2020,23,https://www.letras.mus.br/henrique-e-juliano/online/,-1
822,Online,musica822,musica822_trecho4,"Aí, se me manda um sorriso Já era todo meu juízo E a conversa termina Na minha cama ou na sua",Henrique & Juliano,2020,21,https://www.letras.mus.br/henrique-e-juliano/online/,-1
1155,Os 10 Mandamentos do Amor,musica1155,musica1155_trecho2,"Primeiro, tudo começa com a paquera O seu olhar bem dentro do olhar dela E com jeitinho lhe tire para dançar Dance macio pra ela se aconchegar Segundo, um papo para derrubar avião Suavemente já pegando sua mão",Eduardo Costa,2013,38,https://www.letras.mus.br/eduardo-costa/os-10-mandamentos-do-amor/,-1
1155,Os 10 Mandamentos do Amor,musica1155,musica1155_trecho4,"Preste atenção agora ao sexto mandamento Ela não vai te esquecer um só momento Repita a dose se sentir que ela gostou Na hora h, lhe chame de meu amor",Eduardo Costa,2013,30,https://www.letras.mus.br/eduardo-costa/os-10-mandamentos-do-amor/,-1
1155,Os 10 Mandamentos do Amor,musica1155,musica1155_trecho5,"Sétimo toque é lhe falar de paixão Falar somente das coisas do coração Oitavo mandamento, diz para jurar Lhe ser fiel até a morte lhe levar No nono você diz que vai voltar Diz que amanhã vai telefonar E o décimo Deixa ela esperar",Eduardo Costa,2013,44,https://www.letras.mus.br/eduardo-costa/os-10-mandamentos-do-amor/,-1
97,Os Anjos Cantam,musica97,musica97_trecho3,"É que você nasceu pra ser minha Vamos dividir uma casinha Uma cama, dormir de conchinha Deus abençoou a nossa união",Jorge & Mateus,2015,21,https://www.letras.mus.br/jorge-mateus/os-anjos-cantam-nosso-amor/,-1
1433,Os Dias Vão,musica1433,musica1433_trecho2,Os dias vão E é só saudade de você no coração O telefone que não sai da minha mão Eu conto as horas pra você voltar pra mim Vou te amar Não importa o quanto eu tenha que esperar Deixei a porta aberta para você entrar de novo aqui No meu coração,Maria Cecília e Rodolfo,2010,52,https://www.letras.mus.br/maria-cecilia-rodolfo/1640522/,-1
1297,Ou Some Ou Soma,musica1297,musica1297_trecho1,"Me diz o que você quer de mim Fala que tá sentindo saudade Que me ama, mas não é verdade",Jorge & Mateus,2016,20,https://www.letras.mus.br/jorge-mateus/ou-soma-ou-some/,-1
1297,Ou Some Ou Soma,musica1297,musica1297_trecho2,"Quando eu olho, você já sumiu Meu mundo desaba e a ficha caiu Tô sozinho chorando, sofrendo, por sua ausência",Jorge & Mateus,2016,20,https://www.letras.mus.br/jorge-mateus/ou-soma-ou-some/,-1
1297,Ou Some Ou Soma,musica1297,musica1297_trecho3,"De repente, você aparece e o coração não obedece Se é pra sofrer, não quero te ver Sai da minha vida e vê se me esquece",Jorge & Mateus,2016,26,https://www.letras.mus.br/jorge-mateus/ou-soma-ou-some/,-1
1297,Ou Some Ou Soma,musica1297,musica1297_trecho4,"Ou some ou soma, deixe de drama Eu já tô cansado de arriscar E quando eu começo a gostar",Jorge & Mateus,2016,19,https://www.letras.mus.br/jorge-mateus/ou-soma-ou-some/,-1
1297,Ou Some Ou Soma,musica1297,musica1297_trecho5,"Aí você some, nem lembra o meu nome Depois volta querendo somar Desculpe, desse jeito assim não dá Pra amar, pra amar, pra amar",Jorge & Mateus,2016,24,https://www.letras.mus.br/jorge-mateus/ou-soma-ou-some/,-1
1297,Ou Some Ou Soma,musica1297,musica1297_trecho10,"Aí você some, nem lembra o meu nome Depois volta querendo somar Desculpe, desse jeito assim não dá",Jorge & Mateus,2016,18,https://www.letras.mus.br/jorge-mateus/ou-soma-ou-some/,-1
106,Outro Personagem,musica106,musica106_trecho3,"Não vou poder matar sua saudade mais Meu hoje me impede de voltar atrás Você foi uma fase boa, mas passou Você quer o que eu era, e aquele eu mudou Meus filhos tão dormindo aqui Imagina essa imagem Eu te desejo isso, mas com outro personagem Não me manda mais mensagem",Henrique & Juliano,2025,52,https://www.letras.mus.br/henrique-e-juliano/outro-personagem/,-1
106,Outro Personagem,musica106,musica106_trecho5,"Não vou poder matar sua saudade mais Meu hoje me impede de voltar atrás Você foi uma fase boa, mas passou Você quer o que eu era, e aquele eu mudou Meus filhos tão dormindo aqui Imagina essa imagem Eu te desejo isso, mas com outro personagem",Henrique & Juliano,2025,47,https://www.letras.mus.br/henrique-e-juliano/outro-personagem/,-1
1344,Pac Man,musica1344,musica1344_trecho1,Agora cê me atende Responde minhas mensagens Diz que tá sozinha e tá morrendo de saudade Antes de ficar comigo nunca me deu moral Agora tô bombando e com a pegada elas passam mal,Lucas Lucco,2013,34,https://www.letras.mus.br/lucas-lucco/pac-man/,-1
866,Palácios e Castelos,musica866,musica866_trecho4,"Se tá com dor, eu sou doutor Tá com frio, eu sou calor Mando flores, dou beijinho em sua mão Se quer brincar de se esconder No escurinho eu e você É só pedir com o coração",Luan Santana,2011,37,https://www.letras.mus.br/luan-santana/1779426/,-1
511,Palavras de Perdão,musica511,musica511_trecho3,"Mesmo sabendo que eu tava bloqueada Digitei essas palavras de perdão com eu te amo Do nada, mensagem visualizada E gelei quando eu vi um digitando e recebi um",Marília Tavares,2024,29,https://www.letras.mus.br/marilia-tavares/palavras-de-perdao/,-1
998,Palhaça (part. Ana Castela),musica998,musica998_trecho4,"E tem eu, a emocionada Que planeja a vida na primeira cantada Que sente saudade de uma ficada Iludida não Palhaça",Naiara Azevedo,2023,21,https://www.letras.mus.br/naiara-azevedo/palhaca-part-ana-castela/,-1
998,Palhaça (part. Ana Castela),musica998,musica998_trecho5,"Eu, a emocionada Que planeja a vida na primeira cantada Que sente saudade de uma ficada Iludida não Palhaça",Naiara Azevedo,2023,19,https://www.letras.mus.br/naiara-azevedo/palhaca-part-ana-castela/,-1
1218,Pantera Cor-de-rosa,musica1218,musica1218_trecho1,"Toda produzida, jeitinho de santinha Ela saiu de casa doida pra perder a linha Me chama pra dançar, eu não tô aguentando Ela tá provocando o Munhoz e o Mariano",Munhoz & Mariano,2014,30,https://www.letras.mus.br/munhoz-mariano/pantera-cor-de-rosa/,-1
1218,Pantera Cor-de-rosa,musica1218,musica1218_trecho3,Pada pada pada pada Pada pada pada pada Pra dar o que falar,Munhoz & Mariano,2014,13,https://www.letras.mus.br/munhoz-mariano/pantera-cor-de-rosa/,-1
988,Par De Olhos,musica988,musica988_trecho2,"Hoje, a minha saudade é que sai carregada E a mágoa, no fundo do copo, eu vou afogar",Lauana Prado,2025,18,https://www.letras.mus.br/lauana-prado/par-de-olhos/,-1
671,PARECE,musica671,musica671_trecho3,"Cê parece o amor da minha vida, mas não é De longe, copo de Coca também parece café O álcool parece água, o açúcar parece sal O que parece que faz bem pode fazer mal Cê parece o amor da minha vida, mas não é De longe, copo de Coca também parece café O álcool parece água, o açúcar parece sal A gente parece de tudo, só não parece um casal Só não parece um casal",Luan Santana,2024,76,https://www.letras.mus.br/luan-santana/parece/,-1
671,PARECE,musica671,musica671_trecho6,"Cê parece o amor da minha vida, mas não é",Luan Santana,2024,10,https://www.letras.mus.br/luan-santana/parece/,-1
1242,Parece Namoro,musica1242,musica1242_trecho1,"Você sempre vem, você sempre volta É um vai e vem que não sai de órbita Me acostumei, nem tranco a porta Eita vida torta, não sai de moda",Marília Mendonça,2018,29,https://www.letras.mus.br/marilia-mendonca/parece-namoro/,-1
1279,Parece Piada,musica1279,musica1279_trecho3,"Longe um do outro o coração pede socorro E a boca pede o gosto da noite passada A gente não se assume, não Mas também não se larga, não Num dia dá pause, no outro dá play E parece piada",Henrique & Juliano,2015,40,https://www.letras.mus.br/henrique-e-juliano/parece-piada/,-1
1279,Parece Piada,musica1279,musica1279_trecho4,"Longe um do outro, coração pede socorro E a boca pede o gosto da noite passada A gente não se assume, não Mas também não se larga, não Num dia dá pause, no outro dá play E parece piada Só dando risada de nós dois",Henrique & Juliano,2015,45,https://www.letras.mus.br/henrique-e-juliano/parece-piada/,-1
876,Paredes,musica876,musica876_trecho3,"Ah, se essas paredes não falassem Ah, se o travesseiro não contasse Todas as noites de amor Que eu vivi com você",Jorge & Mateus,2016,22,https://www.letras.mus.br/jorge-mateus/paredes/,-1
756,Pássaro Noturno,musica756,musica756_trecho2,"Sou pássaro noturno, quer ser meu par? Procuro entender por que, iê Eu, sem você, já não durmo, nem sei voar Sonhar, viver, ê",Simone & Simaria,2014,24,https://www.letras.mus.br/simone-simaria-as-coleguinhas/passaro-noturno/,-1
756,Pássaro Noturno,musica756,musica756_trecho6,"Que eu, eu Sou pássaro noturno, quer ser meu par? Procuro entender por que, iê Eu, sem você, já não durmo, nem sei voar (Sonhar) sonhar, viver, ê",Simone & Simaria,2014,28,https://www.letras.mus.br/simone-simaria-as-coleguinhas/passaro-noturno/,-1
745,Pátio do Posto,musica745,musica745_trecho4,Me dá um beijo rápido e me fala: Adeus E sai da minha vida cantando pneu,Zé Neto e Cristiano,2023,16,https://www.letras.mus.br/ze-neto-cristiano/patio-do-posto/,-1
965,Pecado de Amor,musica965,musica965_trecho1,"Me deixe aqui com a cabeça cheia de problemas Vou me resolver Sou complicada, louca, inconsequente Meus defeitos você finge que não vê Por me ver chorar Por me ver sofrer",Fátima Leão,2012,31,https://www.letras.mus.br/fatima-leao/1726286/,-1
965,Pecado de Amor,musica965,musica965_trecho3,Não vou brincar de amar Eu vou deixar para lá Vou esquecer de tudo É bem melhor que eu vá do que te ver chorar Pra mim é um absurdo Pra que se machucar pedindo pra juntar Esse amor em pedaços Se Deus não escreveu assim?,Fátima Leão,2012,46,https://www.letras.mus.br/fatima-leao/1726286/,-1
477,Pedras,musica477,musica477_trecho2,"E lá fora a chuva Vai molhar seu rosto Desmanchar os seus cabelos Madrugada, vento frio Vai ser outro pesadelo Quando você se olhar E se encontrar sem mim",Zezé Di Camargo,2022,29,https://www.letras.mus.br/zeze-di-camargo/pedras/,-1
477,Pedras,musica477,musica477_trecho3,Se a gente fica longe um do outro Vai pintar tanta saudade Feito quanto apaga a luz E o escuro da cidade Faz a gente tropeçar Nas pedras que estão pelas ruas,Zezé Di Camargo,2022,32,https://www.letras.mus.br/zeze-di-camargo/pedras/,-1
1225,Pega Eu,musica1225,musica1225_trecho5,Fala que não quer Mas não tem vergonha na cara É só te esnobar Que o meu telefone não para,Fernando e Sorocaba,2012,20,https://www.letras.mus.br/fernando-sorocaba/1917423/,-1
1225,Pega Eu,musica1225,musica1225_trecho9,Eu acho que saquei Porque me trata assim Me vejo em você E você se vê em mim,Fernando e Sorocaba,2012,18,https://www.letras.mus.br/fernando-sorocaba/1917423/,-1
1225,Pega Eu,musica1225,musica1225_trecho28,Porque também te quero Eu assumo pra você Toda vez que você chama Eu vou correndo pra te ver,Fernando e Sorocaba,2012,19,https://www.letras.mus.br/fernando-sorocaba/1917423/,-1
1385,Pegada Que Desgrama,musica1385,musica1385_trecho3,"Um beijo gostoso que prende Seu jeito na cama me rende Um olhar safado que chama E uma pegada que desgrama Me diz, como é que não te ama?",Naiara Azevedo,2017,29,https://www.letras.mus.br/naiara-azevedo/pegada-que-desgrama/,-1
958,Pelo Bem da Minha Saudade,musica958,musica958_trecho3,O vestido encurtou um pouco Um perfume doce no pescoço Lá tá indo ela Lá tá indo ela,Gusttavo Lima,2025,18,https://www.letras.mus.br/gusttavo-lima/pelo-bem-da-minha-saudade/,-1
958,Pelo Bem da Minha Saudade,musica958,musica958_trecho6,"Se eu pudesse tirava da sua mente essa vontade De sair pra rua, de ser novidade De me esquecer Pelo bem da minha saudade",Gusttavo Lima,2025,24,https://www.letras.mus.br/gusttavo-lima/pelo-bem-da-minha-saudade/,-1
1186,Pense Em Mim (part. Lucas e Luan),musica1186,musica1186_trecho2,"Porque parece que na hora eu não vou aguentar Se eu sempre tive força e nunca parei de lutar? Como num filme, no final tudo vai dar certo Quem foi que disse que pra tá junto precisa tá perto?",Jorge & Mateus,2012,39,https://www.letras.mus.br/jorge-mateus/1602117/,-1
1186,Pense Em Mim (part. Lucas e Luan),musica1186,musica1186_trecho5,"O tempo que passamos juntos vai ficar pra sempre Intimidades, brincadeiras, só a gente entende Pra quem fala que namorar é perder tempo, eu digo Há muito tempo eu não cresci o que eu cresci contigo",Jorge & Mateus,2012,36,https://www.letras.mus.br/jorge-mateus/1602117/,-1
1362,Perdeu,musica1362,musica1362_trecho1,"Perdeu perdeu, sua chance passou e o amor acabou E eu não sou mais teu, perdeu Pára de chorar e ocupe o lugar que você escolheu Perdeu, perdeu, perdeu, perdeu",Thaeme e Thiago,2011,30,https://www.letras.mus.br/thaeme-thiago/1847734/,-1
1362,Perdeu,musica1362,musica1362_trecho2,"Quem tanto te amava e estava sempre ao seu dispor Te valorizava, mas você nunca me deu valor Perdeu, perdeu, perdeu, perdeu Não tem apelação, reclamação Seu caso foi julgado E o seu coração está condenado a viver sem o meu Perdeu, perdeu, perdeu, perdeu",Thaeme e Thiago,2011,45,https://www.letras.mus.br/thaeme-thiago/1847734/,-1
1362,Perdeu,musica1362,musica1362_trecho3,"Sua chance passou e o amor acabou E eu não sou mais teu, perdeu Pára de chorar e ocupe o lugar que você escolheu",Thaeme e Thiago,2011,24,https://www.letras.mus.br/thaeme-thiago/1847734/,-1
1362,Perdeu,musica1362,musica1362_trecho4,"Sua chance passou e o amor acabou E eu não sou mais teu, perdeu Pára de chorar e ocupe o lugar que você escolheu Perdeu Quem tanto te amava e estava sempre ao seu dispor Te valorizava, mas você nunca me deu valor Perdeu, perdeu, perdeu, perdeu Não tem apelação, reclamação Seu caso foi julgado E o seu coração está condenado a viver sem o meu Perdeu, perdeu, perdeu, perdeu",Thaeme e Thiago,2011,70,https://www.letras.mus.br/thaeme-thiago/1847734/,-1
1362,Perdeu,musica1362,musica1362_trecho6,"Sua chance passou e o amor acabou E eu não sou mais teu, perdeu Pára de chorar e ocupe o lugar que você escolheu Sua chance passou e o amor acabou E eu não sou mais teu, perdeu Pára de chorar e ocupe o lugar que você escolheu",Thaeme e Thiago,2011,48,https://www.letras.mus.br/thaeme-thiago/1847734/,-1
1546,Perdeu o Cara Errado,musica1546,musica1546_trecho1,Nesses dias chuvosos de frio É aí que o vazio da tua ausência aumenta mais E o silêncio desse telefone tá me deixando doente Será que você também sente? Não há ser humano que aguente,Cristiano Araújo,2014,35,https://www.letras.mus.br/cristiano-araujo/perdeu-o-cara-errado/,-1
1546,Perdeu o Cara Errado,musica1546,musica1546_trecho2,"Tanta solidão vai acabar com a minha raça Não há nada que eu faça pra evitar o pranto Já vi que só tá começando Se hoje já bebi, já sofri mais uma vez Imagina daqui um mês, daqui um mês",Cristiano Araújo,2014,40,https://www.letras.mus.br/cristiano-araujo/perdeu-o-cara-errado/,-1
1546,Perdeu o Cara Errado,musica1546,musica1546_trecho4,"Tanta solidão vai acabar com a minha raça Não há nada que eu faça pra evitar o pranto Já vi que só tá começando Se hoje eu já bebi, já sofri mais uma vez Imagina daqui um mês, daqui um mês",Cristiano Araújo,2014,41,https://www.letras.mus.br/cristiano-araujo/perdeu-o-cara-errado/,-1
1582,Perdoa Amor,musica1582,musica1582_trecho1,De todas as loucuras que fiz na minha vida A maior foi deixar você Você bem que avisou O bobo aqui ficou sozinho querendo te ver Você se foi Já faz muito tempo que eu estou sofrendo Ainda continuo te querendo E essa vontade de você aumenta mais e mais a cada dia Coração que chora dor que não melhora Solidão castiga o peito toda hora E a minha consciência me faz ver que eu errei Naquele dia,Marcos & Belutti,2009,78,https://www.letras.mus.br/marcos-belutti/1504018/,-1
1582,Perdoa Amor,musica1582,musica1582_trecho2,Perdoa amor! Perdoa amor! Perdoa e volta pra mim Perdoa amor! Perdoa amor! Não dá mais pra viver assim Perdoa amor! Perdoa amor! Perdoa e volta pra mim Perdoa amor! Perdoa amor! Não dá mais pra viver assim,Marcos & Belutti,2009,38,https://www.letras.mus.br/marcos-belutti/1504018/,-1
1582,Perdoa Amor,musica1582,musica1582_trecho3,Você se foi Já faz muito tempo que eu estou sofrendo Ainda continuo te querendo E essa vontade de você aumenta mais e mais a cada dia Coração que chora dor que não melhora Solidão castiga o peito toda hora E a minha consciência me faz ver que eu errei Naquele dia,Marcos & Belutti,2009,52,https://www.letras.mus.br/marcos-belutti/1504018/,-1
1582,Perdoa Amor,musica1582,musica1582_trecho5,Perdoa amor! Perdoa amor! Perdoa e volta pra mim Perdoa amor! Perdoa amor! Não dá mais pra viver assim,Marcos & Belutti,2009,19,https://www.letras.mus.br/marcos-belutti/1504018/,-1
1549,Perfeitinha,musica1549,musica1549_trecho2,"Ela tem um brilho que brilha mais que brilhante Uma joia rara, ela é tipo diamante E adivinha só",Enzo Rabelo,2020,19,https://www.letras.mus.br/enzo-rabelo/perfeitinha/,-1
1549,Perfeitinha,musica1549,musica1549_trecho3,"Ela é toda, toda, toda perfeitinha E o melhor é que ela é toda, toda minha Ela é toda, toda, toda perfeitinha Dá vontade de guardar numa caixinha",Enzo Rabelo,2020,28,https://www.letras.mus.br/enzo-rabelo/perfeitinha/,-1
1549,Perfeitinha,musica1549,musica1549_trecho4,"Ela é toda, toda, toda perfeitinha E o melhor é que ela é toda, toda minha Ela é toda, toda, toda perfeitinha Dá vontade de guardar numa caixinha Pra ninguém roubar",Enzo Rabelo,2020,31,https://www.letras.mus.br/enzo-rabelo/perfeitinha/,-1
1301,Perto de Mim,musica1301,musica1301_trecho1,Aonde você quer chegar Se eu tô bem aqui Aonde você não está Não preciso ir E quando eu não te encontrar E quando eu não te encontrar Eu vou te sentir,Thaeme e Thiago,2013,32,https://www.letras.mus.br/thaeme-thiago/perto-de-mim/,-1
1301,Perto de Mim,musica1301,musica1301_trecho3,Meu corpo tá arrepiado Há meia hora eu tô chorando Eu vejo o vulto dos seus passos Acho que tô delirando Tô sentindo que você tá perto de mim,Thaeme e Thiago,2013,29,https://www.letras.mus.br/thaeme-thiago/perto-de-mim/,-1
219,Perto de Você,musica219,musica219_trecho3,E é melhor aguentar seus gritos Do que me afastar e nunca mais voltar O que eu acho impossível Mas e se a porta fechar e não se abrir mais?,Marília Mendonça,2017,30,https://www.letras.mus.br/marilia-mendonca/perto-de-voce/,-1
219,Perto de Você,musica219,musica219_trecho4,É melhor aguentar seus gritos Do que me afastar e nunca mais voltar O que eu acho impossível Mas e se a porta fechar e não se abrir mais?,Marília Mendonça,2017,29,https://www.letras.mus.br/marilia-mendonca/perto-de-voce/,-1
219,Perto de Você,musica219,musica219_trecho8,E nunca mais voltar O que eu acho impossível Mas e se a porta fechar e não se abrir mais?,Marília Mendonça,2017,20,https://www.letras.mus.br/marilia-mendonca/perto-de-voce/,-1
347,Pior Parte,musica347,musica347_trecho2,"Você poderia estar bem melhor No melhor bar que essa cidade tem E meio por acaso conhecer alguém Mas não, vou te prender mais não",Simone Mendes,2023,25,https://www.letras.mus.br/simone-mendes/pior-parte/,-1
347,Pior Parte,musica347,musica347_trecho3,O erro não tá em você Eu que ainda sou de outra pessoa A falha desse relacionamento Foi eu ser de outra,Simone Mendes,2023,22,https://www.letras.mus.br/simone-mendes/pior-parte/,-1
719,Pipoco (part. Melody e Dj Chris No Beat),musica719,musica719_trecho7,"Meu beijo vai te viciar Minha pegada vai fazer você gamar Debaixo do meu chapéu não vai mais sair Eu sou o combo perfeito pra iludir, yeah",Ana Castela,2024,27,https://www.letras.mus.br/ana-castela/pipoco-part-melody-e-dj-chris-no-beat/,-1
719,Pipoco (part. Melody e Dj Chris No Beat),musica719,musica719_trecho8,"Meu beijo vai te viciar Minha pegada vai fazer você gamar Debaixo do meu chapéu não vai mais sair Eu sou o combo perfeito pra iludir, yeah, yeah",Ana Castela,2024,28,https://www.letras.mus.br/ana-castela/pipoco-part-melody-e-dj-chris-no-beat/,-1
719,Pipoco (part. Melody e Dj Chris No Beat),musica719,musica719_trecho15,"Meu beijo vai te viciar A minha pegada vai fazer você gamar Debaixo do meu chapéu não vai mais sair Eu sou o combo perfeito pra iludir, yeah",Ana Castela,2024,28,https://www.letras.mus.br/ana-castela/pipoco-part-melody-e-dj-chris-no-beat/,-1
719,Pipoco (part. Melody e Dj Chris No Beat),musica719,musica719_trecho17,Meu beijo vai te viciar Minha pegada vai fazer você gamar Debaixo do meu chapéu não vai mais sair Eu sou o combo perfeito pra iludir (Chris No Beat),Ana Castela,2024,29,https://www.letras.mus.br/ana-castela/pipoco-part-melody-e-dj-chris-no-beat/,-1
1280,Pirraça,musica1280,musica1280_trecho3,"Não vou mais chorar, como chorei Nem me lembrar que um dia te amei Bye bye tristeza, adeus solidão Vou fazer pirraça pro seu coração",Jorge & Mateus,2012,25,https://www.letras.mus.br/jorge-mateus/1198518/,-1
748,Pitoco,musica748,musica748_trecho3,"Liguei pra lá, Pitoco atendeu Tem alguém aí? (Au, au, au) ele respondeu É algum marmanjo? (Au, au, au) assim confirmou Ele tá na sala? (Au, au) Pitoco negou Ele tá no quarto? (Au, au, au) assim confirmou Faz tempo? Au (Pitoco uivou) Que que eles tão fazendo Pitoco? Pitoco fungou, a casa caiu É mais um caso que acontece no Brasil",Teodoro e Sampaio,2009,62,https://www.letras.mus.br/teodoro-e-sampaio/1529400/,-1
748,Pitoco,musica748,musica748_trecho5,"Liguei pra lá, Pitoco atendeu Tem alguém aí? (Au, au, au) ele respondeu É algum marmanjo? (Au, au, au) assim confirmou Ele tá na sala? (Au, au) Pitoco negou Ele tá no quarto? (Au, au, au) assim confirmou Faz tempo? (Au) Pitoco uivou Que que eles tão fazendo Pitoco? Pitoco fungou, a casa caiu É mais um caso que acontece no Brasil",Teodoro e Sampaio,2009,62,https://www.letras.mus.br/teodoro-e-sampaio/1529400/,-1
1296,Plano B,musica1296,musica1296_trecho1,Meu plano sempre foi ter Um relacionamento sério com você E conquistar seu coração Te levar lá em casa Te apresentar para os meus pais Tomar sorvete e dar a mão Coisa da imaginação Você não tá querendo se amarrar Só tá afim de curtição Ainda bem que eu tenho o plano A e o plano B O plano C nunca existiu Não vou chorar por você,Lucas Lucco,2013,67,https://www.letras.mus.br/lucas-lucco/plano-b/,-1
1296,Plano B,musica1296,musica1296_trecho3,"Eu vou, eu vou Eu vou tentar o plano B Beber até te esquecer Eu vou, eu vou Eu vou tentar o plano B Beber até te esquecer",Lucas Lucco,2013,28,https://www.letras.mus.br/lucas-lucco/plano-b/,-1
902,Planos Impossíveis,musica902,musica902_trecho3,Eu poderia escrever mil canções só pra você Poderia te falar meus motivos pra gostar tanto de você Me diz quando a gente vai se ver Pra eu poder te abraçar E tentar te explicar a falta que você me faz Eu não aguento mais ficar tão longe de você!,Jads e Jadson,2013,50,https://www.letras.mus.br/jads-e-jadson/planos-impossiveis/,-1
902,Planos Impossíveis,musica902,musica902_trecho4,"Você me diz que não tá bem Que não para de pensar em mim também Agora antes de dormir Por um segundo, eu consigo até sorrir Por que essa complicação? Distância é o fim pra quem tem coração!",Jads e Jadson,2013,38,https://www.letras.mus.br/jads-e-jadson/planos-impossiveis/,-1
902,Planos Impossíveis,musica902,musica902_trecho6,Eu poderia escrever mil canções só pra você Poderia te falar meus motivos pra gostar tanto de você Me diz quando a gente vai se ver Pra eu poder te abraçar E tentar te explicar a falta que você me faz Eu não aguento mais ficar tão longe de você,Jads e Jadson,2013,50,https://www.letras.mus.br/jads-e-jadson/planos-impossiveis/,-1
902,Planos Impossíveis,musica902,musica902_trecho7,E eu nem sei se algum dia eu já me senti assim Eu nem me lembro de querer alguém Como eu quero você pra mim E é por isso que eu vou te dizer,Jads e Jadson,2013,34,https://www.letras.mus.br/jads-e-jadson/planos-impossiveis/,-1
596,Ponto Final,musica596,musica596_trecho1,"Olha, quero te dizer, que precisamos conversar, antes que",Di Paullo e Paulino,2011,9,https://www.letras.mus.br/di-paulo-e-paulino/ponto-final/,-1
596,Ponto Final,musica596,musica596_trecho2,"Antes que alguém lhe conte a verdade, eu mesmo abro o jogo Faz muito tempo que eu não quero nada do que você quer O que eu sentia por você na fase que nós começamos Agora eu sinto dez vezes mais forte por outra mulher",Di Paullo e Paulino,2011,45,https://www.letras.mus.br/di-paulo-e-paulino/ponto-final/,-1
596,Ponto Final,musica596,musica596_trecho3,"Eu não consigo fazê-la feliz, infeliz assim Você me toca, mas o que lhe toca já não toca em mim Eu conto às vezes que fui contar tudo e desisti na hora Tomei coragem de perder o medo e provar que não minto Estou sentindo que as pessoas sentem que eu não sinto nada Eu sinto muito, mas infelizmente amor, eu não sinto Vivo cansado de inventar desculpas que estou cansado Eu estou certo que nada dá certo começando errado",Di Paullo e Paulino,2011,80,https://www.letras.mus.br/di-paulo-e-paulino/ponto-final/,-1
226,Ponto G,musica226,musica226_trecho1,Meu ex amor se não for pedir muito Dê-me outra chance pela última vez Ouça os apelos de quem canta e chora Porque seu ex agora não quer ser mais ex,Edy Britto & Samuel,2014,31,https://www.letras.mus.br/edy-brito-e-samuel/ponto-g/,-1
226,Ponto G,musica226,musica226_trecho3,E até duvido que segunda-feira Você ainda queira dormir em outros braços,Edy Britto & Samuel,2014,12,https://www.letras.mus.br/edy-brito-e-samuel/ponto-g/,-1
226,Ponto G,musica226,musica226_trecho4,Como um geólogo do seu coração Deixe que eu deixo o seu corpo sem véu Me ponha solto num quarto trancado Que eu faço um pecado que nos leva ao céu,Edy Britto & Samuel,2014,31,https://www.letras.mus.br/edy-brito-e-samuel/ponto-g/,-1
226,Ponto G,musica226,musica226_trecho7,"Sinta meu gosto, se aqueça em meu corpo Receba o título de minha mulher Tornar possível o quase impossível Só será possível se você quiser",Edy Britto & Samuel,2014,25,https://www.letras.mus.br/edy-brito-e-samuel/ponto-g/,-1
226,Ponto G,musica226,musica226_trecho9,Eu sei de muito e se eu fizer com calma Até sua alma fica apaixonada,Edy Britto & Samuel,2014,15,https://www.letras.mus.br/edy-brito-e-samuel/ponto-g/,-1
805,Por Nossos Filhos,musica805,musica805_trecho2,"Duas almas, um sentimento Dois sobrenomes, um juramento Não se juntariam em um nome só E te esquecer seria o melhor",Zé Neto e Cristiano,2017,21,https://www.letras.mus.br/ze-neto-cristiano/por-nossos-filhos/,-1
805,Por Nossos Filhos,musica805,musica805_trecho3,E finalmente no altar Pedindo a Deus pra abençoar As alianças que seriam nossas Os nossos filhos é que vão usar,Zé Neto e Cristiano,2017,21,https://www.letras.mus.br/ze-neto-cristiano/por-nossos-filhos/,-1
805,Por Nossos Filhos,musica805,musica805_trecho4,E olha a gente aqui agora A sua filha é minha nora Não adianta ir contra o destino De novo a vida está nos unindo,Zé Neto e Cristiano,2017,25,https://www.letras.mus.br/ze-neto-cristiano/por-nossos-filhos/,-1
1164,Por Quê?,musica1164,musica1164_trecho1,"Eu acho que eu estou gostando de você Mas você não percebe, por quê?",Jorge & Mateus,2012,14,https://www.letras.mus.br/jorge-mateus/porque/,-1
1164,Por Quê?,musica1164,musica1164_trecho8,"Mas você não percebe, por quê? Invente uma história Me diz qualquer coisa Mas fala comigo",Jorge & Mateus,2012,16,https://www.letras.mus.br/jorge-mateus/porque/,-1
792,Pra Não Lembrar De Mim (part. Zezé Di Camargo & Luciano),musica792,musica792_trecho1,Pra não lembrar de mim Você precisa ter coragem de apagar A metade da sua vida,Guilherme & Santiago,2025,16,https://www.letras.mus.br/guilherme-e-santiago/pra-nao-lembrar-de-mim-part-zeze-di-camargo-e-luciano/,-1
792,Pra Não Lembrar De Mim (part. Zezé Di Camargo & Luciano),musica792,musica792_trecho2,Pra não lembrar de mim Eu recomendo Que não beije outra boca Pelo menos por um tempo,Guilherme & Santiago,2025,17,https://www.letras.mus.br/guilherme-e-santiago/pra-nao-lembrar-de-mim-part-zeze-di-camargo-e-luciano/,-1
792,Pra Não Lembrar De Mim (part. Zezé Di Camargo & Luciano),musica792,musica792_trecho3,Porque todo beijo bom que você deu Quem te deu fui eu Vai ser impossível se deitar em outra cama Encostar em outro corpo E não se lembrar do meu,Guilherme & Santiago,2025,30,https://www.letras.mus.br/guilherme-e-santiago/pra-nao-lembrar-de-mim-part-zeze-di-camargo-e-luciano/,-1
1282,Pra Nunca Dizer Adeus,musica1282,musica1282_trecho3,"Vem, amor, me abra de uma vez Arranque todos os segredos meus Ocupe a solidão de um coração que te pertence Pra nunca mais me dizer adeus",Jorge & Mateus,2009,27,https://www.letras.mus.br/jorge-mateus/1486857/,-1
1282,Pra Nunca Dizer Adeus,musica1282,musica1282_trecho6,"Vem, amor, me abra de uma vez Arranque todos os segredos meus Ocupe a solidão de um coração que te pertence Pra nunca mais me dizer adeus Pra nunca mais me dizer adeus",Jorge & Mateus,2009,33,https://www.letras.mus.br/jorge-mateus/1486857/,-1
1443,Pra Que Conversar?,musica1443,musica1443_trecho1,Não adianta insistir em ficar E prolongar esta dor em que estou O nosso lance marcou e agora que acabou É melhor você não me procurar,Paula Fernandes,2010,26,https://www.letras.mus.br/paula-fernandes/1824359/,-1
1443,Pra Que Conversar?,musica1443,musica1443_trecho2,Pra que tentar disfarçar o que quer Se já conheço a tua intenção Eu não sou burra pra ser uma amante qualquer Viver somente uma noite de amor,Paula Fernandes,2010,28,https://www.letras.mus.br/paula-fernandes/1824359/,-1
1443,Pra Que Conversar?,musica1443,musica1443_trecho4,"Se foi você quem me abandonou? Me liga aqui, tenta me consolar E na verdade sei que será melhor A gente não se falar",Paula Fernandes,2010,24,https://www.letras.mus.br/paula-fernandes/1824359/,-1
910,Pra Que Entender?,musica910,musica910_trecho1,"O que tem por trás desse sorriso Que me deixa fissurado em você? É um misto de desejo e vício Já tentei, mas não consigo entender",Jorge & Mateus,2012,26,https://www.letras.mus.br/jorge-mateus/1901815/,-1
910,Pra Que Entender?,musica910,musica910_trecho3,"Por mais que eu queira Não consigo mais pensar em nada (nada) Quando eu notei, já era amor Eu não imaginava Por mais que eu queira Não consigo mais pensar em nada (nada) Quando eu notei, já era amor Eu não imaginava",Jorge & Mateus,2012,42,https://www.letras.mus.br/jorge-mateus/1901815/,-1
910,Pra Que Entender?,musica910,musica910_trecho4,Que eu fosse querer Era você Pra que entender? Eu tô amando você,Jorge & Mateus,2012,13,https://www.letras.mus.br/jorge-mateus/1901815/,-1
1367,Pra Que Juízo,musica1367,musica1367_trecho1,Tomar juízo pra que Se eu quero é você Pra que juízo?,Henrique & Juliano,2014,12,https://www.letras.mus.br/henrique-e-juliano/pra-que-juizo/,-1
1367,Pra Que Juízo,musica1367,musica1367_trecho2,"E não se pode negar E nem tem como esconder Que eu tô louco, muito louco Por um beijo seu",Henrique & Juliano,2014,20,https://www.letras.mus.br/henrique-e-juliano/pra-que-juizo/,-1
374,Pra Sempre Com Você,musica374,musica374_trecho2,"Entre um em um milhão, nasce um Adão e Eva Um Romeu e Julieta em meio a tantas guerras Mas quando se vale a pena, o amor supera",Jorge & Mateus,2016,28,https://www.letras.mus.br/jorge-mateus/pra-sempre-com-voce/,-1
374,Pra Sempre Com Você,musica374,musica374_trecho5,"Se você me pedir pra ficar pra sempre com você Nem vou te responder, você sabe por quê Eu simplesmente vou, vou, vou Eu largo tudo e vou Ficar pra sempre, sempre com você",Jorge & Mateus,2016,34,https://www.letras.mus.br/jorge-mateus/pra-sempre-com-voce/,-1
666,Pra Ser Feliz,musica666,musica666_trecho2,Já imaginou de onde vem A luz de um cego Já cogitou descer De cima do seu ego Tem tanta gente por aí Na exclusão e ainda sorri Tenho me perguntado,Daniel,2011,31,https://www.letras.mus.br/daniel/1964931/,-1
666,Pra Ser Feliz,musica666,musica666_trecho5,Talvez a chave seja a simplicidade Talvez prestar mais atenção na realidade Porque não ver como lição O exemplo de superação De tantas pessoas,Daniel,2011,24,https://www.letras.mus.br/daniel/1964931/,-1
1061,Pra Te Fazer Lembrar,musica1061,musica1061_trecho3,"Mas sempre haverá uma data, palavra, um olhar Um filme, uma música, pra te fazer lembrar Um perfume, um abraço, um sorriso só pra atrapalhar Só pra te fazer lembrar de mim",Lucas Lucco,2013,32,https://www.letras.mus.br/lucas-lucco/so-pra-te-fazer-lembrar/,-1
1061,Pra Te Fazer Lembrar,musica1061,musica1061_trecho6,"Mas sempre haverá uma data, palavra, um olhar Um filme, uma música, pra te fazer lembrar Um perfume, um abraço, um sorriso só pra atrapalhar Só pra te fazer Mas sempre haverá uma data, palavra, um olhar Um filme, uma música, pra te fazer lembrar Um perfume, um abraço, um sorriso só pra atrapalhar Só pra te fazer lembrar de mim Só pra te fazer lembrar de mim",Lucas Lucco,2013,68,https://www.letras.mus.br/lucas-lucco/so-pra-te-fazer-lembrar/,-1
1061,Pra Te Fazer Lembrar,musica1061,musica1061_trecho7,"Mas sempre haverá uma data, palavra, um olhar Um filme, uma música, pra te fazer lembrar Um perfume, um abraço, um sorriso só pra atrapalhar Só pra te fazer lembrar de mim Só pra te fazer lembrar de mim Só pra te fazer lembrar de mim",Lucas Lucco,2013,46,https://www.letras.mus.br/lucas-lucco/so-pra-te-fazer-lembrar/,-1
180,Pra Ter o Seu Amor,musica180,musica180_trecho2,"Você é frio, é calor É febre de amor Saudade de paixão Eu sigo sempre rumo ao seu coração",Jorge & Mateus,2010,19,https://www.letras.mus.br/jorge-mateus/1734491/,-1
180,Pra Ter o Seu Amor,musica180,musica180_trecho4,Pra ter o seu amor Te pedi pra Deus de presente Pra me ver contente Ele te inventou,Jorge & Mateus,2010,18,https://www.letras.mus.br/jorge-mateus/1734491/,-1
1163,Pra Você Lembrar de Mim,musica1163,musica1163_trecho3,Nunca esqueça que estou aqui Sempre a te esperar Pra te amar Me enlouqueça com seus carinhos Pra gente sonhar,Luan Santana,2009,20,https://www.letras.mus.br/luan-santana/1528309/,-1
1163,Pra Você Lembrar de Mim,musica1163,musica1163_trecho4,Mesmo quando for embora A saudade vai fazer você voltar Sei que o seu peito chora Querendo me amar,Luan Santana,2009,19,https://www.letras.mus.br/luan-santana/1528309/,-1
643,Presepada (part. Marília Mendonça),musica643,musica643_trecho1,(Vem cá E se eu te dissesse Que você tá perdendo o amor da sua vida? Você ainda abriria mais uma?),Maiara & Maraisa,2021,21,https://www.letras.mus.br/maiara-maraisa/presepada/,-1
643,Presepada (part. Marília Mendonça),musica643,musica643_trecho4,"Cadê sua responsabilidade? No seu lugar eu teria vergonha Por mim, ela teria te deixado Fazer o quê se ela te ama Então aproveita que ela nem sonha quem você é",Maiara & Maraisa,2021,31,https://www.letras.mus.br/maiara-maraisa/presepada/,-1
643,Presepada (part. Marília Mendonça),musica643,musica643_trecho5,É hora de parar com a presepada Respeita a sua namorada Agarra essa mulher e casa Agarra ela e casa,Maiara & Maraisa,2021,20,https://www.letras.mus.br/maiara-maraisa/presepada/,-1
643,Presepada (part. Marília Mendonça),musica643,musica643_trecho6,Vive numa busca incessante Pra achar alguém interessante Sem enxergar que ela é brilhante Que ela é rara,Maiara & Maraisa,2021,18,https://www.letras.mus.br/maiara-maraisa/presepada/,-1
643,Presepada (part. Marília Mendonça),musica643,musica643_trecho8,Essa sua busca incessante Pra achar alguém interessante Terminaria se enxergasse O que tem dentro de casa,Maiara & Maraisa,2021,17,https://www.letras.mus.br/maiara-maraisa/presepada/,-1
643,Presepada (part. Marília Mendonça),musica643,musica643_trecho9,"Por mim, ela teria te deixado Fazer o quê se ela te ama Então aproveita que ela nem sonha quem você é",Maiara & Maraisa,2021,22,https://www.letras.mus.br/maiara-maraisa/presepada/,-1
643,Presepada (part. Marília Mendonça),musica643,musica643_trecho15,"(Sabe aquela pessoa fantástica, diferente Especial, incomparável, acima da média? Tá aí do seu lado)",Maiara & Maraisa,2021,15,https://www.letras.mus.br/maiara-maraisa/presepada/,-1
693,Primeiro de Abril,musica693,musica693_trecho2,"Se alguém falou Que andei mostrando o seu retrato, isso é conversa A sua vida, quer saber? Não me interessa Eu te asseguro, eu nem me lembro de você",Léo Magalhães,2008,29,https://www.letras.mus.br/leo-magalhaes/1405071/,-1
1512,Primeiro Passo,musica1512,musica1512_trecho4,"Meu amor se você voltar pra mim Eu não vou nunca mais agir assim Vou fazer tudo que quiser, meu bem E te amar como nunca amei ninguém",Maria Cecília e Rodolfo,2008,28,https://www.letras.mus.br/maria-cecilia-rodolfo/1277326/,-1
1512,Primeiro Passo,musica1512,musica1512_trecho5,"Sei que fiz tudo errado, mas foi tudo sem querer Nunca passou pela cabeça magoar você Às vezes a gente não percebe e erra sem saber O que é que custa pelo menos tentar entender?",Maria Cecília e Rodolfo,2008,35,https://www.letras.mus.br/maria-cecilia-rodolfo/1277326/,-1
5,Princesa (part. Ana Castela),musica5,musica5_trecho2,"Princesa, descansa, me ama Me experimenta de remédio pro teu medo De oito em oito segundos, te dou um beijo Eu vou curar seu medo",Gustavo Mioto,2025,25,https://www.letras.mus.br/gustavo-mioto/princesa-part-ana-castela/,-1
1143,Princesinha (part. Mr. Catra),musica1143,musica1143_trecho1,"Tá louca é? Tá doida é? Tá chapada, tá doidona, doidona",Lucas Lucco,2013,11,https://www.letras.mus.br/lucas-lucco/princesinha/,-1
1143,Princesinha (part. Mr. Catra),musica1143,musica1143_trecho5,"A noite passou, e o que restou? Passou da conta ela bebeu demais Batom rebocado, cabelo bagunçado Bem mais safada que o normal Já desceu do salto, tá bem mais humilde Bebinha que só, começa a delirar Princesa",Lucas Lucco,2013,38,https://www.letras.mus.br/lucas-lucco/princesinha/,-1
1143,Princesinha (part. Mr. Catra),musica1143,musica1143_trecho16,"Tá louca, hein? Tá doida demais Tá chapada, tá doidona, doidona",Lucas Lucco,2013,11,https://www.letras.mus.br/lucas-lucco/princesinha/,-1
1416,Príncipe,musica1416,musica1416_trecho3,Eu posso te fazer sofrer Eu posso te fazer chorar Mas eu tô tentando Tentando melhorar,Lucas Lucco,2014,16,https://www.letras.mus.br/lucas-lucco/principe/,-1
1416,Príncipe,musica1416,musica1416_trecho4,"Quero escrever a nossa história Você, princesa, vamo agora Será que rola? Sem final, o que me diz? Só ser feliz",Lucas Lucco,2014,21,https://www.letras.mus.br/lucas-lucco/principe/,-1
1416,Príncipe,musica1416,musica1416_trecho9,Eu quero ser Eu quero ser Eu quero ser Só seu,Lucas Lucco,2014,11,https://www.letras.mus.br/lucas-lucco/principe/,-1
268,Prisão Sem Grade,musica268,musica268_trecho1,"Ultimamente, já não tenho mais mandado em mim Foi só você que fez com que eu ficasse assim Não há nada que eu possa fazer a não ser me envolver",Jorge & Mateus,2012,30,https://www.letras.mus.br/jorge-mateus/prisao-sem-grades/,-1
268,Prisão Sem Grade,musica268,musica268_trecho2,Quando o amor invade é sempre natural Bateu dentro do peito um clique fora do normal E agora só resta deixar acontecer,Jorge & Mateus,2012,22,https://www.letras.mus.br/jorge-mateus/prisao-sem-grades/,-1
648,Pro Nosso Bem,musica648,musica648_trecho2,"Será que já se acostumou A dormir com os dois travesseiros Não disputar espaço no chuveiro E acordar sem o meu beijo chato de despertador? Será que já se acostumou? (Então, me fala a verdade)",Gustavo Mioto,2019,35,https://www.letras.mus.br/gustavo-mioto/pro-nosso-bem/,-1
648,Pro Nosso Bem,musica648,musica648_trecho3,"Como é que tá seu coração sozin sem mim? E se tiver igual ao meu, que dó, tadin Pro nosso bem, escuta a dica Pega a sua vida e traz de volta pra minha E traz de volta",Gustavo Mioto,2019,38,https://www.letras.mus.br/gustavo-mioto/pro-nosso-bem/,-1
648,Pro Nosso Bem,musica648,musica648_trecho4,"Como é que tá seu coração sozin sem mim? E se tiver igual ao meu, que dó, tadin Pro nosso bem, escuta a dica Pega a sua vida e traz de volta pra minha (E traz de volta pra minha)",Gustavo Mioto,2019,40,https://www.letras.mus.br/gustavo-mioto/pro-nosso-bem/,-1
648,Pro Nosso Bem,musica648,musica648_trecho5,Será que já se acostumou A dormir com os dois travesseiros Não disputar espaço no chuveiro E acordar sem o meu beijo chato de despertador? Será que já se acostumou?,Gustavo Mioto,2019,30,https://www.letras.mus.br/gustavo-mioto/pro-nosso-bem/,-1
648,Pro Nosso Bem,musica648,musica648_trecho6,"Como é que tá seu coração sozin sem mim? E se tiver igual ao meu, que dó, tadin Pro nosso bem, escuta a dica Pega a sua vida e traz de volta",Gustavo Mioto,2019,32,https://www.letras.mus.br/gustavo-mioto/pro-nosso-bem/,-1
648,Pro Nosso Bem,musica648,musica648_trecho7,"Como é que tá seu coração sozin sem mim? E se tiver igual ao meu, que dó, tadin Pro nosso bem, escuta a dica Pega a sua vida e traz de volta pra minha",Gustavo Mioto,2019,34,https://www.letras.mus.br/gustavo-mioto/pro-nosso-bem/,-1
1595,Problema,musica1595,musica1595_trecho1,"Eu queria sumir e não te responder nunca mais Deixar nossa história pra trás, dizer que quem perdeu foi você Eu queria esquecer o bem que a sua boca me faz E com todas as letras dizer: então vai E em qualquer paixão me perder",Jorge & Mateus,2016,45,https://www.letras.mus.br/jorge-mateus/problema/,-1
1595,Problema,musica1595,musica1595_trecho3,Mas o problema é que eu te quero E o tempo que preciso for espero Pra mim felicidade é ter você,Jorge & Mateus,2016,21,https://www.letras.mus.br/jorge-mateus/problema/,-1
60,Proibido Terminar,musica60,musica60_trecho3,"Tá liberado acordar de mau humor Normal um dia ou outro não fazer amor Ciúme existe, é só saber lidar Só tá proibido terminar Nesse mundão, eu por você, você por mim Casais felizes também têm dias ruins São dois adultos, é só conversar Só tá proibido terminar",Gusttavo Lima,2025,48,https://www.letras.mus.br/gusttavo-lima/so-ta-proibido-terminar/,-1
1351,Promete,musica1351,musica1351_trecho1,"É impressão minha Ou o Sol brilhou mais forte quando olhou pra mim? O brilho desceu das estrelas e no meu olhar ficou até o fim É impressão minha ou metade do meu peito mora em você? Se o mal chegar, entro na frente pra te proteger",Luan Santana,2012,47,https://www.letras.mus.br/luan-santana/promete/,-1
1351,Promete,musica1351,musica1351_trecho2,Eu te amarei por 1001 motivos Vou perguntar baixinho ao pé do ouvido Promete que vai ser só minha Que vai me entender num olhar? Promete que vai visitar os meus sonhos de noite À luz do luar?,Luan Santana,2012,38,https://www.letras.mus.br/luan-santana/promete/,-1
509,Propaganda,musica509,musica509_trecho1,"Ela queima o arroz Quebra copo na pia Tropeça no sofá, machuca o dedinho E a culpa ainda é minha",Jorge & Mateus,2018,20,https://www.letras.mus.br/jorge-mateus/propaganda/,-1
345,Pulei Na Piscina,musica345,musica345_trecho5,"Pulei na piscina, chorei disfarçado Só pra ninguém ver os meus olhos molhados Pulei na piscina tão desesperado Que quando eu caí, foi mágoa pra todo lado",Guilherme & Benuto,2021,27,https://www.letras.mus.br/guilherme-e-benuto/pulei-na-piscina/,-1
345,Pulei Na Piscina,musica345,musica345_trecho6,"Pulei na piscina, chorei disfarçado Só pra ninguém ver os meus olhos molhados Pulei na piscina tão desesperado Que quando eu caí, foi mágoa pra todo lado Pra ver se esse amor morre afogado",Guilherme & Benuto,2021,34,https://www.letras.mus.br/guilherme-e-benuto/pulei-na-piscina/,-1
345,Pulei Na Piscina,musica345,musica345_trecho10,"Pulei, chorei disfarçado Só pra ninguém ver os meus olhos molhados Pulei na piscina tão desesperado Que quando eu caí, foi mágoa",Guilherme & Benuto,2021,22,https://www.letras.mus.br/guilherme-e-benuto/pulei-na-piscina/,-1
345,Pulei Na Piscina,musica345,musica345_trecho11,"Pulei na piscina, chorei disfarçado Só pra ninguém ver os meus olhos molhados Pulei na piscina tão desesperado Quando eu caí, foi mágoa pra todo lado Pra ver se esse amor morre afogado",Guilherme & Benuto,2021,33,https://www.letras.mus.br/guilherme-e-benuto/pulei-na-piscina/,-1
345,Pulei Na Piscina,musica345,musica345_trecho12,"Oh, oh Será que ele morre afogado? Será que eu esqueço dela dessa vez?",Guilherme & Benuto,2021,14,https://www.letras.mus.br/guilherme-e-benuto/pulei-na-piscina/,-1
1338,quando a bad bater,musica1338,musica1338_trecho1,"Amor, eu só quero o seu bem Se for embora agora, vai ficar sem ninguém Amor, eu quero um filho seu E eu não suporto a ideia de que nada valeu",Luan Santana,2019,31,https://www.letras.mus.br/luan-santana/quando-a-bad-bater/,-1
1338,quando a bad bater,musica1338,musica1338_trecho3,Não vai saber o que fazer Quando a bad bater e o silêncio trazer minha voz Não vai saber o que beber Se esse vinho não mata essa sede Sede que é de nós,Luan Santana,2019,34,https://www.letras.mus.br/luan-santana/quando-a-bad-bater/,-1
1338,quando a bad bater,musica1338,musica1338_trecho9,Vai ver quando a bad bater Quando essa bad bater E o silêncio trazer minha voz,Luan Santana,2019,16,https://www.letras.mus.br/luan-santana/quando-a-bad-bater/,-1
1338,quando a bad bater,musica1338,musica1338_trecho10,Vai ver quando a bad bater Quando essa bad bater Vai ver que a sua sede é de nós,Luan Santana,2019,19,https://www.letras.mus.br/luan-santana/quando-a-bad-bater/,-1
1376,Quando A Chuva Passar (part. Marcus Vianna),musica1376,musica1376_trecho3,Só quero te lembrar De quando a gente Andava nas estrelas Nas horas lindas Que passamos juntos,Paula Fernandes,2009,17,https://www.letras.mus.br/paula-fernandes/1667434/,-1
1376,Quando A Chuva Passar (part. Marcus Vianna),musica1376,musica1376_trecho4,"A gente só queria amar e amar E, hoje, eu tenho certeza A nossa história não Termina agora Pois essa tempestade Um dia vai acabar",Paula Fernandes,2009,25,https://www.letras.mus.br/paula-fernandes/1667434/,-1
1376,Quando A Chuva Passar (part. Marcus Vianna),musica1376,musica1376_trecho5,Quando a chuva passar Quando o tempo abrir Abra a janela e veja Eu sou o Sol Eu sou céu e mar Eu sou céu e fim E o meu amor é imensidão,Paula Fernandes,2009,33,https://www.letras.mus.br/paula-fernandes/1667434/,-1
1376,Quando A Chuva Passar (part. Marcus Vianna),musica1376,musica1376_trecho7,A gente só queria amar e amar E hoje eu tenho certeza A nossa história Não termina agora Pois essa tempestade Um dia vai acabar,Paula Fernandes,2009,25,https://www.letras.mus.br/paula-fernandes/1667434/,-1
1376,Quando A Chuva Passar (part. Marcus Vianna),musica1376,musica1376_trecho10,Quando a chuva passar Quando o tempo abrir Abra a janela e veja Eu sou o Sol Eu sou céu e mar Eu sou céu e fim E o meu amor é imensidão É imensidão É imensidão,Paula Fernandes,2009,37,https://www.letras.mus.br/paula-fernandes/1667434/,-1
1550,Quando Amanhecer,musica1550,musica1550_trecho1,"A gente tenta se entender, mas não consegue Nada fica em paz Os beijos são amargos Não adoçam como algum tempo atrás Acho que a gente mudou Isso não me faz tão bem Como você imaginava E eu que pensava",George Henrique e Rodrigo,2011,40,https://www.letras.mus.br/george-henrique-rodrigo/1970087/,-1
1550,Quando Amanhecer,musica1550,musica1550_trecho2,Que tudo isso não passasse de um momento Mal do coração Que fosse embora a tempestade e o mal tempo Ficaria só paixão Só paixão,George Henrique e Rodrigo,2011,25,https://www.letras.mus.br/george-henrique-rodrigo/1970087/,-1
1346,Quando O Mel É Bom,musica1346,musica1346_trecho1,"Quando o mel é bom, a abelha sempre volta Olha você me ligando e passando mensagens Se não ligasse, eu iria ligar Mas esperei a tua reação A verdade é que a noite passada Ficou tatuada em meu coração",Simone & Simaria,2016,39,https://www.letras.mus.br/simone-simaria-as-coleguinhas/quando-o-mel-e-bom/,-1
1346,Quando O Mel É Bom,musica1346,musica1346_trecho2,"Você fez de um jeito gostoso O teu cheiro ficou em meu corpo E em minha boca o teu gosto O gosto do mel O cheiro da rosa, ai ai ai Tuas mão tocando o meu corpo inteiro Os teus dedos adentrando O meu cabelo, ai ai ai, ai ai ai",Simone & Simaria,2016,51,https://www.letras.mus.br/simone-simaria-as-coleguinhas/quando-o-mel-e-bom/,-1
1346,Quando O Mel É Bom,musica1346,musica1346_trecho3,Pensei que cê fosse embora Eu não tive resposta Mas quando o mel é bom A abelha sempre volta Quê que isso menino? Você veio do céu E o nosso romance Vai além de um quarto de motel,Simone & Simaria,2016,38,https://www.letras.mus.br/simone-simaria-as-coleguinhas/quando-o-mel-e-bom/,-1
1346,Quando O Mel É Bom,musica1346,musica1346_trecho4,Tava esperando um sinal Uma mensagem e uma resposta Mas quando o mel é bom Quando o mel é bom Quando o mel é bom A abelha sempre volta,Simone & Simaria,2016,29,https://www.letras.mus.br/simone-simaria-as-coleguinhas/quando-o-mel-e-bom/,-1
1346,Quando O Mel É Bom,musica1346,musica1346_trecho5,Mas esperei a tua reação A verdade é que a noite passada Ficou tatuada em meu coração,Simone & Simaria,2016,17,https://www.letras.mus.br/simone-simaria-as-coleguinhas/quando-o-mel-e-bom/,-1
1346,Quando O Mel É Bom,musica1346,musica1346_trecho7,Pensei que cê fosse embora Eu fiquei sem resposta Mas quando o mel é bom A abelha sempre volta Quê que isso menino? Você veio do céu E o nosso romance vai Além de um quarto de motel,Simone & Simaria,2016,38,https://www.letras.mus.br/simone-simaria-as-coleguinhas/quando-o-mel-e-bom/,-1
457,Quando Você Some (part. Zezé Di Camargo & Luciano),musica457,musica457_trecho2,"Queria que não fosse como é Nem sei se tudo isso é de verdade Só nos falamos quando você quer Enquanto isso, morro de saudade",Victor & Leo,2012,25,https://www.letras.mus.br/victor-leo/quando-voce-some/,-1
457,Quando Você Some (part. Zezé Di Camargo & Luciano),musica457,musica457_trecho3,"Preciso te olhar nos olhos E, sem chorar, dizer adeus Mas quando você chega perto Meus olhos e palavras Não são mais meus",Victor & Leo,2012,23,https://www.letras.mus.br/victor-leo/quando-voce-some/,-1
755,Quanto Custa?,musica755,musica755_trecho2,Quanto custa ter um carinho do ano? Ter um abraço de grife? Ter na carteira da vida um amor sem limite?,Murilo Huff,2024,21,https://www.letras.mus.br/murilo-huff/quanto-custa/,-1
755,Quanto Custa?,musica755,musica755_trecho4,E o que é riqueza pra você? Me fala Às vezes você já tem tudo e pensa que tem nada Olha pro lado e repara Que a felicidade é o caminho e não a chegada,Murilo Huff,2024,35,https://www.letras.mus.br/murilo-huff/quanto-custa/,-1
133,Quarta Cadeira (part. Jorge & Mateus),musica133,musica133_trecho2,Ela vai dar sorrisos durante o beijo Você vai gostar Vai planejar uma vida deitada em seu peito Cê vai acreditar Vai te amarrar de um jeito Vai usar o mesmo beijo que usou pra te ganhar Pra se despedir sem se explicar,Matheus & Kauan,2019,43,https://www.letras.mus.br/matheus-kauan/quarta-cadeira-part-jorge-e-mateus/,-1
133,Quarta Cadeira (part. Jorge & Mateus),musica133,musica133_trecho5,Não adianta se iludir Seu copo já tá cheio aqui pra te acudir,Matheus & Kauan,2019,13,https://www.letras.mus.br/matheus-kauan/quarta-cadeira-part-jorge-e-mateus/,-1
133,Quarta Cadeira (part. Jorge & Mateus),musica133,musica133_trecho7,Ela vai dar sorrisos durante o beijo Você vai gostar Vai planejar a vida deitada em seu peito Cê vai acreditar Vai te amarrar de um jeito Vai usar o mesmo beijo que usou pra te ganhar Pra se despedir sem se explicar,Matheus & Kauan,2019,43,https://www.letras.mus.br/matheus-kauan/quarta-cadeira-part-jorge-e-mateus/,-1
133,Quarta Cadeira (part. Jorge & Mateus),musica133,musica133_trecho10,"Não adianta se iludir Seu copo já tá cheio aqui pra te acudir Não adianta se iludir Seu copo já tá cheio aqui pra te acudir Pra te acudir, pra te acudir",Matheus & Kauan,2019,32,https://www.letras.mus.br/matheus-kauan/quarta-cadeira-part-jorge-e-mateus/,-1
539,Quase Algo,musica539,musica539_trecho1,Eu já tive alguns amores Uns terminaram por briga Outros terminaram de boa E até somos amigos ainda,Henrique & Juliano,2023,18,https://www.letras.mus.br/henrique-e-juliano/quase-algo/,-1
539,Quase Algo,musica539,musica539_trecho3,Mas nenhum fim doeu igual Ao final desse quase,Henrique & Juliano,2023,9,https://www.letras.mus.br/henrique-e-juliano/quase-algo/,-1
539,Quase Algo,musica539,musica539_trecho5,Inventando possíveis defeitos Que eu nem cheguei a conhecer Pra ver se dói só um pouco menos Perder quem eu nem cheguei a ter,Henrique & Juliano,2023,24,https://www.letras.mus.br/henrique-e-juliano/quase-algo/,-1
1064,Que Bicho Que É?,musica1064,musica1064_trecho5,"Eu já vi da grande, já vi da pequena Eu já vi da loira e já vi da morena Eu já vi mansinha, calminha me olhando Eu já vi nervosa, valente, babando",Gino e Geno,2005,32,https://www.letras.mus.br/gino-e-geno/224206/,-1
1064,Que Bicho Que É?,musica1064,musica1064_trecho6,"Eu já vi da velha e já vi da novinha Da mais enrugada até a mais lisinha Já vi bonitinha, muito bem cuidada Eu já vi feinha, muito mal tratada",Gino e Geno,2005,30,https://www.letras.mus.br/gino-e-geno/224206/,-1
1064,Que Bicho Que É?,musica1064,musica1064_trecho10,"Tem homem que gosta até de mais da sua Que tem uma em casa e outra na rua Mas há quem não gosta e foge da bichinha Prefere outra coisa, vê se adivinha",Gino e Geno,2005,33,https://www.letras.mus.br/gino-e-geno/224206/,-1
1064,Que Bicho Que É?,musica1064,musica1064_trecho11,"Eu vou dar uma dica do que ela come Ela come tudo que enriquece o homem Come sua terra, come o seu dinheiro E você paga caro pra sentir o cheiro",Gino e Geno,2005,31,https://www.letras.mus.br/gino-e-geno/224206/,-1
1098,"Que Dá Vontade, Dá",musica1098,musica1098_trecho1,"Não faz essa cara de quem tá apaixonada Que me entrego pra você Nem dê aquele beijo que me arrepia inteiro Que me faz enlouquecer Não mostre esse corpo que me deixa quase louco E me incendeia de prazer E nem abra esse sorriso Que o resto de juízo que me sobra, vou perder",Guilherme & Santiago,2010,54,https://www.letras.mus.br/guilherme-e-santiago/1630462/,-1
1098,"Que Dá Vontade, Dá",musica1098,musica1098_trecho3,"Mas que dá vontade, dá De jogar tudo pro ar e ir embora com você Pra ser o seu amorzinho Ganhar milhões de beijinhos Nos seus braços me prender",Guilherme & Santiago,2010,29,https://www.letras.mus.br/guilherme-e-santiago/1630462/,-1
1451,Que Pena Que Acabou,musica1451,musica1451_trecho2,Ainda não tive coragem de arrumar a cama Que a gente fez amor pela última vez Pela última vez,Gusttavo Lima,2016,19,https://www.letras.mus.br/gusttavo-lima/que-pena-que-acabou/,-1
1451,Que Pena Que Acabou,musica1451,musica1451_trecho3,"O seu cheiro está entre nossos lençóis E na memória, o calor do seu corpo debaixo do cobertor Que a gente fez amor",Gusttavo Lima,2016,23,https://www.letras.mus.br/gusttavo-lima/que-pena-que-acabou/,-1
1451,Que Pena Que Acabou,musica1451,musica1451_trecho4,"Será que você ainda pensa em mim? Será que o nosso caso teve fim? Quero ouvir de você, eu preciso saber",Gusttavo Lima,2016,21,https://www.letras.mus.br/gusttavo-lima/que-pena-que-acabou/,-1
942,Que Pescar Que Nada,musica942,musica942_trecho2,Enchi o tanque do carro Comprei cigarro e uma pinga boa Juntei a traia de pesca Vai ser uma festa lá na lagoa,Bruno & Marrone,2005,23,https://www.letras.mus.br/bruno-e-marrone/195710/,-1
151,Que Sorte A Nossa,musica151,musica151_trecho1,Diz que pensa tanto em mim Que tá querendo me ver Diz que tá me lembrando bastante Acredito em você,Matheus & Kauan,2015,20,https://www.letras.mus.br/matheus-kauan/que-sorte-a-nossa/,-1
151,Que Sorte A Nossa,musica151,musica151_trecho4,"Tantos sorrisos por aí, você querendo o meu Tantos olhares me olhando e eu querendo o seu Eu não duvido, não, que não foi por acaso Se o amor bateu na nossa porta, que sorte a nossa",Matheus & Kauan,2015,37,https://www.letras.mus.br/matheus-kauan/que-sorte-a-nossa/,-1
151,Que Sorte A Nossa,musica151,musica151_trecho5,"Tantos sorrisos por aí, você querendo o meu Tantos olhares me olhando e eu querendo o seu Eu não duvido, não, que não foi por acaso Se o amor bateu na nossa porta, que sorte a nossa Ai, ai, ai, ai",Matheus & Kauan,2015,41,https://www.letras.mus.br/matheus-kauan/que-sorte-a-nossa/,-1
759,Quem Ama Sempre Entende,musica759,musica759_trecho1,"Se não quer nada do que é meu Por você posso começar do zero Se quer alguém que não sou eu Me reinvento, me recrio e viro o cara certo",Henrique & Juliano,2014,30,https://www.letras.mus.br/henrique-e-juliano/quem-ama-sempre-entende/,-1
759,Quem Ama Sempre Entende,musica759,musica759_trecho2,"Se você não gosta do meu carro Meu perfume, meu sapato Meus amigos, meu trabalho Eu posso mudar",Henrique & Juliano,2014,18,https://www.letras.mus.br/henrique-e-juliano/quem-ama-sempre-entende/,-1
759,Quem Ama Sempre Entende,musica759,musica759_trecho3,Posso não ser o melhor em tudo Mas pra viver no seu mundo Eu posso ser quem você precisar,Henrique & Juliano,2014,19,https://www.letras.mus.br/henrique-e-juliano/quem-ama-sempre-entende/,-1
759,Quem Ama Sempre Entende,musica759,musica759_trecho4,E se eu fosse esse alguém quase perfeito Será que a vida estaria do mesmo jeito? Ou mudaria totalmente seus conceitos e me amaria,Henrique & Juliano,2014,24,https://www.letras.mus.br/henrique-e-juliano/quem-ama-sempre-entende/,-1
1129,"Quem Ama, Cuida",musica1129,musica1129_trecho3,"Ei, não é ciúme, eu confio em você E vou tá sempre onde você estiver E mesmo estando ausente, eu vou estar presente Toda hora que você quiser",Maria Cecília e Rodolfo,2009,28,https://www.letras.mus.br/maria-cecilia-rodolfo/1458701/,-1
1129,"Quem Ama, Cuida",musica1129,musica1129_trecho4,"Se me chamar, eu vou, e se for pra fazer amor Eu largo tudo, tudo e vou à luta Mas não desligue o celular, eu vou te rastrear Porque quem ama, cuida",Maria Cecília e Rodolfo,2009,32,https://www.letras.mus.br/maria-cecilia-rodolfo/1458701/,-1
1129,"Quem Ama, Cuida",musica1129,musica1129_trecho5,"Eu vou cuidar de você Todo dia, toda hora e a todo momento Você jamais vai duvidar do meu sentimento É de dar inveja um amor assim",Maria Cecília e Rodolfo,2009,27,https://www.letras.mus.br/maria-cecilia-rodolfo/1458701/,-1
1359,Quem É?,musica1359,musica1359_trecho1,"Quem é a mulher mais linda desse universo? Quem é que não esconde nada e fala todos os versos? Quem é que de madrugada grita o seu nome? Que é seu amigo, amante seu homem?",Eduardo Costa,2011,35,https://www.letras.mus.br/eduardo-costa/1759218/,-1
1359,Quem É?,musica1359,musica1359_trecho3,Quem é que faz mil loucuras pra te ter por perto? Quem é que quando esta contigo fica inquieto? Quem é que em pensamento adivinha seus sonhos? E quando te vê fica todo risonho?,Eduardo Costa,2011,34,https://www.letras.mus.br/eduardo-costa/1759218/,-1
492,"Quem Pegou, Pegou",musica492,musica492_trecho3,"Quem pegou, pegou, pegou, não pega mais Quem beijou, beijou, beijou, não beija mais Tem um amor de balada virando amor da minha vida Quem diria",Henrique & Juliano,2018,26,https://www.letras.mus.br/henrique-e-juliano/quem-pegou-pegou/,-1
465,Quem Viver Vai Ver,musica465,musica465_trecho1,"De vez em quando Deus faz promessa Que a sua vida vai mudar Que tu vai ter pra emprestar E vai te usar para curar Mas no momento tu precisa de cura No momento agora pedes emprestado Que promessa é essa, na contramão da realidade?",Alisson Santos,2023,45,https://www.letras.mus.br/alisson-santos/quem-viver-vai-ver/,-1
1478,Quer Casar Comigo?,musica1478,musica1478_trecho1,"Quer, quer, quer Quer casar comigo? Ser mais que bons amigos Que nem o céu e o mar Quer, quer, quer Quer ser pra sempre minha Sereia ou rainha Pra mim tanto faz",Bruno & Marrone,2005,33,https://www.letras.mus.br/bruno-e-marrone/88353/,-1
126,Querendo Te Amar,musica126,musica126_trecho2,"Tô com saudade do teu cheiro E desse seu cabelo preto Se espalhando sobre mim Sua boca pedindo um beijo E aumentando meu desejo Não demora, vem pra mim",Jorge & Mateus,2007,29,https://www.letras.mus.br/jorge-mateus/437717/,-1
260,Quero Camboriú,musica260,musica260_trecho2,"Eu conheci um boiadeiro Lá na arena de Barretos Ele disse que, por mim Viajaria o mundo inteiro",Ana Castela,2025,18,https://www.letras.mus.br/ana-castela/quero-camboriu/,-1
260,Quero Camboriú,musica260,musica260_trecho6,"Eu não quero amor nenhum Cansei de I love you, quero Camboriú Cansei de I love you, quero Camboriú-iú-iú, vai",Ana Castela,2025,20,https://www.letras.mus.br/ana-castela/quero-camboriu/,-1
309,Quero Ser o Seu Amor,musica309,musica309_trecho1,Faz tempo que eu olho pra você Mas você sempre fica me esnobando Pára de pirraça e vem ficar comigo,Simone & Simaria,2016,20,https://www.letras.mus.br/simone-simaria-as-coleguinhas/ce-sabe-que-eu-sou-seu-amor/,-1
309,Quero Ser o Seu Amor,musica309,musica309_trecho2,Garoto vem provar do meu veneno Sobe no meu corpo eu to fervendo Deixa eu te falar besteiras no ouvido,Simone & Simaria,2016,20,https://www.letras.mus.br/simone-simaria-as-coleguinhas/ce-sabe-que-eu-sou-seu-amor/,-1
1113,Quero Sim,musica1113,musica1113_trecho1,"Às vezes, sou fada Às vezes, faísca Tô ligada na tomada Numa noite mal dormida",Paula Fernandes,2009,15,https://www.letras.mus.br/paula-fernandes/1337898/,-1
1113,Quero Sim,musica1113,musica1113_trecho2,Eu tô com saudade Da nossa amizade Do tempo em que a gente Amava se ver,Paula Fernandes,2009,16,https://www.letras.mus.br/paula-fernandes/1337898/,-1
1113,Quero Sim,musica1113,musica1113_trecho4,"Às vezes, sou dia Às vezes, sou nada Hoje, lágrima caída Choro pela madrugada",Paula Fernandes,2009,14,https://www.letras.mus.br/paula-fernandes/1337898/,-1
572,Quero Você do Jeito Que Quiser (part. Maiara & Maraisa),musica572,musica572_trecho1,"Mesmo que me perguntassem, eu não afirmaria Eu fingiria, eu negaria até a morte, eu negaria até o fim Quando você chega perto eu me desconcerto Sem fazer esforço, tira minha roupa com os olhos Me deixa tonta com seus olhos",Marília Mendonça,2020,41,https://www.letras.mus.br/marilia-mendonca/quero-voce-do-jeito-que-quiser-part-maiara-e-maraisa/,-1
572,Quero Você do Jeito Que Quiser (part. Maiara & Maraisa),musica572,musica572_trecho7,"Mesmo que me perguntassem, eu não afirmaria Eu negaria",Marília Mendonça,2020,9,https://www.letras.mus.br/marilia-mendonca/quero-voce-do-jeito-que-quiser-part-maiara-e-maraisa/,-1
1597,"Quero, Quero",musica1597,musica1597_trecho3,"Seu amor, meu amor Não quero dar um tempo não Eu quero amor, amor Volta pro meu coração!",Simone & Simaria,2012,18,https://www.letras.mus.br/simone-simaria-as-coleguinhas/quero-quero/,-1
1597,"Quero, Quero",musica1597,musica1597_trecho4,"Eu quero amor, amor Não quero dar um tempo não Seu amor, meu amor Volta pro meu coração!",Simone & Simaria,2012,18,https://www.letras.mus.br/simone-simaria-as-coleguinhas/quero-quero/,-1
1597,"Quero, Quero",musica1597,musica1597_trecho7,Sem essa de cabô! Cabô!,Simone & Simaria,2012,5,https://www.letras.mus.br/simone-simaria-as-coleguinhas/quero-quero/,-1
1126,Química,musica1126,musica1126_trecho4,Fui feito pra você Você nasceu pra mim É o coração que diz assim Amo até os seus defeitos Imagine os beijos Já tomou conta de mim,João Bosco & Vinícius,2012,27,https://www.letras.mus.br/joao-bosco-viniciusacustico/quimica/,-1
1126,Química,musica1126,musica1126_trecho5,"Fui feito pra você Você nasceu pra mim É o coração que diz assim Amor, não tem mais jeito Te tatuei no peito Pra sempre tá grudado em mim",João Bosco & Vinícius,2012,29,https://www.letras.mus.br/joao-bosco-viniciusacustico/quimica/,-1
718,Química do Amor (part. Ivete Sangalo),musica718,musica718_trecho2,"Que tal a gente agora misturar a nossa cor Pra ver a combustão, a química do nosso amor Eu e você, quer pagar pra ver?",Luan Santana,2011,25,https://www.letras.mus.br/luan-santana/1791039/,-1
718,Química do Amor (part. Ivete Sangalo),musica718,musica718_trecho4,Fala no meu ouvido bem baixinho que me ama E me leva de uma vez pra sua cama Me dá uma noite de prazer Eu topo tudo com você.,Luan Santana,2011,29,https://www.letras.mus.br/luan-santana/1791039/,-1
718,Química do Amor (part. Ivete Sangalo),musica718,musica718_trecho7,Fala no meu ouvido bem baixinho que me ama E me leva de uma vez pra sua cama Me dá uma noite de prazer Eu topo tudo com você,Luan Santana,2011,29,https://www.letras.mus.br/luan-santana/1791039/,-1
729,Rancorosa,musica729,musica729_trecho1,Hoje eu acordei Com uma vontade de mandar um texto do tamanho do mundo Mas eu não mandei Escrevi e apaguei Escrevi e apaguei,Henrique & Juliano,2023,24,https://www.letras.mus.br/henrique-e-juliano/rancorosa/,-1
729,Rancorosa,musica729,musica729_trecho5,Não sei o que ela fez comigo Sou um covarde assumido E o medo de te perder Os meus argumentos começam perdidos E aí quem disse que eu envio?,Henrique & Juliano,2023,29,https://www.letras.mus.br/henrique-e-juliano/rancorosa/,-1
148,Recaídas,musica148,musica148_trecho2,Me preocupo e apesar dos pesares Eu sempre quero te ver bem E ainda vou além Em uma relação Sei que não vai ser fácil amar outro alguém,Henrique & Juliano,2012,28,https://www.letras.mus.br/henrique-e-juliano/recaidas/,-1
148,Recaídas,musica148,musica148_trecho4,Às vezes eu queria ter o poder De poder te apagar da memória E nessa fraqueza ter força Pra fazer com que essa nossa história Não passe de passado e fique da porta pra fora,Henrique & Juliano,2012,35,https://www.letras.mus.br/henrique-e-juliano/recaidas/,-1
148,Recaídas,musica148,musica148_trecho5,Se eu pudesse te apagar da minha mente Apagaria agora Mas toda vez que eu me lembro de nós dois Meu coração sempre chora e é sempre a mesma história,Henrique & Juliano,2012,30,https://www.letras.mus.br/henrique-e-juliano/recaidas/,-1
563,Receita de Amar,musica563,musica563_trecho2,"É só juntar as coisas, tá tudo no ar Ingredientes dessa receita de amar",George Henrique e Rodrigo,2011,14,https://www.letras.mus.br/george-henrique-rodrigo/1967442/,-1
713,Refém,musica713,musica713_trecho1,"Eu não me imaginava sem você Meu bem querer, amor pra sempre Só esses cabelos pretos me faz bem E quando não tenho, fico doente",Gusttavo Lima,2010,25,https://www.letras.mus.br/gusttavo-lima/1710867/,-1
713,Refém,musica713,musica713_trecho2,Se você não existisse iria te inventar Na forma de um anjo mais lindo Iria te amar Eu respiro você,Gusttavo Lima,2010,20,https://www.letras.mus.br/gusttavo-lima/1710867/,-1
1322,Refém,musica1322,musica1322_trecho1,Não sei explicar como foi que aconteceu O que já não brilhava em mim você acendeu A chama do amor apagada no coração Eu já tava perdido no meio da solidão,Jorge & Mateus,2010,31,https://www.letras.mus.br/jorge-mateus/1742338/,-1
1322,Refém,musica1322,musica1322_trecho2,Feito um anjo da guarda você veio me salvar Das garras do medo a me torturar Sei que existem milhões de maneiras de agradecer Escolhi me entregar totalmente a você,Jorge & Mateus,2010,30,https://www.letras.mus.br/jorge-mateus/1742338/,-1
1322,Refém,musica1322,musica1322_trecho3,"Eu quero o seu amor, não abro mão Você que libertou meu coração O meu amor é seu, de mais ninguém Pra sempre quero ser o seu refém Eu quero o seu amor, não abro mão Você que libertou meu coração O meu amor é seu, de mais ninguém Pra sempre quero ser o seu refém",Jorge & Mateus,2010,56,https://www.letras.mus.br/jorge-mateus/1742338/,-1
483,Regime Fechado,musica483,musica483_trecho2,Roubar um coração é caso sério Sua sentença é viver na mesma cela que eu Já que nós dois estamos sendo acusados de adultério,Simone & Simaria,2016,24,https://www.letras.mus.br/simone-simaria-as-coleguinhas/regime-fechado/,-1
483,Regime Fechado,musica483,musica483_trecho5,"Ô, ô, ô, ô, ô Não quero advogado Quero regime fechado com você, amor Ô, ô, ô, ô, ô Nós somos bagunçados e reféns desse pecado",Simone & Simaria,2016,26,https://www.letras.mus.br/simone-simaria-as-coleguinhas/regime-fechado/,-1
483,Regime Fechado,musica483,musica483_trecho7,"É bandido, esse meu coração Eterno prisioneiro da paixão",Simone & Simaria,2016,9,https://www.letras.mus.br/simone-simaria-as-coleguinhas/regime-fechado/,-1
1223,Ressentimento,musica1223,musica1223_trecho1,"Agora tô judiando, tô Agora tô maltratando, tô Quero te ver sofrer o que me viu sofrendo Quero te ver beber o que me viu bebendo",Jads e Jadson,2014,26,https://www.letras.mus.br/jads-e-jadson/ressentimento/,-1
460,Resumindo,musica460,musica460_trecho1,"Fez as malas, bateu a porta Bateu no peito, falou: Não tem volta E aí voltou, abriu a porta Com a voz de choro, implorando volta",Zé Neto e Cristiano,2025,26,https://www.letras.mus.br/ze-neto-cristiano/resumindo/,-1
460,Resumindo,musica460,musica460_trecho2,"Mas, nesse meio-tempo, eu saí Investi no meu esquecimento E agora tá custando caro pra eu atender seu arrependimento Se ainda não entendeu, eu desenho",Zé Neto e Cristiano,2025,25,https://www.letras.mus.br/ze-neto-cristiano/resumindo/,-1
460,Resumindo,musica460,musica460_trecho3,"A bebida não volta pro copo O meu choro não volta pro olho A fumaça não volta pro peito e a brasa não volta a ser fogo O tempo não volta pro relógio E o dinheiro não volta pro bolso Resumindo, é por isso que a gente não volta um pro outro",Zé Neto e Cristiano,2025,52,https://www.letras.mus.br/ze-neto-cristiano/resumindo/,-1
460,Resumindo,musica460,musica460_trecho5,"A bebida não volta pro copo E o meu choro não volta pro olho A fumaça não volta pro peito e a brasa não volta a ser fogo O tempo não volta pro relógio E o dinheiro não volta pro bolso Resumindo, é por isso que a gente não volta um pro outro",Zé Neto e Cristiano,2025,53,https://www.letras.mus.br/ze-neto-cristiano/resumindo/,-1
460,Resumindo,musica460,musica460_trecho7,"Resumindo, é por isso que a gente não volta um pro outro",Zé Neto e Cristiano,2025,12,https://www.letras.mus.br/ze-neto-cristiano/resumindo/,-1
28,Retrovisor,musica28,musica28_trecho4,Olha pro retrovisor Tudo que cê já passou Lembra quando cê ajoelhou pra pedir Pelas coisas que hoje você reclamou? Olha pro retrovisor E começa dar valor Tem tanta gente com menos que tá agradecendo só porque acordou Olha pro retrovisor,Gusttavo Lima,2025,41,https://www.letras.mus.br/gusttavo-lima/retrovisor/,-1
28,Retrovisor,musica28,musica28_trecho8,Pelas coisas que hoje você reclamou Olha pro retrovisor Tem tanta gente com menos que tá agradecendo só porque acordou Olha pro retrovisor,Gusttavo Lima,2025,23,https://www.letras.mus.br/gusttavo-lima/retrovisor/,-1
1239,Revanche,musica1239,musica1239_trecho2,Querendo me propor uma nova chance Querendo reviver nosso romance Mas só eu sei o que eu passei em vão Chegou a hora da revanche então,Santorine,2009,26,https://www.letras.mus.br/santorine/1550277/,-1
1426,Robin Hood da Paixão,musica1426,musica1426_trecho2,"Depois me procuram Me chamam de amor Me pedem carinho E é claro que eu dou Meninas, tenham calma Que eu não sou de ninguém Tem lugar pra todas no meu harém",Hugo Pena e Gabriel,2008,32,https://www.letras.mus.br/hugo-pena-e-gabriel/1318932/,-1
1426,Robin Hood da Paixão,musica1426,musica1426_trecho3,"Deve ser o mel que a mamãe me passou Deve ser o céu que elas pedem, eu dou No amor eu tenho dom Em cada flecha um coração Eu sou o Robin Hood da paixão",Hugo Pena e Gabriel,2008,35,https://www.letras.mus.br/hugo-pena-e-gabriel/1318932/,-1
700,Romance (part. Jorge e Mateus),musica700,musica700_trecho2,"Tá afim de um romance, compra um livro Se quer felicidade vem me ver de novo Mas se quer amor Mas se quer amor",Humberto e Ronaldo,2012,24,https://www.letras.mus.br/humberto-ronaldo/1846733/,-1
337,Romântico,musica337,musica337_trecho1,"Sou um bobo romântico Que puxa a cadeira, abre a porta do carro, um bobo romântico Que desagrada algumas mulheres por ser um romântico Mulheres que acham mais graça em cara sem graça, malandros",Henrique & Juliano,2025,34,https://www.letras.mus.br/henrique-e-juliano/romantico/,-1
337,Romântico,musica337,musica337_trecho2,"Sou um louco romântico Que usa o embaçado do espelho pra escrever: Te amo, um romântico Que deixa de assistir um filme de ação pra assistir um romântico Que no fim, se tiver que escolher um romântico, escolhe um malandro",Henrique & Juliano,2025,40,https://www.letras.mus.br/henrique-e-juliano/romantico/,-1
337,Romântico,musica337,musica337_trecho3,"É por isso que o mundo tá cheio De amor que termina no meio Tanto beijo que é pra vida toda e cês ficam gastando esses beijos no erro É por isso que o mundo tá cheio De coração decepcionado Eu não erro em ser um romântico, cês que adoram um desromantizado No final, a gente vira amigo E os malandro viram namorado",Henrique & Juliano,2025,63,https://www.letras.mus.br/henrique-e-juliano/romantico/,-1
337,Romântico,musica337,musica337_trecho7,"É por isso que o mundo tá cheio De amor que termina no meio Dando beijo que é pra vida toda e cês ficam gastando esses beijos no erro É por isso que o mundo tá cheio De coração decepcionado Eu não erro em ser um romântico, cês que adoram um desromantizado No final, a gente vira amigo E os malandro viram namorado",Henrique & Juliano,2025,63,https://www.letras.mus.br/henrique-e-juliano/romantico/,-1
824,Romântico Anônimo (part. Fernando Zor),musica824,musica824_trecho9,"(Romântico anônimo) Quanto tempo esperei a frase certa Pra te mostrar que eu era Eu era, eu era, eu era Romântico anônimo!",Marcos & Belutti,2015,22,https://www.letras.mus.br/marcos-belutti/romantico-anonimo/,-1
359,S de Saudade (part. Zé Neto e Cristiano),musica359,musica359_trecho1,"É, olha eu aqui, na vida de solteiro que eu sempre quis É, eu consegui a liberdade de poder chegar e sair Mas cê deve ter jogado praga em mim Eu não quero beber, eu não quero sair A vida de solteiro que eu sonhava não era assim",Luiza & Maurílio,2019,48,https://www.letras.mus.br/luiza-e-maurilio/s-de-saudade-part-ze-neto-e-cristiano/,-1
359,S de Saudade (part. Zé Neto e Cristiano),musica359,musica359_trecho2,Sextou com S de saudade Cheio de balada na cidade Mas nenhuma delas têm o show que cê dava na cama Nenhum DJ toca sua voz falando que me ama,Luiza & Maurílio,2019,30,https://www.letras.mus.br/luiza-e-maurilio/s-de-saudade-part-ze-neto-e-cristiano/,-1
359,S de Saudade (part. Zé Neto e Cristiano),musica359,musica359_trecho3,Sextou com S de saudade Cheio de balada na cidade Mas nenhuma delas têm o show que cê dava na cama Nenhum DJ toca sua voz falando que me ama Sextou com S de saudade,Luiza & Maurílio,2019,35,https://www.letras.mus.br/luiza-e-maurilio/s-de-saudade-part-ze-neto-e-cristiano/,-1
412,Saudade,musica412,musica412_trecho1,Você sempre fez os meus sonhos Sempre soube dos meus segredos Já faz muito tempo Eu nem me lembro quanto tempo faz,Eduardo Costa,2007,22,https://www.letras.mus.br/eduardo-costa/934408/,-1
412,Saudade,musica412,musica412_trecho2,O meu coração não sabe contar os dias A minha cabeça já está tão vazia Mas a primeira vez ainda me lembro bem,Eduardo Costa,2007,23,https://www.letras.mus.br/eduardo-costa/934408/,-1
412,Saudade,musica412,musica412_trecho3,"Talvez eu seja do seu passado mais uma página Que foi do seu diário arrancada Sonho, choro e sinto que resta alguma esperança Saudade, quero arrancar essa página da minha vida",Eduardo Costa,2007,31,https://www.letras.mus.br/eduardo-costa/934408/,-1
412,Saudade,musica412,musica412_trecho7,Da minha vida Da minha vida Da minha vida,Eduardo Costa,2007,9,https://www.letras.mus.br/eduardo-costa/934408/,-1
1418,Saudade,musica1418,musica1418_trecho2,Eu fiz de tudo pra você ficar comigo Quem sente amor não sabe ser amigo E sem você o que eu faço agora,Jorge & Mateus,2009,23,https://www.letras.mus.br/jorge-mateus/1449248/,-1
1418,Saudade,musica1418,musica1418_trecho3,Os dias vão passando E lembro dos nossos momentos de amor E um beijo sempre acompanhado de fogo e paixão,Jorge & Mateus,2009,20,https://www.letras.mus.br/jorge-mateus/1449248/,-1
1418,Saudade,musica1418,musica1418_trecho5,"Ah, saudade Sem ela o meu coração agora está sofrendo E sinto dentro do meu peito um fogo ardendo E a minha vida desse jeito vai morrendo aos poucos",Jorge & Mateus,2009,29,https://www.letras.mus.br/jorge-mateus/1449248/,-1
1418,Saudade,musica1418,musica1418_trecho6,"Ah, saudade Não dá pra segurar comigo tanto sofrimento Me leva pra ficar com ela apenas um momento Se não essa paixão ainda vai me deixar louco",Jorge & Mateus,2009,27,https://www.letras.mus.br/jorge-mateus/1449248/,-1
1418,Saudade,musica1418,musica1418_trecho11,"Ah, ah Não dá pra segurar comigo tanto sofrimento Me leva pra ficar com ela apenas um momento Se não essa paixão ainda vai me deixar louco",Jorge & Mateus,2009,27,https://www.letras.mus.br/jorge-mateus/1449248/,-1
102,Saudade Burra (part. Simone Mendes),musica102,musica102_trecho3,Mas choro seca e aquieta minha saudade burra A gente perde o encanto e vê que Boca melhor que a sua tem um montão na rua,Lauana Prado,2025,26,https://www.letras.mus.br/lauana-prado/saudade-burra-part-simone-mendes/,-1
813,Saudade De Quem Eu Sou,musica813,musica813_trecho2,"Que que cê fez comigo eu não sei, mas eu tô proibido de ser eu Já que você não volta, me volta pra quem cê conheceu Eu, eu",Henrique & Juliano,2025,28,https://www.letras.mus.br/henrique-e-juliano/saudade-de-quem-eu-sou/,-1
813,Saudade De Quem Eu Sou,musica813,musica813_trecho4,"Ó, que que cê fez comigo eu não sei, mas eu tô proibido de ser eu Já que você não volta, me volta pra quem cê conheceu Eu, eu",Henrique & Juliano,2025,29,https://www.letras.mus.br/henrique-e-juliano/saudade-de-quem-eu-sou/,-1
1589,Saudade de Você,musica1589,musica1589_trecho1,"Só um olhar profundo traz de volta a minha paz O teu sorriso, meu mundo ficar sem, não sou capaz",Zé Felipe,2014,20,https://www.letras.mus.br/ze-felipe/saudade-de-voce/,-1
1410,Saudade do Meu Ex,musica1410,musica1410_trecho5,"Ai, que saudade do meu ex Ai, que saudade do meu ex Ai, que saudade do meu ex Ele que era homem de verdade",Marília Mendonça,2017,24,https://www.letras.mus.br/marilia-mendonca/saudade-do-meu-ex/,-1
1410,Saudade do Meu Ex,musica1410,musica1410_trecho12,"Ai, o que é que eu fiz? Me enrolei Que saudade do meu ex",Marília Mendonça,2017,14,https://www.letras.mus.br/marilia-mendonca/saudade-do-meu-ex/,-1
1452,Saudade Idiota,musica1452,musica1452_trecho8,Seu número de celular é fácil apagar As coisas que me deu eu também posso quebrar Mas dentro do meu coração tem foto sua Tem saudade sua espalhada por todo lugar E eu tô pirando E eu tô pirando,Lucas Lucco,2014,39,https://www.letras.mus.br/lucas-lucco/saudade-idiota/,-1
20,Saudade Proibida,musica20,musica20_trecho2,Tira meu perfume das perfumarias Proíba a cidade de usar camisa preta Você vai ver que pra me superar Vai ser dor de cabeça,Simone Mendes,2025,24,https://www.letras.mus.br/simone-mendes/saudade-proibida/,-1
20,Saudade Proibida,musica20,musica20_trecho6,O calafrio que seu corpo ama O erro inesquecível da sua cama,Simone Mendes,2025,12,https://www.letras.mus.br/simone-mendes/saudade-proibida/,-1
1581,Se Ame Mais,musica1581,musica1581_trecho1,Não aguento mais te ver sofrer Ela tá acabando com você Isso porque ela se acha na obrigação de te cobrar Um relacionamento que acabou já faz um tempo,Marília Mendonça,2017,29,https://www.letras.mus.br/marilia-mendonca/se-ame-mais/,-1
1581,Se Ame Mais,musica1581,musica1581_trecho3,Eu queria dizer pra ela Que ela é nova e inteligente Tem tudo pela frente Merece ser feliz como a gente Mas ela tá fazendo diferente,Marília Mendonça,2017,26,https://www.letras.mus.br/marilia-mendonca/se-ame-mais/,-1
1581,Se Ame Mais,musica1581,musica1581_trecho4,Superar não é tão fácil Mas se torna necessário E por questão de honra Se eu fosse você deixava isso enterrado Você tem que seguir em frente,Marília Mendonça,2017,27,https://www.letras.mus.br/marilia-mendonca/se-ame-mais/,-1
1581,Se Ame Mais,musica1581,musica1581_trecho7,Então se ame mais Não é culpa minha Se ele não quer mais,Marília Mendonça,2017,13,https://www.letras.mus.br/marilia-mendonca/se-ame-mais/,-1
685,Se É Pra Chorar Eu Choro (part. Jads e Jadson),musica685,musica685_trecho1,"Eu tô perdido num olhar que cega Nessa paixão eu já perdi as rédeas E vai doer, eu sei que vai, vai machucar Vai doer menos se eu aceitar",Lucas Reis & Thácio,2016,29,https://www.letras.mus.br/lucas-reis-thacio-candido/se-e-pra-chorar-eu-choro/,-1
685,Se É Pra Chorar Eu Choro (part. Jads e Jadson),musica685,musica685_trecho4,"Se é pra chorar eu choro, mas choro sozinho embaixo do chuveiro Ninguém viu e nem vai ver meu desespero Saiba que esse gosto eu nunca vou te dar",Lucas Reis & Thácio,2016,29,https://www.letras.mus.br/lucas-reis-thacio-candido/se-e-pra-chorar-eu-choro/,-1
1092,Se Eu Chorar,musica1092,musica1092_trecho2,"E se eu chorar, vai ser de saudade Eu vou te ligar quando ela bater Às 4, 5 da manhã Fala que eu sou seu fã E só liguei pra dizer",Jorge & Mateus,2010,31,https://www.letras.mus.br/jorge-mateus/1715304/,-1
1092,Se Eu Chorar,musica1092,musica1092_trecho3,Que a gente se encaixa É a tampa e a panela É a chama e a vela É a cama e o colchão E que o mal de quem ama é saudade Você é a metade do meu coração,Jorge & Mateus,2010,39,https://www.letras.mus.br/jorge-mateus/1715304/,-1
1092,Se Eu Chorar,musica1092,musica1092_trecho6,"E se eu chorar, vai ser de saudade Eu vou te ligar quando ela bater Às 4, 5 da manhã Fala que eu sou seu fã Só liguei pra dizer",Jorge & Mateus,2010,30,https://www.letras.mus.br/jorge-mateus/1715304/,-1
885,Se Eu Fosse Você,musica885,musica885_trecho1,Pra que tentar negar Tá enxugando gelo É o mesmo que soprar Depois que queima o dedo,Henrique & Juliano,2020,17,https://www.letras.mus.br/henrique-e-juliano/se-eu-fosse-voce/,-1
885,Se Eu Fosse Você,musica885,musica885_trecho2,Me desculpa essa voz rouca É que eu chorei a noite toda Eu não quero outra pessoa Vamo tentar ficar de boa,Henrique & Juliano,2020,22,https://www.letras.mus.br/henrique-e-juliano/se-eu-fosse-voce/,-1
835,Se Eu Me Entregar,musica835,musica835_trecho1,"Não quero mais ficar pensando em você Eu tenho muito medo, medo de sofrer Você me olha de um jeito que eu passo mal",Kleo Dibah & Rafael,2011,24,https://www.letras.mus.br/kleo-dibah-rafael/1848165/,-1
1131,Se Eu Pedir Cê Volta,musica1131,musica1131_trecho2,"Foi só te ver de novo pra eu perceber Que o meu coração só sabe te querer Bateu uma saudade, uma louca vontade de amar você",Jorge & Mateus,2009,26,https://www.letras.mus.br/jorge-mateus/1444406/,-1
1131,Se Eu Pedir Cê Volta,musica1131,musica1131_trecho3,"Se eu pedir cê volta pro meu coração? Pelo amor de Deus, não me diga não Vem que tá na hora, tá aberta a porta pra você entrar",Jorge & Mateus,2009,28,https://www.letras.mus.br/jorge-mateus/1444406/,-1
1131,Se Eu Pedir Cê Volta,musica1131,musica1131_trecho4,"Se eu pedir cê volta pro meu coração? Pelo amor de Deus, não me diga não Vem que tá na hora a hora é agora,pra você voltar",Jorge & Mateus,2009,27,https://www.letras.mus.br/jorge-mateus/1444406/,-1
1131,Se Eu Pedir Cê Volta,musica1131,musica1131_trecho8,"Se eu pedir cê volta pro meu coração? Pelo amor de Deus, não me diga não Vem que tá na hora a hora é agora, pra você voltar",Jorge & Mateus,2009,28,https://www.letras.mus.br/jorge-mateus/1444406/,-1
1205,Se Fosse Eu,musica1205,musica1205_trecho4,"Se fosse eu, contava os segundos pro fim de semana Te levava numa balada bacana Pra ficar juntinhos, pra se divertir, se fosse eu",César Menotti & Fabiano,2012,24,https://www.letras.mus.br/cesar-menotti-e-fabiano/se-fosse-eu/,-1
1205,Se Fosse Eu,musica1205,musica1205_trecho5,"Pensa direito, respira fundo Vou fazer de você a mulher mais feliz do mundo Pensa direito, fica comigo Meu amor é muito grande pra ser só seu amigo",César Menotti & Fabiano,2012,28,https://www.letras.mus.br/cesar-menotti-e-fabiano/se-fosse-eu/,-1
1205,Se Fosse Eu,musica1205,musica1205_trecho9,"Pensa direito, respira fundo Vou fazer de você a mulher mais feliz do mundo Pensa direito, fica comigo Meu amor é muito grande pra ser só seu amigo Seu amigo",César Menotti & Fabiano,2012,30,https://www.letras.mus.br/cesar-menotti-e-fabiano/se-fosse-eu/,-1
1399,Se Intrometeu,musica1399,musica1399_trecho5,"Mas a minha cabeça pensa diferente Pois quem não tem passado Não me dá presente No meu futuro, eu quero mandar O que que o povo tinha que falar?",Michel Teló,2011,29,https://www.letras.mus.br/michel-telo/1792150/,-1
1370,Se Namorar Fosse Bom,musica1370,musica1370_trecho2,E já dizia meus amigos Ser solteiro é mais gostoso Tem festa toda hora O que vier pra mim é pouco,Bruninho e Davi,2013,21,https://www.letras.mus.br/bruninho-davi/se-namorar-fosse-bom/,-1
1370,Se Namorar Fosse Bom,musica1370,musica1370_trecho3,"Eu tô largado, tô mal acostumado Me botaram anel no dedo Ainda me chamam de casado",Bruninho e Davi,2013,16,https://www.letras.mus.br/bruninho-davi/se-namorar-fosse-bom/,-1
1370,Se Namorar Fosse Bom,musica1370,musica1370_trecho4,Mas minha mulher me deu azia Eu não entro nessa fria Ser solteiro é o esquema Eu tô montado no dinheiro Eu pego o bonde dos solteiros Namorar só dá problema,Bruninho e Davi,2013,31,https://www.letras.mus.br/bruninho-davi/se-namorar-fosse-bom/,-1
1347,Se Não Quer Me Amar,musica1347,musica1347_trecho2,"Liguei, mas não me atendeu Falei e não me respondeu Escrevi, você não leu, mas não importa Você não vai bater na minha porta Cansei de implorar",Gusttavo Lima,2010,27,https://www.letras.mus.br/gusttavo-lima/1708762/,-1
968,Se Olha No Espelho (part. Cristiano Araújo),musica968,musica968_trecho2,Pra ficar no quarto deitada na cama Se escondendo do mundo e de quem te ama E fez da internet sua melhor amiga Fugindo da realidade da vida,Maiara & Maraisa,2016,28,https://www.letras.mus.br/maiara-maraisa/se-olha-no-espelho/,-1
968,Se Olha No Espelho (part. Cristiano Araújo),musica968,musica968_trecho3,Ela não tem noção do quanto ela é linda E que quando sorri mais bonita ainda Só que ela não sabe que pra te ver feliz eu faria de tudo Pra mudar seu mundo,Maiara & Maraisa,2016,34,https://www.letras.mus.br/maiara-maraisa/se-olha-no-espelho/,-1
1295,Se Tem Paixão,musica1295,musica1295_trecho3,"Hoje eu não saí de casa, não vejo nada A porta está fechada eu só queria ver você voltar Pra ver se tem um pouco de paixão Pra ver se brotou no seu coração o amor que eu plantei",Matheus & Kauan,2013,39,https://www.letras.mus.br/matheus-kauan/se-tem-paixao/,-1
1193,Se Tudo Fosse Fácil (part. Paula Fernandes),musica1193,musica1193_trecho1,Se tudo fosse fácil Eu me jogaria em seus braços Me afogaria nos seus beijos Me entregaria de bandeja pra você,Michel Teló,2013,21,https://www.letras.mus.br/michel-telo/se-tudo-fosse-facil/,-1
1193,Se Tudo Fosse Fácil (part. Paula Fernandes),musica1193,musica1193_trecho2,Se tudo fosse fácil Mandaria a saudade embora Estaria te odiando agora Como se fosse fácil apagar você de mim,Michel Teló,2013,20,https://www.letras.mus.br/michel-telo/se-tudo-fosse-facil/,-1
1193,Se Tudo Fosse Fácil (part. Paula Fernandes),musica1193,musica1193_trecho3,Saudade eu tenho toda hora Que você me vem na memória Eu penso 24 horas em você Estou sem tempo pra te esquecer,Michel Teló,2013,23,https://www.letras.mus.br/michel-telo/se-tudo-fosse-facil/,-1
1193,Se Tudo Fosse Fácil (part. Paula Fernandes),musica1193,musica1193_trecho4,Mas se tiver que me deixar Vai deixando devagar Deixa eu me acostumar com a sua ausência,Michel Teló,2013,17,https://www.letras.mus.br/michel-telo/se-tudo-fosse-facil/,-1
1193,Se Tudo Fosse Fácil (part. Paula Fernandes),musica1193,musica1193_trecho5,Se tudo fosse fácil Eu me jogaria em seus braços Me afogaria em seus beijos Me entregaria de bandeja pra você,Michel Teló,2013,21,https://www.letras.mus.br/michel-telo/se-tudo-fosse-facil/,-1
973,Seguindo Seus Passos,musica973,musica973_trecho2,Seria seu anjo da guarda Para que ninguém a tomasse de mim Ouviria a cada segundo A frase de amor mais linda do mundo Com a voz do vento lhe dizendo assim,Felipe e Falcão,2008,32,https://www.letras.mus.br/felipe-e-falcao/1302660/,-1
973,Seguindo Seus Passos,musica973,musica973_trecho3,"Te amo, te amo, te amo Te amo, te amo, te amo",Felipe e Falcão,2008,12,https://www.letras.mus.br/felipe-e-falcao/1302660/,-1
973,Seguindo Seus Passos,musica973,musica973_trecho4,No quarto em que você dorme Eu iria ser o seu despertador Te acordando todas as manhãs Banhando seu corpo Com a loção do amor,Felipe e Falcão,2008,25,https://www.letras.mus.br/felipe-e-falcao/1302660/,-1
973,Seguindo Seus Passos,musica973,musica973_trecho5,Cada passo que você mudasse Estaria mais junto de mim Bem pertinho do seu coração Na ternura da minha paixão Com a voz do vento lhe dizendo assim,Felipe e Falcão,2008,28,https://www.letras.mus.br/felipe-e-falcao/1302660/,-1
1389,Segunda Opção,musica1389,musica1389_trecho3,"Eu te dei amor, foi só teu o meu coração E você voou, deixou minha vida sem chão Eu te dei amor, foi só teu o meu coração E você voou, deixou minha vida sem chão",Matheus & Kauan,2018,36,https://www.letras.mus.br/matheus-kauan/segunda-opcao/,-1
1389,Segunda Opção,musica1389,musica1389_trecho4,"Voou, voou, abandonou o nosso ninho, foi se aventurar Voou, voou, pousando de galho em galho Agora quer voltar",Matheus & Kauan,2018,19,https://www.letras.mus.br/matheus-kauan/segunda-opcao/,-1
580,Segundo Amor da Sua Vida,musica580,musica580_trecho2,"Na verdade, eu sempre estive Só tô deixando você viver livre Mas, mesmo assim, não quero ver você sofrer Se ela não quiser, já tem quem vai querer Tá na sua frente",Marília Mendonça,2025,32,https://www.letras.mus.br/marilia-mendonca/segundo-amor-da-sua-vida/,-1
580,Segundo Amor da Sua Vida,musica580,musica580_trecho6,"Tenta lá, se não der certo, me avisa Posso ser o segundo, o terceiro, o quarto amor da sua vida",Marília Mendonça,2025,20,https://www.letras.mus.br/marilia-mendonca/segundo-amor-da-sua-vida/,-1
170,Seja Ex,musica170,musica170_trecho1,"(Cê foi embora pra ser o quê? Pra ser ex, não foi?) (Então seja) (então seja ex)",Henrique & Juliano,2025,17,https://www.letras.mus.br/henrique-e-juliano/seja-ex/,-1
170,Seja Ex,musica170,musica170_trecho3,"Porque se continuar nessa levada Cê vai ser o meu talvez pra sempre Porque aqui a gente briga, cê vai embora Mas lá fora cê respeita, não beija e não beira gente",Henrique & Juliano,2025,32,https://www.letras.mus.br/henrique-e-juliano/seja-ex/,-1
170,Seja Ex,musica170,musica170_trecho5,"Cê foi embora pra ser ex, seja ex Cê foi embora pra sumir, some O que cê tá fazendo com a minha vida é putaria, me desculpa Não tem outro nome",Henrique & Juliano,2025,31,https://www.letras.mus.br/henrique-e-juliano/seja-ex/,-1
170,Seja Ex,musica170,musica170_trecho6,"Cê foi embora pra ser ex, seja ex Cê foi embora, então desaparece Porque a gente já passou dos trinta, cê não é mais uma menina E eu não sou moleque",Henrique & Juliano,2025,31,https://www.letras.mus.br/henrique-e-juliano/seja-ex/,-1
170,Seja Ex,musica170,musica170_trecho8,"Cê foi embora pra ser ex, seja ex Cê foi embora, então desaparece Porque a gente já passou dos trinta, cê não é mais uma menina E eu não sou moleque Cresce",Henrique & Juliano,2025,32,https://www.letras.mus.br/henrique-e-juliano/seja-ex/,-1
1102,Sem Esse Coração,musica1102,musica1102_trecho1,Eu queria amar um pouco menos você O meu coração só apanha e vai parar de bater Se eu pudesse tirava esse meu coração Pra deletar a saudade e o toque das suas mãos,João Bosco & Vinícius,2010,34,https://www.letras.mus.br/joao-bosco-viniciusacustico/1601451/,-1
1102,Sem Esse Coração,musica1102,musica1102_trecho3,"E mesmo assim, sem esse coração Eu acho que vou continuar te amando E mesmo assim, sem esse coração Eu acho que vou continuar chorando",João Bosco & Vinícius,2010,25,https://www.letras.mus.br/joao-bosco-viniciusacustico/1601451/,-1
1102,Sem Esse Coração,musica1102,musica1102_trecho4,E mesmo assim sem esse coração Eu acho que vou continuar te amando E mesmo assim sem esse coração Eu acho que vou continuar chorando,João Bosco & Vinícius,2010,25,https://www.letras.mus.br/joao-bosco-viniciusacustico/1601451/,-1
1120,Sem Me Controlar,musica1120,musica1120_trecho1,"A carne é fraca, não sou de lata O corpo pede, eu vou obedecer É meu instinto, tudo o que sinto Eu vou em busca do que dá prazer",Marcos & Belutti,2010,29,https://www.letras.mus.br/marcos-belutti/1664361/,-1
1120,Sem Me Controlar,musica1120,musica1120_trecho3,"Sem me controlar Te pego, te abraço, te beijo na boca Você se segurando, me diz não ser louca Quer ter tudo no seu tempo Tudo num certo momento ai, ai, ai",Marcos & Belutti,2010,32,https://www.letras.mus.br/marcos-belutti/1664361/,-1
508,Sem Sal,musica508,musica508_trecho3,"Tá espalhando por aí que eu esfriei, que eu tô mal Que eu tô sem sal, realmente eu tô Sem saudade de você Eu já fiz foi te esquecer",Marília Mendonça,2019,29,https://www.letras.mus.br/marilia-mendonca/sem-sal/,-1
508,Sem Sal,musica508,musica508_trecho8,"Tá espalhando por aí que eu esfriei, que eu tô mal Que eu tô sem sal, realmente eu tô Sem saudade de você Eu já fiz foi te esquecer Sem saudade de você Eu já fiz foi te esquecer",Marília Mendonça,2019,39,https://www.letras.mus.br/marilia-mendonca/sem-sal/,-1
1368,Sem Você,musica1368,musica1368_trecho1,Nas incertezas de um caminho Que é tão doído sem você Eu já me encontrava tão sozinho Antes de adeus você dizer,Victor & Leo,2007,22,https://www.letras.mus.br/victor-leo/1167457/,-1
1368,Sem Você,musica1368,musica1368_trecho2,"Na mágoa de um sonho que acabou Dia a dia sentia você partir Sem rumo, perdido vou ficando aqui",Victor & Leo,2007,19,https://www.letras.mus.br/victor-leo/1167457/,-1
1074,Sempre Com Você,musica1074,musica1074_trecho1,E eu que achava que A vida fosse só uma viagem Que o mundo tinha me esquecido,Luan Santana,2008,17,https://www.letras.mus.br/luan-santana/1128065/,-1
1074,Sempre Com Você,musica1074,musica1074_trecho4,Eu não resisti a tanto amor O meu coração se entregou E venha o que vier Eu vou estar pra sempre com você,Luan Santana,2008,23,https://www.letras.mus.br/luan-santana/1128065/,-1
1074,Sempre Com Você,musica1074,musica1074_trecho8,(Sempre com você) Pra sempre com você (Sempre com você) Pra sempre com você,Luan Santana,2008,14,https://www.letras.mus.br/luan-santana/1128065/,-1
946,Sensações,musica946,musica946_trecho2,"Agora sou um vento só, a escuridão, eu virei pó Fotografia, sou lembrança do passado Agora sou a prova viva de que nada nessa vida É pra sempre até que prove o contrário",Paula Fernandes,2010,33,https://www.letras.mus.br/paula-fernandes/1846587/,-1
946,Sensações,musica946,musica946_trecho6,"Agora sou um vento só, a escuridão, eu virei pó Fotografia, sou lembrança do passado",Paula Fernandes,2010,15,https://www.letras.mus.br/paula-fernandes/1846587/,-1
804,Sensível Demais,musica804,musica804_trecho1,"Hoje eu tive medo de acordar de um sonho lindo Garantir, reter, guardar essa esperança Ando em paraísos, descaminhos, precipícios Ao teu lado, vejo que ainda sou uma criança",Marília Mendonça,2025,29,https://www.letras.mus.br/marilia-mendonca/sensivel-demais/,-1
399,Senti Saudade de Você,musica399,musica399_trecho1,"Passe o dedo aí nessa lágrima e acalma Quem se foi não foi pra te ver chorar, só acalma",Henrique & Juliano,2023,19,https://www.letras.mus.br/henrique-e-juliano/senti-saudade-de-voce/,-1
689,Sentimento Louco,musica689,musica689_trecho2,"Mas quando te vejo com ela A minha mão gela Minha boca vai secando, eu vou ficando muda Ô meu Deus, me ajuda, o que é que eu vou fazer? Eu sei que tá com ela pra manter as aparências Mas nas suas horas de carência, você vem me ver",Marília Mendonça,2015,50,https://www.letras.mus.br/marilia-mendonca/sentimento-louco/,-1
689,Sentimento Louco,musica689,musica689_trecho3,"E a gente faz amor Me diz que eu sou o seu amor E vai embora antes do dia amanhecer Eu sei que é errado e quem vai entender? Você é casado e eu não quero perder Eu sei, tá com ela, mas amo você Você e ela não têm nada a ver",Marília Mendonça,2015,53,https://www.letras.mus.br/marilia-mendonca/sentimento-louco/,-1
689,Sentimento Louco,musica689,musica689_trecho4,"Eu sei que é errado e quem vai entender? Você é casado e eu não quero perder Eu sei, tá com ela, mas amo você Você e ela não têm nada a ver Sou mais eu e você",Marília Mendonça,2015,38,https://www.letras.mus.br/marilia-mendonca/sentimento-louco/,-1
689,Sentimento Louco,musica689,musica689_trecho6,Eu sei que é errado e quem vai entender? Mas eu amo você Você e ela não têm nada a ver,Marília Mendonça,2015,21,https://www.letras.mus.br/marilia-mendonca/sentimento-louco/,-1
1103,"Separa, Namora",musica1103,musica1103_trecho1,Nossas brigas duram menos que cinco minutos Basta um toque seu pra me acalmar Em um segundo eu esqueço de tudo,Henrique & Juliano,2013,21,https://www.letras.mus.br/henrique-e-juliano/separa-namora/,-1
462,Separação (part. Leonardo),musica462,musica462_trecho1,"Qual terá sido o motivo da nossa separação? Se é que se cansou de mim, não pude perceber Intimidade ferida é o que restou de nós A minha felicidade se foi com você",Eduardo Costa,2007,33,https://www.letras.mus.br/eduardo-costa/992977/,-1
462,Separação (part. Leonardo),musica462,musica462_trecho2,Outro melhor do que eu você não encontrará Também não encontrarei alguém assim como você (assim como você),Eduardo Costa,2007,18,https://www.letras.mus.br/eduardo-costa/992977/,-1
462,Separação (part. Leonardo),musica462,musica462_trecho8,Qual terá sido o motivo da nossa separação?,Eduardo Costa,2007,8,https://www.letras.mus.br/eduardo-costa/992977/,-1
1217,Ser Humano Ou Anjo (part. Orquestra Vila-Lobos),musica1217,musica1217_trecho3,Não preciso gritar Você vem me salvar Você sente quando eu vou chorar Parece não ser desse mundo Porque você sabe de tudo,Matheus & Kauan,2015,23,https://www.letras.mus.br/matheus-kauan/ser-humano-ou-anjo/,-1
1217,Ser Humano Ou Anjo (part. Orquestra Vila-Lobos),musica1217,musica1217_trecho4,"Não sei, se é ser humano ou se é um anjo Exagero é falar de você Passo meu tempo te admirando Só queria saber",Matheus & Kauan,2015,24,https://www.letras.mus.br/matheus-kauan/ser-humano-ou-anjo/,-1
1217,Ser Humano Ou Anjo (part. Orquestra Vila-Lobos),musica1217,musica1217_trecho5,"Se é ser humano ou se é um anjo Diz aí, quero ouvir de você Eu nem sei se te mereço tanto Só queria saber Se é ser humano ou se é um anjo",Matheus & Kauan,2015,34,https://www.letras.mus.br/matheus-kauan/ser-humano-ou-anjo/,-1
1217,Ser Humano Ou Anjo (part. Orquestra Vila-Lobos),musica1217,musica1217_trecho7,Parece não ser desse mundo Porque você sabe de tudo,Matheus & Kauan,2015,10,https://www.letras.mus.br/matheus-kauan/ser-humano-ou-anjo/,-1
1217,Ser Humano Ou Anjo (part. Orquestra Vila-Lobos),musica1217,musica1217_trecho9,"Se é ser humano ou se é um anjo Diz aí, quero ouvir de você Eu nem sei se te mereço tanto Só queria saber",Matheus & Kauan,2015,25,https://www.letras.mus.br/matheus-kauan/ser-humano-ou-anjo/,-1
1217,Ser Humano Ou Anjo (part. Orquestra Vila-Lobos),musica1217,musica1217_trecho10,Se é ser humano ou se é um anjo Exagero é falar de você Passo meu tempo te admirando Só queria saber,Matheus & Kauan,2015,22,https://www.letras.mus.br/matheus-kauan/ser-humano-ou-anjo/,-1
1217,Ser Humano Ou Anjo (part. Orquestra Vila-Lobos),musica1217,musica1217_trecho11,"Ô, ô Se é ser humano ou se é um anjo Ô, ô Você é ser humano ou é um anjo?",Matheus & Kauan,2015,21,https://www.letras.mus.br/matheus-kauan/ser-humano-ou-anjo/,-1
1211,Será Que Vai Rolar?,musica1211,musica1211_trecho3,"Só que essas brincadeiras me fizeram um dia entender Que de tanto ficar junto, eu não consigo te esquecer",Marcos & Belutti,2010,19,https://www.letras.mus.br/marcos-belutti/1651424/,-1
432,Serenata,musica432,musica432_trecho2,"Ele chegou na voadora E o coração, tadin, num golpe foi pra lona Rancou de mim minhas bebida e a farra Só consigo pensar em serenata",Marília Mendonça,2019,26,https://www.letras.mus.br/marilia-mendonca/serenata/,-1
1314,Sete Mares,musica1314,musica1314_trecho4,E toda noite antes de dormir Peço pra uma estrela me guiar até você E juro que nunca vou desistir O amor que eu sinto é o que me faz sobreviver,Matheus & Kauan,2012,31,https://www.letras.mus.br/matheus-kauan/1951769/,-1
306,Seu Astral,musica306,musica306_trecho2,Dizendo pra mim que é sobrenatural Esse amor fora do normal Dizendo pra mim que eu sou o seu astral Que esse amor que está em mim é tão real,Jorge & Mateus,2010,30,https://www.letras.mus.br/jorge-mateus/1709492/,-1
408,Seu Brilho Sumiu (part. Mari Fernandez),musica408,musica408_trecho4,Porque quando cê me viu Seu brilho sumiu Sua noite acabou Passar vergonha ao vivo é pouco pra falador,Israel & Rodolffo,2022,19,https://www.letras.mus.br/israel-rodolfo/seu-brilho-sumiu-part-mari-fernandez/,-1
408,Seu Brilho Sumiu (part. Mari Fernandez),musica408,musica408_trecho5,"Porque quando cê me viu Seu brilho sumiu E pra minha sorte, cão que late não morde Cão que late não morde",Israel & Rodolffo,2022,22,https://www.letras.mus.br/israel-rodolfo/seu-brilho-sumiu-part-mari-fernandez/,-1
37,Seu Polícia,musica37,musica37_trecho2,"Me afogando no álcool O som do carro no talo Manda a multa, que eu vou pagar Mas enquanto ela não voltar Sofrimento é mato Coração em pedaço Compreenda, por favor O meu amor me deixou",Zé Neto e Cristiano,2015,36,https://www.letras.mus.br/ze-neto-cristiano/seu-policia/,-1
1308,Sexto Sentido,musica1308,musica1308_trecho2,"Meu coração, está em suas mãos uuu... E Não me deixes cair Você sabe que estou, Preso em suas mãos",Marco e Mario,2010,20,https://www.letras.mus.br/marco-mario/1734686/,-1
1308,Sexto Sentido,musica1308,musica1308_trecho3,"Te envio poemas de meu punho em letra Te envio canções pra que você entenda Te envio minhas fotos pra que você me veja Não estamos juntos, mas tenho certeza.",Marco e Mario,2010,30,https://www.letras.mus.br/marco-mario/1734686/,-1
1308,Sexto Sentido,musica1308,musica1308_trecho4,Assim eu espero que nunca se esqueça Que o meu coração está em suas mãos,Marco e Mario,2010,15,https://www.letras.mus.br/marco-mario/1734686/,-1
1308,Sexto Sentido,musica1308,musica1308_trecho5,"Cuidado, Muito cuidado, Cuidado, Que meu coração está em suas mãos",Marco e Mario,2010,11,https://www.letras.mus.br/marco-mario/1734686/,-1
1308,Sexto Sentido,musica1308,musica1308_trecho6,Não perco a esperança de encontrar contigo Não importa o que diga o destino Eu quero manter teu perfume comigo E viver um amor proibido.,Marco e Mario,2010,25,https://www.letras.mus.br/marco-mario/1734686/,-1
1308,Sexto Sentido,musica1308,musica1308_trecho7,Meu coração está em suas mãos uuu... E Não me deixes cair Você sabe que estou Preso em suas mãos,Marco e Mario,2010,20,https://www.letras.mus.br/marco-mario/1734686/,-1
1308,Sexto Sentido,musica1308,musica1308_trecho9,Assim eu espero que nunca se esqueça Que meu coração está em suas mãos,Marco e Mario,2010,14,https://www.letras.mus.br/marco-mario/1734686/,-1
1308,Sexto Sentido,musica1308,musica1308_trecho10,"Cuidado, Cuidado, Muito cuidado, Cuidado, Vem ficar comigo estou em suas mãos Não importa o que diga o destino, te quero aqui comigo Eu quero ter seus lábios, teu carinho e seu sorriso.",Marco e Mario,2010,33,https://www.letras.mus.br/marco-mario/1734686/,-1
1308,Sexto Sentido,musica1308,musica1308_trecho13,"Cuidado, Cuidado, Que o meu coração está em suas mãos Que meu coração está em suas mãos Que meu coração está em suas mãos",Marco e Mario,2010,24,https://www.letras.mus.br/marco-mario/1734686/,-1
128,Silêncio,musica128,musica128_trecho1,Se você chorar em silêncio Como vou saber Que sente minha falta? Ouvi dizer que cansou de bancar o forte Sua bússola aponta pro norte do nosso amor,Marília Mendonça,2015,28,https://www.letras.mus.br/marilia-mendonca/silencio/,-1
128,Silêncio,musica128,musica128_trecho2,Nossas promessas não me interessam Foi a última coisa que ouvi você falar Pediu pra não te procurar Pra sumir da sua vida,Marília Mendonça,2015,23,https://www.letras.mus.br/marilia-mendonca/silencio/,-1
128,Silêncio,musica128,musica128_trecho3,Tô sabendo Que não para de chorar Que pediu pro vento soprar Meu perfume da sua cama,Marília Mendonça,2015,17,https://www.letras.mus.br/marilia-mendonca/silencio/,-1
128,Silêncio,musica128,musica128_trecho4,Tô sabendo Que anda ouvindo a minha voz Que sentiu meu cheiro nos lençóis Abraçado no seu travesseiro A saudade apertando no peito,Marília Mendonça,2015,23,https://www.letras.mus.br/marilia-mendonca/silencio/,-1
210,Sinais,musica210,musica210_trecho4,Sinais me ajudaram a perceber Que o meu caminho é você E ninguém no mundo vai fazer Eu me sentir de novo assim,Luan Santana,2009,23,https://www.letras.mus.br/luan-santana/1540847/,-1
210,Sinais,musica210,musica210_trecho5,"Sinais vindos de um lugar tão longe Às vezes se escondem No farol em uma ilha, numa noite tão vazia Eu beijei você até o amanhecer",Luan Santana,2009,26,https://www.letras.mus.br/luan-santana/1540847/,-1
1271,Sinônimo de Amor,musica1271,musica1271_trecho3,Um sentimento que até junto da saudade Tão de difícil de explicar Bem mais fácil de entender,Bruno & Marrone,2009,17,https://www.letras.mus.br/bruno-e-marrone/1660732/,-1
1271,Sinônimo de Amor,musica1271,musica1271_trecho5,"Me deu a luz, me trouxe a paz, me deu o mundo Eu te adoro desde o primeiro segundo É pai e mãe É o meu chão, melhor amiga És o meu anjo Eu vou te amar por toda a vida",Bruno & Marrone,2009,41,https://www.letras.mus.br/bruno-e-marrone/1660732/,-1
1271,Sinônimo de Amor,musica1271,musica1271_trecho10,"Me deu a luz , me trouxe a paz, me deu o mundo Eu te adoro desde o primeiro segundo É pai e mãe É o meu chão, melhor amiga És o meu anjo Eu vou te amar, mamãe querida",Bruno & Marrone,2009,40,https://www.letras.mus.br/bruno-e-marrone/1660732/,-1
1303,Sinto Falta de Você,musica1303,musica1303_trecho1,Parecia muito fácil A gente ficar junto Mas foi tudo pro espaço Nesse engano absurdo,Victor & Leo,2007,15,https://www.letras.mus.br/victor-leo/797048/,-1
1303,Sinto Falta de Você,musica1303,musica1303_trecho2,Você ficou tão diferente E aquele sonho da gente Mesmo não sendo mais seu Não morreu,Victor & Leo,2007,16,https://www.letras.mus.br/victor-leo/797048/,-1
1303,Sinto Falta de Você,musica1303,musica1303_trecho4,Cada coisa que eu consigo Quero dividir contigo Não vai ser fácil esquecer,Victor & Leo,2007,13,https://www.letras.mus.br/victor-leo/797048/,-1
1303,Sinto Falta de Você,musica1303,musica1303_trecho12,Esquecer você Esquecer você,Victor & Leo,2007,4,https://www.letras.mus.br/victor-leo/797048/,-1
1146,Sinto Saudade,musica1146,musica1146_trecho3,"Eu sinto saudade Eu fico, eu vivo sentindo a sua saudade, de nós, na voz Saudade da gente, saudade é pra sempre Eu vivo sentindo a sua saudade",Thaeme e Thiago,2013,28,https://www.letras.mus.br/thaeme-thiago/sinto-saudade/,-1
1146,Sinto Saudade,musica1146,musica1146_trecho4,"Sinto saudade do meu corpo, pouco a pouco ir descobrindo o seu Da gente chorando, se amando sem acreditar no que aconteceu Sinto saudade daquela covinha estampada em seu sorriso Todo envergonhado quando eu te falei que não seria só um amigo",Thaeme e Thiago,2013,42,https://www.letras.mus.br/thaeme-thiago/sinto-saudade/,-1
1146,Sinto Saudade,musica1146,musica1146_trecho6,"Eu sinto saudade Eu fico, eu vivo sentindo a sua saudade, de nós, na voz Saudade da gente, saudade é pra sempre",Thaeme e Thiago,2013,22,https://www.letras.mus.br/thaeme-thiago/sinto-saudade/,-1
1146,Sinto Saudade,musica1146,musica1146_trecho7,"Eu vivo sentindo saudade Eu fico, eu vivo sentindo a sua saudade, de nós, na voz Saudade da gente, saudade é pra sempre Eu vivo sentindo a sua saudade",Thaeme e Thiago,2013,29,https://www.letras.mus.br/thaeme-thiago/sinto-saudade/,-1
859,Só de Você,musica859,musica859_trecho4,Enquanto a Lua brilhar E o Sol aparecer Juro que o meu coração vai ser só de você,João Neto e Frederico,2007,18,https://www.letras.mus.br/joao-neto-frederico/754199/,-1
1540,Só Eu Sei,musica1540,musica1540_trecho1,Só eu sei O quanto te amo e te quero bem Só eu sei O quanto é triste amar e ficar sem ninguém,Jorge & Mateus,2009,23,https://www.letras.mus.br/jorge-mateus/1444408/,-1
1540,Só Eu Sei,musica1540,musica1540_trecho3,Já fiz canções de amor Chorei de saudade e dor e você nem aí Quando me vê finge que não me conhece Quando sai esquece que estou aqui,Jorge & Mateus,2009,28,https://www.letras.mus.br/jorge-mateus/1444408/,-1
1240,Só Falta Você,musica1240,musica1240_trecho2,"Você é, na minha vida, o meu porto seguro Meu destino, meu passado, presente e futuro Fiz promessas de joelhos pra te esquecer Nenhum santo me atendeu e eu já sei por que",Jorge & Mateus,2009,33,https://www.letras.mus.br/jorge-mateus/1449301/,-1
1240,Só Falta Você,musica1240,musica1240_trecho6,"Meu bem querer, só falta você Meu bem querer, só falta você Meu bem querer, só falta você Meu bem querer, só falta você",Jorge & Mateus,2009,24,https://www.letras.mus.br/jorge-mateus/1449301/,-1
1606,Só Nós Dois,musica1606,musica1606_trecho2,"Sigo levando na memória, eu tô perdido Mas te confesso, não tá fácil, é doído Às vezes sinto o meu coração parar de bater",Lucas Lucco,2014,24,https://www.letras.mus.br/lucas-lucco/so-nos-dois/,-1
1606,Só Nós Dois,musica1606,musica1606_trecho3,"Me traz o ar de volta, não consigo respirar Escuto a tua voz, mesmo distante, a me chamar Aonde estiver, não perco a fé, a gente vai se amar",Lucas Lucco,2014,29,https://www.letras.mus.br/lucas-lucco/so-nos-dois/,-1
1606,Só Nós Dois,musica1606,musica1606_trecho4,Só nós dois até o amanhecer E depois da gente se envolver Ver o sol nascer e prometer Que dessa vez vai ser pra valer,Lucas Lucco,2014,25,https://www.letras.mus.br/lucas-lucco/so-nos-dois/,-1
1606,Só Nós Dois,musica1606,musica1606_trecho5,Quero sua cabeça no meu peito Só nós dois curtindo esse momento E você dizendo do seu jeito Que nunca viveu momento tão perfeito,Lucas Lucco,2014,24,https://www.letras.mus.br/lucas-lucco/so-nos-dois/,-1
1543,Só Penso Em Nós,musica1543,musica1543_trecho1,"Cansei de mentir pra mim E decidi o que fazer Agora vou dizer que sim Vou mostrar que gosto de você Vou voando, deslizando ao vento Sem saber aonde chegar Se um dia vou, em pensamento Te encontrar em algum lugar",Paula Fernandes,2005,41,https://www.letras.mus.br/paula-fernandes/1332480/,-1
1543,Só Penso Em Nós,musica1543,musica1543_trecho3,Não vou desistir Vou acreditar Ter você pra mim É melhor que o ar,Paula Fernandes,2005,14,https://www.letras.mus.br/paula-fernandes/1332480/,-1
1557,Só Se For Gelada,musica1557,musica1557_trecho1,"Gato bebe leite Meu pai toma chá Vovô, só no azeite",Conrado e Aleksandro,2013,11,https://www.letras.mus.br/conrado-aleksandro/so-se-for-gelada/,-1
421,Só Tem Eu,musica421,musica421_trecho2,"Na foto que cê não apagou Na legenda que falava de amor Escuta teu coração, por favor",Zé Felipe,2020,17,https://www.letras.mus.br/ze-felipe/so-tem-eu/,-1
421,Só Tem Eu,musica421,musica421_trecho3,"Se não sou eu, vai ser quem O amor teu? Só você não percebeu Que só tem eu Se não sou eu, vai ser quem O amor teu? Só você não percebeu Que só tem eu Volta, pelo amor de Deus",Zé Felipe,2020,41,https://www.letras.mus.br/ze-felipe/so-tem-eu/,-1
421,Só Tem Eu,musica421,musica421_trecho4,"Na foto que cê não apagou Na legenda que falava dе amor Escuta seu coração, por favor",Zé Felipe,2020,17,https://www.letras.mus.br/ze-felipe/so-tem-eu/,-1
421,Só Tem Eu,musica421,musica421_trecho5,"Se não sou eu, vai sеr quem O amor teu? Só você não percebeu Que só tem eu Se não sou eu, vai ser quem O amor teu? Só você não percebeu Que só tem eu Volta, pelo amor de Deus",Zé Felipe,2020,41,https://www.letras.mus.br/ze-felipe/so-tem-eu/,-1
1268,Só Vou Beber Mais Hoje,musica1268,musica1268_trecho1,"Já fiz uma promessa e Deus vai me ajudar Eu só vou beber mais hoje, amanhã vou parar Eu já fiz uma promessa e Deus vai me ajudar Eu só vou beber mais hoje, amanhã vou parar",Humberto e Ronaldo,2012,37,https://www.letras.mus.br/humberto-ronaldo/so-vou-beber-mais-hoje/,-1
1268,Só Vou Beber Mais Hoje,musica1268,musica1268_trecho2,"Eu vou parar, eu vou parar Eu vou parar, eu vou parar Eu só vou beber mais hoje, amanhã vou parar",Humberto e Ronaldo,2012,21,https://www.letras.mus.br/humberto-ronaldo/so-vou-beber-mais-hoje/,-1
1268,Só Vou Beber Mais Hoje,musica1268,musica1268_trecho5,"Mas eu sei que faz mal, decidi, vou parar Só mais hoje e amanhã, não dá, não dá, não dá Mais eu sei, decidi, vou parar Só mais hoje e amanhã, não dá, não dá, não dá",Humberto e Ronaldo,2012,37,https://www.letras.mus.br/humberto-ronaldo/so-vou-beber-mais-hoje/,-1
1268,Só Vou Beber Mais Hoje,musica1268,musica1268_trecho7,"Eu vou parar, eu vou parar Eu vou parar, eu vou parar Eu só vou beber mais hoje, amanhã vou parar Eu vou parar, eu vou parar Eu vou parar, eu vou parar Eu só vou beber mais hoje, amanhã vou parar",Humberto e Ronaldo,2012,42,https://www.letras.mus.br/humberto-ronaldo/so-vou-beber-mais-hoje/,-1
1268,Só Vou Beber Mais Hoje,musica1268,musica1268_trecho9,"Mas eu sei que faz mal, decidi, vou parar Só mais hoje e amanhã, não dá, não dá, não dá Mas eu sei que faz mal, decidi, vou parar Só mais hoje e amanhã, não dá, não dá, não dá",Humberto e Ronaldo,2012,40,https://www.letras.mus.br/humberto-ronaldo/so-vou-beber-mais-hoje/,-1
1268,Só Vou Beber Mais Hoje,musica1268,musica1268_trecho12,"Eu só vou beber mais hoje, amanhã vou parar",Humberto e Ronaldo,2012,9,https://www.letras.mus.br/humberto-ronaldo/so-vou-beber-mais-hoje/,-1
426,Sol Nos Olhos,musica426,musica426_trecho2,"Não deixa saudade, pelo amor de Deus Que, quando é pra ser, o amor identifica Não abre essa boca pra dizer adeus Não sai da minha vida",Jorge & Mateus,2025,27,https://www.letras.mus.br/jorge-mateus/sol-nos-olhos/,-1
246,Solteiro Forçado,musica246,musica246_trecho3,"Saio, mas eu não fico legal Minha bateria social acaba na primeira hora Tudo que eu faço pra esquecer No final, lembra você E agora?",Ana Castela,2024,25,https://www.letras.mus.br/ana-castela/solteiro-forcado/,-1
246,Solteiro Forçado,musica246,musica246_trecho4,"Eu tô sendo solteiro forçado, uh Eu tô beijando sem querer ser beijado, uh Era pra ser você comigo aqui do lado Eu tô na bagaceira, mas tô só o bagaço",Ana Castela,2024,31,https://www.letras.mus.br/ana-castela/solteiro-forcado/,-1
246,Solteiro Forçado,musica246,musica246_trecho9,"Era pra ser você comigo aqui do lado Eu tô na bagaceira, mas tô só o bagaço",Ana Castela,2024,17,https://www.letras.mus.br/ana-castela/solteiro-forcado/,-1
1442,Solteiro Não Trai,musica1442,musica1442_trecho1,"Já é a quinta vez Que você liga, assim, do nada Que dorme em cama separada A quinta vez que você terminou",Gustavo Mioto,2022,22,https://www.letras.mus.br/gustavo-mioto/solteiro-nao-trai/,-1
1442,Solteiro Não Trai,musica1442,musica1442_trecho2,Mas é a primeira vez Que eu conheço outra pessoa Que eu tô beijando outra boca Depois que eu conheci você,Gustavo Mioto,2022,21,https://www.letras.mus.br/gustavo-mioto/solteiro-nao-trai/,-1
1442,Solteiro Não Trai,musica1442,musica1442_trecho3,Então diz por que Tá me ligando com essa voz de raiva Se entre nós não existe mais nada Foi esse fim que você escolheu,Gustavo Mioto,2022,25,https://www.letras.mus.br/gustavo-mioto/solteiro-nao-trai/,-1
728,Somos Apenas Um,musica728,musica728_trecho1,"Hoje eu quero te tocar, sentir seu coração Quero namorar, viver essa paixão Me dá um beijo Nesse amor somos apenas um Oh, meu amor, me abrace Amor, somos apenas um",Luan Santana,2009,31,https://www.letras.mus.br/luan-santana/1407543/,-1
728,Somos Apenas Um,musica728,musica728_trecho4,"Aí então, quando você sentir os lábios meus Verá que o seu caminho é de encontro ao meu E, nesse beijo, nosso amor será apenas um Oh, meu amor, me abrace Amor, somos apenas um Oh, somos apenas um",Luan Santana,2009,39,https://www.letras.mus.br/luan-santana/1407543/,-1
728,Somos Apenas Um,musica728,musica728_trecho6,"Aí então, quando você sentir os lábios meus Verá que o seu caminho é de encontro ao meu E, nesse beijo, nosso amor será apenas um Oh, meu amor, me abrace Amor somos apenas um Oh, meu amor, me abrace Amor somos apenas um Oh, meu amor, me abrace Amor somos apenas um",Luan Santana,2009,53,https://www.letras.mus.br/luan-santana/1407543/,-1
1277,Sonhando,musica1277,musica1277_trecho3,"Se passa o dia, o tempo e conto as horas E eu sem perceber Que estou parado vendo o seu retrato E não vou mais te ver E vou tentando aceitar",Bruno & Marrone,2010,31,https://www.letras.mus.br/bruno-e-marrone/1743238/,-1
1277,Sonhando,musica1277,musica1277_trecho5,"Se o telefone toca, Eu já sei mesmo que não é você Se tudo que um dia me falou Eu vejo agora acontecer Se a saudade aperta E eu não tenho nada a fazer Se não apenas chorar",Bruno & Marrone,2010,38,https://www.letras.mus.br/bruno-e-marrone/1743238/,-1
1483,Sonho,musica1483,musica1483_trecho3,Hoje eu reparei no seu batom Vi que a sua roupa caiu bem Que o seu perfume é tão bom E o sorriso lindo que só você tem,Cleber e Cauan,2016,28,https://www.letras.mus.br/cleber-cauan/sonho/,-1
1483,Sonho,musica1483,musica1483_trecho4,"Viu que eu reparei em tudo?! Deve ta me estranhando, Eu já te perdi uma vez, não posso te perder de novo Nem em sonho Uuuuh uuuuh..",Cleber e Cauan,2016,27,https://www.letras.mus.br/cleber-cauan/sonho/,-1
1213,Sonho Bom,musica1213,musica1213_trecho1,Um beija-flor em meu jardim Cheirando rosas e jasmins Um céu repleto de fantasia Com sonho bom em noite fria,Munhoz & Mariano,2011,20,https://www.letras.mus.br/munhoz-mariano/1742852/,-1
1213,Sonho Bom,musica1213,musica1213_trecho3,Para o mundo que eu quero descer Tava na lua com saudades de você Ainda bem que acordei pra te amar Nesse sonho tinha alguém querendo nos separar,Munhoz & Mariano,2011,28,https://www.letras.mus.br/munhoz-mariano/1742852/,-1
72,Sonho de Amor,musica72,musica72_trecho1,Se uma estrela cadente o céu cruzar E uma chama no corpo me acender Vou fazer um pedido e te chamar Pro começo do sonho acontecer,Zezé Di Camargo & Luciano,2012,26,https://www.letras.mus.br/zeze-di-camargo-e-luciano/1972912/,-1
72,Sonho de Amor,musica72,musica72_trecho2,"Quando os dedos tocarem lá no céu O universo vai todo estremecer E as estrelas rodando em carrossel Testemunhas do amor, eu e você",Zezé Di Camargo & Luciano,2012,24,https://www.letras.mus.br/zeze-di-camargo-e-luciano/1972912/,-1
72,Sonho de Amor,musica72,musica72_trecho3,"E as batidas do nosso coração Se acalmando depois da explosão Quando o Sol se prepara pra nascer Oh, sonho de amor",Zezé Di Camargo & Luciano,2012,22,https://www.letras.mus.br/zeze-di-camargo-e-luciano/1972912/,-1
72,Sonho de Amor,musica72,musica72_trecho4,"As noites sabem como eu te esperei Não conto pra ninguém A Lua sabe que eu me apaixonei Mas se você é real, por que você não vem? Oh, sonho de amor",Zezé Di Camargo & Luciano,2012,32,https://www.letras.mus.br/zeze-di-camargo-e-luciano/1972912/,-1
507,Sonho de Todo Casal,musica507,musica507_trecho1,"Quando eu bati o olho Eu já percebi que era você Yeah, yeah Exatamente como um sonho E não precisa fechar o olho pra ver Yeah, yeah",Marcos & Belutti,2025,27,https://www.letras.mus.br/marcos-belutti/sonho-de-todo-casal/,-1
507,Sonho de Todo Casal,musica507,musica507_trecho2,"Sorte a minha, sorte a nossa É pra vida, é agora",Marcos & Belutti,2025,11,https://www.letras.mus.br/marcos-belutti/sonho-de-todo-casal/,-1
507,Sonho de Todo Casal,musica507,musica507_trecho3,Arrepia Dá gelo na barriga Me tira um sorriso bobo Me faz imaginar família Me faz amar feito louco E a parte principal É que a gente é o sonho de todo casal,Marcos & Belutti,2025,33,https://www.letras.mus.br/marcos-belutti/sonho-de-todo-casal/,-1
507,Sonho de Todo Casal,musica507,musica507_trecho8,"Arrepia Dá gelo na barriga Me tira um sorriso bobo Me faz imaginar família Me faz amar feito louco E a parte principal É que a gente é o sonho de todo casal Yeah, yeah, yeah",Marcos & Belutti,2025,36,https://www.letras.mus.br/marcos-belutti/sonho-de-todo-casal/,-1
1059,Sorria (part. MC Don Juan),musica1059,musica1059_trecho2,"Eu não tô te segurando Quer ir? Vai Você me ama e eu te amo Mas se quer sair da minha vida, sai",Luan Santana,2021,23,https://www.letras.mus.br/luan-santana/sorria-part-mc-don-juan/,-1
1059,Sorria (part. MC Don Juan),musica1059,musica1059_trecho3,Sorria Olha sua liberdade aí Sorria (sorria) Enquanto ainda consegue sorrir Porque,Luan Santana,2021,12,https://www.letras.mus.br/luan-santana/sorria-part-mc-don-juan/,-1
1059,Sorria (part. MC Don Juan),musica1059,musica1059_trecho4,Quando perceber que seus defeitos Só comigo eram perfeitos Não tem jeito Você vai chorar por mim,Luan Santana,2021,17,https://www.letras.mus.br/luan-santana/sorria-part-mc-don-juan/,-1
1059,Sorria (part. MC Don Juan),musica1059,musica1059_trecho5,Quando beijar outra boca E não quiser tirar a roupa Não dá outra Você vai chorar por mim,Luan Santana,2021,18,https://www.letras.mus.br/luan-santana/sorria-part-mc-don-juan/,-1
1059,Sorria (part. MC Don Juan),musica1059,musica1059_trecho6,"Vai piorar, desidratar Se me ver por aí na vida louca Quando perceber que seus defeitos Só comigo eram perfeitos Não tem jeito Você vai chorar por mim (Vai chorar por mim)",Luan Santana,2021,32,https://www.letras.mus.br/luan-santana/sorria-part-mc-don-juan/,-1
1059,Sorria (part. MC Don Juan),musica1059,musica1059_trecho8,"Com as amigas fica louca Sente falta da minha boca Cê fala que não, mas me ama e você sabe Vê se não confunde o meu amor Que se a brisa passa, a bad bate E se ela bate?",Luan Santana,2021,39,https://www.letras.mus.br/luan-santana/sorria-part-mc-don-juan/,-1
1059,Sorria (part. MC Don Juan),musica1059,musica1059_trecho12,"Vai piorar, desidratar Se me ver por aí na vida louca Quando perceber que seus defeitos Só comigo eram perfeitos Não tem jeito Você vai chorar",Luan Santana,2021,26,https://www.letras.mus.br/luan-santana/sorria-part-mc-don-juan/,-1
1059,Sorria (part. MC Don Juan),musica1059,musica1059_trecho13,Vai chorar por mim Vai chorar por mim,Luan Santana,2021,8,https://www.letras.mus.br/luan-santana/sorria-part-mc-don-juan/,-1
1059,Sorria (part. MC Don Juan),musica1059,musica1059_trecho16,"Vai piorar, desidratar Se me ver por aí na vida louca Quando perceber que seus defeitos Só comigo eram perfeitos Só comigo são perfeitos Você vai, vai, vai",Luan Santana,2021,28,https://www.letras.mus.br/luan-santana/sorria-part-mc-don-juan/,-1
1059,Sorria (part. MC Don Juan),musica1059,musica1059_trecho17,"Vai piorar, desidratar Se me ver por aí na vida louca Quando perceber que seus defeitos Só comigo eram perfeitos Não tem jeito Você vai chorar por mim",Luan Santana,2021,28,https://www.letras.mus.br/luan-santana/sorria-part-mc-don-juan/,-1
954,Sorte,musica954,musica954_trecho1,Sorte é tá na rua num dia de chuva Ter alguém pra dividir o seu guarda-chuva Sorte é ter alguém te esperando em casa E com um beijo apagar a semana estressada,Diego e Victor Hugo,2021,32,https://www.letras.mus.br/diego-victor-hugo/sorte/,-1
954,Sorte,musica954,musica954_trecho3,Sorte é quando não se tem nada Mas se enxerga um tudo Num olhar de um amor absoluto,Diego e Victor Hugo,2021,18,https://www.letras.mus.br/diego-victor-hugo/sorte/,-1
985,Sorte,musica985,musica985_trecho6,Eu não quero te perder Dou minha vida por você Agradeço por te ter Eu sempre vou mimar você,Simone & Simaria,2012,19,https://www.letras.mus.br/simone-simaria-as-coleguinhas/1630671/,-1
1484,Sorte É Ter Você,musica1484,musica1484_trecho1,Eu venho de sonhos vividos Amores fracassados de ilusões perdidas Passos caminhados de um deserto Que eu tento me esconder,João Bosco & Vinícius,2014,20,https://www.letras.mus.br/joao-bosco-viniciusacustico/sorte-e-ter-voce/,-1
1484,Sorte É Ter Você,musica1484,musica1484_trecho3,"E o meu coração, partido em ruínas Se reconstruiu no seu olhar, menina Eu quero te querer",João Bosco & Vinícius,2014,17,https://www.letras.mus.br/joao-bosco-viniciusacustico/sorte-e-ter-voce/,-1
1484,Sorte É Ter Você,musica1484,musica1484_trecho4,"De tantas Renatas, Flávias e Karinas Conheci mil Anas, muitas Carolinas Mas sorte é ter você",João Bosco & Vinícius,2014,16,https://www.letras.mus.br/joao-bosco-viniciusacustico/sorte-e-ter-voce/,-1
1195,Sorte Que a Gente Tem a Vida Inteira,musica1195,musica1195_trecho2,A gente só tá dando volta sem saber o rumo Ao seu lado eu me sinto diferente Eu não sei por que,Munhoz & Mariano,2011,22,https://www.letras.mus.br/munhoz-mariano/sorte-que-a-gente-tem-a-vida-inteira/,-1
1195,Sorte Que a Gente Tem a Vida Inteira,musica1195,musica1195_trecho3,A gente tá se apaixonando sem saber o rumo Já sou o seu melhor amigo Mas não é isso que eu quero se Não é isso que eu quero ser,Munhoz & Mariano,2011,30,https://www.letras.mus.br/munhoz-mariano/sorte-que-a-gente-tem-a-vida-inteira/,-1
712,Sosseguei,musica712,musica712_trecho1,Tô virado já tem uns três dias Tô bebendo o que eu jamais bebi Vou falar o que eu nunca falei É a primeira e a última vez,Jorge & Mateus,2016,28,https://www.letras.mus.br/jorge-mateus/eu-sosseguei/,-1
712,Sosseguei,musica712,musica712_trecho4,"E nessa vida agora somos dois, três, quatro Quantos você quiser A partir de hoje, eu sou um homem de uma só mulher",Jorge & Mateus,2016,23,https://www.letras.mus.br/jorge-mateus/eu-sosseguei/,-1
463,Sou Eu,musica463,musica463_trecho1,"Ele te provoca pra mostrar que é melhor que eu Joga todo charme que puder pra ver se me venceu Olha pra você com aquele jeito de quem vai te amar Mais do que eu, mais do que eu",Bruno & Marrone,2009,39,https://www.letras.mus.br/bruno-e-marrone/1460074/,-1
463,Sou Eu,musica463,musica463_trecho2,Ele sempre chega nos lugares que você está Quer aparecer de qualquer jeito pra você notar Pra quem sabe ler um pingo é letra eu posso decifrar Seu jogo de amor também sei jogar,Bruno & Marrone,2009,34,https://www.letras.mus.br/bruno-e-marrone/1460074/,-1
463,Sou Eu,musica463,musica463_trecho3,"Quando o telefone toca você já não quer atender Pode ser ele do outro lado pra falar com você Não sou eu Acho que é melhor você contar pra ele de uma vez Que esse amor é todo meu eu não divido por três Sou eu, sou eu",Bruno & Marrone,2009,48,https://www.letras.mus.br/bruno-e-marrone/1460074/,-1
21,Sua Boca Mente (You're Still The One) (part. Ana Castela),musica21,musica21_trecho3,"Chorei (chorei), eu sei (eu sei) Que sentimento não se cobra Mas a paixão Cegou os meus olhos E o coração",Zé Felipe,2025,21,https://www.letras.mus.br/ze-felipe/sua-boca-mente-youre-still-the-one-part-ana-castela/,-1
21,Sua Boca Mente (You're Still The One) (part. Ana Castela),musica21,musica21_trecho4,(A solidão) quem só me fez chorar? Tu Quem só me fez beber? Tu O seu amor me fez tão mal (A solidão) mas eu só sei amar tu Mas eu só sei querer tu O seu amor é surreal,Zé Felipe,2025,40,https://www.letras.mus.br/ze-felipe/sua-boca-mente-youre-still-the-one-part-ana-castela/,-1
220,Sublime Renúncia,musica220,musica220_trecho1,Hoje meus dias são de tristeza e solidão Trago em minh'alma uma profunda conformação Renunciei meu grande amor um dia Nos braços dela em que tão triste eu dizia Beijando os lábios do meu amor com frenesi Não chores por favor porque preciso partir,João Neto e Frederico,2010,44,https://www.letras.mus.br/joao-neto-frederico/1044664/,-1
220,Sublime Renúncia,musica220,musica220_trecho2,"Esse foi o meu último beijo Satisfiz o meu desejo O pior foi te perder Resignemos, Oh! Querida Não lamentemos a vida Nosso destino é sofrer",João Neto e Frederico,2010,26,https://www.letras.mus.br/joao-neto-frederico/1044664/,-1
220,Sublime Renúncia,musica220,musica220_trecho5,"Esse foi o meu último beijo Satisfiz o meu desejo O pior foi te perder Resignemos, Oh! Querida Não lamentemos a vida Nosso destino é sofrer.",João Neto e Frederico,2010,26,https://www.letras.mus.br/joao-neto-frederico/1044664/,-1
1586,Sufoco,musica1586,musica1586_trecho2,Como que eu faço pra tirar da cabeça Sendo que você não sai do meu coração? Sempre que me pede pra que eu te esqueça Fico no sufoco com essa paixão,Luan Santana,2008,31,https://www.letras.mus.br/luan-santana/1238312/,-1
1586,Sufoco,musica1586,musica1586_trecho3,"Eu não sou brinquedo, mas você me pisa E sem querer judia do meu coração E faz minha cabeça, sempre que decido te dizer um não",Luan Santana,2008,26,https://www.letras.mus.br/luan-santana/1238312/,-1
1586,Sufoco,musica1586,musica1586_trecho15,E tira o meu sufoco com o seu prazer,Luan Santana,2008,9,https://www.letras.mus.br/luan-santana/1238312/,-1
662,Suíte 14 (part. MC Guimê),musica662,musica662_trecho4,"Suíte 14, banheira de espuma Nós dois se amando e a Lua por testemunha Jantar à luz de vela, champanhe com cereja E a vida inteira o nosso amor de sobremesa",Henrique & Diego,2015,31,https://www.letras.mus.br/henrique-diego/suite-14/,-1
662,Suíte 14 (part. MC Guimê),musica662,musica662_trecho5,"É, de sobremesa cê vem curtindo Mulher, mas que beleza te ver sorrindo É o que me faz ver o dia mais lindo Viver em paz, nós dois num só caminho Vou de mansinho, veja Te amo, te odeio, mas mesmo assim quero você Só você pra me ganhar com o olhar Contigo até me perco, te dou direito de me achar",Henrique & Diego,2015,62,https://www.letras.mus.br/henrique-diego/suite-14/,-1
662,Suíte 14 (part. MC Guimê),musica662,musica662_trecho9,A vida inteira o nosso amor de sobremesa,Henrique & Diego,2015,8,https://www.letras.mus.br/henrique-diego/suite-14/,-1
662,Suíte 14 (part. MC Guimê),musica662,musica662_trecho10,"Quer ser durona, mas é sensível como um vidro Se emociona com nós se amando em uma hidro Vem como brilho da estrela que brilha da ilha particular Você merece o melhor, então venha aqui buscar",Henrique & Diego,2015,36,https://www.letras.mus.br/henrique-diego/suite-14/,-1
816,Sujeito,musica816,musica816_trecho1,Do que adianta apagar meu número da agenda Se você sabe que ele tá gravado dentro da sua memória? Do que adianta tomar todas no fim de semana Se na segunda-feira vai se repetir a mesma história?,Gusttavo Lima,2018,37,https://www.letras.mus.br/gusttavo-lima/sujeito/,-1
816,Sujeito,musica816,musica816_trecho3,"E quando se tocar que não tem volta Cê vai querer voltar, faço uma aposta Vai sentir, por dentro, tão vazia Vai ver que era feliz e não sabia Vai sobrar espaço na sua cama Mas vai faltar alguém pra dizer que te ama Mas mesmo ele tendo mil defeitos Ninguém te completava como aquele sujeito",Gusttavo Lima,2018,56,https://www.letras.mus.br/gusttavo-lima/sujeito/,-1
1473,Super Amor,musica1473,musica1473_trecho1,Eu já desafiei a lei da gravidade Já voei sem asas pra te procurar Tenho um radar no peito batendo de saudade É o meu coração querendo te encontrar,Luan Santana,2011,29,https://www.letras.mus.br/luan-santana/1779460/,-1
1473,Super Amor,musica1473,musica1473_trecho3,Eu quero ser o seu super-herói Te dar um super amor que nem o tempo destrói Quero mil anos pra te amar Só uma vida não basta Para o amor que tenho pra te dar,Luan Santana,2011,35,https://www.letras.mus.br/luan-santana/1779460/,-1
108,Supera,musica108,musica108_trecho2,"Pra você isso é amor Mas pra ele isso não passa de um plano B Se não pegar ninguém da lista, liga pra você Te usa e joga fora",Marília Mendonça,2019,29,https://www.letras.mus.br/marilia-mendonca/supera/,-1
108,Supera,musica108,musica108_trecho3,"Para de insistir, chega de se iludir O que cê tá passando, eu já passei e eu sobrevivi Se ele não te quer, supera Se ele não te quer, supera",Marília Mendonça,2019,30,https://www.letras.mus.br/marilia-mendonca/supera/,-1
677,Surdo e Mudo,musica677,musica677_trecho3,"E o menino curioso começou falar Eu não falo, eu não escuto mas quero pular Eu não falo, eu não escuto mas quero marchar Da um jeito minha mãezinha eu quero adorar",Alisson Santos,2020,32,https://www.letras.mus.br/alisson-santos/surdo-e-mudo/,-1
677,Surdo e Mudo,musica677,musica677_trecho14,Se tu precisa de papel eu vou procurar Se tu precisa de sacola eu vou te dar Mas se tem boca abre a boca aí pra adorar Mas se tem mãos levante as mãos aí pra adorar,Alisson Santos,2020,37,https://www.letras.mus.br/alisson-santos/surdo-e-mudo/,-1
1081,Tá Combinado,musica1081,musica1081_trecho1,"Tá pra nascer alguém que me prenda e me faça mudar Vai se acostumando, é meu jeito de amar É que sou viciado num rabo de saia",João Neto e Frederico,2012,27,https://www.letras.mus.br/joao-neto-frederico/1856881/,-1
494,Tá Faltando Eu (part. Jorge e Mateus),musica494,musica494_trecho1,"Tá faltando eu em mim Pergunto, mas não sei quem sou Não sei se é bom ou se é ruim Quero ficar, não sei se vou",Gusttavo Lima,2015,26,https://www.letras.mus.br/gusttavo-lima/ta-faltando-eu/,-1
494,Tá Faltando Eu (part. Jorge e Mateus),musica494,musica494_trecho2,Sou doce e amargo ao mesmo tempo Me policio sem razão Razão é o tipo que invento Pra não cair na palma da mão,Gusttavo Lima,2015,24,https://www.letras.mus.br/gusttavo-lima/ta-faltando-eu/,-1
494,Tá Faltando Eu (part. Jorge e Mateus),musica494,musica494_trecho3,"Tá faltando mais ação Pra encarar e não fugir A lava, que já foi vulcão É um iceberg dentro de mim",Gusttavo Lima,2015,21,https://www.letras.mus.br/gusttavo-lima/ta-faltando-eu/,-1
494,Tá Faltando Eu (part. Jorge e Mateus),musica494,musica494_trecho4,Pegadas que se tornam areia Castelo de areia sempre cai Se olham pra mim de cara feia Meu coração desaba num ai,Gusttavo Lima,2015,22,https://www.letras.mus.br/gusttavo-lima/ta-faltando-eu/,-1
494,Tá Faltando Eu (part. Jorge e Mateus),musica494,musica494_trecho5,Preciso me curtir bem mais É pena que só olho pros lados Se a alma quer um banho de sais O corpo quer me ver apaixonado,Gusttavo Lima,2015,26,https://www.letras.mus.br/gusttavo-lima/ta-faltando-eu/,-1
494,Tá Faltando Eu (part. Jorge e Mateus),musica494,musica494_trecho6,"O medo aguça a atração A solidão na pele arde Espero que, quando eu me ver E acordar, não seja tarde",Gusttavo Lima,2015,21,https://www.letras.mus.br/gusttavo-lima/ta-faltando-eu/,-1
494,Tá Faltando Eu (part. Jorge e Mateus),musica494,musica494_trecho15,"E acordar, não seja tarde",Gusttavo Lima,2015,5,https://www.letras.mus.br/gusttavo-lima/ta-faltando-eu/,-1
1423,Tá Mais Pra Capetinha (part. Cristiano Araújo),musica1423,musica1423_trecho1,"Copo com Red Label, Olhar de serpente Com dedinho na boca, Ela rebola em minha frente.",Zé Ricardo e Thiago,2012,16,https://www.letras.mus.br/ze-ricardo-thiago/2003791/,-1
807,Tá Namorando e Me Querendo,musica807,musica807_trecho2,Vou dizer que não fiquei surpreso Quando mandou sua amiga Me dar seu telefone na balada aquele dia Agora é minha vez de dar o troco em você Vou telefonar pra te dizer,Henrique & Juliano,2013,33,https://www.letras.mus.br/henrique-e-juliano/ta-namorando-e-me-querendo/,-1
1106,Tá Se Achando,musica1106,musica1106_trecho2,"Tá se achando bacana, gostosa, um mulherão Rasga dinheiro, tem gelo dentro do coração Tá se achando bacana, gostosa, um mulherão Pintou saudade, tô sabendo, vai correr pro meu portão",Guilherme & Santiago,2010,30,https://www.letras.mus.br/guilherme-e-santiago/1630465/,-1
88,Tanto Faz,musica88,musica88_trecho2,"E em qualquer lugar que eu vou Onde você está, eu estou, oh",Luan Santana,2013,13,https://www.letras.mus.br/luan-santana/tanto-faz/,-1
1464,Tão Feliz,musica1464,musica1464_trecho1,"Você tem vontades, sonhos e manias Tão diferentes das minhas E o normal é mesmo duvidar",Marcos & Belutti,2015,16,https://www.letras.mus.br/marcos-belutti/tao-feliz/,-1
1464,Tão Feliz,musica1464,musica1464_trecho2,"Você curte a luz do Sol e eu da Lua Quando tá dormindo, eu tô na rua E quem vê diz que não vai durar",Marcos & Belutti,2015,25,https://www.letras.mus.br/marcos-belutti/tao-feliz/,-1
1464,Tão Feliz,musica1464,musica1464_trecho3,O estranho é que eu tô tão feliz Tão feliz,Marcos & Belutti,2015,10,https://www.letras.mus.br/marcos-belutti/tao-feliz/,-1
1099,Tarde Demais,musica1099,musica1099_trecho1,Pois quando está sozinha liga toda hora Tá faltando carinho e de saudade chora Aceita de uma vez essa vontade louca De me amar,João Bosco & Vinícius,2011,24,https://www.letras.mus.br/joao-bosco-viniciusacustico/1873993/,-1
1157,Tarde Demais,musica1157,musica1157_trecho1,Só tem um jeito de você me entender Uma maneira que te faça enxergar Eu já cansei de discutir com você Não adianta mais falar por falar,César Menotti & Fabiano,2008,27,https://www.letras.mus.br/cesar-menotti-e-fabiano/699295/,-1
1157,Tarde Demais,musica1157,musica1157_trecho2,Há muito tempo que eu venho pensando Analisando nós dois Perdi meu tempo com você só brigando Não vou deixar pra depois,César Menotti & Fabiano,2008,22,https://www.letras.mus.br/cesar-menotti-e-fabiano/699295/,-1
1157,Tarde Demais,musica1157,musica1157_trecho4,"Depois lá vem você Pedindo pra voltar Como já fez milhões de vezes Vem se lamentando Sofrendo, chorando É digno de você",César Menotti & Fabiano,2008,22,https://www.letras.mus.br/cesar-menotti-e-fabiano/699295/,-1
1157,Tarde Demais,musica1157,musica1157_trecho5,Não sei se dá pra ver Mas acho que eu estou mudando,César Menotti & Fabiano,2008,12,https://www.letras.mus.br/cesar-menotti-e-fabiano/699295/,-1
747,Te Amo,musica747,musica747_trecho1,Onde você pensa que vai Com essas malas jogadas no chão Com esse rosto coberto de pranto E essa sombra no seu coração,Zé Neto e Cristiano,2015,23,https://www.letras.mus.br/ze-neto-cristiano/te-amo/,-1
747,Te Amo,musica747,musica747_trecho2,"Onde você pensa que vai Senta aqui, ainda não acabou Sei que nunca fui o mais perfeito Nunca dei o que você sonhou Mas agora eu posso ver",Zé Neto e Cristiano,2015,28,https://www.letras.mus.br/ze-neto-cristiano/te-amo/,-1
747,Te Amo,musica747,musica747_trecho3,Que eu não saberia acordar todo dia Olhar do meu lado e não te sentir Não me aceitaria olhando no espelho Sabendo que um dia te deixei partir,Zé Neto e Cristiano,2015,28,https://www.letras.mus.br/ze-neto-cristiano/te-amo/,-1
747,Te Amo,musica747,musica747_trecho4,Eu não imagino como seja o mundo Sem você por perto eu não posso seguir Me desculpa por tudo que fiz Se te fiz infeliz e nunca admiti,Zé Neto e Cristiano,2015,28,https://www.letras.mus.br/ze-neto-cristiano/te-amo/,-1
747,Te Amo,musica747,musica747_trecho5,Te amo Te amo Te amo Te amo,Zé Neto e Cristiano,2015,8,https://www.letras.mus.br/ze-neto-cristiano/te-amo/,-1
747,Te Amo,musica747,musica747_trecho6,"Onde você pensa que vai Senta aqui, ainda não acabou Sei que nunca fui o mais perfeito Nunca dei o que você sonhou É, mas agora eu posso ver",Zé Neto e Cristiano,2015,29,https://www.letras.mus.br/ze-neto-cristiano/te-amo/,-1
747,Te Amo,musica747,musica747_trecho9,Eu não saberia acordar todo dia Olhar do meu lado e não te sentir Não me aceitaria olhando no espelho Sabendo que um dia te deixei partir,Zé Neto e Cristiano,2015,27,https://www.letras.mus.br/ze-neto-cristiano/te-amo/,-1
1486,Te Amo,musica1486,musica1486_trecho6,Te amo De repente um beijo e o silêncio E nos amamos loucamente corpo a corpo E a noite foi só magia,Gian e Giovani,2006,22,https://www.letras.mus.br/gian-e-giovanni/546101/,-1
1486,Te Amo,musica1486,musica1486_trecho7,Será que você vai me esquecer? Será que também vai sentir A mesma vontade? Eu morro se não volto a te ver,Gian e Giovani,2006,22,https://www.letras.mus.br/gian-e-giovanni/546101/,-1
1474,Te Amo à Beça,musica1474,musica1474_trecho2,"Meu coração zera Quando você prolonga muito essa espera Diz estar chegando, mas não tem nenhuma pressa E ai é que eu começo a duvidar",Matheus & Kauan,2015,25,https://www.letras.mus.br/matheus-kauan/te-amo-a-beca/,-1
1379,Te Amo Com Voz Rouca,musica1379,musica1379_trecho2,A gente forma Um casalzinho assim meio sem juízo Você mimada e atrevida E eu to nem aí pra vida,Jorge & Mateus,2016,20,https://www.letras.mus.br/jorge-mateus/te-amo-com-voz-rouca/,-1
1379,Te Amo Com Voz Rouca,musica1379,musica1379_trecho4,"Tem gente que vira lembrança Outros que viram passado E eu to sempre me virando, pra tá do seu lado",Jorge & Mateus,2016,20,https://www.letras.mus.br/jorge-mateus/te-amo-com-voz-rouca/,-1
1379,Te Amo Com Voz Rouca,musica1379,musica1379_trecho6,Seria pior não ter nunca mais O seu mau humor me tirando a paz Mas cinco minutos depois,Jorge & Mateus,2016,18,https://www.letras.mus.br/jorge-mateus/te-amo-com-voz-rouca/,-1
1379,Te Amo Com Voz Rouca,musica1379,musica1379_trecho14,Seria pior não ter nunca mais O seu mau humor Mas cinco minutos depois,Jorge & Mateus,2016,14,https://www.letras.mus.br/jorge-mateus/te-amo-com-voz-rouca/,-1
270,Te Amo Demais,musica270,musica270_trecho1,"Eu sou assim Nunca soube recitar poesia Não sei palavras de amor Não sou sedutor, não sei fingir, nem poderia",Marília Mendonça,2023,20,https://www.letras.mus.br/marilia-mendonca/te-amo-demais/,-1
270,Te Amo Demais,musica270,musica270_trecho2,"Eu não tenho ouro nem prata Mas o meu maior tesouro eu te dei Só quero o seu amor e mais nada Você precisa entender, é que eu não sei dizer",Marília Mendonça,2023,31,https://www.letras.mus.br/marilia-mendonca/te-amo-demais/,-1
270,Te Amo Demais,musica270,musica270_trecho3,"Só sei que eu te amo demais Nas noites sozinho, é o teu nome que eu chamo Baby, eu te amo demais Eu só sei dizer: Te amo, te amo",Marília Mendonça,2023,30,https://www.letras.mus.br/marilia-mendonca/te-amo-demais/,-1
270,Te Amo Demais,musica270,musica270_trecho4,"Palavras valem menos que um olhar O coração é quem vai te explicar Da cabeça aos pés, eu vou te beijar Como um sábio na arte de amar",Marília Mendonça,2023,28,https://www.letras.mus.br/marilia-mendonca/te-amo-demais/,-1
270,Te Amo Demais,musica270,musica270_trecho5,"Não sei mentir pra conquistar uma mulher Daria tudo nesse mundo só pra ter você O destino seja o que Deus quiser Você precisa entender, é que eu não sei dizer",Marília Mendonça,2023,31,https://www.letras.mus.br/marilia-mendonca/te-amo-demais/,-1
270,Te Amo Demais,musica270,musica270_trecho6,"Só sei que eu te amo demais Nas noites sozinha, é o teu nome que eu chamo Baby, eu te amo demais Eu só sei dizer: Te amo, te amo",Marília Mendonça,2023,30,https://www.letras.mus.br/marilia-mendonca/te-amo-demais/,-1
270,Te Amo Demais,musica270,musica270_trecho8,"Te amo demais Como eu te amo Te amo demais Te amo, te amo",Marília Mendonça,2023,14,https://www.letras.mus.br/marilia-mendonca/te-amo-demais/,-1
1083,Te Amo e Nada Mais,musica1083,musica1083_trecho2,Eu já conheço suas manhas e manias Já não vale o seu disfarce A gente fica em sintonia Eu já cansei de inventar você pro coração Pro meu coração,João Neto e Frederico,2012,29,https://www.letras.mus.br/joao-neto-frederico/1861081/,-1
1083,Te Amo e Nada Mais,musica1083,musica1083_trecho3,Eu não te amo como ontem Amo mil vezes mais Me conte os teus segredos Mostre os teus sinais Se me perguntar qual é o seu defeito Ainda não sei Te amo e nada mais,João Neto e Frederico,2012,35,https://www.letras.mus.br/joao-neto-frederico/1861081/,-1
1083,Te Amo e Nada Mais,musica1083,musica1083_trecho6,Eu não te amo como ontem Amo mil vezes mais Me conte os teus segredos Mostre os teus sinais E se me perguntar qual é o seu defeito Ainda não sei,João Neto e Frederico,2012,31,https://www.letras.mus.br/joao-neto-frederico/1861081/,-1
1083,Te Amo e Nada Mais,musica1083,musica1083_trecho7,Eu não te amo como ontem Amo mil vezes mais Me conte os teus segredos Mostre os teus sinais E se me perguntar qual é o seu defeito Ainda não sei Te amo e nada mais,João Neto e Frederico,2012,36,https://www.letras.mus.br/joao-neto-frederico/1861081/,-1
1083,Te Amo e Nada Mais,musica1083,musica1083_trecho9,Eu não te amo como ontem Eu amo mil vezes mais Me conte os teus segredos Mostre os teus sinais E se me perguntar qual é o seu defeito Ainda não sei Te amo e nada mais Te amo e nada mais,João Neto e Frederico,2012,42,https://www.letras.mus.br/joao-neto-frederico/1861081/,-1
1259,"Te Amo, Pai",musica1259,musica1259_trecho2,"Pai, lembro que você disse um dia: Filho, o mundo lá fora apresenta um brilho E é você quem vai descobrir Se é prata ou ouro",Rick & Renner,2007,26,https://www.letras.mus.br/rick-e-renner/1040134/,-1
1259,"Te Amo, Pai",musica1259,musica1259_trecho4,E quando eu chorei sozinho Escutei seu grito Engole o choro que é mais bonito Menino que chora pro céu não vai,Rick & Renner,2007,22,https://www.letras.mus.br/rick-e-renner/1040134/,-1
1259,"Te Amo, Pai",musica1259,musica1259_trecho8,"Pai, eu não desisti, porque eu queria Na sua frente estar um dia Só pra dizer obrigado, pai!",Rick & Renner,2007,18,https://www.letras.mus.br/rick-e-renner/1040134/,-1
1259,"Te Amo, Pai",musica1259,musica1259_trecho9,"Pai, seus passos mais lentos Sua voz tremendo Parece que, estão me dizendo: Meu filho, eu quero descansar",Rick & Renner,2007,18,https://www.letras.mus.br/rick-e-renner/1040134/,-1
1259,"Te Amo, Pai",musica1259,musica1259_trecho12,"Pai, você é o herói do filme de um filho Que agora sabe que é ouro o brilho O brilho desses seus olhos, pai",Rick & Renner,2007,24,https://www.letras.mus.br/rick-e-renner/1040134/,-1
1259,"Te Amo, Pai",musica1259,musica1259_trecho14,"Mas quando ele volta, como eu voltei E encontra o velho, como eu te encontrei É só pra dizer Eu te amo, pai",Rick & Renner,2007,23,https://www.letras.mus.br/rick-e-renner/1040134/,-1
342,Te Assumi Pro Brasil,musica342,musica342_trecho1,"Ser feliz pra mim não custa caro Se você tá do lado, eu me sinto tão bem Você sempre me ganha na manha Que mistério cê tem?",Matheus & Kauan,2017,27,https://www.letras.mus.br/matheus-kauan/te-assumi-pro-brasil/,-1
342,Te Assumi Pro Brasil,musica342,musica342_trecho3,"Por que te amo, eu não sei Mas quero te amar cada vez mais O que na vida ninguém fez Você fez em menos de um mês",Matheus & Kauan,2017,27,https://www.letras.mus.br/matheus-kauan/te-assumi-pro-brasil/,-1
342,Te Assumi Pro Brasil,musica342,musica342_trecho4,Por que te amo eu não sei Mas quero te amar cada vez mais O que na vida ninguém fez Você fez em menos de um mês,Matheus & Kauan,2017,27,https://www.letras.mus.br/matheus-kauan/te-assumi-pro-brasil/,-1
62,Te Esperando,musica62,musica62_trecho3,"Mesmo que você suporte este casamento Por causa dos filhos, por muito tempo Dez, vinte, trinta anos Até se assustar com os seus cabelos brancos",Luan Santana,2013,25,https://www.letras.mus.br/luan-santana/te-esperando/,-1
62,Te Esperando,musica62,musica62_trecho4,Um dia vai sentar numa cadeira de balanço Vai lembrar do tempo que tinha vinte anos Vai lembrar de mim e se perguntar Por onde esse cara deve estar?,Luan Santana,2013,29,https://www.letras.mus.br/luan-santana/te-esperando/,-1
62,Te Esperando,musica62,musica62_trecho5,"E eu vou estar Te esperando, nem que já esteja velhinha gagá Com noventa, viúva, sozinha, não vou me importar Vou ligar, te chamar pra sair, namorar no sofá Nem que seja além dessa vida, eu vou estar Te esperando",Luan Santana,2013,40,https://www.letras.mus.br/luan-santana/te-esperando/,-1
62,Te Esperando,musica62,musica62_trecho10,"E eu vou estar Te esperando, nem que já esteja velhinha gagá Com noventa, viúva, sozinha, não vou me importar Vou ligar, te chamar pra sair, namorar no sofá Nem que seja além dessa vida",Luan Santana,2013,35,https://www.letras.mus.br/luan-santana/te-esperando/,-1
62,Te Esperando,musica62,musica62_trecho11,"Eu vou estar Te esperando, nem que já esteja velhinha gagá Com noventa, viúva, sozinha, não vou me importar Vou ligar, te chamar pra sair, namorar no sofá Nem que seja além dessa vida, eu vou estar Te esperando Te esperando",Luan Santana,2013,41,https://www.letras.mus.br/luan-santana/te-esperando/,-1
1608,Te Procurava de Novo,musica1608,musica1608_trecho1,"Alta madrugada de domingo pra segunda É, dessa vez não vou querer sair Um ano envenenado descobri a minha cura É, como é bom ter você por aqui",Maiara & Maraisa,2016,28,https://www.letras.mus.br/maiara-maraisa/te-procurava-de-novo/,-1
1608,Te Procurava de Novo,musica1608,musica1608_trecho3,"Mas que sorriso é esse que cê tem? Eu que achava que não precisava de ninguém Tô me sentindo tão bem, tão bem",Maiara & Maraisa,2016,23,https://www.letras.mus.br/maiara-maraisa/te-procurava-de-novo/,-1
1608,Te Procurava de Novo,musica1608,musica1608_trecho10,"Olha eu andando de mão dada no meio do povo Se eu não tivesse te encontrado, eu juro que te procurava De novo, de novo, de novo",Maiara & Maraisa,2016,27,https://www.letras.mus.br/maiara-maraisa/te-procurava-de-novo/,-1
1608,Te Procurava de Novo,musica1608,musica1608_trecho11,"Eu te procurava Se eu não tivesse te encontrado, eu juro que te procurava De novo, de novo, de novo",Maiara & Maraisa,2016,20,https://www.letras.mus.br/maiara-maraisa/te-procurava-de-novo/,-1
1574,Te Vejo Linda,musica1574,musica1574_trecho3,Se você fosse japonesa Paulistana ou esquimó De todos os sorrisos Pra mim o seu é o melhor,Luan Santana,2013,18,https://www.letras.mus.br/luan-santana/te-vejo-linda/,-1
56,Te Vivo,musica56,musica56_trecho2,"Em questão de segundos Voo pra outro mundo, outra constelação Não dá para explicar ao ver você chegando Qual a sensação",Luan Santana,2012,21,https://www.letras.mus.br/luan-santana/te-vivo/,-1
56,Te Vivo,musica56,musica56_trecho4,"Eu não preciso te olhar pra te ter em meu mundo Porque, aonde quer que eu vá, você está em tudo Tudo, tudo que eu preciso (oh, oh, oh) Te vivo",Luan Santana,2012,31,https://www.letras.mus.br/luan-santana/te-vivo/,-1
56,Te Vivo,musica56,musica56_trecho6,"Em questão de segundos Voo pra outro mundo, outra constelação Não dá para explicar ao ver você chegando Qual a sensação (oh, oh, oh)",Luan Santana,2012,24,https://www.letras.mus.br/luan-santana/te-vivo/,-1
56,Te Vivo,musica56,musica56_trecho8,"Eu não preciso te olhar pra te ter em meu mundo Porque, aonde quer que eu vá, você está em tudo Tudo, tudo que eu preciso (oh, oh, oh)",Luan Santana,2012,29,https://www.letras.mus.br/luan-santana/te-vivo/,-1
1462,Telefone Mudo/ 60  Dias Apaixonado/ Fazenda São Francisco/ Pagode Em Brasília (pot-pourri),musica1462,musica1462_trecho4,"Viajando pra mato grosso, aparecida do taboado Conheci uma morena, que me deixou amarrado Deixei a linda pequena, por Deus confesso, desconsolado Mudei o jeito de ser, bebendo pra esquecer 60 dias apaixonado",Victor & Leo,2007,33,https://www.letras.mus.br/victor-leo/916380/,-1
1462,Telefone Mudo/ 60  Dias Apaixonado/ Fazenda São Francisco/ Pagode Em Brasília (pot-pourri),musica1462,musica1462_trecho5,"Se alguém fala em mato grosso eu sinto o peito despedaçado O pranto rola depressa no meu rosto já cansado Jamais eu esquecerei aparecida do taboado Deixei a minha querida, deixei minha própria vida, 60 dias apaixonado Deixei a minha querida, deixei minha própria vida, 60 dias apaixonado",Victor & Leo,2007,48,https://www.letras.mus.br/victor-leo/916380/,-1
1462,Telefone Mudo/ 60  Dias Apaixonado/ Fazenda São Francisco/ Pagode Em Brasília (pot-pourri),musica1462,musica1462_trecho9,Eu conservo a minha tropa O meu cavalo ensinado O fazendeiro moderno Só me chama de quadrado Namoramos a mesma moça Veja só o resultado,Victor & Leo,2007,25,https://www.letras.mus.br/victor-leo/916380/,-1
1462,Telefone Mudo/ 60  Dias Apaixonado/ Fazenda São Francisco/ Pagode Em Brasília (pot-pourri),musica1462,musica1462_trecho11,Eu vou pra minha fazenda Esperar lá no portão Quem dos dois chegar primeiro Vai ganhar meu coração,Victor & Leo,2007,18,https://www.letras.mus.br/victor-leo/916380/,-1
398,Tem Que Ser Você,musica398,musica398_trecho1,Um dia seus pés vão me levar Onde as minhas mãos não podem chegar Me leva onde você for Estarei muito só sem o seu amor,Victor & Leo,2007,26,https://www.letras.mus.br/victor-leo/995776/,-1
557,Tem Que Sorrir,musica557,musica557_trecho2,"O amor está em todo lugar No aperto de mão, numa declaração No fundo do coração",Jorge & Mateus,2021,16,https://www.letras.mus.br/jorge-mateus/tem-que-sorrir/,-1
557,Tem Que Sorrir,musica557,musica557_trecho5,Diga eu te amo pra alguém Diga eu te amo pra alguém,Jorge & Mateus,2021,12,https://www.letras.mus.br/jorge-mateus/tem-que-sorrir/,-1
557,Tem Que Sorrir,musica557,musica557_trecho11,"Diga eu te amo pra alguém, ah Diga eu te amo pra alguém",Jorge & Mateus,2021,13,https://www.letras.mus.br/jorge-mateus/tem-que-sorrir/,-1
1206,Tentativas Em Vão,musica1206,musica1206_trecho1,Se eu soubesse o que fazer Pra tirar você da minha cabeça Um lado diz que quer ficar com você O outro diz esqueça,Bruno & Marrone,2010,24,https://www.letras.mus.br/bruno-e-marrone/1757347/,-1
1206,Tentativas Em Vão,musica1206,musica1206_trecho5,Tentativas em vão Tentar tirar você do coração E como vou viver sem respirar? É como querer apagar a chama de um vulcão,Bruno & Marrone,2010,23,https://www.letras.mus.br/bruno-e-marrone/1757347/,-1
1206,Tentativas Em Vão,musica1206,musica1206_trecho12,Tentativas em vão (em vão) Tentar tirar você do coração E como vou viver sem respirar? É como querer apagar a chama de um vulcão,Bruno & Marrone,2010,25,https://www.letras.mus.br/bruno-e-marrone/1757347/,-1
1107,Teus Segredos,musica1107,musica1107_trecho1,"Será que amar sozinho vai ser a minha sina Já conheço você bem mais do que imagina Sua cor preferida é o verde Seu aniversário é dia três Adora mexer no cabelo Curte rock, fala inglês Odeia filme de terror Canta e toca violão Tem ciúmes dos amigos Tem medo de escuridão",Fernando e Sorocaba,2011,52,https://www.letras.mus.br/fernando-sorocaba/1715303/,-1
1107,Teus Segredos,musica1107,musica1107_trecho3,"Sua cor preferida é o verde Seu aniversário é dia três Adora mexer no cabelo Curte rock, fala inglês Odeia filme de terror Canta e toca violão Tem ciúmes dos amigos Tem medo de escuridão",Fernando e Sorocaba,2011,35,https://www.letras.mus.br/fernando-sorocaba/1715303/,-1
814,Tijolinho Por Tijolinho (part. Zé Felipe),musica814,musica814_trecho3,"E o seu coração perdeu a cor Cansou de errar a mão O seu teto desabou, perdeu o chão E mas pendura uma plaquinha aí de atenção Um novo amor em construção",Enzo Rabelo,2020,32,https://www.letras.mus.br/enzo-rabelo/tijolinho-por-tijolinho/,-1
351,Tive Que Bater Palma,musica351,musica351_trecho2,Pegou o telefone Acessou o QR code Escolheu a bebida Abriu um sorriso e disse: É hoje,Danilo e Davi,2023,17,https://www.letras.mus.br/danilo-e-davi/tive-que-bater-palma/,-1
351,Tive Que Bater Palma,musica351,musica351_trecho4,"Na boca de outro, na vida de outro Eu engolindo o choro pra não magoar Quem também tá aqui pra me fazer feliz Inocentemente, me ajudando a superar",Danilo e Davi,2023,28,https://www.letras.mus.br/danilo-e-davi/tive-que-bater-palma/,-1
1601,Tô Afim Dela,musica1601,musica1601_trecho1,"Tô afim dela mas não falo, Eu tenho medo de sofrer ainda mais. Prefiro ter ela comigo, mesmo sendo como amigo, Do que não estar com ela nunca mais.",André e Adriano,2011,29,https://www.letras.mus.br/andre-e-adriano/1702780/,-1
1601,Tô Afim Dela,musica1601,musica1601_trecho2,"Queria conseguir dizer tudo o que sinto, Queria poder falar do meu amor mas finjo Que não está acontecendo nada com meu coração. Eu já tentei tomar coragem e contar, Mas nem imagino o que ela vai pensar, Eu tenho medo dela resolver se afastar de mim. Por mais que eu finja não sentir nada, É nela que eu penso todo o tempo, Mas quando vejo o meu coração dispara Eu não consigo dizer nada.",André e Adriano,2011,75,https://www.letras.mus.br/andre-e-adriano/1702780/,-1
1281,Tô de Cara,musica1281,musica1281_trecho1,"Tô de cara com você Eu tô de cara com você Me apaixonei e você não quer mais me ver Tô de cara com você Eu tô de cara, coração! Não sei se tudo foi verdade Ou foi só enganação",Luan Santana,2009,40,https://www.letras.mus.br/luan-santana/1379675/,-1
1281,Tô de Cara,musica1281,musica1281_trecho2,Me diz o que é que eu faço Se ela lê pensamento ? Me diz o que é que eu faço ? Desse jeito eu não aguento Vê coisa onde não foi Vê coisa onde não tem E eu aqui sozinho Sem você não sou ninguém,Luan Santana,2009,46,https://www.letras.mus.br/luan-santana/1379675/,-1
1281,Tô de Cara,musica1281,musica1281_trecho4,Me diz o que é que eu faço Se ela me investiga ? Me diz o que é que eu faço Se ela só faz intriga ? Me engana friamente Só vive indiferente E ainda sai dizendo Que eu não sou homem decente,Luan Santana,2009,43,https://www.letras.mus.br/luan-santana/1379675/,-1
799,Tô Mal,musica799,musica799_trecho1,"Se quer saber como estou, tô mal Eu não vou nada bem Se quer saber a verdade, tô mal Sem você sou ninguém",Rionegro & Solimões,2005,23,https://www.letras.mus.br/rio-negro-e-solimoes/364631/,-1
799,Tô Mal,musica799,musica799_trecho2,Ando fingindo pro mundo Ando fugindo de tudo Mas não te esquece um segundo Meu coração,Rionegro & Solimões,2005,16,https://www.letras.mus.br/rio-negro-e-solimoes/364631/,-1
1207,Tô Passando Mal,musica1207,musica1207_trecho4,"Tá tá tá tá Não acreditei quando falou Que desencanou do nosso amor Tô sofrendo aqui, volta pra mim",Fernando e Sorocaba,2011,19,https://www.letras.mus.br/fernando-sorocaba/1722060/,-1
1172,Tô Vendendo Beijo,musica1172,musica1172_trecho1,"Tô num tipo de negócio novo Não tem segredo, é só aproveitar Mudei de vida, tô de carro novo Nunca gostei tanto de trabalhar Larguei de ser advogado Hoje faço o que eu quiser Não tem patrão, não tem horário Nem tem mais o que dizer Se Deus me deu um grande dom Trabalho duro noite e dia Pintou vontade, é só chamar",Humberto e Ronaldo,2009,63,https://www.letras.mus.br/humberto-ronaldo/1687892/,-1
331,Tô Voltando,musica331,musica331_trecho1,"Eu vou tá bem longe quando você receber essa carta Oh, oh Eu vou preferir sentir saudade que viver essa farsa Coisa que eu não sou",Ana Castela,2024,26,https://www.letras.mus.br/ana-castela/to-voltando/,-1
331,Tô Voltando,musica331,musica331_trecho8,Eu vou tá bem longe quando você receber essa carta,Ana Castela,2024,10,https://www.letras.mus.br/ana-castela/to-voltando/,-1
1502,Toca Um João Mineiro e Marciano,musica1502,musica1502_trecho1,"Um, dois, três, quatro copos Já virei todos de uma vez Pra acabar, quero ver essa mágoa não passar Quero ver a tristeza no fundo do copo se afogar",Jads e Jadson,2014,29,https://www.letras.mus.br/jads-e-jadson/toca-um-joao-mineiro-e-marciano/,-1
1502,Toca Um João Mineiro e Marciano,musica1502,musica1502_trecho3,"Mas pode ficar sossegado Que eu não sou daquele tipo inconveniente Minha história é tão comum, igual de tanta gente Ainda ontem chorei de saudade",Jads e Jadson,2014,25,https://www.letras.mus.br/jads-e-jadson/toca-um-joao-mineiro-e-marciano/,-1
501,Tocando Em Frente (part. Leonardo),musica501,musica501_trecho5,"Todo mundo ama um dia, todo mundo chora Um dia a gente chega, no outro vai embora Cada um de nós compõe a sua história Cada ser em si carrega o dom de ser capaz De ser feliz",Paula Fernandes,2010,38,https://www.letras.mus.br/paula-fernandes/1886704/,-1
487,Todo Mundo Menos Você (part. Marília Mendonça),musica487,musica487_trecho5,"Se todo mundo viu, por que você não tá vendo Todo esse esforço que eu tô fazendo? Pra fazer você se sentir orgulhoso Pra fazer você se apaixonar de novo",Maiara & Maraisa,2021,30,https://www.letras.mus.br/maiara-maraisa/todo-mundo-menos-voce-part-marilia-mendonca/,-1
487,Todo Mundo Menos Você (part. Marília Mendonça),musica487,musica487_trecho6,"Se todo mundo viu, por que você não tá vendo Todo esse esforço que eu tô fazendo? Pra fazer você se sentir orgulhoso Pra fazer você se apaixonar por mim de novo",Maiara & Maraisa,2021,32,https://www.letras.mus.br/maiara-maraisa/todo-mundo-menos-voce-part-marilia-mendonca/,-1
487,Todo Mundo Menos Você (part. Marília Mendonça),musica487,musica487_trecho9,"Olha, não é pra te colocar pressão Mas é eu queria saber se você gostou da minha nova versão Caso não tenha gostado, me avisa, tá tudo bem A gente corre esse risco quando muda por alguém",Maiara & Maraisa,2021,37,https://www.letras.mus.br/maiara-maraisa/todo-mundo-menos-voce-part-marilia-mendonca/,-1
124,Todo Mundo Vai Sofrer,musica124,musica124_trecho2,"Igual eu preciso dele na minha vida Mas quanto mais eu vou atrás, mais ele pisa Então já que é assim Se por ele eu sofro sem pausa Quem quiser me amar Também vai sofrer nessa bagaça",Marília Mendonça,2019,37,https://www.letras.mus.br/marilia-mendonca/todo-mundo-vai-sofrer/,-1
355,Todo Santo Dia (part. Maria Cecília & Rodolfo),musica355,musica355_trecho1,Você que me vê sem maquiagem De chinelo Havaianas falando bobagem Sabe das minhas fragilidades Conhece os meus defeitos E ainda chama isso de sorte Mas a sorte é toda minha Aqui do meu lado tem alguém que me admira,Luiza Martins,2025,40,https://www.letras.mus.br/luiza-martins/todo-santo-dia-part-maria-cecilia-e-rodolfo/,-1
355,Todo Santo Dia (part. Maria Cecília & Rodolfo),musica355,musica355_trecho2,Eu achei alguém que faz Eu me sentir tão bem E tem mais Todo santo dia Sinto que sou livre Sou sua e ainda sou minha,Luiza Martins,2025,26,https://www.letras.mus.br/luiza-martins/todo-santo-dia-part-maria-cecilia-e-rodolfo/,-1
355,Todo Santo Dia (part. Maria Cecília & Rodolfo),musica355,musica355_trecho4,Você que me vê sem maquiagem De chinelo havaianas falando bobagem Sabe das minhas fragilidades Conhece os meus defeitos E ainda chama isso de sorte Mas a sorte é toda minha Aqui do meu lado tem alguém que me admira,Luiza Martins,2025,40,https://www.letras.mus.br/luiza-martins/todo-santo-dia-part-maria-cecilia-e-rodolfo/,-1
1392,Top do Verão,musica1392,musica1392_trecho1,"Tá me dando suador e calafrio Se ela chega perto dá um arrepio, É amor, é paixão, é a top das top do verão",Henrique & Diego,2010,24,https://www.letras.mus.br/henrique-diego/1644008/,-1
1392,Top do Verão,musica1392,musica1392_trecho6,"Tá me dando suador e calafrio Se ela chega perto dá um arrepio, É amor, é paixão, é a top das top do verão.. vai",Henrique & Diego,2010,25,https://www.letras.mus.br/henrique-diego/1644008/,-1
1475,Traição Não Tem Perdão,musica1475,musica1475_trecho4,Já deixei minhas coisas lá de fora Já que insiste que não vai embora Não me olha assim que eu não mereço Hoje eu sou alguém que eu desconheço,Marília Mendonça,2017,29,https://www.letras.mus.br/marilia-mendonca/traicao-nao-tem-perdao/,-1
1475,Traição Não Tem Perdão,musica1475,musica1475_trecho9,Uma hora as coisas vêm à tona Eu aceito o seu não Traição não tem perdão,Marília Mendonça,2017,16,https://www.letras.mus.br/marilia-mendonca/traicao-nao-tem-perdao/,-1
1332,Transplante (part. Bruno & Marrone),musica1332,musica1332_trecho2,Só me conta como foi sem mim Na primeira farra Quem deixou de beber E dirigiu por você Até sua casa?,Marília Mendonça,2017,21,https://www.letras.mus.br/marilia-mendonca/transplante/,-1
1332,Transplante (part. Bruno & Marrone),musica1332,musica1332_trecho4,"Esse coração aí Tá se fazendo de bobo Ele gosta mesmo é de mim Esse coração aí Tá sendo ignorante Pra me esquecer, vai precisar de um transplante",Marília Mendonça,2017,28,https://www.letras.mus.br/marilia-mendonca/transplante/,-1
1332,Transplante (part. Bruno & Marrone),musica1332,musica1332_trecho5,"Esse coração aí Tá se fazendo de bobo Ele gosta mesmo é de mim Esse coração aí Tá sendo ignorante Pra me esquecer, vai precisar de um transplante Ai ai, ai ai",Marília Mendonça,2017,32,https://www.letras.mus.br/marilia-mendonca/transplante/,-1
1404,Traz Ela de Volta Pra Mim,musica1404,musica1404_trecho3,"Quando dois seres como nós Passam por momentos assim Vai por mim, vai passar, é só um temporal",Jorge & Mateus,2007,18,https://www.letras.mus.br/jorge-mateus/774536/,-1
592,Três Corações,musica592,musica592_trecho2,Odeio quando ele diz o que eu devia te dizer Mas eu tenho consciência que ele é perfeito pra você E não dá chance pra eu aparecer,Henrique & Juliano,2018,27,https://www.letras.mus.br/henrique-e-juliano/tres-coracoes/,-1
592,Três Corações,musica592,musica592_trecho3,"Será que, do sorriso dela, vai sobrar pra mim um pouco? Não é que eu seja doido Mas o amor não tem regras, é mesmo louco",Henrique & Juliano,2018,26,https://www.letras.mus.br/henrique-e-juliano/tres-coracoes/,-1
1249,Trincadinho,musica1249,musica1249_trecho2,"Será que compensa eu largar minha rotina de cachaça Pra te ter lá em casa E fazer vários nada, nada?",Jorge & Mateus,2018,20,https://www.letras.mus.br/jorge-mateus/trincadin/,-1
224,Troca de Calçada,musica224,musica224_trecho2,Viveu tanto desprezo Que até Deus duvida e chora lá de cima Era só uma menina Que dedicou a vida a amores de quinta,Marília Mendonça,2021,24,https://www.letras.mus.br/marilia-mendonca/troca-de-calcada/,-1
1075,Tropa do Chapelão 🤠 (part. Diplo),musica1075,musica1075_trecho1,"Tanta coisa pra aproveitar Que eu não sei por onde começar Hoje tem rodeio na cidade vizinha, vou lá É hoje que eu saio uma noite, mas só volto de dia, bora lá",Ana Castela,2025,33,https://www.letras.mus.br/ana-castela/tropa-do-chapelao-part-diplo/,-1
1075,Tropa do Chapelão 🤠 (part. Diplo),musica1075,musica1075_trecho3,"(Quem manda, quem manda, quem manda, quem manda) (Quem manda nessa cidade, quem manda nessa cidade) (Quem manda nessa cidade)",Ana Castela,2025,20,https://www.letras.mus.br/ana-castela/tropa-do-chapelao-part-diplo/,-1
1075,Tropa do Chapelão 🤠 (part. Diplo),musica1075,musica1075_trecho4,"Hoje tem rodeio na cidade vizinha, vou lá É hoje que eu saio uma noite, mas só volto de dia, bora lá",Ana Castela,2025,22,https://www.letras.mus.br/ana-castela/tropa-do-chapelao-part-diplo/,-1
1075,Tropa do Chapelão 🤠 (part. Diplo),musica1075,musica1075_trecho5,Esperei o ano inteiro pra chegar o Barretão Ver o povo de chapéu batendo na palma da mão Esperei o ano inteiro pra chegar o Barretão,Ana Castela,2025,26,https://www.letras.mus.br/ana-castela/tropa-do-chapelao-part-diplo/,-1
13,Tubarões,musica13,musica13_trecho1,Se quer saber de mim Pergunte para mim Se for falar do que passou Conta a parte que você errou,Diego e Victor Hugo,2025,20,https://www.letras.mus.br/diego-victor-hugo/tubaroes/,-1
1547,Tudo No Olhar,musica1547,musica1547_trecho2,Contam meus segredos pra você Falam coisas que eu nem sei falar E quando tudo quero te esconder Fecho os olhos pra não te contar,Marcos & Belutti,2009,25,https://www.letras.mus.br/marcos-belutti/1354010/,-1
1547,Tudo No Olhar,musica1547,musica1547_trecho3,Faça de conta que você nasceu Com o seu coração reservado pro meu Que eu falo a verdade sem hesitar Menina eu nasci só pra te amar,Marcos & Belutti,2009,27,https://www.letras.mus.br/marcos-belutti/1354010/,-1
1402,Tudo Ou Nada,musica1402,musica1402_trecho1,Tudo ou nada Dessa vez tem que ser pra valer Vê se muda ou vai me perder Você vive no mundo da lua,Jorge & Mateus,2009,23,https://www.letras.mus.br/jorge-mateus/1498465/,-1
1402,Tudo Ou Nada,musica1402,musica1402_trecho2,"Tudo ou nada Você tem que parar pra pensar Se comigo você quer ficar, ou não, a decisão é sua",Jorge & Mateus,2009,20,https://www.letras.mus.br/jorge-mateus/1498465/,-1
1402,Tudo Ou Nada,musica1402,musica1402_trecho3,"Eu já me cansei desse chove e não molha Das suas desculpas, de ter que ir embora E que, não demora, vai voltar pra mim Chega de conversa, agora vai ou racha Ou você me solta, ou você me laça É que não consigo mais viver assim, assim",Jorge & Mateus,2009,48,https://www.letras.mus.br/jorge-mateus/1498465/,-1
1402,Tudo Ou Nada,musica1402,musica1402_trecho6,Agora é tudo ou nada Agora é tudo ou nada,Jorge & Mateus,2009,10,https://www.letras.mus.br/jorge-mateus/1498465/,-1
1402,Tudo Ou Nada,musica1402,musica1402_trecho10,Agora é tudo ou nada Agora é tudo ou nada Agora é tudo ou nada,Jorge & Mateus,2009,15,https://www.letras.mus.br/jorge-mateus/1498465/,-1
205,Tudo Que Você Quiser,musica205,musica205_trecho4,Muito mais que um dia eu sonhei pra mim Tem a pureza de um anjo querubim Eu trocaria tudo pra te ter aqui,Luan Santana,2013,23,https://www.letras.mus.br/luan-santana/tudo-o-que-voce-quiser/,-1
1109,Tudo Tem Um Porquê,musica1109,musica1109_trecho2,"Foi de repente, você voltou Foi como um raio que já passou Foi como a lua solta no ar Que ilumina e volta apagar Eu sei, eu sei Que um dia vou te encontrar outra vez",Guilherme & Santiago,2010,36,https://www.letras.mus.br/guilherme-e-santiago/1630454/,-1
1109,Tudo Tem Um Porquê,musica1109,musica1109_trecho4,"Foi de repente, você voltou Foi como um raio que já passou Foi como a lua, solta no ar Que ilumina e volta apagar Eu sei, eu sei Que um dia, vou te encontrar outra vez",Guilherme & Santiago,2010,36,https://www.letras.mus.br/guilherme-e-santiago/1630454/,-1
79,Última Saudade,musica79,musica79_trecho2,"Cê tá achando que minha vida é um filme? Que pausa e depois volta de onde parou? O relógio roda igual pra todo mundo E, numa dessas rodadas, você rodou, rodou",Henrique & Juliano,2025,31,https://www.letras.mus.br/henrique-e-juliano/ultima-saudade/,-1
79,Última Saudade,musica79,musica79_trecho5,"Desculpa minha sinceridade Mas, respondendo sua mensagem Não, hoje a gente não volta (Hoje não)",Henrique & Juliano,2025,15,https://www.letras.mus.br/henrique-e-juliano/ultima-saudade/,-1
79,Última Saudade,musica79,musica79_trecho7,"Cê tá achando que minha vida é um filme? Que pausa e depois volta de onde parou? O relógio roda igual pra todo mundo E, numa dessas rodadas, você rodou",Henrique & Juliano,2025,30,https://www.letras.mus.br/henrique-e-juliano/ultima-saudade/,-1
79,Última Saudade,musica79,musica79_trecho10,"Desculpa minha sinceridade Mas, respondendo sua mensagem Não, hoje a gente não volta",Henrique & Juliano,2025,13,https://www.letras.mus.br/henrique-e-juliano/ultima-saudade/,-1
1084,Um Beijo,musica1084,musica1084_trecho2,"Mas bem na hora de falar com você Travei, comecei a gaguejar E a saída é deixar acontecer O coração se entregar",Luan Santana,2011,22,https://www.letras.mus.br/luan-santana/1780219/,-1
1084,Um Beijo,musica1084,musica1084_trecho3,Um beijo fala mais que mil palavras Um toque é bem mais que poesia No seu olhar enxergo a sua alma Sua fala é uma linda melodia Ninguém sabe explicar o que é o amor Ninguém vai ser feliz sem ser amado Meu coração de vez se entregou Confesso que eu estou apaixonado,Luan Santana,2011,53,https://www.letras.mus.br/luan-santana/1780219/,-1
74,Um Centímetro (part. Jorge & Mateus),musica74,musica74_trecho4,"E vai chegando perto de mim E quando faltar um centímetro Fecha os olhos E deixa rolar, deixa Deixa o beijo durar, deixa E deixa rolar, deixa Deixa o beijo durar",Jefferson Moraes,2017,31,https://www.letras.mus.br/jefferson-moraes/um-centimetro/,-1
74,Um Centímetro (part. Jorge & Mateus),musica74,musica74_trecho8,"E vai chegando perto de mim E quando faltar um centímetro Fecha os olhos E deixa rolar, deixa Deixa o beijo durar, deixa Deixa rolar, deixa Deixa o beijo durar",Jefferson Moraes,2017,30,https://www.letras.mus.br/jefferson-moraes/um-centimetro/,-1
74,Um Centímetro (part. Jorge & Mateus),musica74,musica74_trecho9,"E vai chegando perto de mim Quando faltar um centímetro Fecha os olhos E deixa rolar, deixa Deixa o beijo durar, deixa Deixa rolar, deixa Deixa o beijo durar",Jefferson Moraes,2017,29,https://www.letras.mus.br/jefferson-moraes/um-centimetro/,-1
1209,Um Dia a Gente Se Encontra (part. João Bosco e Vinicius),musica1209,musica1209_trecho1,"Já que não tem volta o jeito é concentrar Na melhor forma de seguir em frente Não vou mais correr atrás, eu vou pensar Um pouco em mim e esquecer da gente",Marcos & Belutti,2011,32,https://www.letras.mus.br/marcos-belutti/1880391/,-1
365,Um Dia Te Levo Comigo,musica365,musica365_trecho1,Não dá pra esquecer teus olhos Nem todos os beijos Que você me dá! Não dá pra esquecer o cheiro E o ouro do cabelo a me iluminar,Jorge & Mateus,2009,28,https://www.letras.mus.br/jorge-mateus/1444405/,-1
365,Um Dia Te Levo Comigo,musica365,musica365_trecho2,A vida passa tão sem graça Mas quando você tá perto Fica tudo bem Eu corro a 200 por hora Mas se é pra te ver mais cedo Eu posso ir bem mais além,Jorge & Mateus,2009,34,https://www.letras.mus.br/jorge-mateus/1444405/,-1
1160,Um Lugarzinho Na Sua Cama,musica1160,musica1160_trecho2,"Mas uma hora o telhado quebra, a casa cai Pela porta da frente hoje eu não entro mais Você descobriu, se escondeu e viu, coração partiu E hoje, mesmo aqui coberto, eu tô passando frio",João Bosco & Vinícius,2014,35,https://www.letras.mus.br/joao-bosco-viniciusacustico/um-lugarzinho-na-sua-cama/,-1
1160,Um Lugarzinho Na Sua Cama,musica1160,musica1160_trecho3,"Se você voltar e me perdoar Não vou pegar, eu vou parar, me comportar Compro aliança e com você eu vou casar Me dá, dá uma chance de tentar, dá Um lugarzinho na sua cama pra eu deitar",João Bosco & Vinícius,2014,38,https://www.letras.mus.br/joao-bosco-viniciusacustico/um-lugarzinho-na-sua-cama/,-1
1403,Um Pedaço de Mim,musica1403,musica1403_trecho2,"E até menti, me fiz de desapegado Falei pra todo mundo que você era só passado Por dentro o choro, mas por fora o sorriso estampado",Lucas Lucco,2013,26,https://www.letras.mus.br/lucas-lucco/um-pedaco-de-mim/,-1
1403,Um Pedaço de Mim,musica1403,musica1403_trecho5,"E até menti, e me fiz de desapegado Falei pra todo mundo que você era só passado Por dentro o choro, mais por fora o sorriso estampado",Lucas Lucco,2013,27,https://www.letras.mus.br/lucas-lucco/um-pedaco-de-mim/,-1
290,Uma Ex (part. Jorge),musica290,musica290_trecho1,Faz tanto tempo O seu número eu nem sei se ainda tenho Mas lembro,Murilo Huff,2021,14,https://www.letras.mus.br/murilo-huff/uma-ex-part-jorge/,-1
290,Uma Ex (part. Jorge),musica290,musica290_trecho2,Amo em silêncio A cada chance que você dá pra alguém É mais uma que eu tô perdendo,Murilo Huff,2021,18,https://www.letras.mus.br/murilo-huff/uma-ex-part-jorge/,-1
290,Uma Ex (part. Jorge),musica290,musica290_trecho3,O tempo tá correndo Não sei mais quanto tempo eu vou ficar só vendo Vou arriscar pra riscar o não que eu ia ganhar,Murilo Huff,2021,24,https://www.letras.mus.br/murilo-huff/uma-ex-part-jorge/,-1
290,Uma Ex (part. Jorge),musica290,musica290_trecho5,Que nunca passa a vez Que nunca vai ser nunca E pra sempre ser talvez,Murilo Huff,2021,15,https://www.letras.mus.br/murilo-huff/uma-ex-part-jorge/,-1
1201,Vai Entender (part. Jorge e Mateus),musica1201,musica1201_trecho1,Pensei muito pra falar Tudo que eu pensei Tá guardado aqui Já são duas da manhã E o sono que não vem,Israel Novaes,2014,22,https://www.letras.mus.br/israel-novaes/vai-entender/,-1
1201,Vai Entender (part. Jorge e Mateus),musica1201,musica1201_trecho2,Mas eu sei Que quando eu te encontrar A garganta vai secar E tudo que eu pensei Eu não vou lembrar,Israel Novaes,2014,21,https://www.letras.mus.br/israel-novaes/vai-entender/,-1
1201,Vai Entender (part. Jorge e Mateus),musica1201,musica1201_trecho4,"Então me abraça que eu te conto Pelo meu beijo, sabe de tudo Se traduzir, vai entender, te amo",Israel Novaes,2014,19,https://www.letras.mus.br/israel-novaes/vai-entender/,-1
831,Vai Lá Em Casa Hoje (part. Marília Mendonça),musica831,musica831_trecho2,Vou chamar ela Pra tomar um gin na taça Mas depois do que eu fizer com ela Ela vai pedir água,George Henrique e Rodrigo,2021,21,https://www.letras.mus.br/george-henrique-rodrigo/vai-la-em-casa-hoje-part-marilia-mendonca/,-1
1604,Vamo Mexe,musica1604,musica1604_trecho1,A nossa vida não é brincadeira Chegar em casa na segunda-feira Depois de mais um final de semana Cantando e zuando na bebedeira,Michel Teló,2011,23,https://www.letras.mus.br/michel-telo/1867883/,-1
1604,Vamo Mexe,musica1604,musica1604_trecho2,"Já to na rua, tô sem fazer nada E resolvi mexer a mulherada Liguei pra Ana ela não atendeu A Bruna não dá mais Agora é de amigo meu",Michel Teló,2011,29,https://www.letras.mus.br/michel-telo/1867883/,-1
1604,Vamo Mexe,musica1604,musica1604_trecho6,Mandei mensagem pra Gabriela Mas ela gosta da Isabela Fazer o que se ela é moderna Se bem que com a duas não seria má ideia,Michel Teló,2011,26,https://www.letras.mus.br/michel-telo/1867883/,-1
782,Vazou Na Braquiara,musica782,musica782_trecho1,Existem dois tipos de pessoa numa ficada A que o te amo junta e a que o te amo separa A vida do solteiro é uma loteria nessas madrugadas,Hugo & Guilherme,2024,29,https://www.letras.mus.br/hugo-guilherme/vazou-na-braquiara/,-1
724,Vem Ni Mim Dodge Ram (part. Gusttavo Lima),musica724,musica724_trecho3,Quem não tem dinheiro é primo primeiro de um cachorro O trem era tão feio que nem sobrava osso pra mim Agora eu tô mudado O meu bolso tá cheio Mulherada atrás Eu quero ouvir cada vez mais,Israel Novaes,2012,38,https://www.letras.mus.br/israel-novaes/1970121/,-1
69,Vem Pra Minha Vida,musica69,musica69_trecho3,"Vem pra minha vida, vem Que eu não quero mais nada Mais nada e nem ninguém O que há de bom nas outras Você tem vezes 100 Meu coração tá pronto Esperando por você",Henrique & Juliano,2017,34,https://www.letras.mus.br/henrique-e-juliano/vem-pra-minha-vida/,-1
1233,Veneno,musica1233,musica1233_trecho3,"Não me provoca, cê não sabe o perigo que eu sou Eu sou, sou perito na arte de fazer amor Duvida, vai queimar sua língua, não sabe o que diz Não espera, vem pagar pra ver que eu te faço feliz",Fernando e Sorocaba,2013,41,https://www.letras.mus.br/fernando-sorocaba/veneno/,-1
1235,Vestígios,musica1235,musica1235_trecho1,Eu não sei Se um coração pode aguentar tanta dor Quando perde um amor Quando o sol já não brilha mais em seu olhar,Jorge & Mateus,2010,24,https://www.letras.mus.br/jorge-mateus/1720722/,-1
1235,Vestígios,musica1235,musica1235_trecho4,Eu vou curar essa dor E encontrar um novo amor Em um caminho sem rumo Vou levando a vida Em um caminho sem rumo Vou levando a vida,Jorge & Mateus,2010,28,https://www.letras.mus.br/jorge-mateus/1720722/,-1
1235,Vestígios,musica1235,musica1235_trecho7,Eu vou curar essa dor E encontrar um novo amor Em um caminho sem rumo Vou levando a vida,Jorge & Mateus,2010,19,https://www.letras.mus.br/jorge-mateus/1720722/,-1
1235,Vestígios,musica1235,musica1235_trecho9,Eu vou curar essa dor E encontrar um novo amor Em um caminho sem rumo Vou levando a vida! Em um caminho sem rumo Vou levando a vida! Em um caminho sem rumo Vou levando a vida!,Jorge & Mateus,2010,37,https://www.letras.mus.br/jorge-mateus/1720722/,-1
1175,Vida,musica1175,musica1175_trecho3,"E vou seguindo assim Um passo atrás do outro e não pela razão E graças a você eu sou mais coração Dizem que a vida ensina, mas você que me ensinou o que é o amor",Henrique & Juliano,2015,36,https://www.letras.mus.br/henrique-e-juliano/vida/,-1
1175,Vida,musica1175,musica1175_trecho4,E vou seguindo assim Me desculpe por tudo que eu te fiz passar Era meu jeito torto de amar Eu agradeço a Deus por ter você aqui E ser o meu amor,Henrique & Juliano,2015,32,https://www.letras.mus.br/henrique-e-juliano/vida/,-1
1175,Vida,musica1175,musica1175_trecho7,E vou seguindo assim Me desculpe por tudo que eu te fiz passar Era meu jeito torto de amar Eu agradeço a Deus por ter você aqui,Henrique & Juliano,2015,27,https://www.letras.mus.br/henrique-e-juliano/vida/,-1
1520,Vira Homem,musica1520,musica1520_trecho2,"Não precisa falar Tô vendo sua cara de preocupado Tá com medo, eu te conheço bem Você tá com ela, ainda gosta dela Voltou a falar com ela Não fez nada do que prometeu",Marília Mendonça,2020,34,https://www.letras.mus.br/marilia-mendonca/vira-homem/,-1
1520,Vira Homem,musica1520,musica1520_trecho3,"Faz assim Primeiro lugar, você some Segundo lugar, vira homem Você é o terceiro que me perdeu",Marília Mendonça,2020,17,https://www.letras.mus.br/marilia-mendonca/vira-homem/,-1
1520,Vira Homem,musica1520,musica1520_trecho4,"Faz assim Primeiro lugar, você some Segundo lugar, vira homem Você é o terceiro que me perdeu, iê, iê",Marília Mendonça,2020,19,https://www.letras.mus.br/marilia-mendonca/vira-homem/,-1
517,Virgínia,musica517,musica517_trecho1,Chegou dando pedrada no retrovisor Meteu o canivete no pneu do carro,Zé Felipe,2020,12,https://www.letras.mus.br/ze-felipe/virginia/,-1
517,Virgínia,musica517,musica517_trecho9,"Eu sou seu, todo seu Tô contigo até o fim Deixa o carro sossegado e faz assim",Zé Felipe,2020,17,https://www.letras.mus.br/ze-felipe/virginia/,-1
880,Viva a Vida,musica880,musica880_trecho7,"Viva, viva a vida Viva a vida Viva a vida",Felipe Duram,2019,10,https://www.letras.mus.br/felipe-duran/viva-a-vida/,-1
1341,Viva Intensamente,musica1341,musica1341_trecho1,Aprendi Que a vida bate sempre sem pudor Que nem sempre as coisas são como a gente pensa Que nem sempre o mundo gira como a gente quer,Gusttavo Lima,2011,28,https://www.letras.mus.br/gusttavo-lima/1971846/,-1
1341,Viva Intensamente,musica1341,musica1341_trecho4,"Nunca desista, vá em frente até acertar E nunca deixe que o medo impeça de tentar Leve na raça, faça o que o coração mandar Não deixe nada pra depois, não dá pra esperar",Gusttavo Lima,2011,34,https://www.letras.mus.br/gusttavo-lima/1971846/,-1
1341,Viva Intensamente,musica1341,musica1341_trecho7,Não duvide Não tenha medo de se arriscar Enfrente tudo e venha o que vier Conte com a sorte pra te ajudar,Gusttavo Lima,2011,22,https://www.letras.mus.br/gusttavo-lima/1971846/,-1
1341,Viva Intensamente,musica1341,musica1341_trecho11,"Nunca desista, vá em frente até acertar (E nunca deixe que o medo impeça de tentar) Leve na raça, faça o que o coração mandar Não deixe nada pra depois, não dá pra esperar",Gusttavo Lima,2011,34,https://www.letras.mus.br/gusttavo-lima/1971846/,-1
344,Vivendo Aqui No Mato (part. Zé Neto & Cristiano),musica344,musica344_trecho5,O meu amanhecer tem o cantar do galo O cheiro do mato com gota de orvalho E é tão gostoso beber um café Olhando o sol nascer,Trio Parada Dura,2017,27,https://www.letras.mus.br/trio-parada-dura/vivendo-aqui-no-mato/,-1
344,Vivendo Aqui No Mato (part. Zé Neto & Cristiano),musica344,musica344_trecho9,Meu amanhecer tem o cantar do galo O cheiro do mato com gota de orvalho E é tão gostoso beber um café Olhando o sol nascer,Trio Parada Dura,2017,26,https://www.letras.mus.br/trio-parada-dura/vivendo-aqui-no-mato/,-1
1158,"Vó, Tô Estourado",musica1158,musica1158_trecho3,Quem me teve foi minha mãe Quem me criou foi minha vó Ela não me deixou só Desde pequeno eu ouvi ela falar Meu filho estude para um dia se formar,Israel Novaes,2013,31,https://www.letras.mus.br/israel-novaes/vo-to-estourado/,-1
1158,"Vó, Tô Estourado",musica1158,musica1158_trecho5,"18 anos, não queria nem saber Só beber, curtir, farrear E quando eu chego Logo eu boto é pra torar Eu vou descendo a caixa de Old Parr",Israel Novaes,2013,28,https://www.letras.mus.br/israel-novaes/vo-to-estourado/,-1
1158,"Vó, Tô Estourado",musica1158,musica1158_trecho6,"Fim de semana, fazer o quê? Beber, curtir, farrear E minha vó todo tempo a me ligar Eu tava na zueira, não dava pra escutar",Israel Novaes,2013,25,https://www.letras.mus.br/israel-novaes/vo-to-estourado/,-1
1329,Voa,musica1329,musica1329_trecho2,"Não tenha medo de dizer que quer Vamos fazer o que você quiser Voa, voa",Paula Fernandes,2010,15,https://www.letras.mus.br/paula-fernandes/1716701/,-1
1329,Voa,musica1329,musica1329_trecho3,"E serei eu que em um dia então Vou te fazer delirar de paixão Nesse prazer somos eu e você Vamos, voa, voa",Paula Fernandes,2010,23,https://www.letras.mus.br/paula-fernandes/1716701/,-1
1329,Voa,musica1329,musica1329_trecho4,"Num colorido pintado no céu Num voo livre entre nuvens de mel No paraíso, só eu e você Vamos, voa, voa",Paula Fernandes,2010,21,https://www.letras.mus.br/paula-fernandes/1716701/,-1
1329,Voa,musica1329,musica1329_trecho9,"Mais adiante vai sentir o quanto se apaixonou Voa comigo, vem, seremos dois pombinhos de amor",Paula Fernandes,2010,16,https://www.letras.mus.br/paula-fernandes/1716701/,-1
1133,"Voa, Beija-flor",musica1133,musica1133_trecho1,Você não sabe o que é amor nem tão pouco paixão Se soubesse de verdade não maltratava meu coração Parece um beija-flor que vai de boca em boca por aí E suga todo meu amor e quando enjoa põe um fim,Jorge & Mateus,2009,41,https://www.letras.mus.br/jorge-mateus/1444409/,-1
1133,"Voa, Beija-flor",musica1133,musica1133_trecho3,Voa beija flor vai dar seu calor pra quem não te conhece Sai da minha vida busque um outro amor Você não me merece,Jorge & Mateus,2009,24,https://www.letras.mus.br/jorge-mateus/1444409/,-1
1039,Você de Mim Não Sai,musica1039,musica1039_trecho1,Deixa eu entrar Dentro do seu coração Descobrir pouco a pouco a paixão Tenta Me sentir enquanto eu sinto você Dessa vez é amor É pra valer,Luan Santana,2012,27,https://www.letras.mus.br/luan-santana/voce-de-mim-nao-sai/,-1
1198,Você de Volta,musica1198,musica1198_trecho1,Eu vivo buscando em alguém Alguma coisa que eu sei Que só existe em você,Maria Cecília e Rodolfo,2008,15,https://www.letras.mus.br/maria-cecilia-rodolfo/1076033/,-1
1288,Você Faz Falta Aqui,musica1288,musica1288_trecho3,"É que eu te vejo em tudo, em cada canto dessa casa Nos cabides, nas gavetas e na cama bagunçada E no box do banheiro sempre que o vidro embaça Tem seu nome, um coração e uma flecha atravessada",Maiara & Maraisa,2017,39,https://www.letras.mus.br/maiara-maraisa/voce-faz-falta-aqui/,-1
1288,Você Faz Falta Aqui,musica1288,musica1288_trecho4,"É que eu te vejo em tudo, em cada canto dessa casa Nos cabides, nas gavetas e na cama bagunçada E o seu cheiro está grudado em cada roupa que eu usava Você foi e esqueceu de levar a saudade na mala, mala, mala",Maiara & Maraisa,2017,44,https://www.letras.mus.br/maiara-maraisa/voce-faz-falta-aqui/,-1
101,Você Mudou,musica101,musica101_trecho1,"Te falei, mas você não me ouviu Quis viver na ilusão O vazio que você deixou em mim Maltratou meu coração",Cristiano Araújo,2011,21,https://www.letras.mus.br/cristiano-araujo/1871811/,-1
101,Você Mudou,musica101,musica101_trecho2,Não ligou pra minha solidão Tinha que acabar assim Será triste uma noite sem você Mas será o melhor pra mim,Cristiano Araújo,2011,21,https://www.letras.mus.br/cristiano-araujo/1871811/,-1
101,Você Mudou,musica101,musica101_trecho3,"Não importa o que me faça Não tem paixão quando me abraça Sem destino, para longe sei que vou Irei em busca de um novo amor",Cristiano Araújo,2011,26,https://www.letras.mus.br/cristiano-araujo/1871811/,-1
101,Você Mudou,musica101,musica101_trecho4,"E quando despertar não irá me encontrar Quem sabe aí, meu bem Talvez você consiga entender Que a minha vida não pertence a você",Cristiano Araújo,2011,24,https://www.letras.mus.br/cristiano-araujo/1871811/,-1
101,Você Mudou,musica101,musica101_trecho5,"E quando despertar não irá me encontrar Quem sabe aí, meu bem Talvez você consiga entender Que a minha vida não pertence a você De você, só vou lembrar-me Quando tudo começou",Cristiano Araújo,2011,32,https://www.letras.mus.br/cristiano-araujo/1871811/,-1
101,Você Mudou,musica101,musica101_trecho7,"Acho que você não entendeu Que quando o amor se acaba, na verdade nunca se amou Siga seu caminho que eu vou em busca do meu Acho que você não entendeu Que se acabou o meu amor, não terá mais uma vez",Cristiano Araújo,2011,42,https://www.letras.mus.br/cristiano-araujo/1871811/,-1
101,Você Mudou,musica101,musica101_trecho8,"Por favor, não tente me achar Você não gostaria do que vai encontrar Então verás que sou feliz com este amor Como jamais serei com você",Cristiano Araújo,2011,26,https://www.letras.mus.br/cristiano-araujo/1871811/,-1
101,Você Mudou,musica101,musica101_trecho9,"Acho que você não entendeu Que quando o amor se acaba, na verdade nunca se amou Siga o seu caminho que eu vou em busca do meu Acho que você não entendeu Que se acabou o meu amor, não terá mais uma vez",Cristiano Araújo,2011,43,https://www.letras.mus.br/cristiano-araujo/1871811/,-1
101,Você Mudou,musica101,musica101_trecho10,"Por favor, não tente me achar Você não gostaria do que vai encontrar Então verás que sou feliz com este amor Como jamais serei com você Com você Com você",Cristiano Araújo,2011,30,https://www.letras.mus.br/cristiano-araujo/1871811/,-1
615,Você Mudou Demais,musica615,musica615_trecho3,Vejo nosso amor se afastando E entre nós ficou morando Essa saudade Estou sentindo que aos poucos Você vai me perder,Marília Mendonça,2025,21,https://www.letras.mus.br/marilia-mendonca/voce-mudou-demais/,-1
615,Você Mudou Demais,musica615,musica615_trecho7,Vê se volta pra mim Não te quero assim Vendo a nossa paixão Fugir do coração,Marília Mendonça,2025,16,https://www.letras.mus.br/marilia-mendonca/voce-mudou-demais/,-1
661,Você Não Sabe o Que É Amor,musica661,musica661_trecho2,"Pode ir, tudo bem Você não sabe o que é gostar de alguém Pode rir, tô legal E o que eu sofri espero que não sofra igual Fiquei mal, mas passou Você não sabe o que é amor",Luan Santana,2009,38,https://www.letras.mus.br/luan-santana/1534681/,-1
661,Você Não Sabe o Que É Amor,musica661,musica661_trecho5,"""Olhando em meu olhar você vai perceber que não há mais tempo pra nós dois Eu te amei do jeito mais profundo que alguém pode amar outra pessoa Mas eu desisto de você, acabou! Acabou...""",Luan Santana,2009,35,https://www.letras.mus.br/luan-santana/1534681/,-1
661,Você Não Sabe o Que É Amor,musica661,musica661_trecho7,"Pode ir, tudo bem Você não sabe o que é gostar de alguém Pode rir, tô legal E o que eu sofri espero que não sofra igual Fiquei mal mas passou Você não sabe o que é amor",Luan Santana,2009,38,https://www.letras.mus.br/luan-santana/1534681/,-1
1508,Você Sabia,musica1508,musica1508_trecho2,Aos olhos de quem está de fora Parece coisa de novela Aí o sentimento aflora Magia que ninguém espera,Victor & Leo,2008,19,https://www.letras.mus.br/victor-leo/1359255/,-1
1508,Você Sabia,musica1508,musica1508_trecho3,Tudo aconteceu num sonho Ninguém como você sabia Que dentro do meu peito estava Um coração que amava e por você sorria,Victor & Leo,2008,22,https://www.letras.mus.br/victor-leo/1359255/,-1
1508,Você Sabia,musica1508,musica1508_trecho4,"Até que você foi embora Deixou de vez o meu caminho E quem sorria, agora chora Dessa nossa história, vou lembrar sozinho",Victor & Leo,2008,22,https://www.letras.mus.br/victor-leo/1359255/,-1
1508,Você Sabia,musica1508,musica1508_trecho5,Você sabia Que mesmo me deixando eu iria Ficar te esperando todo dia Fugindo de mim mesmo pra tentar te esquecer Mas muito mais eu lembraria,Victor & Leo,2008,26,https://www.letras.mus.br/victor-leo/1359255/,-1
1508,Você Sabia,musica1508,musica1508_trecho6,Sabia Que mesmo me deixando eu iria Ficar te esperando todo dia Fugindo de mim mesmo pra tentar te esquecer Mas muito mais eu lembraria sozinho,Victor & Leo,2008,26,https://www.letras.mus.br/victor-leo/1359255/,-1
1508,Você Sabia,musica1508,musica1508_trecho10,Sabia Que mesmo me deixando eu iria Ficar te esperando todo dia Fugindo de mim mesmo pra tentar te esquecer Mas muito mais eu lembraria,Victor & Leo,2008,25,https://www.letras.mus.br/victor-leo/1359255/,-1
929,Você Vai Ficar Em Mim,musica929,musica929_trecho1,"Você vai ficar em mim Pode crer, não dá pra esquecer Um amor tão forte assim, quando vem, faz a gente se perder Faz o coração doer, faz a gente enlouquecer",Cristiano Araújo,2011,31,https://www.letras.mus.br/cristiano-araujo/1847635/,-1
929,Você Vai Ficar Em Mim,musica929,musica929_trecho2,"Eu só sei fazer amor te chamando Gritando o seu nome, eu só sei te amar Sinto falta de você quando some, a dor me consome Eu sei que nunca mais te esqueço Pois basta só fechar os meus olhos pra te lembrar",Cristiano Araújo,2011,43,https://www.letras.mus.br/cristiano-araujo/1847635/,-1
929,Você Vai Ficar Em Mim,musica929,musica929_trecho4,"Eu só sei fazer amor te chamando Gritando o seu nome, eu só sei te amar Sinto falta de você quando some, a dor me consome Eu sei que nunca mais te esqueço Pois basta só fechar os meus olhos pra te lembrar Pois basta só fechar os meus olhos pra te lembrar Pois basta só fechar os meus olhos Pra te lembrar",Cristiano Araújo,2011,63,https://www.letras.mus.br/cristiano-araujo/1847635/,-1
982,Você Vai Sentir Saudade,musica982,musica982_trecho1,Você pegou no sono antes de mim de novo E eu fiquei olhando filmes na TV Nem falei o que eu fiz pra você,Marília Mendonça,2025,24,https://www.letras.mus.br/marilia-mendonca/voce-vai-sentir-saudade/,-1
982,Você Vai Sentir Saudade,musica982,musica982_trecho7,Você vai sentir minha falta Pois só eu entendo o seu jeito de ser O que não quer dizer Que eu tenha que aguentar,Marília Mendonça,2025,24,https://www.letras.mus.br/marilia-mendonca/voce-vai-sentir-saudade/,-1
982,Você Vai Sentir Saudade,musica982,musica982_trecho8,A viver sozinho à dois Ficar sempre pra depois Você se acostumou a ter amor Sem ter que amar,Marília Mendonça,2025,19,https://www.letras.mus.br/marilia-mendonca/voce-vai-sentir-saudade/,-1
1523,Você Vai Voltar Pra Mim,musica1523,musica1523_trecho4,"Tô morrendo, sim De saudade Me diz que a dor chegou ao fim E você vai voltar pra mim",Nathália Siqueira,2007,19,https://www.letras.mus.br/natalia-siqueira/1126873/,-1
1523,Você Vai Voltar Pra Mim,musica1523,musica1523_trecho7,"Vai chover, vou chorar, me esconder, te odiar Só eu sei Mas só que hoje eu sonhei",Nathália Siqueira,2007,17,https://www.letras.mus.br/natalia-siqueira/1126873/,-1
948,Volta Por Baixo,musica948,musica948_trecho2,"E aí, compensou me largar? Cadê suas amizades? Os seus esqueminhas? Que você falava e falava que tinha É isso que cê chama de volta por cima?",Henrique & Juliano,2020,27,https://www.letras.mus.br/henrique-e-juliano/volta-por-baixo/,-1
948,Volta Por Baixo,musica948,musica948_trecho5,Cadê suas amizades? Os seus esqueminhas? Que você falava e falava que tinha É isso que cê chama de volta por cima?,Henrique & Juliano,2020,22,https://www.letras.mus.br/henrique-e-juliano/volta-por-baixo/,-1
1479,Volta Pra Minha Vida,musica1479,musica1479_trecho2,Hoje tudo parece um sonho Mas você teve medo de acreditar E se enganar outra vez,Jorge & Mateus,2010,16,https://www.letras.mus.br/jorge-mateus/1713707/,-1
1479,Volta Pra Minha Vida,musica1479,musica1479_trecho3,"Esse medo te levou embora Mas não há nada pra você la fora Esse amor não vai te deixar E você vai ver, vai acreditar",Jorge & Mateus,2010,25,https://www.letras.mus.br/jorge-mateus/1713707/,-1
1479,Volta Pra Minha Vida,musica1479,musica1479_trecho4,Um amor de verdade não tem despedida Volta pra minha vida Deixa esse medo e venha o que vier Eu não vou desgrudar de você,Jorge & Mateus,2010,25,https://www.letras.mus.br/jorge-mateus/1713707/,-1
1176,Volta Pro Meu Coração,musica1176,musica1176_trecho3,Doeu demais ver você partir Doeu demais em mim Tá doendo demais essa solidão Volta pro meu coração Doeu demais ver você partir Doeu demais em mim Tá doendo demais essa solidão Volta pro meu coração,João Carreiro & Capataz,2010,36,https://www.letras.mus.br/joao-carreiro-capataz/1864521/,-1
1176,Volta Pro Meu Coração,musica1176,musica1176_trecho6,Doeu demais Doeu demais em mim Tá doendo demais essa solidão Volta pro meu coração Volta pro meu coração Volta pro meu coração,João Carreiro & Capataz,2010,23,https://www.letras.mus.br/joao-carreiro-capataz/1864521/,-1
279,Volta Vai,musica279,musica279_trecho1,"Eu poderia te enganar, mentir Fingir que esqueci Mas a verdade é que eu vivo a sonhar Em te ver voltar!",Simone & Simaria,2016,21,https://www.letras.mus.br/simone-simaria-as-coleguinhas/volta-vai/,-1
1050,Voltando Pra Mim,musica1050,musica1050_trecho2,"Ou a gente sente ou não sente Infelizmente, não bateu aqui pra gente Eu tô indo embora, vai ter que ser agora Em outra vida tomara que seja diferente",Gustavo Mioto,2025,29,https://www.letras.mus.br/gustavo-mioto/voltando-pra-mim/,-1
1050,Voltando Pra Mim,musica1050,musica1050_trecho6,"Ou a gente sente ou não sente Infelizmente, não bateu aqui pra gente Eu tô indo embora, vai ter que ser agora Em outra vida, tomara que seja diferente É",Gustavo Mioto,2025,30,https://www.letras.mus.br/gustavo-mioto/voltando-pra-mim/,-1
1415,Vou Dar o Nó em Você,musica1415,musica1415_trecho1,"Amor, tô decidida Agora eu vou mudar Foi a última vez Que me viu naquele bar",Thaeme e Thiago,2012,16,https://www.letras.mus.br/thaeme-thiago/arrocha/,-1
1415,Vou Dar o Nó em Você,musica1415,musica1415_trecho3,"Eu quero ficar sério com você Tô largando do que gosto Só para te satisfazer Mas quando chega sexta-feira é de doer Desculpe, meu amor Vou dar um nó em você",Thaeme e Thiago,2012,31,https://www.letras.mus.br/thaeme-thiago/arrocha/,-1
1415,Vou Dar o Nó em Você,musica1415,musica1415_trecho5,"A culpa é sua que não quis acompanhar Agora eu arrocho Arrocho, arrocho Arrocho sem parar",Thaeme e Thiago,2012,16,https://www.letras.mus.br/thaeme-thiago/arrocha/,-1
1415,Vou Dar o Nó em Você,musica1415,musica1415_trecho7,"A culpa é sua Que não quis me acompanhar Agora eu arrocho Arrocho, arrocho Arrocho sem parar",Thaeme e Thiago,2012,17,https://www.letras.mus.br/thaeme-thiago/arrocha/,-1
114,Vou Te Amar (Cigana),musica114,musica114_trecho2,"Eu confesso que na hora duvidei Lembrei de quantas vezes eu acreditei Mas não dava certo, não era pra acontecer",Hugo Pena e Gabriel,2008,20,https://www.letras.mus.br/hugo-pena-e-gabriel/1328169/,-1
376,Vou Ter Que Superar (part. Marília Mendonça),musica376,musica376_trecho2,"Quase morro Tentando encontrar o contato novo dela agora Eu sei que ela já tá em outra e que vai embora Mas se existe consideração, eu sei que vai me ouvir",Matheus & Kauan,2019,31,https://www.letras.mus.br/matheus-kauan/vou-ter-que-superar-part-marilia-mendonca/,-1
376,Vou Ter Que Superar (part. Marília Mendonça),musica376,musica376_trecho3,Só vou pedir desculpas O nosso pra sempre acabou e um novo amor veio com tudo Meu erro pesou na balança e não vamos mais ficar juntos Porque eu estraguei tudo,Matheus & Kauan,2019,31,https://www.letras.mus.br/matheus-kauan/vou-ter-que-superar-part-marilia-mendonca/,-1
376,Vou Ter Que Superar (part. Marília Mendonça),musica376,musica376_trecho4,Vou ter que superar suas fotos com ele viajando E as amigas comentando que são um belo casal Vou ter que superar o dia do casamento Esperando que o tempo aos poucos possa me curar Vou ter que superar que a gente não vai mais voltar Vou ter que superar que a gente não vai mais voltar,Matheus & Kauan,2019,57,https://www.letras.mus.br/matheus-kauan/vou-ter-que-superar-part-marilia-mendonca/,-1
376,Vou Ter Que Superar (part. Marília Mendonça),musica376,musica376_trecho6,Vou ter que superar suas fotos com ela viajando E as amigas comentando que são um belo casal Vou ter que superar o dia do casamento Esperando que o tempo aos poucos possa me curar,Matheus & Kauan,2019,35,https://www.letras.mus.br/matheus-kauan/vou-ter-que-superar-part-marilia-mendonca/,-1
376,Vou Ter Que Superar (part. Marília Mendonça),musica376,musica376_trecho7,Vou ter que superar suas fotos com ele viajando E as amigas comentando que são um belo casal Vou ter que superar o dia do casamento Esperando que o tempo aos poucos possa me curar Vou ter que superar que a gente não vai mais voltar Eu vou ter que superar que a gente não vai mais voltar,Matheus & Kauan,2019,58,https://www.letras.mus.br/matheus-kauan/vou-ter-que-superar-part-marilia-mendonca/,-1
39,Vou Voando,musica39,musica39_trecho1,Por que você não vem E deita aqui do meu lado? Acende a luz da noite Vamos ficar acordados,Jorge & Mateus,2016,19,https://www.letras.mus.br/jorge-mateus/vou-voando/,-1
39,Vou Voando,musica39,musica39_trecho2,Voar no mar de estrelas E desvendar o infinito Se embriagar de amor Dizer o que nunca foi dito,Jorge & Mateus,2016,19,https://www.letras.mus.br/jorge-mateus/vou-voando/,-1
39,Vou Voando,musica39,musica39_trecho4,"Amanheceu E, no meu sonho, teu sorriso me chamando E eu vou voando Eu vou voando Amanheceu E, no meu sonho, teu sorriso me chamando E eu vou voando Eu vou voando",Jorge & Mateus,2016,32,https://www.letras.mus.br/jorge-mateus/vou-voando/,-1
1335,Vou Voar,musica1335,musica1335_trecho1,"Vou voar Quem quer amar ? Sonhar alto, voar sem parar Eu não vou ficar parado vendo você se afastar A melhor é você Meu destino é você Fui feito pra você",Luan Santana,2009,32,https://www.letras.mus.br/luan-santana/1590556/,-1
1335,Vou Voar,musica1335,musica1335_trecho3,"Vou voar Quem quer amar ? Sonhar alto, voar sem parar Eu não vou ficar parado vendo você se afastar A melhor é você Meu destino é você Fui feito pra você Um cometa acertou em cheio o meu coração E estremeceu meu mundo, toda constelação",Luan Santana,2009,46,https://www.letras.mus.br/luan-santana/1590556/,-1
201,Whisky Vagabund0,musica201,musica201_trecho3,"Hoje eu vou beber pra esquecer E eu só quero whisky vagabundo, igual você Que vem com a dor de cabeça junto Acabou os homem que presta no mundo",Lauana Prado,2023,29,https://www.letras.mus.br/lauana-prado/whisky-vagabund0/,-1
201,Whisky Vagabund0,musica201,musica201_trecho4,"Hoje eu vou beber pra esquecer E eu só quero whisky vagabundo, igual você Que vem com a dor de cabeça junto Acabou as mulher que presta no mundo",Lauana Prado,2023,29,https://www.letras.mus.br/lauana-prado/whisky-vagabund0/,-1
201,Whisky Vagabund0,musica201,musica201_trecho7,"Hoje eu vou beber pra esquecer E eu só quero whisky vagabundo, igual você Que vem com a dor de cabeça junto Acabou as mulher que presta no mundo Acabou o povo que presta no mundo",Lauana Prado,2023,36,https://www.letras.mus.br/lauana-prado/whisky-vagabund0/,-1
653,Wi-Fi (part. Luan Pereira),musica653,musica653_trecho2,"A nossa conexão tá falhando, já faz tempo Que aqui não chega os: Eu te amo Daqueles que deixa o coração vibrando E é por isso que eu tô me preocupando Nosso amor tá oscilando Uou, uou, uou, uou",Traia Véia,2025,39,https://www.letras.mus.br/traia-veia/wi-fi-part-luan-pereira/,-1
653,Wi-Fi (part. Luan Pereira),musica653,musica653_trecho3,"Se o Wi-Fi tá lento, travando Tem mais gente usando E nem é de Internet que eu tô falando Se o Wi-Fi tá lento, travando Tem mais gente usando E nem é de Internet que eu tô falando Do seu amor eu tô me desligando",Traia Véia,2025,45,https://www.letras.mus.br/traia-veia/wi-fi-part-luan-pereira/,-1
653,Wi-Fi (part. Luan Pereira),musica653,musica653_trecho5,"A nossa conexão tá falhando, já faz tempo Que aqui não chega os: Eu te amo Daqueles que deixa o coração vibrando E é por isso que eu tô me preocupando Nosso amor tá oscilando (tá oscilando) Uou, uou, uou, uou",Traia Véia,2025,41,https://www.letras.mus.br/traia-veia/wi-fi-part-luan-pereira/,-1
653,Wi-Fi (part. Luan Pereira),musica653,musica653_trecho6,"Se o Wi-Fi tá lento, travando Tem mais gente usando E nem é de Internet que eu tô falando Se o Wi-Fi tá lento, travando Tem mais gente usando E nem é de Internet que eu tô falando",Traia Véia,2025,38,https://www.letras.mus.br/traia-veia/wi-fi-part-luan-pereira/,-1
653,Wi-Fi (part. Luan Pereira),musica653,musica653_trecho7,"Se o Wi-Fi (Wi-Fi) tá lento (tá lento), travando (travando) Tem mais gente usando (uou, usando) E nem é de Internet que eu tô falando Do seu amor eu tô me desligando Uh, uh Do seu amor eu tô me desligando Uh, uh E nem é de Internet que eu tô falando",Traia Véia,2025,52,https://www.letras.mus.br/traia-veia/wi-fi-part-luan-pereira/,-1
653,Wi-Fi (part. Luan Pereira),musica653,musica653_trecho8,"E se o Wi-Fi tá lento, travando Tem mais gente usando E nem é de Internet que eu tô falando E se o Wi-Fi tá lento, travando Tem mais gente usando E nem é de Internet que eu tô falando Do seu amor eu tô me desligando",Traia Véia,2025,47,https://www.letras.mus.br/traia-veia/wi-fi-part-luan-pereira/,-1
