ranking_posicao,musica,tag_musica,tag_trecho,ESTROFE,artista,ano,ntokens,url,topic
442,10%,musica442,musica442_trecho1,Tô escorada na mesa Confesso que eu quase caí da cadeira E esse garçom não me ajuda Já trouxe a vigésima saideira,Maiara & Maraisa,2016,22,https://www.letras.mus.br/maiara-maraisa/10/,-1
442,10%,musica442,musica442_trecho2,Já viu o meu desespero E aumentou o volume da televisão Sabe que sou viciada E bebo dobrado ouvindo um modão,Maiara & Maraisa,2016,21,https://www.letras.mus.br/maiara-maraisa/10/,-1
442,10%,musica442,musica442_trecho3,"A terceira música nem acabou Eu já tô lembrando da gente fazendo amor Celular na mão, mas ele não tá tocando Se fosse ligação, nosso amor seria engano, seria engano",Maiara & Maraisa,2016,30,https://www.letras.mus.br/maiara-maraisa/10/,-1
10,31/12,musica10,musica10_trecho1,Por que você não sai da minha cabeça?,Jorge & Mateus,2015,8,https://www.letras.mus.br/jorge-mateus/31-de-dezembro/,-1
10,31/12,musica10,musica10_trecho3,E por mais que eu queira Por que você não sai da minha cabeça? Por que você não sai da minha cabeça? E vou pedir pra toda estrela que eu vejo Pra realizar meu único desejo,Jorge & Mateus,2015,36,https://www.letras.mus.br/jorge-mateus/31-de-dezembro/,-1
10,31/12,musica10,musica10_trecho4,"Amanhecer, primeiro de janeiro Com você Banho de mar Amar e amar De amor me perder Por que você não sai da minha cabeça? Por que você não sai da minha cabeça?",Jorge & Mateus,2015,32,https://www.letras.mus.br/jorge-mateus/31-de-dezembro/,-1
10,31/12,musica10,musica10_trecho7,"Amanhecer, primeiro de janeiro Com você Banho de mar Amar e amar De amor me perder",Jorge & Mateus,2015,16,https://www.letras.mus.br/jorge-mateus/31-de-dezembro/,-1
10,31/12,musica10,musica10_trecho9,"Por que você não sai da minha cabeça? Por que você não sai da minha cabeça? Não sai Por que? Por que você não sai da minha cabeça? Você, por que? Não sai, não sai, não sai da minha cabeça não Por que você não sai da minha cabeça? Não sai da minha cabeça Não sai da minha cabeça, por que?",Jorge & Mateus,2015,61,https://www.letras.mus.br/jorge-mateus/31-de-dezembro/,-1
208,10 Anos,musica208,musica208_trecho1,Fala Seria covardia ir embora sem dizer por quê Existem tantas páginas dessa história pra escrever Não venha inventar um fim,Gusttavo Lima,2014,21,https://www.letras.mus.br/gusttavo-lima/10-anos/,-1
89,10 Minutos Longe de Você (part. Henrique e Juliano),musica89,musica89_trecho1,Dizem que os olhos são como o espelho Que seu brilho sempre reflete aquilo que seu coração tá cheio Dizem que a boca descreve momentos Com palavras de amor revelando o que trago no meu peito,Victor & Leo,2015,36,https://www.letras.mus.br/victor-leo/10-minutos-longe-de-voce/,-1
89,10 Minutos Longe de Você (part. Henrique e Juliano),musica89,musica89_trecho2,Na minha história com você não é tão diferente E no brilho dos seus olhos Vejo o quanto você sente quando estou ausente,Victor & Leo,2015,23,https://www.letras.mus.br/victor-leo/10-minutos-longe-de-voce/,-1
89,10 Minutos Longe de Você (part. Henrique e Juliano),musica89,musica89_trecho4,"Tome um banho de flores, passe o seu perfume Coloque aquela roupa que me traz ciúme Que eu estou chegando pra te amar",Victor & Leo,2015,23,https://www.letras.mus.br/victor-leo/10-minutos-longe-de-voce/,-1
89,10 Minutos Longe de Você (part. Henrique e Juliano),musica89,musica89_trecho5,"Me espera com sorriso de lábios vermelhos Prepare a nossa cama, põe vinho no gelo Que eu quero brindar pra esquecer Esses dez minutos longe de você",Victor & Leo,2015,27,https://www.letras.mus.br/victor-leo/10-minutos-longe-de-voce/,-1
1439,100% Você,musica1439,musica1439_trecho2,"Eu confesso que errei, não preciso me enganar Eu amava o poder e você o poder de amar Aprendi a viver 100% você, 100% você",Fernando e Sorocaba,2020,25,https://www.letras.mus.br/fernando-sorocaba/1459131/,-1
1439,100% Você,musica1439,musica1439_trecho3,"Eu queria ser poeta, mas eu sei nunca vou ser Um poeta pensa muito e eu só penso em você Eu viajo e imagino um final só pra nós dois O passado a gente deixa pra depois",Fernando e Sorocaba,2020,37,https://www.letras.mus.br/fernando-sorocaba/1459131/,-1
1045,11 Vidas,musica1045,musica1045_trecho1,"Me pareço tanto com você Olhando dá pra ver, seu rosto lembra o meu Desde o primeiro aniversário O primeiro passo, sempre pronto pra me defender",Lucas Lucco,2014,26,https://www.letras.mus.br/lucas-lucco/11-vidas/,-1
1045,11 Vidas,musica1045,musica1045_trecho10,Eu só queria se tivesse você Eu só queria se tivesse você,Lucas Lucco,2014,12,https://www.letras.mus.br/lucas-lucco/11-vidas/,-1
1459,126 Cabides,musica1459,musica1459_trecho1,"Contando, são 126 cabides E no guarda-roupa Um grande espaço seu deixado O que faço? Estou eu bem no meu canto Futuro levado meu, roubado",Simone & Simaria,2016,25,https://www.letras.mus.br/simone-simaria-as-coleguinhas/126-cabides/,-1
1459,126 Cabides,musica1459,musica1459_trecho3,E eu nem quis te ver de malas prontas Levando o que eu temia Suas roupas e minha alegria E eu nem quis te ver de malas prontas Nós dois não mais existe Só ficaram 126 cabides,Simone & Simaria,2016,37,https://www.letras.mus.br/simone-simaria-as-coleguinhas/126-cabides/,-1
1459,126 Cabides,musica1459,musica1459_trecho5,E eu nem quis te ver de malas prontas Levando o que eu temia Suas roupas e minha alegria E eu nem quis te ver de malas prontas Nós dois não mais existe,Simone & Simaria,2016,33,https://www.letras.mus.br/simone-simaria-as-coleguinhas/126-cabides/,-1
1430,24 Horas,musica1430,musica1430_trecho2,"E me perdi Quando eu vi que você me deixou E me trocou sem nenhuma razão Era demais, a vida era bela",Luan Santana,2012,22,https://www.letras.mus.br/luan-santana/24-horas/,-1
1262,24 Horas (Pensando Em Você),musica1262,musica1262_trecho4,"3, 4, 5 da tarde encontro os amigos pra o happy hour Até nessa hora confesso, meu Deus, que bate a saudade Em casa, a noite, começa a novela Um beijo me faz pensar em você Então vou pra cama e começa de novo Mais um dia que eu vejo amanhecer",Léo Magalhães,2010,51,https://www.letras.mus.br/leo-magalhaes/1722916/,-1
865,24 Horas de Amor/ Só Dá Você Na Minha Vida/ Pense Em Mim/ Talismã (pot-pourri),musica865,musica865_trecho3,"E de repente vi, você sair Com a toalha no seu corpo E se agarrar em mim Como nos velhos tempos de amor tão louco Nada mais sei de nós Porque morremos abraçados no desejo Na doação total Perdidos na loucura desses beijos",Ícaro e Gilmar,2020,43,https://www.letras.mus.br/icaro-e-gilmar/24-horas-de-amor-so-da-voce-na-minha-vida-pense-em-mim-talisma-pot-pourri/,-1
865,24 Horas de Amor/ Só Dá Você Na Minha Vida/ Pense Em Mim/ Talismã (pot-pourri),musica865,musica865_trecho5,"Eu tentei, eu lutei, fiz o possível Mas viver sem você é impossível Eu tentei, eu busquei outra saída Mas o que fazer se só dá você na minha vida",Ícaro e Gilmar,2020,30,https://www.letras.mus.br/icaro-e-gilmar/24-horas-de-amor-so-da-voce-na-minha-vida-pense-em-mim-talisma-pot-pourri/,-1
865,24 Horas de Amor/ Só Dá Você Na Minha Vida/ Pense Em Mim/ Talismã (pot-pourri),musica865,musica865_trecho6,"Em vez de você ficar pensando nele Em vez de você viver chorando por ele Pense em mim, chore por mim Liga pra mim, não, não liga pra ele Pra ele! Não chore por ele!",Ícaro e Gilmar,2020,35,https://www.letras.mus.br/icaro-e-gilmar/24-horas-de-amor-so-da-voce-na-minha-vida-pense-em-mim-talisma-pot-pourri/,-1
865,24 Horas de Amor/ Só Dá Você Na Minha Vida/ Pense Em Mim/ Talismã (pot-pourri),musica865,musica865_trecho14,"Vai, saudade diz pra ela Diz pra ela aparecer Vai, saudade, vê se troca A minha solidão por ela Pra valer o meu viver",Ícaro e Gilmar,2020,24,https://www.letras.mus.br/icaro-e-gilmar/24-horas-de-amor-so-da-voce-na-minha-vida-pense-em-mim-talisma-pot-pourri/,-1
1517,3 de Maio,musica1517,musica1517_trecho1,"Se todo lugar que eu olho eu vejo seu rosto Se a brisa do oceano vem, me traz seu gosto Quando você chega perto, eu quase desmaio Vai ficar marcado, hoje, dia 3 de maio",Luan Santana,2012,35,https://www.letras.mus.br/luan-santana/3-de-maio/,-1
1517,3 de Maio,musica1517,musica1517_trecho3,"Chegou a hora e do seu lado eu começo a suar Foi mal, eu já nem sei mais o que ia dizer Trouxe essa flor de plástico pra te presentear Eu vou te amar até a flor morrer",Luan Santana,2012,38,https://www.letras.mus.br/luan-santana/3-de-maio/,-1
1187,360 O Arrocha do Poder,musica1187,musica1187_trecho2,"Cê vai ficar maluca e vai enlouquecer Se não souber me chama, arrocho com você Preste bem atenção, que já vai começar Não tem muito segredo e só você me acompanhar",Thiago Brava,2012,31,https://www.letras.mus.br/thiago-brava/360-o-arrocha-do-poder/,-1
1187,360 O Arrocha do Poder,musica1187,musica1187_trecho3,"180, 180, 360 180, 180, 360 É fácil de pegar, difícil de esquecer O cara da pegada quer te ensinar a fazer",Thiago Brava,2012,22,https://www.letras.mus.br/thiago-brava/360-o-arrocha-do-poder/,-1
1187,360 O Arrocha do Poder,musica1187,musica1187_trecho4,"180, 180, 360 180, 180, 360 É fácil de pegar, difícil de esquecer Se liga na pegada, é o arrocha do poder",Thiago Brava,2012,22,https://www.letras.mus.br/thiago-brava/360-o-arrocha-do-poder/,-1
1145,365 Dias,musica1145,musica1145_trecho3,Hoje faz trezentos e sessenta e cinco dias Faz um ano que você se foi Refazendo um resumo da minha vida Vejo que tudo que construí não me valeu a pena Porque tudo que eu fiz foi pensando em nós dois,Thaeme e Thiago,2012,41,https://www.letras.mus.br/thaeme-thiago/1985791/,-1
1145,365 Dias,musica1145,musica1145_trecho5,Ainda sei de cor seu telefone Sei decifrar os teus quinze sorrisos Conheço a palmo todo o seu corpo Que era o meu paraíso,Thaeme e Thiago,2012,24,https://www.letras.mus.br/thaeme-thiago/1985791/,-1
979,4 e 15,musica979,musica979_trecho1,"Quatro e quinze, vem falar comigo Diz que eu tô sumida Eu respondi: Pois é",Marília Mendonça,2015,15,https://www.letras.mus.br/marilia-mendonca/quatro-e-quinze/,-1
979,4 e 15,musica979,musica979_trecho4,"Olha o que você fez Era meu grande amor, hoje é só mais um ex Trocou sua certeza por qualquer talvez Te perdoar não quer dizer que eu vá voltar Tá tarde pra você me ligar",Marília Mendonça,2015,36,https://www.letras.mus.br/marilia-mendonca/quatro-e-quinze/,-1
35,50 Reais (part. Maiara & Maraisa),musica35,musica35_trecho3,E por acaso esse motel É o mesmo que me trouxe na lua de mel? É o mesmo que você me prometeu o céu E agora me tirou o chão?,Naiara Azevedo,2016,30,https://www.letras.mus.br/naiara-azevedo/50-reais/,-1
35,50 Reais (part. Maiara & Maraisa),musica35,musica35_trecho4,E não precisa se vestir Eu já vi tudo que eu tinha que ver aqui Que decepção Um a zero pra minha intuição,Naiara Azevedo,2016,23,https://www.letras.mus.br/naiara-azevedo/50-reais/,-1
162,60 Segundos,musica162,musica162_trecho1,"Me dê um minuto pra falar Que eu preciso de você, meu amor 59 segundos é o que resta Pra entender essa paixão no meu peito",Gusttavo Lima,2011,26,https://www.letras.mus.br/gusttavo-lima/1966132/,-1
162,60 Segundos,musica162,musica162_trecho3,Você enlouquece o meu coração Você sabe que eu tô em suas mãos,Gusttavo Lima,2011,13,https://www.letras.mus.br/gusttavo-lima/1966132/,-1
604,A,musica604,musica604_trecho2,Vamo lá Suponha que eu sou A e ele é o B Que assim vai ser mais fácil de entender Vou começar agora com as perguntas,Luan Santana,2018,26,https://www.letras.mus.br/luan-santana/a/,-1
604,A,musica604,musica604_trecho3,Quem te leva ao céu? A Sem te tirar do colchão? A Quem é que tira o seu mel? A Te deixa molinha no chão?,Luan Santana,2018,25,https://www.letras.mus.br/luan-santana/a/,-1
604,A,musica604,musica604_trecho4,"Não tenha dúvida, quem? A Te traz o céu pro colchão? A Quem é que tira o seu mel? A Te deixa molinha no chão? Acabou sua dúvida",Luan Santana,2018,28,https://www.letras.mus.br/luan-santana/a/,-1
604,A,musica604,musica604_trecho7,(Quem te leva ao céu? A Sem te tirar do colchão? A Quem é que tira o seu mel? A) Te deixa molinha no chão?,Luan Santana,2018,25,https://www.letras.mus.br/luan-santana/a/,-1
604,A,musica604,musica604_trecho9,"Tá com medo do passado, né? Mas eu sei exatamente o que você quer, é Você não é mulher de Ralé, Lado B Esse disco já furou mete o pé Vem que eu te mostro lado A da vida Cola sua boca aqui na minha Hoje a noite vou te encher de amor oh",Luan Santana,2018,54,https://www.letras.mus.br/luan-santana/a/,-1
604,A,musica604,musica604_trecho11,"Não tem mais dúvida Não tem mais dúvida Ele é o B, eu sou o A Com quem cê vai ficar?",Luan Santana,2018,21,https://www.letras.mus.br/luan-santana/a/,-1
604,A,musica604,musica604_trecho12,"Não tem mais dúvida Não tenha dúvida Ele é o B, eu sou o A Com quem cê vai ficar?",Luan Santana,2018,20,https://www.letras.mus.br/luan-santana/a/,-1
1183,A Bela e o Fera,musica1183,musica1183_trecho1,Ela é mistério cheia de segredos Ele é bagunçado cheio de defeitos Toda noite cai na farra Ele toca o terror,Munhoz & Mariano,2011,21,https://www.letras.mus.br/munhoz-mariano/a-bela-e-a-fera/,-1
1183,A Bela e o Fera,musica1183,musica1183_trecho13,A Bela e o Fera Isso que é amor A Bela e o Fera Isso que é amor,Munhoz & Mariano,2011,18,https://www.letras.mus.br/munhoz-mariano/a-bela-e-a-fera/,-1
256,A Carta,musica256,musica256_trecho1,Estou escrevendo esta carta meio aos prantos Ando meio pelos cantos Pois não encontrei coragem De encarar o seu olhar,Eduardo Costa,2008,20,https://www.letras.mus.br/eduardo-costa/1303708/,-1
256,A Carta,musica256,musica256_trecho2,Está fazendo algum tempo Que uma coisa aqui por dentro Despertou e é tão forte Que eu não pude te contar,Eduardo Costa,2008,21,https://www.letras.mus.br/eduardo-costa/1303708/,-1
256,A Carta,musica256,musica256_trecho3,Quando você ler Eu vou estar bem longe Não me julgue tão covarde Só não quis te ver chorar,Eduardo Costa,2008,19,https://www.letras.mus.br/eduardo-costa/1303708/,-1
256,A Carta,musica256,musica256_trecho4,"Perdão, amiga São coisas que acontecem Dê um beijo nos meninos Pois eu não vou mais voltar",Eduardo Costa,2008,17,https://www.letras.mus.br/eduardo-costa/1303708/,-1
256,A Carta,musica256,musica256_trecho6,"E por isso decidi Que vou ficar com ela A minha passagem, por favor, cancela Vá sozinha, eu não vou mais",Eduardo Costa,2008,21,https://www.letras.mus.br/eduardo-costa/1303708/,-1
256,A Carta,musica256,musica256_trecho7,Quando cheguei no portão da minha casa Como se eu tivesse asas Me senti igual criança Deu vontade de voar,Eduardo Costa,2008,20,https://www.letras.mus.br/eduardo-costa/1303708/,-1
256,A Carta,musica256,musica256_trecho9,E com as lágrimas as palavras vinham E rolavam como pedras E ela só a me escutar,Eduardo Costa,2008,17,https://www.letras.mus.br/eduardo-costa/1303708/,-1
256,A Carta,musica256,musica256_trecho10,Ao enxugar minhas lágrimas com um beijo Revelou que já sabia Mas iria perdoar,Eduardo Costa,2008,14,https://www.letras.mus.br/eduardo-costa/1303708/,-1
256,A Carta,musica256,musica256_trecho12,"E por isso decidi Que vou ficar com ela A minha passagem, por favor, cancela Vá sozinha, não vou mais",Eduardo Costa,2008,20,https://www.letras.mus.br/eduardo-costa/1303708/,-1
1254,A Casa Caiu,musica1254,musica1254_trecho2,"Tô grilado, encanado Por que armou isso comigo? Tô pirado, revoltado Não vou ser mais seu ombro amigo",Fernando e Sorocaba,2009,18,https://www.letras.mus.br/fernando-sorocaba/1603280/,-1
1254,A Casa Caiu,musica1254,musica1254_trecho3,"Para, para, para, tá louca Tá tudo errado, fica longe da minha boca Para, sua casa caiu de vez Eu sei do seu passado, você faz tudo errado O amor tá acabado, eu já tô cansado da sua estupidez",Fernando e Sorocaba,2009,39,https://www.letras.mus.br/fernando-sorocaba/1603280/,-1
1377,A Culpa É Dele (part. Maiara & Maraisa),musica1377,musica1377_trecho1,"Ei, amiga, senta aqui Que cara é essa aí? Será que alguém morreu? O que aconteceu? O que quer me dizer? Por que cê tá chorando? Eu não tô entendendo Cê tá me assustando",Marília Mendonça,2018,34,https://www.letras.mus.br/marilia-mendonca/a-culpa-dele-part-maiara-e-maraisa/,-1
1377,A Culpa É Dele (part. Maiara & Maraisa),musica1377,musica1377_trecho2,"Lembro da noite, sim Que a gente saiu Cê disse que ia ali Logo depois sumiu Aonde você tava? Como assim, vou ficar brava? Que história é essa que aconteceu?",Marília Mendonça,2018,30,https://www.letras.mus.br/marilia-mendonca/a-culpa-dele-part-maiara-e-maraisa/,-1
1377,A Culpa É Dele (part. Maiara & Maraisa),musica1377,musica1377_trecho3,"O cara que eu tava deu em cima de você, foi? E aí você ficou com ele, mas foi uma vez, ok Do que cê tá com medo? De estragar a amizade? Nem fica preocupada, a gente resolve mais tarde",Marília Mendonça,2018,40,https://www.letras.mus.br/marilia-mendonca/a-culpa-dele-part-maiara-e-maraisa/,-1
1377,A Culpa É Dele (part. Maiara & Maraisa),musica1377,musica1377_trecho4,"Se quem tava comigo era ele, a culpa é dele Quem fez essa bagunça na nossa amizade é ele Eu não vou deixar de ser sua amiga por causa de um qualquer Que não respeita uma mulher",Marília Mendonça,2018,37,https://www.letras.mus.br/marilia-mendonca/a-culpa-dele-part-maiara-e-maraisa/,-1
1377,A Culpa É Dele (part. Maiara & Maraisa),musica1377,musica1377_trecho6,"O cara que eu tava deu em cima de você, foi? Aí você ficou com ele, mas foi só uma vez Do que cê tá com medo? De estragar a amizade? Nem fica preocupada, a gente resolve mais tarde",Marília Mendonça,2018,39,https://www.letras.mus.br/marilia-mendonca/a-culpa-dele-part-maiara-e-maraisa/,-1
1377,A Culpa É Dele (part. Maiara & Maraisa),musica1377,musica1377_trecho9,Eu não vou deixar de ser sua amiga por causa de um qualquer Que não respeita uma mulher,Marília Mendonça,2018,18,https://www.letras.mus.br/marilia-mendonca/a-culpa-dele-part-maiara-e-maraisa/,-1
171,A Culpa É Nossa,musica171,musica171_trecho1,Tá preocupado com o que eu vou falar Quando alguém perguntar o motivo da gente largar Eu vou falar a verdade Se isso te incomoda,Maiara & Maraisa,2023,25,https://www.letras.mus.br/maiara-maraisa/a-culpa-e-nossa/,-1
171,A Culpa É Nossa,musica171,musica171_trecho2,"Pensasse antes de ter feito O que chama de erro, eu chamo de escolha Ou quer me convencer que alguém colocou uma arma na sua cabeça e falou Beija minha boca?",Maiara & Maraisa,2023,31,https://www.letras.mus.br/maiara-maraisa/a-culpa-e-nossa/,-1
117,A Dama de Vermelho,musica117,musica117_trecho3,Essa dama já me pertenceu E o culpado fui eu Da separação Hoje choro de ciúme Ciúme até do perfume Que ela deixa no salão,Bruno & Marrone,2019,25,https://www.letras.mus.br/bruno-e-marrone/94659/,-1
117,A Dama de Vermelho,musica117,musica117_trecho4,Garçom amigo Apague a luz da minha mesa Eu não quero que ela note Em mim tanta tristeza,Bruno & Marrone,2019,18,https://www.letras.mus.br/bruno-e-marrone/94659/,-1
1188,A Distância,musica1188,musica1188_trecho1,"Nunca mais você ouviu falar de mim Mas eu continuei a ter você E toda esta saudade que ficou Tanto tempo já passou, e eu não te esqueci",Zezé Di Camargo & Luciano,2008,28,https://www.letras.mus.br/zeze-di-camargo-e-luciano/1372804/,-1
1188,A Distância,musica1188,musica1188_trecho2,"Quantas vezes eu pensei em voltar E dizer que meu amor, nada mudou Mas o meu silêncio foi maior E na distância morro todo dia sem você saber",Zezé Di Camargo & Luciano,2008,28,https://www.letras.mus.br/zeze-di-camargo-e-luciano/1372804/,-1
1188,A Distância,musica1188,musica1188_trecho6,"Eu só queria te dizer que eu Tentei deixar de amar, não consegui Se alguma vez você pensar em mim Não se esqueça de lembrar que eu nunca te esqueci",Zezé Di Camargo & Luciano,2008,30,https://www.letras.mus.br/zeze-di-camargo-e-luciano/1372804/,-1
1256,A Fila Anda,musica1256,musica1256_trecho1,Tá se achando demais Tá pisando sem dó Tá fazendo besteira uma atrás da outra Tá querendo ficar só,Leonardo,2008,19,https://www.letras.mus.br/leonardo/1241598/,-1
1256,A Fila Anda,musica1256,musica1256_trecho2,Tá perdendo a razão Vê se cai na real Porque o ontem já era O amanhã não espera E você pode se dar mal,Leonardo,2008,24,https://www.letras.mus.br/leonardo/1241598/,-1
1252,A Fila Andou,musica1252,musica1252_trecho2,Cansei desse papo de te amar sozinho O meu coração tá pedindo carinho Já virei a página da nossa relação,Maria Cecília e Rodolfo,2008,20,https://www.letras.mus.br/maria-cecilia-rodolfo/1302405/,-1
1252,A Fila Andou,musica1252,musica1252_trecho5,"A fila andou, eu te falei Não deu valor, como eu te amei Agora chora, já me perdeu, boa sorte vai embora",Maria Cecília e Rodolfo,2008,22,https://www.letras.mus.br/maria-cecilia-rodolfo/1302405/,-1
1252,A Fila Andou,musica1252,musica1252_trecho6,"A fila andou, eu te falei Não deu valor, como eu te amei Agora chora, você já me perdeu, tô fora!",Maria Cecília e Rodolfo,2008,21,https://www.letras.mus.br/maria-cecilia-rodolfo/1302405/,-1
630,A Gente Nem Ficou,musica630,musica630_trecho4,"E aí? Quando vem me ver? Tô aqui esperando você E nem dormi, a noite já passou Não consigo mais me dominar Você me enfeitiçou",Jorge & Mateus,2012,25,https://www.letras.mus.br/jorge-mateus/a-gente-nem-ficou/,-1
630,A Gente Nem Ficou,musica630,musica630_trecho9,"E aí, quando vem me ver? Tô aqui esperando você E nem dormi, a noite já passou Não consigo mais me dominar Você me enfeitiçou",Jorge & Mateus,2012,25,https://www.letras.mus.br/jorge-mateus/a-gente-nem-ficou/,-1
71,A Hora É Agora,musica71,musica71_trecho4,Paz e amor É o que eu quero pra nós E que nada nesse mundo cale a nossa voz Céu e mar e alguém para amar E o arrepio toda vez que a gente se encontrar,Jorge & Mateus,2012,36,https://www.letras.mus.br/jorge-mateus/a-hora-e-agora/,-1
1278,A Louca,musica1278,musica1278_trecho4,"E agora vem com papo que estava errada Metendo a boca, toda enciumada Mas eu só fiz o que você mandou",Luan Santana,2009,21,https://www.letras.mus.br/luan-santana/1407540/,-1
184,A Maior Saudade,musica184,musica184_trecho3,"Apesar de não te comover com o meu sofrimento Mesmo que sair da sua vida seja um livramento Apesar de não valer o álcool que eu tô bebendo Mesmo que você ligue o foda-se, cê segue sendo A maior saudade de todos os tempos A maior saudade de todos os tempos",Henrique & Juliano,2021,51,https://www.letras.mus.br/henrique-e-juliano/a-maior-saudade/,-1
1291,A Mala é Falsa (part. Henrique & Juliano),musica1291,musica1291_trecho1,"É, agora tá com tempo pra me escutar Agora diz que ama e que vai mudar Eu sei que a cena é forte, vai doer agora Arrumei minha mala, tô caindo fora",Felipe Araújo,2016,32,https://www.letras.mus.br/felipe-araujo/a-mala-e-falsa-amor/,-1
1291,A Mala é Falsa (part. Henrique & Juliano),musica1291,musica1291_trecho2,"Você não percebeu, mas esfriou Caiu na rotina, você descuidou Eu só queria um pouco de carinho Fica tranquila amor eu tô fingindo",Felipe Araújo,2016,23,https://www.letras.mus.br/felipe-araujo/a-mala-e-falsa-amor/,-1
826,A Noite (La Notte),musica826,musica826_trecho3,E quando chega a noite Eu não consigo dormir Meu coração acelera Eu sozinho aqui Mudo o lado da cama Eu ligo a televisão Olhos nos olhos do espelho O telefone na mão,Gusttavo Lima,2024,33,https://www.letras.mus.br/gusttavo-lima/a-noite/,-1
826,A Noite (La Notte),musica826,musica826_trecho7,"E quando chega a noite Eu não consigo dormir Meu coração acelera Eu sozinho aqui Mudo o lado da cama Eu ligo a televisão Olhos nos olhos do espelho E o telefone na minha mão Yeah, yeah, yeah, yeah",Gusttavo Lima,2024,39,https://www.letras.mus.br/gusttavo-lima/a-noite/,-1
826,A Noite (La Notte),musica826,musica826_trecho8,E quando chega a noite Eu não consigo dormir Meu coração acelera Eu sozinho aqui Mudo o lado da cama Eu ligo a televisão Olhos nos olhos do espelho E o telefone na minha mão Na minha mão,Gusttavo Lima,2024,38,https://www.letras.mus.br/gusttavo-lima/a-noite/,-1
118,A Nossa Praia,musica118,musica118_trecho1,"Você reparou, o tempo parou pra nós A melhor canção é o som da sua voz No horizonte o céu faz um show de cores pra nós dois E deixa eu te falar que o melhor eu guardei pra depois Ô, ô, ô, ô",Matheus & Kauan,2017,44,https://www.letras.mus.br/matheus-kauan/a-nossa-praia/,-1
118,A Nossa Praia,musica118,musica118_trecho2,"A nossa praia é amar, beijar Ficar de boa em frente ao mar Com aquela pessoa que eu escolhi pra ficar E tudo que atrasa, deixa a maré levar Deixa levar",Matheus & Kauan,2017,31,https://www.letras.mus.br/matheus-kauan/a-nossa-praia/,-1
118,A Nossa Praia,musica118,musica118_trecho3,"A nossa praia é amar, beijar Ficar de boa em frente ao mar Com aquela pessoa que eu escolhi pra ficar E tudo que atrasa, deixa a maré levar Deixa levar Ô, ô, ô, ô",Matheus & Kauan,2017,35,https://www.letras.mus.br/matheus-kauan/a-nossa-praia/,-1
118,A Nossa Praia,musica118,musica118_trecho5,"A nossa praia é amar, beijar Ficar de boa em frente ao mar Com aquela pessoa que eu escolhi pra ficar E tudo que atrasa, deixa a maré levar Deixa, deixa levar Ô, ô, ô, ô",Matheus & Kauan,2017,36,https://www.letras.mus.br/matheus-kauan/a-nossa-praia/,-1
118,A Nossa Praia,musica118,musica118_trecho6,"A nossa praia é amar, beijar Ficar de boa em frente ao mar Com aquela pessoa que eu escolhi pra ficar E tudo que atrasa, deixa a maré levar Deixa levar A nossa praia é amar, amar Deixa a maré levar",Matheus & Kauan,2017,41,https://www.letras.mus.br/matheus-kauan/a-nossa-praia/,-1
1040,A Paz,musica1040,musica1040_trecho1,Deve haver um lugar dentro do seu coração Onde a paz brilhe mais que uma lembrança Sem a luz que ela traz já nem se consegue mais Encontrar o caminho da esperança,Daniel,2015,32,https://www.letras.mus.br/daniel/a-paz-heal-the-world/,-1
1040,A Paz,musica1040,musica1040_trecho3,"Só o amor, muda o que já se fez E a força da paz junta todos outra vez Venha, já é hora de acender a chama da vida E fazer a Terra inteira feliz",Daniel,2015,34,https://www.letras.mus.br/daniel/a-paz-heal-the-world/,-1
1040,A Paz,musica1040,musica1040_trecho4,"Se você for capaz de soltar a sua voz Pelo ar, como prece de criança Deve então começar outros vão te acompanhar E cantar com harmonia e esperança",Daniel,2015,28,https://www.letras.mus.br/daniel/a-paz-heal-the-world/,-1
1040,A Paz,musica1040,musica1040_trecho8,"Só o amor, muda o que já se fez E a força da paz junta todos outra vez Venha, já é hora de acender a chama da vida",Daniel,2015,28,https://www.letras.mus.br/daniel/a-paz-heal-the-world/,-1
1040,A Paz,musica1040,musica1040_trecho9,E fazer a terra inteira feliz E fazer a terra inteira feliz E fazer a terra inteira feliz,Daniel,2015,18,https://www.letras.mus.br/daniel/a-paz-heal-the-world/,-1
861,A Rosa E O Beija-Flor,musica861,musica861_trecho1,Quando você fica ao lado de uma pessoa E ela mesmo em silêncio lhe faz bem Quando você fecha os olhos E no pensamento está Fotografado o rosto desse alguém,Matheus & Kauan,2015,30,https://www.letras.mus.br/matheus-kauan/a-rosa-e-o-beija-flor/,-1
861,A Rosa E O Beija-Flor,musica861,musica861_trecho2,E quando estiver num dia triste Basta o sorriso dela pra você ficar feliz E quando se sentir realizado E dizer que encontrou o bem Que você sempre quis,Matheus & Kauan,2015,29,https://www.letras.mus.br/matheus-kauan/a-rosa-e-o-beija-flor/,-1
861,A Rosa E O Beija-Flor,musica861,musica861_trecho4,"Isso é amor, tá rolando amor É o encontro de metades, a rosa e o beija-flor Isso é amor, tá rolando amor É o encontro de metades, a rosa e o beija-flor Isso é amor, tá rolando amor É o encontro de metades, a rosa e o beija-flor Isso é amor, tá rolando amor É o encontro de metades Oh, oh, oh é amor, é o encontro de metades",Matheus & Kauan,2015,69,https://www.letras.mus.br/matheus-kauan/a-rosa-e-o-beija-flor/,-1
861,A Rosa E O Beija-Flor,musica861,musica861_trecho8,"Isso é amor, tá rolando amor É o encontro de metades, a rosa e o beija-flor Isso é amor, tá rolando amor É o encontro de metades Isso é amor, tá rolando amor É o encontro de metades, a rosa e o beija-flor Isso é amor, tá rolando amor É o encontro de metades",Matheus & Kauan,2015,54,https://www.letras.mus.br/matheus-kauan/a-rosa-e-o-beija-flor/,-1
861,A Rosa E O Beija-Flor,musica861,musica861_trecho9,"Oh, oh, oh é amor, é o encontro de metades A rosa e o beija-flor Oh, oh, oh é amor, é o encontro de metades A rosa e o beija-flor",Matheus & Kauan,2015,30,https://www.letras.mus.br/matheus-kauan/a-rosa-e-o-beija-flor/,-1
1470,A Verdade,musica1470,musica1470_trecho1,Diz pra ela que eu mudei de cidade Que eu fui viajar com os meus amigos Diz pra ela que tô curtindo a liberdade E que eu tô trabalhando e tudo tá corrido Fala que me viu feliz demais E que tá tudo lindo,Fernando e Sorocaba,2012,44,https://www.letras.mus.br/fernando-sorocaba/1888690/,-1
1470,A Verdade,musica1470,musica1470_trecho3,Diz pra ela que agora eu moro na praia Que eu vivo a vida que pedi pra Deus Diz que toda noite me vê na balada E que todos querem ser amigo meu Fala que eu encontrei a paz E que me viu sorrindo,Fernando e Sorocaba,2012,44,https://www.letras.mus.br/fernando-sorocaba/1888690/,-1
1470,A Verdade,musica1470,musica1470_trecho5,"Eu só quero que ela lembre Dos momentos mais bonitos Esse sofrimento é meu E não vai ser dividido Me ajude, amigo",Fernando e Sorocaba,2012,22,https://www.letras.mus.br/fernando-sorocaba/1888690/,-1
1470,A Verdade,musica1470,musica1470_trecho8,Não conte a verdade A amo e sinto saudade Essa é a pura verdade A amo e sinto saudade,Fernando e Sorocaba,2012,19,https://www.letras.mus.br/fernando-sorocaba/1888690/,-1
322,ABALO EMOCIONAL,musica322,musica322_trecho6,Conseguiu tirar o mel de onde ninguém tirava,Luan Santana,2022,8,https://www.letras.mus.br/luan-santana/abalo-emocional/,-1
322,ABALO EMOCIONAL,musica322,musica322_trecho7,"Quando eu te conheci, pensei Vou dar o golpe, eu que levei Tentei roubar o coração de uma ladra",Luan Santana,2022,19,https://www.letras.mus.br/luan-santana/abalo-emocional/,-1
322,ABALO EMOCIONAL,musica322,musica322_trecho8,"Dona da lei, eu não queria te amar, te amei Eu não queria me entregar, me entreguei Eu não queria me jogar, eu me joguei Eu não queria",Luan Santana,2022,28,https://www.letras.mus.br/luan-santana/abalo-emocional/,-1
1111,Abelha (part. Jorge & Mateus),musica1111,musica1111_trecho1,"Como pode, chegou em pouco tempo Suave como o vento, me deixou assim Como pode, mais veloz que o pensamento Dominou meu sentimento, fez parte de mim",João Bosco & Vinícius,2011,27,https://www.letras.mus.br/joao-bosco-viniciusacustico/1849237/,-1
936,Abre o Portão Que Eu Cheguei,musica936,musica936_trecho2,"Você deve se achar muito esperta Toda vez com a mesma conversa Me ilude, me leva no chão E quando vou dormir já estou com você na sua cama",Gusttavo Lima,2016,29,https://www.letras.mus.br/gusttavo-lima/abre-o-portao-que-eu-cheguei/,-1
936,Abre o Portão Que Eu Cheguei,musica936,musica936_trecho4,"Tô cansado de sair no meio da noite e te satisfazer E um minuto depois de matar minha vontade, eu me arrepender Sair de madrugada, do meio da balada Largar a minha vida pra viver você Só pra viver você",Gusttavo Lima,2016,40,https://www.letras.mus.br/gusttavo-lima/abre-o-portao-que-eu-cheguei/,-1
936,Abre o Portão Que Eu Cheguei,musica936,musica936_trecho7,"Tô cansado de sair no meio da noite e te satisfazer E um minuto depois de matar minha vontade eu me arrepender Sair de madrugada, do meio da balada Largar a minha vida pra viver você Só pra viver você",Gusttavo Lima,2016,40,https://www.letras.mus.br/gusttavo-lima/abre-o-portao-que-eu-cheguei/,-1
936,Abre o Portão Que Eu Cheguei,musica936,musica936_trecho11,"E um minuto depois de matar minha vontade eu me arrepender Sair de madrugada, do meio da balada Largar a minha vida pra viver você Só pra viver você",Gusttavo Lima,2016,29,https://www.letras.mus.br/gusttavo-lima/abre-o-portao-que-eu-cheguei/,-1
936,Abre o Portão Que Eu Cheguei,musica936,musica936_trecho13,Abre o portão que eu cheguei,Gusttavo Lima,2016,6,https://www.letras.mus.br/gusttavo-lima/abre-o-portao-que-eu-cheguei/,-1
913,Aceita Que Dói Menos (part. Marília Mendonça),musica913,musica913_trecho3,"De tanta saudade dela Chorando, eu liguei pra ela Pra dizer que estou sofrendo Insisti e ela atendeu Sorrindo, me respondeu Aceita, que dói menos",Trio Parada Dura,2017,25,https://www.letras.mus.br/trio-parada-dura/aceita-que-doi-menos/,-1
913,Aceita Que Dói Menos (part. Marília Mendonça),musica913,musica913_trecho5,Tenho tanta liberdade Mas outro amor pra mim não serve É como diz o ditado Quem está do nosso lado Só tem valor depois que perde,Trio Parada Dura,2017,26,https://www.letras.mus.br/trio-parada-dura/aceita-que-doi-menos/,-1
913,Aceita Que Dói Menos (part. Marília Mendonça),musica913,musica913_trecho6,"De tanta saudade dele Chorando, eu liguei pra ele Pra dizer que eu tô sofrendo Insisti e ele atendeu Sorrindo, me respondeu Aceita, que dói menos",Trio Parada Dura,2017,26,https://www.letras.mus.br/trio-parada-dura/aceita-que-doi-menos/,-1
1292,Acidente de Amor,musica1292,musica1292_trecho1,"Ela chegou correndo demais Imprudente, bateu e arrebentou meu peito Acidente de amor machuca demais Furou o lado esquerdo, amassou o direito",Gino e Geno,2005,22,https://www.letras.mus.br/gino-e-geno/241826/,-1
1292,Acidente de Amor,musica1292,musica1292_trecho2,Ela chegou correndo demais Ela não conseguiu evitar a pancada Acidente de amor machuca demais Mas ela também saiu machucada,Gino e Geno,2005,20,https://www.letras.mus.br/gino-e-geno/241826/,-1
1292,Acidente de Amor,musica1292,musica1292_trecho3,Ela veio guiando a paixão a 200 por hora quando se perdeu E pegou meu coração de frente E nesse acidente a vítima sou eu E agora nesse sofrimento Meu ferimento não sara e não cura E o pior é que ela se evadiu E por esse Brasil meu amor lhe procura,Gino e Geno,2005,52,https://www.letras.mus.br/gino-e-geno/241826/,-1
1292,Acidente de Amor,musica1292,musica1292_trecho6,"No acidente eu perdi o sentido E acordei ferido doendo de amor Preocupado comigo e com ela Disseram que ela também se machucou E agora não sei onde está Aquela que está me fazendo sofrer Mesmo assim eu tô aqui me abrindo Ferido, sentindo meu peito doer",Gino e Geno,2005,47,https://www.letras.mus.br/gino-e-geno/241826/,-1
1292,Acidente de Amor,musica1292,musica1292_trecho9,Na intenção de encontrar a malvada Um retrato falado eu mandei fazer Não me lembro de muitos detalhes Mas de uma coisa eu não posso esquecer Apesar da violência do choque Ainda sinto o toque e o perfume no ar E no meu coração infeliz Pra sempre a cicatriz desse amor vai ficar,Gino e Geno,2005,53,https://www.letras.mus.br/gino-e-geno/241826/,-1
549,Acordando o Prédio,musica549,musica549_trecho1,Aonde foi parar o seu juízo? Já são quatro da manhã Daqui a pouco liga o síndico Será que tem como a moça gritar baixinho?,Luan Santana,2016,25,https://www.letras.mus.br/luan-santana/acordando-o-predio/,-1
549,Acordando o Prédio,musica549,musica549_trecho3,Vamo acordar esse prédio Fazer inveja pro povo Enquanto eles tão indo trabalhar A gente faz amor gostoso de novo,Luan Santana,2016,20,https://www.letras.mus.br/luan-santana/acordando-o-predio/,-1
549,Acordando o Prédio,musica549,musica549_trecho4,"Vamo acordar esse prédio Fazer inveja pro povo Enquanto eles tão indo trabalhar A gente faz amor gostoso de novo (de novo, de novo)",Luan Santana,2016,24,https://www.letras.mus.br/luan-santana/acordando-o-predio/,-1
296,Acordo,musica296,musica296_trecho2,"Dessa vez tô com sangue no olho Não vai ter recaída de novo Quem vai chorar, quem vai sofrer, quem vai 'rastar, vai ser você Outra vez eu tô falando Mas dessa vez eu vou fazer",Henrique & Juliano,2021,36,https://www.letras.mus.br/henrique-e-juliano/acordo/,-1
296,Acordo,musica296,musica296_trecho8,"Mas seu corpo e o meu sempre entra em acordo Oh, ódio",Henrique & Juliano,2021,12,https://www.letras.mus.br/henrique-e-juliano/acordo/,-1
1123,Adrenalina,musica1123,musica1123_trecho1,Meu coração tá disparado Meu corpo tá viciado Nessa louca adrenalina que me faz arrepiar Meu sangue ferve nas veias quando você me incendeia Vem me amar,Luan Santana,2011,27,https://www.letras.mus.br/luan-santana/1745514/,-1
1123,Adrenalina,musica1123,musica1123_trecho11,Meu coração tá disparado Meu corpo tá viciado Nessa louca adrenalina que me faz arrepiar Meu sangue ferve nas veias quando você me incendeia Vem me amar Vem me amar!,Luan Santana,2011,30,https://www.letras.mus.br/luan-santana/1745514/,-1
450,Agora (Ahora),musica450,musica450_trecho3,Como dizer que não Que nunca me fez nada? Depois de tanta dor que causou pro meu coração,Bruno & Marrone,2014,18,https://www.letras.mus.br/bruno-e-marrone/agora/,-1
450,Agora (Ahora),musica450,musica450_trecho4,Eu quis até morrer depois que foi embora E volta tão tranquila Depois que já não tem mais amor,Bruno & Marrone,2014,19,https://www.letras.mus.br/bruno-e-marrone/agora/,-1
1390,"Ah, Como Eu Amo Você",musica1390,musica1390_trecho2,"Eu te quero tanto, mas você nem liga Sei que ainda existe alguém em sua vida Mas se lembre que ninguém Vai te amar como eu te amo Eu te quero e não quero nada em troca É tão bom poder estar a sua volta Me dê uma chance que não vai se arrepender Ah, como eu amo você",Fernando e Sorocaba,2008,59,https://www.letras.mus.br/fernando-sorocaba/1125812/,-1
1390,"Ah, Como Eu Amo Você",musica1390,musica1390_trecho3,Mas saiba que o amor não é assim Sempre desejei ter você pra mim Me dê uma chance paixão,Fernando e Sorocaba,2008,19,https://www.letras.mus.br/fernando-sorocaba/1125812/,-1
1390,"Ah, Como Eu Amo Você",musica1390,musica1390_trecho4,"Eu te quero tanto, mas você nem liga Sei que ainda existe alguém em sua vida Mas se lembre que ninguém Vai te amar como eu te amo Eu te quero e não quero nada em troca É tão bom poder estar a sua volta Me dê uma chance que não vai se arrepender Ah, como eu amo",Fernando e Sorocaba,2008,58,https://www.letras.mus.br/fernando-sorocaba/1125812/,-1
1390,"Ah, Como Eu Amo Você",musica1390,musica1390_trecho5,"Eu te quero tanto, mas você nem liga, Sei que ainda existe alguém em sua vida Mas se lembre que ninguém Vai te amar como eu te amo Eu te quero e não quero nada em troca É tão bom poder estar a sua volta Me dê uma chance que não vai se arrepender Ah, como eu amo você",Fernando e Sorocaba,2008,59,https://www.letras.mus.br/fernando-sorocaba/1125812/,-1
443,Aí É Loucura,musica443,musica443_trecho1,"Eu excluí dos meus stories no dia seguinte Tomara que ninguém tenha tirado print Eu olhando o saldo da conta e pensando: Cacete Gastei como não houvesse amanhã, mas teve",Zé Neto e Cristiano,2024,30,https://www.letras.mus.br/ze-neto-cristiano/ai-e-loucura/,-1
443,Aí É Loucura,musica443,musica443_trecho2,Nós é mestre em beber Nós dá aula em luxar O juízo nós tem Só que não quer usar,Zé Neto e Cristiano,2024,19,https://www.letras.mus.br/ze-neto-cristiano/ai-e-loucura/,-1
857,Ai Eu Chorei,musica857,musica857_trecho3,"E aí eu chorei, chorei tão bonito e eu nem ensaiei E aí eu chorei com a voz engasgada, e nem desafinei",Clayton e Romário,2022,22,https://www.letras.mus.br/clayton-romario/ai-eu-chorei/,-1
174,Aí Já Era,musica174,musica174_trecho6,E fica pro coração A missão de avisar E o meu tá dando sinal Que tá querendo te amar,Jorge & Mateus,2010,19,https://www.letras.mus.br/jorge-mateus/1715329/,-1
174,Aí Já Era,musica174,musica174_trecho15,E o meu tá dando sinal Que tá querendo Que tá querendo te amar,Jorge & Mateus,2010,14,https://www.letras.mus.br/jorge-mateus/1715329/,-1
1139,Ai Que Dó,musica1139,musica1139_trecho1,Foi se aventurar e agora ficou só Ai que dó ai que dó Eu tô aqui festando e você na pior Ai que dó ai que dó,Thaeme e Thiago,2011,27,https://www.letras.mus.br/thaeme-thiago/1847730/,-1
1139,Ai Que Dó,musica1139,musica1139_trecho5,Só que isso só aconteceu depois que viu que me perdeu E de nada vai adiantar Dizer que se arrependeu que viu que seu amor sou eu Porque eu não vou te perdoar,Thaeme e Thiago,2011,33,https://www.letras.mus.br/thaeme-thiago/1847730/,-1
415,Ai Se Eu Te Pego,musica415,musica415_trecho3,Sábado na balada A galera começou a dançar E passou a menina mais linda Tomei coragem e comecei a falar,Michel Teló,2011,20,https://www.letras.mus.br/michel-telo/1930299/,-1
595,Ainda Tô Aí,musica595,musica595_trecho1,"Pensava em você, vivia você Amava você, era só você e eu O nosso amor particular O nosso jeito de amar",Eduardo Costa,2020,21,https://www.letras.mus.br/eduardo-costa/ainda-to-ai/,-1
595,Ainda Tô Aí,musica595,musica595_trecho2,"O tempo passou, o mundo girou O sonho acabou, você me deixou Mal sabe o quanto eu chorei E agora que eu superei",Eduardo Costa,2020,23,https://www.letras.mus.br/eduardo-costa/ainda-to-ai/,-1
595,Ainda Tô Aí,musica595,musica595_trecho3,"Aí me liga e me pergunta como eu tô Aí insiste em me chamar de amor Cê não desiste, quer saber aonde eu tô Quer saber onde eu tô?",Eduardo Costa,2020,29,https://www.letras.mus.br/eduardo-costa/ainda-to-ai/,-1
595,Ainda Tô Aí,musica595,musica595_trecho5,Ainda tô aí Tô nessa moda que cê tá ouvindo Tô na saudade que cê tá sentindo Você perdeu o amor da sua vida Você era feliz e não sabia,Eduardo Costa,2020,30,https://www.letras.mus.br/eduardo-costa/ainda-to-ai/,-1
595,Ainda Tô Aí,musica595,musica595_trecho8,"Ainda tô aí Tô nessa moda que cê tá ouvindo Tô na saudade que cê tá sentindo Você perdeu o amor da sua vida, ai, ai, ai, ai",Eduardo Costa,2020,28,https://www.letras.mus.br/eduardo-costa/ainda-to-ai/,-1
595,Ainda Tô Aí,musica595,musica595_trecho10,"Ainda tô aí Tô nessa moda que cê tá ouvindo Tô na saudade que cê tá sentindo Você perdeu o amor da sua vida Você era feliz e não, e não sabia",Eduardo Costa,2020,32,https://www.letras.mus.br/eduardo-costa/ainda-to-ai/,-1
470,Alô,musica470,musica470_trecho4,"Alô, alô, alô, fala comigo Alô, alô, te esquecer não consigo Alô, alô, alô, não vai doer não Alô, diz um alô coração Alôôôôôôô",Léo Magalhães,2013,24,https://www.letras.mus.br/leo-magalhaes/alo-2/,-1
1492,Alô Ambev (Segue Sua Vida),musica1492,musica1492_trecho3,"Alô, Ambev Dobra a produção aí que a gente bebe Eu mandei saudade, ela mandou vida que segue Então segue sua vidona Que eu sigo sofrendo e bebendo Brahma",Zé Neto e Cristiano,2020,29,https://www.letras.mus.br/ze-neto-cristiano/alo-ambev/,-1
161,Alô Porteiro,musica161,musica161_trecho2,"Já deu Cansei das suas mentiras mal contadas Cresci, não acredito mais em conto de fada Não adianta vir com baixaria",Marília Mendonça,2015,21,https://www.letras.mus.br/marilia-mendonca/alo-porteiro/,-1
161,Alô Porteiro,musica161,musica161_trecho5,Alô porteiro Tô ligando pra te avisar Que esse homem que está ai Ele não pode mais subir Tá proibido de entrar,Marília Mendonça,2015,22,https://www.letras.mus.br/marilia-mendonca/alo-porteiro/,-1
1556,Amanhã,musica1556,musica1556_trecho2,Me deixou aqui sem nenhuma esperança Somente a lembrança ficou deste amor Coração tá chorando agora feito criança Brinquedo quebrado não tem mais valor,Luan Santana,2008,24,https://www.letras.mus.br/luan-santana/1155890/,-1
1556,Amanhã,musica1556,musica1556_trecho3,Amanhã Vai lembrar do que foi nós dois Descobrir que me ama e depois Vai saber que fui seu melhor caminho,Luan Santana,2008,21,https://www.letras.mus.br/luan-santana/1155890/,-1
1556,Amanhã,musica1556,musica1556_trecho4,"Amanhã Solidão vai estar no seu peito E voltar, desculpa, não vai ter jeito, não Você brincou com o meu coração Fique com a solidão",Luan Santana,2008,25,https://www.letras.mus.br/luan-santana/1155890/,-1
1556,Amanhã,musica1556,musica1556_trecho7,"Amanhã Solidão vai estar no seu peito E voltar, desculpa, não vai ter jeito, não Você brincou com o meu coração Fique com a solidão Fique com a solidão Amanhã",Luan Santana,2008,30,https://www.letras.mus.br/luan-santana/1155890/,-1
500,Amante Não Tem Lar,musica500,musica500_trecho2,Você vai me odiar Mas eu vim te contar Que faz um tempo Eu me meti no meio do seu lar,Marília Mendonça,2017,21,https://www.letras.mus.br/marilia-mendonca/amante-nao-tem-lar/,-1
500,Amante Não Tem Lar,musica500,musica500_trecho4,Ele te ama de verdade E a culpa foi minha Minha responsabilidade eu vou resolver Não quero atrapalhar você,Marília Mendonça,2017,19,https://www.letras.mus.br/marilia-mendonca/amante-nao-tem-lar/,-1
624,Amar De Novo (Set Fire To The Rain),musica624,musica624_trecho1,"Ilusão pra nós Deslize teu que feriu a gente Tentou, não resolveu Antes que visse, eu te deixei para sempre",Paula Fernandes,2025,20,https://www.letras.mus.br/paula-fernandes/amar-de-novo-set-fire-to-the-rain/,-1
339,Amar Não É Pecado,musica339,musica339_trecho2,Tive medo e em segredo Guardei o sentimento e me sufoquei Mas agora é a hora Vou gritar pra todo mundo de uma vez,Luan Santana,2011,24,https://www.letras.mus.br/luan-santana/1792572/,-1
716,Amaremos,musica716,musica716_trecho4,Nosso amor não tem tempo ou idade Ele puro demais é profundo Ele vive em nós Mesmo que o mundo se acabe E a morte aqui nos separe Em outra vida nos encontraremos E outra vez amaremos,Trio Parada Dura,2017,37,https://www.letras.mus.br/trio-parada-dura/amaremos/,-1
526,AMBIENTE ERRADO,musica526,musica526_trecho1,"Vazou um vídeo Era eu, não vou negar Eu não tava escondido Te avisei que eu ia lá",Luan Santana,2023,18,https://www.letras.mus.br/luan-santana/ambiente-errado/,-1
526,AMBIENTE ERRADO,musica526,musica526_trecho2,"E se eu disser que eu não peguei ninguém? Se eu disser que eu só fui pra beber? Se eu disser que alguém chegou em mim E quando disse: Oi, eu falei de você?",Luan Santana,2023,34,https://www.letras.mus.br/luan-santana/ambiente-errado/,-1
994,Amiga,musica994,musica994_trecho2,"Amiga, me escuta Quero falar contigo Preciso de um conselho Pra dor que estou sentindo Ele tá frio Não está falando comigo Isso está me consumindo",Simone & Simaria,2022,26,https://www.letras.mus.br/simone-simaria-as-coleguinhas/amiga/,-1
994,Amiga,musica994,musica994_trecho4,Eu sei que você sabe alguma coisa Fala que eu tô pronta pra ouvir,Simone & Simaria,2022,14,https://www.letras.mus.br/simone-simaria-as-coleguinhas/amiga/,-1
994,Amiga,musica994,musica994_trecho5,Mas o que ele me mandou te dizer É que ele tá feliz ao lado dela Foram muitos anos de solidão Que você maltratou o coração Daquele homem que te amava tanto,Simone & Simaria,2022,32,https://www.letras.mus.br/simone-simaria-as-coleguinhas/amiga/,-1
1485,Amiga da Minha Irmã,musica1485,musica1485_trecho1,Quando a campainha toca Vou correndo abrir a porta Ela vem toda arrumada Pra ir pra balada com a minha irmã,Michel Teló,2013,21,https://www.letras.mus.br/michel-telo/amiga-da-minha-irma/,-1
1485,Amiga da Minha Irmã,musica1485,musica1485_trecho4,"Ela é amiga da minha irmã, não quero nem saber Eu vou pra cima, pra cima Ela é amiga da minha irmã, não quero nem saber Se ela é novinha, novinha",Michel Teló,2013,31,https://www.letras.mus.br/michel-telo/amiga-da-minha-irma/,-1
810,Amiga Linda,musica810,musica810_trecho3,"Bem, amiga, então vamos parar por aqui Vou te poupar da despedida e sair Vou levantar, fugir, tentando não chorar Você também engole o choro e tenta disfarçar Vou convencer meu coração que nunca sentiu nada Você é a pessoa certa, mas na hora errada",João Bosco & Vinícius,2015,45,https://www.letras.mus.br/joao-bosco-viniciusacustico/amiga-linda/,-1
746,Amigo Da Minha Saudade,musica746,musica746_trecho1,"Entendi Já que você decidiu seguir, também vou decidir algumas coisas por aqui Se me ver por aí num barzinho, não puxa assunto comigo Que eu também não faço questão, onde você pisar eu não piso",Henrique & Juliano,2025,36,https://www.letras.mus.br/henrique-e-juliano/amigo-da-minha-saudade/,-1
809,Amigo Taxista,musica809,musica809_trecho2,"Só te peço por favor não demore muito tempo Porque o dono quer fechar o estabelecimento Vou te esperar lá fora sentando na calçada Quando chegar, explico o endereço da safada",Zé Neto e Cristiano,2017,31,https://www.letras.mus.br/ze-neto-cristiano/amigo-taxista/,-1
809,Amigo Taxista,musica809,musica809_trecho5,Me leva lá que isso não vai ficar assim Ainda tem orgulho aqui dentro de mim Vou falar na cara dela: Depois de tudo que cê fez Eu vou te perdoar só mais essa vez,Zé Neto e Cristiano,2017,35,https://www.letras.mus.br/ze-neto-cristiano/amigo-taxista/,-1
809,Amigo Taxista,musica809,musica809_trecho6,Só te peço por favor não demore muito tempo Por que o dono quer fechar o estabelecimento Vou te esperar lá fora sentando na calçada Quando chegar te explico o endereço da safada,Zé Neto e Cristiano,2017,33,https://www.letras.mus.br/ze-neto-cristiano/amigo-taxista/,-1
809,Amigo Taxista,musica809,musica809_trecho9,Me leva lá que isso não vai ficar assim Ainda tem orgulho aqui dentro de mim Vou falar na cara dela: Depois de tudo que cê fez Eu vou te perdoar,Zé Neto e Cristiano,2017,31,https://www.letras.mus.br/ze-neto-cristiano/amigo-taxista/,-1
809,Amigo Taxista,musica809,musica809_trecho11,Me leva lá que isso não vai ficar assim Ainda tem orgulho aqui dentro de mim Vou falar na cara dela: Depois de tudo que cê fez Eu vou te perdoar só mais essa vez Só mais essa vez,Zé Neto e Cristiano,2017,39,https://www.letras.mus.br/ze-neto-cristiano/amigo-taxista/,-1
1108,Amigos Pela Fé,musica1108,musica1108_trecho4,Quem é que vai me acolher Na minha indecisão? Se eu me perder pelo caminho Quem me dará a mão?,Luan Santana,2009,20,https://www.letras.mus.br/luan-santana/1543706/,-1
19,Amo Noite e Dia,musica19,musica19_trecho2,"Tudo se perde, se transforma se ninguém te vê Eu busco às vezes nos detalhes encontrar você O tempo já não passa, só anda pra trás Me perco nessa estrada, não aguento mais",Jorge & Mateus,2010,33,https://www.letras.mus.br/jorge-mateus/1668672/,-1
1537,Amor Além da Vida,musica1537,musica1537_trecho4,Aquele sonho de criança Sem perder a esperança Era você que eu desejava,Cezar e Paulinho,2006,13,https://www.letras.mus.br/cesar-e-paulinho/546645/,-1
1537,Amor Além da Vida,musica1537,musica1537_trecho7,Por você é que sou apaixonado assim Completou o que faltava em mim Os meus desejos e manias,Cezar e Paulinho,2006,18,https://www.letras.mus.br/cesar-e-paulinho/546645/,-1
1090,Amor Covarde,musica1090,musica1090_trecho3,Não vou mais me preocupar com a situação A gente se abraça e se beija com tanta ternura Mas sempre surge qualquer coisa de errado do tipo Sem que nem porquê Detalhes que somente o tempo pode resolver,Jorge & Mateus,2009,38,https://www.letras.mus.br/jorge-mateus/1444403/,-1
1144,Amor Da Sua Cama,musica1144,musica1144_trecho4,"Tudo bem Se é pra você me usar, o que é que tem? Tanto faz se você não me ama Posso não ser o amor da sua vida Mas eu sou o amor da sua cama, ai, ai, ai, ai Mas eu sou o amor da sua cama, ai, ai, ai, ai",Felipe Araújo,2018,52,https://www.letras.mus.br/felipe-araujo/amor-da-sua-cama/,-1
1267,Amor de Madrugada,musica1267,musica1267_trecho1,"Que dia lindo que tá fazendo hoje Tá tudo certo, eu tô de bom humor A noite chega e pra ficar perfeito, só tem um jeito Vou te encontrar, amor",Marcos & Belutti,2012,30,https://www.letras.mus.br/marcos-belutti/amor-de-madrugada/,-1
1267,Amor de Madrugada,musica1267,musica1267_trecho3,Só pra fazer amor de madrugada De enlouquecer A gente faz amor de madrugada Até amanhecer,Marcos & Belutti,2012,16,https://www.letras.mus.br/marcos-belutti/amor-de-madrugada/,-1
1534,Amor de Primavera,musica1534,musica1534_trecho4,"Coração que sai vencido Quase sempre tem razão E a razão que sempre vence Nunca teve coração O amor é como dia Vem a luz da escuridão Traz de volta a alegria Onde existe solidão Traz de volta A alegria, onde existe solidão",Gusttavo Lima,2010,43,https://www.letras.mus.br/gusttavo-lima/1717012/,-1
1539,Amor de Um Poeta,musica1539,musica1539_trecho2,"Às vezes é resistente Ou se ele vem de repente Quando menos se espera, enfim",Gusttavo Lima,2012,15,https://www.letras.mus.br/gusttavo-lima/1766425/,-1
1539,Amor de Um Poeta,musica1539,musica1539_trecho5,"E é esse o amor de um poeta Que sempre me ensina E confessa, sempre volta atrás",Gusttavo Lima,2012,17,https://www.letras.mus.br/gusttavo-lima/1766425/,-1
145,Amor de Violeiro,musica145,musica145_trecho1,"Moça, eu não sei falar Coisas bonitas pra te conquistar Eu tenho só uma viola, moça Eu só sei cantar",Eduardo Costa,2006,20,https://www.letras.mus.br/eduardo-costa/253320/,-1
145,Amor de Violeiro,musica145,musica145_trecho2,"Moça, eu não tenho dinheiro Minha riqueza eu vou te contar É o braço da viola, moça Eu só sei cantar",Eduardo Costa,2006,21,https://www.letras.mus.br/eduardo-costa/253320/,-1
145,Amor de Violeiro,musica145,musica145_trecho4,"Moça, eu já sei que o papo agora é só ficar Mas eu tô querendo mesmo é me casar Se me achar careta, eu te peço perdão Mas eu quero falar com seus pais, pedir a sua mão",Eduardo Costa,2006,38,https://www.letras.mus.br/eduardo-costa/253320/,-1
145,Amor de Violeiro,musica145,musica145_trecho5,"E se você aceitar o amor de um violeiro O seu coração vai ser meu paradeiro Eu e a viola e uma eterna canção Moça, eu não tenho pressa pra te conquistar O braço da viola vai me consolar Até você abrir de vez seu coração",Eduardo Costa,2006,46,https://www.letras.mus.br/eduardo-costa/253320/,-1
145,Amor de Violeiro,musica145,musica145_trecho9,"E se você aceitar o amor de um violeiro O seu coração vai ser meu paradeiro Eu e a viola e uma eterna canção Moça, eu não tenho pressa pra te conquistar O braço da viola vai me consolar Até você abrir de vez seu coração, é",Eduardo Costa,2006,47,https://www.letras.mus.br/eduardo-costa/253320/,-1
145,Amor de Violeiro,musica145,musica145_trecho10,"E se você aceitar o amor de um violeiro O seu coração vai ser meu paradeiro Eu e a viola e uma eterna canção Moça, eu não tenho pressa pra te conquistar O braço da viola vai me consolar Até você abrir de vez seu coração Seu coração",Eduardo Costa,2006,48,https://www.letras.mus.br/eduardo-costa/253320/,-1
17,Amor Dos Outros,musica17,musica17_trecho1,"Mais um casal surgindo, anéis de compromisso Mais um novo amigo pros amigos meus Um sorriso sumindo, um ciúme vindo E a luta agora é entre ele e eu",Henrique & Juliano,2025,29,https://www.letras.mus.br/henrique-e-juliano/amor-dos-outros/,-1
17,Amor Dos Outros,musica17,musica17_trecho3,"Esse sorriso que sumiu da minha cara tá na cara dele O seu pra sempre, que sumiu de mim pra sempre, apareceu pra ele É lindo pegar um te amo no meio do caminho Eu quero ver construir um te amo desde o início",Henrique & Juliano,2025,44,https://www.letras.mus.br/henrique-e-juliano/amor-dos-outros/,-1
17,Amor Dos Outros,musica17,musica17_trecho4,"O difícil é, pra mim, não ter sido feliz por pouco O fácil é, pra ele, ser feliz com o amor dos outros O difícil é, pra mim, não ter sido feliz por pouco O fácil é, pra ele, ser feliz com o amor dos outros",Henrique & Juliano,2025,46,https://www.letras.mus.br/henrique-e-juliano/amor-dos-outros/,-1
1471,Amor Não É Jogo de Azar,musica1471,musica1471_trecho2,"Melhor deixar falar a voz do coração Preciso de você, você de mim Pra que fazer de conta que já não dá mais Está na hora de voltar atrás",Jorge & Mateus,2007,29,https://www.letras.mus.br/jorge-mateus/1314518/,-1
531,Amor Não Vai Faltar,musica531,musica531_trecho5,"Eu não vou parar Eu vou mimar você até quando eu puder Se isso é um defeito você pode até pedir pra eu parar Ahhh Mas isso é tão bom Eu cuido de você, você cuida de mim Se existe outro jeito eu prefiro assim E quer saber",Bruno & Marrone,2009,48,https://www.letras.mus.br/bruno-e-marrone/1460080/,-1
287,Amor No Escuro,musica287,musica287_trecho2,"Nessa hora, a coisa vai esquentando Quem tá comigo ali nem desconfia Que essa cama só tá balançando Porque a minha mente te imagina Ah-ah",Simone Mendes,2025,25,https://www.letras.mus.br/simone-mendes/amor-no-escuro/,-1
287,Amor No Escuro,musica287,musica287_trecho4,"E quando a luz acende, clack O meu: Vida que segue, segue No nível zero de esquecimento Ô-ô",Simone Mendes,2025,18,https://www.letras.mus.br/simone-mendes/amor-no-escuro/,-1
287,Amor No Escuro,musica287,musica287_trecho5,"E quando a luz acende, clack O meu: Vida que segue, segue No nível zero de esquecimento",Simone Mendes,2025,17,https://www.letras.mus.br/simone-mendes/amor-no-escuro/,-1
314,Amor Pra Recomeçar,musica314,musica314_trecho1,Eu te desejo Não parar tão cedo Pois toda idade tem Prazer e medo,Jorge & Mateus,2013,14,https://www.letras.mus.br/jorge-mateus/amor-pra-recomecar/,-1
314,Amor Pra Recomeçar,musica314,musica314_trecho3,Quando você ficar triste Que seja por um dia E não o ano inteiro E que você descubra Que rir é bom Mas que rir de tudo É desespero,Jorge & Mateus,2013,29,https://www.letras.mus.br/jorge-mateus/amor-pra-recomecar/,-1
314,Amor Pra Recomeçar,musica314,musica314_trecho5,Eu te desejo muitos amigos Mas que em um Você possa confiar E que tenha até Inimigos Pra você não deixar De duvidar,Jorge & Mateus,2013,23,https://www.letras.mus.br/jorge-mateus/amor-pra-recomecar/,-1
314,Amor Pra Recomeçar,musica314,musica314_trecho10,"Eu desejo Que você tenha a quem amar E quando estiver bem cansado Ainda, exista amor Pra recomeçar Pra recomeçar Pra recomeçar",Jorge & Mateus,2013,22,https://www.letras.mus.br/jorge-mateus/amor-pra-recomecar/,-1
1453,Amor Pra Vida Inteira,musica1453,musica1453_trecho3,"Me leva pro céu, vira meu mundo de pernas pro ar Essa paixão ardente pronta pra incendiar Eu sou desejo e você sedução Nós dois dentro de um só coração",Marcos & Belutti,2010,30,https://www.letras.mus.br/marcos-belutti/1664358/,-1
1453,Amor Pra Vida Inteira,musica1453,musica1453_trecho4,"Me leva pro céu, vira meu mundo de pernas pro ar Essa paixão ardente pronta pra incendiar Eu sou desejo e você sedução Nós dois dentro de um só coração (É amor demais, gente)",Marcos & Belutti,2010,34,https://www.letras.mus.br/marcos-belutti/1664358/,-1
950,Amor Sem Medida (Te Voy A Amar),musica950,musica950_trecho1,"É pouco dizer Que é você a minha outra metade É pouco dizer Que daria a vida, meu destino E algo a mais",Matheus & Kauan,2015,23,https://www.letras.mus.br/matheus-kauan/amor-sem-medida/,-1
464,Anestesiado,musica464,musica464_trecho3,"Então, como tem coragem de ficar falando mal dos meus vícios Se eles tão salvando o que fez comigo? Como tem coragem de falar que eu tô vivendo errado Se eu só te esqueço assim, anestesiado?",Murilo Huff,2024,36,https://www.letras.mus.br/murilo-huff/anestesiado/,-1
464,Anestesiado,musica464,musica464_trecho4,"Como tem coragem de ficar falando mal dos meus vícios Se eles tão salvando o que fez comigo? Como tem coragem de falar que eu tô vivendo errado Se eu só te esqueço assim, anestesiado?",Murilo Huff,2024,35,https://www.letras.mus.br/murilo-huff/anestesiado/,-1
464,Anestesiado,musica464,musica464_trecho7,"Como tem coragem de ficar falando mal dos meus vícios Se eles tão salvando o que fez comigo? Como tem coragem de falar que eu tô vivendo errado Se eu só te esqueço assim, anestesiado? Se eu só te esqueço assim, anestesiado?",Murilo Huff,2024,42,https://www.letras.mus.br/murilo-huff/anestesiado/,-1
1117,Anjo de Vidro,musica1117,musica1117_trecho3,"Me olha, me nota, entende esse cara apaixonado Não foge, se toca, não vê que somos mais que namorados",Hugo Pena e Gabriel,2011,19,https://www.letras.mus.br/hugo-pena-e-gabriel/1799475/,-1
1117,Anjo de Vidro,musica1117,musica1117_trecho4,"Você é um anjo de vidro Alguém que eu preciso Tem a delicadeza da flor Meu verso poema É minha pequena, Esquece o mundo e vem provar meu amor.",Hugo Pena e Gabriel,2011,29,https://www.letras.mus.br/hugo-pena-e-gabriel/1799475/,-1
634,Anjo Loiro,musica634,musica634_trecho1,Na casa que o meu bem mora Ao lado do seu portão Eu escrevi o meu nome Dentro de um coração Expressei meus sentimentos A que passa por aqui Vai saber que já tem dono O amor que mora ali,Milionário e José Rico,2008,40,https://www.letras.mus.br/milionario-e-jose-rico/1447683/,-1
1420,Anjo Moderno,musica1420,musica1420_trecho1,Quando eu pedi a sua mão Você me deu de cara o coração Mas que surpresa boa! Minha loteria em forma de uma pessoa,Jorge & Mateus,2018,24,https://www.letras.mus.br/jorge-mateus/anjo-moderno/,-1
1420,Anjo Moderno,musica1420,musica1420_trecho2,"Já deu pra ver que nada vai entortar nosso caminho Já deu pra perceber que a gente pensa igualzinho E em cada sonho meu, cê sempre chega de fininho Sem fazer esforço, me ganhou assim, facinho",Jorge & Mateus,2018,36,https://www.letras.mus.br/jorge-mateus/anjo-moderno/,-1
1178,Anjo Protetor,musica1178,musica1178_trecho4,"Não como, não bebo, não posso dormir Nada me agrada sem você aqui Fujo dos amigos, tento me esconder Gosto deles, mas amo você",Eduardo Costa,2012,24,https://www.letras.mus.br/eduardo-costa/anjo-protetor/,-1
193,Anti-Amor (part. Jorge & Mateus),musica193,musica193_trecho1,"Tô aqui pra te contar Por aqui tá tudo em paz, tudo bem Eu já nem te amo mais Comecei a me tratar de você, e quer saber? Te esqueci há uma semana atrás",Gustavo Mioto,2017,34,https://www.letras.mus.br/gustavo-mioto/anti-amor/,-1
1056,Antídoto,musica1056,musica1056_trecho1,"Passei o dia todo pensando em você, ê, ê Ainda não encontrei um antídoto pra te esquecer Como que eu faço pra tirar da cabeça Se deu xeque-mate no meu coração? Oh não, oh não",Matheus & Kauan,2017,35,https://www.letras.mus.br/matheus-kauan/antidoto/,-1
1056,Antídoto,musica1056,musica1056_trecho3,"Ô, menina, eu não vi nada igual nessa vida Até nossa loucura combina Cola esse sorriso no meu Traz o amor que prometeu",Matheus & Kauan,2017,23,https://www.letras.mus.br/matheus-kauan/antidoto/,-1
1056,Antídoto,musica1056,musica1056_trecho4,"Ô menina, ô menina, ô menina, ô menina Até nossa loucura combina Traz o seu abraço, eu levo o meu Sorte é te encontrar e azar de quem perdeu você",Matheus & Kauan,2017,30,https://www.letras.mus.br/matheus-kauan/antidoto/,-1
1056,Antídoto,musica1056,musica1056_trecho8,"Ô, menina, ô, menina, ô, menina, ô, menina Até nossa loucura combina Traz o seu abraço, eu levo o meu Sorte é te encontrar e azar de quem perdeu você",Matheus & Kauan,2017,30,https://www.letras.mus.br/matheus-kauan/antidoto/,-1
951,Antônimos,musica951,musica951_trecho2,"Sem você, não importa se é doce ou salgado Se tá quente ou gelado Se faz Sol ou vai chover Eu achei que tava certo, fui errado Era leve tá pesado Ficar longe de você",Jorge & Mateus,2016,35,https://www.letras.mus.br/jorge-mateus/antonimos/,-1
697,Ao Vivo E A Cores (part. Anitta),musica697,musica697_trecho1,"Por que você não sai daí e vem aqui? Pode invadir, pode chegar, pode ficar No meu quarto, no meu abraço, apertado Duvido que cê vai querer ir embora, não apavora Depois do amor a gente vai fazendo hora E eu não aguento mais, eu não aguento mais",Matheus & Kauan,2018,48,https://www.letras.mus.br/matheus-kauan/ao-vivo-e-a-cores-part-anitta/,-1
697,Ao Vivo E A Cores (part. Anitta),musica697,musica697_trecho6,"Então sai daí, sai daí, vem aqui, vem invadir, invadir o meu quarto Meu abraço apertado, vem, vem, duvido que cê vai querer sair Por que você não sai daí, sai daí, sai daí, vem aqui, vem invadir, invadir o meu quarto Meu abraço, meu abraço apertado Eu não aguento mais",Matheus & Kauan,2018,51,https://www.letras.mus.br/matheus-kauan/ao-vivo-e-a-cores-part-anitta/,-1
4,Apaga Apaga Apaga,musica4,musica4_trecho1,"Ei, boa noite, antes de te bloquear, eu só vim te dizer Que, a partir de hoje, pode tocar o terror, fazer o que quiser fazer A boca é sua, curte suas farra, sinto mais nada Não! Apaga, apaga, apaga",Danilo e Davi,2024,40,https://www.letras.mus.br/danilo-e-davi/apaga-apaga-apaga/,-1
4,Apaga Apaga Apaga,musica4,musica4_trecho2,"Oi, boa noite, só vim pedir um tempo pra dar tempo de esquecer Especialmente hoje, coração acordou me pressionando pra te ver Saiu de casa, não posta nada, esconde as farra Apaga, apaga, apaga",Danilo e Davi,2024,34,https://www.letras.mus.br/danilo-e-davi/apaga-apaga-apaga/,-1
4,Apaga Apaga Apaga,musica4,musica4_trecho3,"Meu amor, por favor, fala que você também não me esqueceu Que eu tô digitando tudo que o coração escreveu Se a saudade também molha a sua cara, pega o nosso fim Apaga, apaga, apaga",Danilo e Davi,2024,35,https://www.letras.mus.br/danilo-e-davi/apaga-apaga-apaga/,-1
332,Apaixonadinha (part. Léo Santana e Didá Banda Feminina),musica332,musica332_trecho2,"Ó que coisa boa! Tô sorrindo à toa Tô 100% de boa, de boa, de boa",Marília Mendonça,2019,16,https://www.letras.mus.br/marilia-mendonca/apaixonadinha-part-leo-santana-e-dida-banda-feminina/,-1
332,Apaixonadinha (part. Léo Santana e Didá Banda Feminina),musica332,musica332_trecho4,Apaixonadinho você me deixou Apaixonadinho você me deixou Apaixonadinho você me deixou Vem ficar perto aqui do seu pretinho,Marília Mendonça,2019,19,https://www.letras.mus.br/marilia-mendonca/apaixonadinha-part-leo-santana-e-dida-banda-feminina/,-1
575,Apaixonado Por Você,musica575,musica575_trecho5,Foi bom eu te beijar na boca Te esperar a vida toda e Te amar (te amar) Te amar (te amar),Zezé Di Camargo & Luciano,2005,21,https://www.letras.mus.br/zeze-di-camargo-e-luciano/149299/,-1
1434,Apaixonado/ A Loira do Carro Branco (pot-pourri),musica1434,musica1434_trecho1,Moreninha linda Se tu soubesses O quanto padece Quem tem amor Talvez não faria O que faz agora Quem te adora Não tem valor,Luan Santana,2009,24,https://www.letras.mus.br/luan-santana/1483635/,-1
1434,Apaixonado/ A Loira do Carro Branco (pot-pourri),musica1434,musica1434_trecho5,"Foi o dia mais feliz que o meu coração sentiu Mas meu mundo encantado de repente destruiu Ao ver a loura tremendo, gemendo e suando frio Parei o carro depressa na travessia de um rio Enquanto eu fui buscar a água, que tão triste ela pediu Ouvi cantar os pneus e me dizendo adeus com meu carro ela sumiu",Luan Santana,2009,59,https://www.letras.mus.br/luan-santana/1483635/,-1
1434,Apaixonado/ A Loira do Carro Branco (pot-pourri),musica1434,musica1434_trecho6,"Somente um bilhetinho na estrada eu encontrei E quando acabei de ler emocionado eu fiquei No bilhete ela dizia por você me apaixonei Só peço que me perdoe, o golpe que eu lhe dei",Luan Santana,2009,34,https://www.letras.mus.br/luan-santana/1483635/,-1
1434,Apaixonado/ A Loira do Carro Branco (pot-pourri),musica1434,musica1434_trecho8,"Por ela ter roubado o carro já tem absolvição Mas vou lhe dar um castigo vai ter que viver comigo, Por roubar meu coração.",Luan Santana,2009,24,https://www.letras.mus.br/luan-santana/1483635/,-1
1306,Apaixonados Pela Lua,musica1306,musica1306_trecho1,Ontem tive um sonho Caminhamos entre as nuvens do céu Desenhamos lembranças de nós dois Envolvidos no azul do véu,Paula Fernandes,2009,20,https://www.letras.mus.br/paula-fernandes/1497074/,-1
1306,Apaixonados Pela Lua,musica1306,musica1306_trecho2,Não ficaremos juntos Se não soubermos a arte de amar Esse segredo tão bonito do caminho Hieroglifos de um livro para decifrar,Paula Fernandes,2009,22,https://www.letras.mus.br/paula-fernandes/1497074/,-1
1306,Apaixonados Pela Lua,musica1306,musica1306_trecho3,"Na viagem desse sonho Nossas almas eu vi flutuar Nas delicadas linhas do infinito Fomos filhos de um romance, de um amor lunar",Paula Fernandes,2009,23,https://www.letras.mus.br/paula-fernandes/1497074/,-1
419,Apelido Carinhoso,musica419,musica419_trecho4,Ainda não me chame de meu nego Ainda não me chame de bebê Porque era assim que ela me chamava E um apelido carinhoso é o mais difícil de esquecer,Gusttavo Lima,2017,30,https://www.letras.mus.br/gusttavo-lima/apelido-carinhoso/,-1
541,Aquela Pessoa,musica541,musica541_trecho2,"Que tem passe livre Carta branca na sua vida Pra ir e voltar quando quiser Nunca vai deixar de ser o que é, é",Henrique & Juliano,2017,24,https://www.letras.mus.br/henrique-e-juliano/aquela-pessoa/,-1
541,Aquela Pessoa,musica541,musica541_trecho3,"Todo mundo tem uma pessoa, aquela pessoa Que te faz esquecer todas as outras Todo mundo tem uma pessoa, aquela pessoa Não precisa dia e nem hora pra chegar",Henrique & Juliano,2017,29,https://www.letras.mus.br/henrique-e-juliano/aquela-pessoa/,-1
1383,Aquele  1% (part. Wesley Safadão),musica1383,musica1383_trecho1,"Eu abro a porta e puxo a cadeira do jantar À luz de velas pra ela se apaixonar Eu mando flores, chocolates e cartão O meu problema sempre foi ter grande coração",Marcos & Belutti,2015,32,https://www.letras.mus.br/marcos-belutti/aquele-um-por-cento/,-1
387,Arranhão,musica387,musica387_trecho2,Sabe onde minha saudade aperta Quando o seu dedo aperta Na palavra que me acerta E deixa minha raiva cega Cê sabe que eu sou incapaz e a falta que faz,Henrique & Juliano,2021,31,https://www.letras.mus.br/henrique-e-juliano/arranhao/,-1
387,Arranhão,musica387,musica387_trecho3,"Aí que mora o perigo, aí que eu caio lindo Aí que eu sei das consequências, mesmo assim vou indo É que vale a pena, vale a cama, vale o risco O que é um arranhão pra quem já tá fudido?",Henrique & Juliano,2021,41,https://www.letras.mus.br/henrique-e-juliano/arranhao/,-1
387,Arranhão,musica387,musica387_trecho4,"Aí que mora o perigo, aí que eu caio lindo Aí que eu sei das consequências, mesmo assim vou indo É que vale a pena, vale a cama, vale o risco O que é um arranhão pra quem já tá fudido? Oh, oh, oh, oh",Henrique & Juliano,2021,45,https://www.letras.mus.br/henrique-e-juliano/arranhao/,-1
387,Arranhão,musica387,musica387_trecho8,"É que vale a pena, vale a cama, vale o risco O que é um arranhão pra quem já tá fudido?",Henrique & Juliano,2021,21,https://www.letras.mus.br/henrique-e-juliano/arranhao/,-1
1445,Arrasta,musica1445,musica1445_trecho1,"Você se lembra que quase enlouqueci de saudade de você Você toda se achando, me esnobava e nem queria saber Quebrou a cara mais uma vez com alguém que queria curtição Agora vem toda dengosa, carinhosa, implorando meu perdão Se você acha que implorando meu amor, eu vou te perdoar Pode ir tirando seu cavalinho da chuva, senão ele vai molhar Meu coração está com o sinal fechado no vermelho pra você Desaparece, porque a partir de agora eu não quero mais te ver",Gusttavo Lima,2008,84,https://www.letras.mus.br/gusttavo-lima/1581184/,-1
1445,Arrasta,musica1445,musica1445_trecho2,"Agora arrasta Arrasta atrás de mim Mas eu não vou te dar o meu amor Pega, descendo, agora desapareça Você só me enganou! Se você acha que implorando meu amor, eu vou te perdoar Pode ir tirando seu cavalinho da chuva, senão ele vai molhar Meu coração está com o sinal fechado no vermelho pra você Desaparece porque a partir de agora eu não quero mais te ver",Gusttavo Lima,2008,68,https://www.letras.mus.br/gusttavo-lima/1581184/,-1
1445,Arrasta,musica1445,musica1445_trecho3,"Agora arrasta Arrasta atrás de mim Mas eu não vou te dar o meu amor Pega, descendo, agora desapareça Você só me enganou!",Gusttavo Lima,2008,23,https://www.letras.mus.br/gusttavo-lima/1581184/,-1
761,Arruma Um Bão,musica761,musica761_trecho3,"Já parou pra pensar como vai ser Se eu empinar a carroça e te fazer descer? Seu te amo não vai segurar O seu choro não vai comover O ruim tá indo embora, arruma um bão procê, vem",Israel & Rodolffo,2024,38,https://www.letras.mus.br/israel-rodolfo/arruma-um-bao/,-1
761,Arruma Um Bão,musica761,musica761_trecho4,"Já parou pra pensar como vai ser Se eu empinar a carroça e te fazer descer? Seu te amo não vai segurar O seu choro não vai comover O ruim tá indo embora, arruma um bão procê",Israel & Rodolffo,2024,37,https://www.letras.mus.br/israel-rodolfo/arruma-um-bao/,-1
761,Arruma Um Bão,musica761,musica761_trecho8,"O ruim tá indo embora, arruma um bão procê",Israel & Rodolffo,2024,9,https://www.letras.mus.br/israel-rodolfo/arruma-um-bao/,-1
1226,As Mina Pira,musica1226,musica1226_trecho2,Tá tudo programado No apê do Guarujá Hoje não vai prestar,Fernando e Sorocaba,2013,11,https://www.letras.mus.br/fernando-sorocaba/as-mina-pira/,-1
1226,As Mina Pira,musica1226,musica1226_trecho4,"As mina pira, pira Toma tequila Sobe na mesa Pula na piscina",Fernando e Sorocaba,2013,12,https://www.letras.mus.br/fernando-sorocaba/as-mina-pira/,-1
1226,As Mina Pira,musica1226,musica1226_trecho5,"As mina pira, pira Entra no clima Tá fácil de pegar Pra cima!",Fernando e Sorocaba,2013,13,https://www.letras.mus.br/fernando-sorocaba/as-mina-pira/,-1
1226,As Mina Pira,musica1226,musica1226_trecho13,"Pira, pira Toma tequila Sobe na mesa Pula na piscina",Fernando e Sorocaba,2013,10,https://www.letras.mus.br/fernando-sorocaba/as-mina-pira/,-1
1226,As Mina Pira,musica1226,musica1226_trecho16,"Pira, pira Toma tequila Sobe na mesa",Fernando e Sorocaba,2013,7,https://www.letras.mus.br/fernando-sorocaba/as-mina-pira/,-1
1226,As Mina Pira,musica1226,musica1226_trecho18,"Pira, pira Tome tequila Sobe na mesa Pula na piscina",Fernando e Sorocaba,2013,10,https://www.letras.mus.br/fernando-sorocaba/as-mina-pira/,-1
1337,As Mina Pira Na Balada,musica1337,musica1337_trecho1,As mina pira Quando a gente Chega na balada Fazendo rodinha Com baldinho de cachaça Pira quando a gente Chega na balada Apavorando Na área vip reservada,Gusttavo Lima,2012,27,https://www.letras.mus.br/gusttavo-lima/as-mina-pira/,-1
914,As Promessas do Bom Pastor,musica914,musica914_trecho2,"Nos meus ombros, ovelhas feridas Sem dor poderão descansar Devolverei os seus campos Darei novamente a paz",Edmilson Aparecido,2015,17,https://www.letras.mus.br/edmilson-aparecido/as-promessas-do-bom-pastor/,-1
914,As Promessas do Bom Pastor,musica914,musica914_trecho4,Maus pastores que perdem ovelhas Distantes de mim os terei Noutras pastagens seguras Pastores ﬁéis chamarei,Edmilson Aparecido,2015,16,https://www.letras.mus.br/edmilson-aparecido/as-promessas-do-bom-pastor/,-1
914,As Promessas do Bom Pastor,musica914,musica914_trecho5,Novo reino farei do meu povo Rebanho sem mais opressão Todos serão conduzidos A vida por minhas mãos,Edmilson Aparecido,2015,18,https://www.letras.mus.br/edmilson-aparecido/as-promessas-do-bom-pastor/,-1
914,As Promessas do Bom Pastor,musica914,musica914_trecho8,"Ao trazê-la, haverá alegria E os anjos do céu vão cantar Será a festa da volta Rebanho vai se alegrar",Edmilson Aparecido,2015,20,https://www.letras.mus.br/edmilson-aparecido/as-promessas-do-bom-pastor/,-1
1469,Às Vezes,musica1469,musica1469_trecho5,E eu não me controlo,Henrique & Juliano,2014,5,https://www.letras.mus.br/henrique-e-juliano/as-vezes/,-1
552,Assunto Delicado (part. Xand Avião),musica552,musica552_trecho3,É que eu ainda sou Aquele assunto delicado Eu acho que tu superou Quem não me superou foi o seu namorado,Guilherme & Benuto,2023,21,https://www.letras.mus.br/guilherme-e-benuto/assunto-delicado-part-xand-aviao/,-1
552,Assunto Delicado (part. Xand Avião),musica552,musica552_trecho4,É que eu ainda sou Aquele assunto delicado Eu acho que tu superou Só quem não me superou foi o seu namorado,Guilherme & Benuto,2023,22,https://www.letras.mus.br/guilherme-e-benuto/assunto-delicado-part-xand-aviao/,-1
552,Assunto Delicado (part. Xand Avião),musica552,musica552_trecho5,"Se ele não se garante, eu não sou o culpado",Guilherme & Benuto,2023,10,https://www.letras.mus.br/guilherme-e-benuto/assunto-delicado-part-xand-aviao/,-1
297,Até a Próxima Vida,musica297,musica297_trecho2,Quem nunca rodou essa cidade E quando viu tava na porta De quem mais tinha saudade?,Henrique & Juliano,2021,16,https://www.letras.mus.br/henrique-e-juliano/ate-a-proxima-vida/,-1
297,Até a Próxima Vida,musica297,musica297_trecho3,"Esse fui eu ontem à noite Chorei na calçada dela, fiz besteira E hoje só tinha uma mensagem dizendo Cê é louco? Tô com outro E pra gente voltar, você vai ter que nascer de novo",Henrique & Juliano,2021,36,https://www.letras.mus.br/henrique-e-juliano/ate-a-proxima-vida/,-1
297,Até a Próxima Vida,musica297,musica297_trecho4,"Até a próxima vida, mas se liga Se der ruim com esse doido aí Cê lembra que eu sou top dois da sua lista",Henrique & Juliano,2021,24,https://www.letras.mus.br/henrique-e-juliano/ate-a-proxima-vida/,-1
297,Até a Próxima Vida,musica297,musica297_trecho5,"Até a próxima vida, mas se liga Se der ruim com esse doido aí Cê nem pensa, me grita",Henrique & Juliano,2021,19,https://www.letras.mus.br/henrique-e-juliano/ate-a-proxima-vida/,-1
1140,Até o Final,musica1140,musica1140_trecho2,"A carta que mandei não fui eu que escrevi E o poema que te recitei num livro eu li Não sou bom de futebol e por você já chorei Mas é de verdade, estou te amando e me apaixonei",Fernando e Sorocaba,2009,39,https://www.letras.mus.br/fernando-sorocaba/1602775/,-1
1140,Até o Final,musica1140,musica1140_trecho3,"O doce do seu beijo enfeitiçou meu coração Vivo noite e dia numa nuvem de paixão Nunca vou te fazer sofrer, não quero seu mal Vem, meu anjo, sigo com você até o final Até o final",Fernando e Sorocaba,2009,37,https://www.letras.mus.br/fernando-sorocaba/1602775/,-1
304,Até Você Voltar,musica304,musica304_trecho3,"De copo sempre cheio, coração vazio Tô me tornando um cara solitário e frio Vai ser difícil eu me apaixonar de novo E a culpa é sua Antes embriagado do que iludido Acreditar no amor já não faz mais sentido Eu vou continuar nessa vida bandida Até você voltar",Henrique & Juliano,2014,49,https://www.letras.mus.br/henrique-e-juliano/ate-voce-voltar/,-1
304,Até Você Voltar,musica304,musica304_trecho6,"De copo sempre cheio, coração vazio Tô me tornando um cara solitário e frio Vai ser difícil eu me apaixonar de novo E a culpa é sua Antes embriagado do que iludido Acreditar no amor já não faz mais sentido Eu vou continuar nessa vida bandida Até você voltar Até você voltar",Henrique & Juliano,2014,52,https://www.letras.mus.br/henrique-e-juliano/ate-voce-voltar/,-1
781,Atrasadinha (part. Ferrugem),musica781,musica781_trecho2,"E você chegou Atrasadinha, mas tava linda Minha boca calou Mas meu coração gritou por cima",Felipe Araújo,2019,16,https://www.letras.mus.br/felipe-araujo/atrasadinha/,-1
676,Áudio,musica676,musica676_trecho1,"Eu tô gravando esse áudio Pra dizer que não dá mais Que a gente vai terminar de vez Espera, vou começar outra vez",Diego e Victor Hugo,2019,23,https://www.letras.mus.br/diego-victor-hugo/audio/,-1
676,Áudio,musica676,musica676_trecho2,"Eu tô gravando esse áudio Pra dizer que não dá mais Você anda muito ausente Eu já tô ficando louco Pera aí, vou começar de novo",Diego e Victor Hugo,2019,26,https://www.letras.mus.br/diego-victor-hugo/audio/,-1
676,Áudio,musica676,musica676_trecho3,Eu tô gravando esse áudio Pra dizer que não dá mais Pra aguentar essa saudade de você Pra entender o quanto ainda te quero,Diego e Victor Hugo,2019,24,https://www.letras.mus.br/diego-victor-hugo/audio/,-1
891,Aurora do Mundo,musica891,musica891_trecho5,Passei uma noite no rancho amizade E vi na saudade o começo do fim A chuva caía naquele tugúrio Num triste murmúrio por sobre o capim,Belmonte e Amaraí,2021,26,https://www.letras.mus.br/belmonte-e-amarai/1002024/,-1
891,Aurora do Mundo,musica891,musica891_trecho7,"Voltei pra cidade, fiquei na agonia Até que um dia meu bem encontrei Beijei a menina com todo carinho E aquele rostinho acariciei",Belmonte e Amaraí,2021,23,https://www.letras.mus.br/belmonte-e-amarai/1002024/,-1
891,Aurora do Mundo,musica891,musica891_trecho8,Cantando seguiu-me a linha da vida Na estrada florida que eu lhe mostrei Porque ela sabe que agora é só minha És minha rainha eu sou o seu rei,Belmonte e Amaraí,2021,29,https://www.letras.mus.br/belmonte-e-amarai/1002024/,-1
394,Ausência,musica394,musica394_trecho1,"Sei bem O que te faz bem, eu sei Mas no fundo eu já tentei Não faltou coragem",Marília Mendonça,2018,18,https://www.letras.mus.br/marilia-mendonca/ausencia/,-1
394,Ausência,musica394,musica394_trecho3,"Sei Que o pra sempre virou pó E na cabeça deu um nó Mas eu tô bem consciente Mas amei Amei sozinha, mas por dois Me conformei que agora, e não depois Vou ter que seguir em frente",Marília Mendonça,2018,38,https://www.letras.mus.br/marilia-mendonca/ausencia/,-1
394,Ausência,musica394,musica394_trecho5,"Sei Que o pra sempre virou pó E na cabeça deu um nó Mas eu tô bem consciente Mas amei Amei sozinho, mas por dois Me conformei que agora, e não depois Vou ter que seguir em frente",Marília Mendonça,2018,38,https://www.letras.mus.br/marilia-mendonca/ausencia/,-1
370,Avisa Aí,musica370,musica370_trecho2,E se tratando de amor não posso reclamar Carinho e atenção você nunca deixou faltar Me põe contra a parede quer explicação,Henrique & Juliano,2015,22,https://www.letras.mus.br/henrique-e-juliano/avisa-ai/,-1
370,Avisa Aí,musica370,musica370_trecho3,"Você fez a sua parte, me desculpe eu sou assim Um safado, sem vergonha Eu gosto de beber e de curtir",Henrique & Juliano,2015,21,https://www.letras.mus.br/henrique-e-juliano/avisa-ai/,-1
370,Avisa Aí,musica370,musica370_trecho5,"Eu tô voltando pra vida que eu amo Farreiro, solteiro e o povo que eu tô barulhando Eu tô voltando sou feliz assim Tentei sair da farra, mas a farra não saiu de mim",Henrique & Juliano,2015,34,https://www.letras.mus.br/henrique-e-juliano/avisa-ai/,-1
1333,Avisa Que Eu Cheguei (part. Ivete Sangalo),musica1333,musica1333_trecho2,Larguei de mão De quem não quis me dar a mão Coração não é mais pau mandado Só faltava um empurrão bem dado Pra acordar pra vida e eu não tô sozinha Eu tô com a Ivete Sangalo,Naiara Azevedo,2017,38,https://www.letras.mus.br/naiara-azevedo/avisa-que-eu-cheguei/,-1
1333,Avisa Que Eu Cheguei (part. Ivete Sangalo),musica1333,musica1333_trecho5,"Se deu certo, bem Se não deu certo, ótimo Próximo, próximo",Naiara Azevedo,2017,11,https://www.letras.mus.br/naiara-azevedo/avisa-que-eu-cheguei/,-1
1333,Avisa Que Eu Cheguei (part. Ivete Sangalo),musica1333,musica1333_trecho8,Larguei de mão De quem não me quis dar a mão Coração não é mais pau mandado Só faltava um empurrão bem dado Pra acordar pra vida e eu não tô sozinha Eu tô com Naiara Azevedo,Naiara Azevedo,2017,37,https://www.letras.mus.br/naiara-azevedo/avisa-que-eu-cheguei/,-1
637,Baby Me Atende (part. Dilsinho),musica637,musica637_trecho1,"Abandonado dentro de um apartamento Ansiedade, coração desesperado É só bebida quente Por causa de um coração gelado",Matheus Fernandes,2021,18,https://www.letras.mus.br/matheus-fernandes/baby-me-atende/,-1
637,Baby Me Atende (part. Dilsinho),musica637,musica637_trecho2,"Amor e raiva andam lado a lado Porta retratos e quadros, tudo quebrado É o que tá tendo Pedaço de ex amor pra todo lado Tá doendo, tô sofrendo E ela não tá me atendendo",Matheus Fernandes,2021,35,https://www.letras.mus.br/matheus-fernandes/baby-me-atende/,-1
1058,Bagunça Minha Vida,musica1058,musica1058_trecho3,Bagunça minha vida Revira minha cama Meu coração não liga Se gosta ou se ama Se vai durar um mês ou uma hora Não tem que ser pra sempre Tem que ser gostoso agora,George Henrique e Rodrigo,2019,34,https://www.letras.mus.br/george-henrique-rodrigo/bagunca-minha-vida/,-1
1592,Baixinha Linda,musica1592,musica1592_trecho1,"Eu te conheci assim, num dia meio nada a ver Passou por mim, parou, me deu um oi, fiquei sem saber o que fazer E agora tô gostando e não sei como te dizer Por isso fiz essa canção que é pra te fazer entender",Biollo,2016,45,https://www.letras.mus.br/robson-biollo/baixinha-linda/,-1
1592,Baixinha Linda,musica1592,musica1592_trecho4,Eu vou te fazer se apaixonar por mim Ouvir você dizer que vai até o fim Comigo e que não se arrependeu de confiar E de mãos dadas vamos andar e pro resto não vai ligar,Biollo,2016,36,https://www.letras.mus.br/robson-biollo/baixinha-linda/,-1
1323,Bala de Prata,musica1323,musica1323_trecho1,Criminosa Não posso olhar dentro do seu olhar Bala de prata acerta pra matar Virei seu refém e não quero escapar,Fernando e Sorocaba,2008,21,https://www.letras.mus.br/fernando-sorocaba/1116095/,-1
1323,Bala de Prata,musica1323,musica1323_trecho2,Bandida Você atirou em minha direção E acertou bem no meu coração Minha vida ficou na palma de suas mãos,Fernando e Sorocaba,2008,20,https://www.letras.mus.br/fernando-sorocaba/1116095/,-1
1323,Bala de Prata,musica1323,musica1323_trecho3,"Hoje cedo acordei, mas sei lá Uma coisa diferente em mim O meu corpo arranhado, suado Uma história sem começo e fim",Fernando e Sorocaba,2008,22,https://www.letras.mus.br/fernando-sorocaba/1116095/,-1
1323,Bala de Prata,musica1323,musica1323_trecho4,Ela entrou no meio da noite Tem a chave do meu coração De repente soltou seus cabelos Me entreguei sem ter reação,Fernando e Sorocaba,2008,22,https://www.letras.mus.br/fernando-sorocaba/1116095/,-1
1323,Bala de Prata,musica1323,musica1323_trecho5,Não posso olhar dentro do seu olhar Bala de prata acerta pra matar Virei seu refém e não quero escapar,Fernando e Sorocaba,2008,20,https://www.letras.mus.br/fernando-sorocaba/1116095/,-1
1323,Bala de Prata,musica1323,musica1323_trecho8,"Ela é um pouco do fogo e do gelo Ela é sol, é chuva de verão O seu charme me fez prisioneiro Invadiu de vez meu coração",Fernando e Sorocaba,2008,27,https://www.letras.mus.br/fernando-sorocaba/1116095/,-1
189,Balada,musica189,musica189_trecho1,"Eu já lavei o meu carro, regulei o som Já tá tudo preparado, vem que o reggae é bom Menina, fica à vontade, entre e faça a festa Me liga mais tarde, vou adorar, vamos nessa",Gusttavo Lima,2011,36,https://www.letras.mus.br/gusttavo-lima/1911764/,-1
189,Balada,musica189,musica189_trecho6,"Se você me olhar, vou querer te pegar E depois namorar, curtição Que hoje vai rolar",Gusttavo Lima,2011,16,https://www.letras.mus.br/gusttavo-lima/1911764/,-1
1135,Balada Louca (part. João Neto e Frederico),musica1135,musica1135_trecho1,Meu Deus do céu aonde é que eu tô Alguém me explica me ajuda por favor Bebi demais na noite passada E eu só me lembro do começo da balada,Munhoz & Mariano,2012,30,https://www.letras.mus.br/munhoz-mariano/balada-louca/,-1
1135,Balada Louca (part. João Neto e Frederico),musica1135,musica1135_trecho2,"Alguém do lado aqui na mesma cama Nem sei quem é, mas tá dizendo que me ama Cabeça tonta cheirando cerveja O som no talo só com moda sertaneja",Munhoz & Mariano,2012,29,https://www.letras.mus.br/munhoz-mariano/balada-louca/,-1
1135,Balada Louca (part. João Neto e Frederico),musica1135,musica1135_trecho5,DJ mais louco que o padre do balão Remixando até as modas do Tião Dá um remédio preciso miorá Que pelo jeito a festa aqui não vai parar,Munhoz & Mariano,2012,28,https://www.letras.mus.br/munhoz-mariano/balada-louca/,-1
1135,Balada Louca (part. João Neto e Frederico),musica1135,musica1135_trecho11,DJ mais louco que o padre do balão Remixando até as moda do Tião Dá um remédio preciso miorá Que pelo jeito a festa aqui não vai parar,Munhoz & Mariano,2012,28,https://www.letras.mus.br/munhoz-mariano/balada-louca/,-1
326,Balanço da Rede (part. Xand Avião),musica326,musica326_trecho1,"Tô off pra disputa, quero ser prioridade Quero amor inteiro, não aceito só metade Vou te excluir se não se decidir Vai entregar seu coração pra ele ou pra mim?",Matheus Fernandes,2021,30,https://www.letras.mus.br/matheus-fernandes/balanco-da-rede-part-xand-aviao/,-1
326,Balanço da Rede (part. Xand Avião),musica326,musica326_trecho3,"No balanço da rede, só tomando vento O pé na parede, só pra dar o movimento Comigo tu viaja, com ele, tu perde tempo Fazer amor é fácil, quero ver ter sentimento",Matheus Fernandes,2021,32,https://www.letras.mus.br/matheus-fernandes/balanco-da-rede-part-xand-aviao/,-1
326,Balanço da Rede (part. Xand Avião),musica326,musica326_trecho6,"Olha, eu tô off pra disputa, quero ser prioridade Olha que quero amor inteiro, não aceito só metade Vou te excluir se não se decidir Vai entregar seu coração pra ele ou pra mim?",Matheus Fernandes,2021,34,https://www.letras.mus.br/matheus-fernandes/balanco-da-rede-part-xand-aviao/,-1
326,Balanço da Rede (part. Xand Avião),musica326,musica326_trecho9,"No balanço da rede, só tomando vento O pé na parede, só pra dar- (balança, balança) Comigo tu viaja, com ele, tu perde tempo Fazer amor é fácil, quero ver ter sentimento",Matheus Fernandes,2021,32,https://www.letras.mus.br/matheus-fernandes/balanco-da-rede-part-xand-aviao/,-1
173,Barulho do Foguete,musica173,musica173_trecho1,Cadê a foto de vocês Com a legenda de textão? Cadê o nome dele na sua bio Do lado de um coração?,Zé Neto e Cristiano,2023,22,https://www.letras.mus.br/ze-neto-cristiano/barulho-do-foguete/,-1
853,Bateria Acabou (part. Marília Mendonça),musica853,musica853_trecho2,Resolvi olhar as suas fotos Saber como você está Parece até que tem alguém Fiquei mal por te ver bem,Zé Neto e Cristiano,2017,20,https://www.letras.mus.br/ze-neto-cristiano/bateria-acabou/,-1
853,Bateria Acabou (part. Marília Mendonça),musica853,musica853_trecho5,"Amor, só me fala onde você está Não me deixe jogado num bar Fico bem se estiver com você Me ajude a parar de beber",Zé Neto e Cristiano,2017,25,https://www.letras.mus.br/ze-neto-cristiano/bateria-acabou/,-1
695,Batom de Cereja,musica695,musica695_trecho2,"Não vou, não Já dispensei a gata que eu tava Eu vim aqui foi pra beber e passar raiva Tô sofrendo na night Cê tá batendo muito mais que o grave",Israel & Rodolffo,2021,31,https://www.letras.mus.br/israel-rodolfo/batom-de-cereja/,-1
695,Batom de Cereja,musica695,musica695_trecho10,"Eu bebo, cê beija Eu bebo, cê beija",Israel & Rodolffo,2021,8,https://www.letras.mus.br/israel-rodolfo/batom-de-cereja/,-1
251,Bebaça (part. Maiara & Maraisa),musica251,musica251_trecho1,Diz que aguenta bebida Tomou duas seguidas Perna bambeou Ainda não lembrou Vou refrescar sua memória,Marília Mendonça,2019,16,https://www.letras.mus.br/marilia-mendonca/bebaca/,-1
251,Bebaça (part. Maiara & Maraisa),musica251,musica251_trecho2,"Tentou agarrar o garçom Derrubou a caixa de som Pra variar, cê queimou a largada Tentou até ligar pro ex Pra sua sorte, eu não deixei Já tava tudo rodando, rodando Pediu outra rodada",Marília Mendonça,2019,34,https://www.letras.mus.br/marilia-mendonca/bebaca/,-1
251,Bebaça (part. Maiara & Maraisa),musica251,musica251_trecho9,"Maiara, cê tava bebaça Subindo na mesa, virando garrafa Maiara, cê tava bebaça Tomou tudo, tomou fora Só não tomou vergonha na cara",Marília Mendonça,2019,23,https://www.letras.mus.br/marilia-mendonca/bebaca/,-1
251,Bebaça (part. Maiara & Maraisa),musica251,musica251_trecho10,"Marília, cê tava bebaça Subindo na mesa, virando garrafa Cê tava bebaça Tomou tequila, tomou cerveja Tomou tudo, tomou fora Só não tomou vergonha na cara",Marília Mendonça,2019,26,https://www.letras.mus.br/marilia-mendonca/bebaca/,-1
682,Bebi Liguei,musica682,musica682_trecho2,"Só ficou o resto do seu beijo na minha boca Você deu corda e o coração entrou na forca A minha saudade já tinha tomado um rumo na vida Mas desandou com a sua ligação perdida, ah",Marília Mendonça,2019,37,https://www.letras.mus.br/marilia-mendonca/bebi-liguei/,-1
1189,Bebida Na Ferida,musica1189,musica1189_trecho2,"Agora tá de standby Vai fazer isso com os outros, vai Tudo que vai, volta, ai, ai, ai Quem abre também fecha a porta",Zé Neto e Cristiano,2018,24,https://www.letras.mus.br/ze-neto-cristiano/bebida-na-ferida/,-1
238,Bebo Pa Carai,musica238,musica238_trecho2,Quando a gente quebra o pau Sempre eu sei que ela sai Fico doido de saudade Aí eu bebo pá carai,Gino e Geno,2005,21,https://www.letras.mus.br/gino-e-geno/259808/,-1
238,Bebo Pa Carai,musica238,musica238_trecho5,De repente ela volta Toda cheia de alegria Nem parece que a gente Brigou naquele dia,Gino e Geno,2005,16,https://www.letras.mus.br/gino-e-geno/259808/,-1
238,Bebo Pa Carai,musica238,musica238_trecho6,Eu boto a mala pra dentro E pra cama a gente vai E depois de tanto love Ai eu bebo pá carai,Gino e Geno,2005,22,https://www.letras.mus.br/gino-e-geno/259808/,-1
238,Bebo Pa Carai,musica238,musica238_trecho9,Toda vez que eu dou uma volta Quando eu chego a casa cai Outra vez aquela mala Aí eu bebo pá carai,Gino e Geno,2005,22,https://www.letras.mus.br/gino-e-geno/259808/,-1
238,Bebo Pa Carai,musica238,musica238_trecho12,"Oh, companheiro, é por causa Dessa muié que eu bebo Eu bebo pá carai!",Gino e Geno,2005,14,https://www.letras.mus.br/gino-e-geno/259808/,-1
806,Beijo De Varanda,musica806,musica806_trecho2,"Tava ali fazendo palavra cruzada Pra ver se o tempo passa e o seu nome apareceu Agora a pouco, um vídeo no YouTube E como de costume, sabe o que aconteceu Aquela cena veio e acabou comigo No terceiro replay eu já tinha me convencido Que falta você",Bruno & Marrone,2017,48,https://www.letras.mus.br/bruno-e-marrone/beijo-de-varanda/,-1
1245,Beijo Meu,musica1245,musica1245_trecho2,"Toco aquele arrocha, ai cê passa mal Lembra de um amor que não foi tão legal Chorando pede um abraço Curo o seu choro com um beijo meu",Israel Novaes,2012,28,https://www.letras.mus.br/israel-novaes/1970118/,-1
987,Beleza Ignorante,musica987,musica987_trecho3,"Eu falo e faço bem gostosinho Quem prova o meu mel num esquece de mim Eu falo e faço, capricho sem dó Duas sanfonada, cabou o forró Eu falo e faço bem gostosin Quem prova o meu mel num esquece de mim Eu falo e faço, capricho sem dó Duas sanfonada, cabou o forró",Simone Mendes,2024,54,https://www.letras.mus.br/simone-mendes/beleza-ignorante/,-1
1381,Bem Feito,musica1381,musica1381_trecho1,"Você saiu, falou que nunca mais ia voltar Que iria ser feliz sem mim, tá bom, haha! Haha, eu duvido!",Thaeme e Thiago,2015,20,https://www.letras.mus.br/thaeme-thiago/bem-feito/,-1
1381,Bem Feito,musica1381,musica1381_trecho2,"Juro que não é praga minha, mas não vai encontrar Alguém que te ame tanto Se quer ir então vá! Haha, eu duvido!",Thaeme e Thiago,2015,23,https://www.letras.mus.br/thaeme-thiago/bem-feito/,-1
1381,Bem Feito,musica1381,musica1381_trecho3,"Eu tenho pena quando perceber que foi um passatempo e nada mais Uma vontade, um momento Vai bater arrependimento Aí cê vai lembrar de mim, aí cê vai lembrar de mim",Thaeme e Thiago,2015,31,https://www.letras.mus.br/thaeme-thiago/bem-feito/,-1
1381,Bem Feito,musica1381,musica1381_trecho4,"Tá vendo, você não me escutou e tá aí sofrendo Foi procurar lá fora o que tinha aqui dentro Enxuga essas lágrimas e olha bem no fundo dos meu olhos",Thaeme e Thiago,2015,30,https://www.letras.mus.br/thaeme-thiago/bem-feito/,-1
1381,Bem Feito,musica1381,musica1381_trecho5,"Bem feito! Ninguém mandou se aventurar, cair em tentação Agora se entenda com seu coração Você estragou tudo e agora vai pagar pelo que fez Bem feito!",Thaeme e Thiago,2015,27,https://www.letras.mus.br/thaeme-thiago/bem-feito/,-1
659,Bem Pior Que Eu,musica659,musica659_trecho3,"Bem pior que eu, você Que não deixa ela, e nem deixa de me ver Bem pior que eu, você Desconta sua raiva em duas horas de prazer",Marília Mendonça,2019,28,https://www.letras.mus.br/marilia-mendonca/bem-pior-que-eu/,-1
1171,Bengala E Crochê,musica1171,musica1171_trecho3,"Se você já me deu a cópia da chave O que eu tô pensando, acho que você sabe",Maiara & Maraisa,2017,18,https://www.letras.mus.br/maiara-maraisa/bengala-e-croche/,-1
1171,Bengala E Crochê,musica1171,musica1171_trecho4,"Eu quero acordar do seu lado toda manhã Ouvir seu bom dia, um café, croissant Duas cópias da gente correndo num quintal Os altos e baixos de todo casal",Maiara & Maraisa,2017,29,https://www.letras.mus.br/maiara-maraisa/bengala-e-croche/,-1
1554,Blackout,musica1554,musica1554_trecho4,"E assim eu vou traçando a sua rota em minha mente Assim meio impaciente, sem certeza, sem radar Pedindo a Deus que mande uma tempestade Que alague toda a cidade, que você não saia do sofá Pra que ninguém roube o meu lugar Pra que ninguém roube o meu lugar Pra que ninguém roube o meu lugar",Cristiano Araújo,2014,57,https://www.letras.mus.br/cristiano-araujo/blackout/,-1
1554,Blackout,musica1554,musica1554_trecho7,"E assim eu vou traçando a sua rota em minha mente Assim meio impaciente, sem certeza, sem radar Pedindo a Deus que mande uma tempestade Que alague toda a cidade, que você não saia do sofá",Cristiano Araújo,2014,36,https://www.letras.mus.br/cristiano-araujo/blackout/,-1
115,Bloqueado,musica115,musica115_trecho3,"Eu sei que eu não posso ligar pra quem já me esqueceu Coração prometeu nunca mais recair Só que agora bebeu, tá sem dignidade Me bateu um saudade Daquelas que o coração arde",Gusttavo Lima,2021,33,https://www.letras.mus.br/gusttavo-lima/bloqueado/,-1
115,Bloqueado,musica115,musica115_trecho5,Lembrei Que tô bloqueado É muita raiva misturada com tristeza Olha eu chorando e dando porrada na mesa,Gusttavo Lima,2021,18,https://www.letras.mus.br/gusttavo-lima/bloqueado/,-1
115,Bloqueado,musica115,musica115_trecho6,"Lembrei Que tô bloqueado É muita raiva misturada com tristeza Olha eu chorando e dando porrada na mesa Derrama, derrama, cerveja",Gusttavo Lima,2021,21,https://www.letras.mus.br/gusttavo-lima/bloqueado/,-1
115,Bloqueado,musica115,musica115_trecho11,E lembrei Que tô bloqueado É muita raiva misturada com tristeza Olha eu chorando e dando porrada na mesa,Gusttavo Lima,2021,19,https://www.letras.mus.br/gusttavo-lima/bloqueado/,-1
579,Boa Memória,musica579,musica579_trecho3,"Amar é deixar ir, é saber sair de cena É ficar longe pra não te causar nenhum problema Amar é deixar ir, te desejo o bem e só Ah, e que tenha uma boa memória Só pra você lembrar que comigo ia ser bem melhor",Luan Santana,2018,45,https://www.letras.mus.br/luan-santana/boa-memoria/,-1
1122,Boa Sorte Pra Você,musica1122,musica1122_trecho4,"Se tinha que ser assim Tudo bem, já passou Boa sorte pra você É o fim do nosso amor",Victor & Leo,2010,19,https://www.letras.mus.br/victor-leo/1729755/,-1
12,Boate Azul,musica12,musica12_trecho1,"Doente de amor, procurei remédio na vida noturna Com a flor da noite em uma boate aqui na zona sul A dor do amor é com outro amor que a gente cura Vim curar a dor desse mal de amor na boate azul",Bruno & Marrone,2019,43,https://www.letras.mus.br/bruno-e-marrone/88379/,-1
12,Boate Azul,musica12,musica12_trecho3,Sair de que jeito se nem sei o rumo para onde vou Muito vagamente me lembro que estou Em uma boate aqui na zona sul Eu bebi demais e não consigo me lembrar sequer Qual era o nome daquela mulher A flor da noite na boate azul,Bruno & Marrone,2019,47,https://www.letras.mus.br/bruno-e-marrone/88379/,-1
194,Body Splash (part. Luan Pereira),musica194,musica194_trecho1,"Troquei de lençol, troquei de colchão Mas de sentimento ainda não",Felipe Araújo,2024,11,https://www.letras.mus.br/felipe-araujo/body-splash/,-1
194,Body Splash (part. Luan Pereira),musica194,musica194_trecho3,"Deito na cama e na minha mente vem uns flash Você pelada, borrifando o body splash O poder da saudade é de dar medo Eu sinto raiva de mim porque ainda sinto o seu cheiro Deito na cama e na minha mente vem uns flash Você pelada, borrifando o body splash O poder da saudade é de dar medo Eu sinto raiva de mim porque ainda sinto o seu cheiro",Felipe Araújo,2024,70,https://www.letras.mus.br/felipe-araujo/body-splash/,-1
253,Boiadeira,musica253,musica253_trecho4,A maquiagem dela agora é poeira A patricinha virou boiadeira Largou o vinho pra tomar cerveja A patricinha virou boiadeira,Ana Castela,2024,20,https://www.letras.mus.br/ana-castela/boiadeira/,-1
1396,Bola de Cristal,musica1396,musica1396_trecho6,Não é preciso bola de cristal Pra saber Que eu vivo por você Eu só sei te querer,Fernando e Sorocaba,2011,18,https://www.letras.mus.br/fernando-sorocaba/1706490/,-1
1294,Bom Rapaz (part. Jorge e Mateus),musica1294,musica1294_trecho3,"Outra dessa, cê não acha Olha como ela te abraça E você ganhou de graça Corre, que essa chance passa Corre, senão ela escapa",Fernando e Sorocaba,2017,24,https://www.letras.mus.br/fernando-sorocaba/bom-rapaz/,-1
1294,Bom Rapaz (part. Jorge e Mateus),musica1294,musica1294_trecho7,"Outra dessa, cê não acha (Outra dessa, cê não acha) Olha como ela te abraça (Olha como ela te abraça) E você ganhou de graça Corre, que essa chance passa Corre, senão ela escapa",Fernando e Sorocaba,2017,34,https://www.letras.mus.br/fernando-sorocaba/bom-rapaz/,-1
1294,Bom Rapaz (part. Jorge e Mateus),musica1294,musica1294_trecho9,"Outra dessa, cê não acha Olha como ela te abraça (Olha como ela te abraça) E você ganhou de graça Corre, que essa chance passa Corre, senão ela escapa",Fernando e Sorocaba,2017,29,https://www.letras.mus.br/fernando-sorocaba/bom-rapaz/,-1
57,Borboletas,musica57,musica57_trecho2,"Agora você volta E balança o que eu sentia por outro alguém Dividido entre dois mundos Sei que estou amando, mas ainda não sei quem",Victor & Leo,2008,25,https://www.letras.mus.br/victor-leo/1287417/,-1
57,Borboletas,musica57,musica57_trecho8,Sempre voltam e o seu jardim sou eu,Victor & Leo,2008,8,https://www.letras.mus.br/victor-leo/1287417/,-1
440,Briga Feia,musica440,musica440_trecho2,"Hoje eu acordei com a cabeça no lugar, ah Mas é que eu descobri que você tava lá Me obrigando a terminar, ah, ah",Henrique & Juliano,2020,24,https://www.letras.mus.br/henrique-e-juliano/briga-feia/,-1
1142,"Bruto, Rústico e Sistemático",musica1142,musica1142_trecho7,Mas neste mundo moderno Não tem errado e nem certo Achar ruim é preconceito Mas não fujo à minha essência Pra mim isso é indecência E ninguém vai mudar meu jeito,João Carreiro & Capataz,2009,31,https://www.letras.mus.br/joao-carreiro-capataz/1072366/,-1
420,Bye Bye,musica420,musica420_trecho1,"Já memorizei o seu corpo todo Pro caso da gente não se ver de novo Doa a quem doer, essa é a verdade Entre nós dois não cabe saudade",Marília Mendonça,2019,29,https://www.letras.mus.br/marilia-mendonca/bye-bye/,-1
420,Bye Bye,musica420,musica420_trecho2,"Pra você, sou só mais uma carona No final de uma balada, me envolvi sabendo Somos dois estranhos numa cama temporária Fazendo amor, consciente que é só momento O quarto é grande, mas não cabe sentimento",Marília Mendonça,2019,36,https://www.letras.mus.br/marilia-mendonca/bye-bye/,-1
420,Bye Bye,musica420,musica420_trecho3,Vai doer demais Escutar o seu bye bye Depois do I love you Adeus pro seu corpo nu,Marília Mendonça,2019,18,https://www.letras.mus.br/marilia-mendonca/bye-bye/,-1
420,Bye Bye,musica420,musica420_trecho4,Vai doer demais Escutar o seu bye bye Depois do I love you Saber que seu corpo nunca mais vai ser meu,Marília Mendonça,2019,22,https://www.letras.mus.br/marilia-mendonca/bye-bye/,-1
420,Bye Bye,musica420,musica420_trecho5,"Pra você, sou só mais uma carona No final de uma balada, me envolvi sabendo Somos dois estranhos numa cama temporária Fazendo amor, consciente que é só momento O quarto é grande mas não cabe sentimento",Marília Mendonça,2019,36,https://www.letras.mus.br/marilia-mendonca/bye-bye/,-1
420,Bye Bye,musica420,musica420_trecho9,Vai doer demais Escutar o seu bye bye Depois do I love you Saber que seu corpo nunca mais vai ser meu Saber que seu corpo nunca mais vai ser meu,Marília Mendonça,2019,31,https://www.letras.mus.br/marilia-mendonca/bye-bye/,-1
1331,Cada Um Com Seus Problemas (part. Lucas Lucco),musica1331,musica1331_trecho1,"Tá querendo fidelidade Um amor de verdade Um cara gente boa pra casar Eu tô querendo liberdade Voltar pra sacanagem Te amar não vale a pena Ema, ema, ema, cada um com seus problemas",Thiago Brava,2013,34,https://www.letras.mus.br/thiago-brava/cada-um-com-seus-problemas/,-1
1331,Cada Um Com Seus Problemas (part. Lucas Lucco),musica1331,musica1331_trecho2,"Cansei dessa vida de casado De bancar o otário De ver a turma toda farrear Agora vai cuidar da sua vida Eu vou cuidar da minha Sou cachorrão da pista Que late e morde fácil, sensação da baladinha",Thiago Brava,2013,38,https://www.letras.mus.br/thiago-brava/cada-um-com-seus-problemas/,-1
1331,Cada Um Com Seus Problemas (part. Lucas Lucco),musica1331,musica1331_trecho3,"Ado, ado, ado, cansei de ser enganado Eta, eta, eta, te amar é muita treta Ixa, ixa, ixa, virei o cara da pista Ola, ola, ola, Deus do céu, que vida boa",Thiago Brava,2013,32,https://www.letras.mus.br/thiago-brava/cada-um-com-seus-problemas/,-1
1331,Cada Um Com Seus Problemas (part. Lucas Lucco),musica1331,musica1331_trecho4,"Ela chora pensando em mim, tá sem esquema Ema, ema, ema, ema, e cada um com seus problemas É que eu tô solto na pista, tô no esquema Ema, ema, ema, ema, e cada um com seus problemas",Thiago Brava,2013,38,https://www.letras.mus.br/thiago-brava/cada-um-com-seus-problemas/,-1
1331,Cada Um Com Seus Problemas (part. Lucas Lucco),musica1331,musica1331_trecho6,"Cansei dessa vida de casado De bancar o otário E ver a turma toda farrear Agora vou sair da sua vida E vou cuidar da minha Sou cachorrão da pista Que late e morde fácil, sensação da baladinha",Thiago Brava,2013,38,https://www.letras.mus.br/thiago-brava/cada-um-com-seus-problemas/,-1
1331,Cada Um Com Seus Problemas (part. Lucas Lucco),musica1331,musica1331_trecho8,"Ela chora pensando em mim, tá sem esquema Ema, ema, ema, ema, e cada um com seus problemas E eu tô solto na pista, tô no esquema Ema, ema, ema, ema, é cada um com seus problemas",Thiago Brava,2013,37,https://www.letras.mus.br/thiago-brava/cada-um-com-seus-problemas/,-1
1043,Cadeira de Aço,musica1043,musica1043_trecho2,"Um mês e quatro dias tentando, ela nada de me atender Outras bocas, fui desencanando Coração quase parou de tanto sofrer Meu refúgio foi mesa de bar pra tentar te esquecer",Zé Neto e Cristiano,2017,31,https://www.letras.mus.br/ze-neto-cristiano/cadeira-de-aco/,-1
1265,Cafajeste,musica1265,musica1265_trecho5,Que só faz coisa errada E que me enlouquece Chega Faz e acontece,Thaeme e Thiago,2014,13,https://www.letras.mus.br/thaeme-thiago/cafajeste/,-1
1265,Cafajeste,musica1265,musica1265_trecho6,Eu gosto É desse animal Por ele sou capaz De um crime passional,Thaeme e Thiago,2014,13,https://www.letras.mus.br/thaeme-thiago/cafajeste/,-1
708,Café Com Leite,musica708,musica708_trecho3,"É que ninguém nunca morreu de amor E o primeiro, sei que não vou ser (ie,ie)",Luan Santana,2015,16,https://www.letras.mus.br/luan-santana/cafe-com-leite/,-1
708,Café Com Leite,musica708,musica708_trecho4,Admite que ainda lembra!,Luan Santana,2015,4,https://www.letras.mus.br/luan-santana/cafe-com-leite/,-1
708,Café Com Leite,musica708,musica708_trecho5,"Das noites frias, café com leite Um beijo quente, ao som de Djavan Ou de Luan, sou seu fã",Luan Santana,2015,19,https://www.letras.mus.br/luan-santana/cafe-com-leite/,-1
708,Café Com Leite,musica708,musica708_trecho8,"É que ninguém nunca morreu de amor E o primeiro, sei que não vou ser (ie,ie,ie,ie)",Luan Santana,2015,16,https://www.letras.mus.br/luan-santana/cafe-com-leite/,-1
708,Café Com Leite,musica708,musica708_trecho10,"Das noites frias, café com leite Um beijo quente, ao som de Djavan",Luan Santana,2015,13,https://www.letras.mus.br/luan-santana/cafe-com-leite/,-1
1229,Calafrio,musica1229,musica1229_trecho2,"Sinto um silêncio e um vazio, bate o desespero Não vejo a hora de você voltar E no espelho ainda tem escrito em vermelho Dentro de um coração: Tô indo embora!",Henrique & Juliano,2014,31,https://www.letras.mus.br/henrique-e-juliano/calafrio/,-1
1229,Calafrio,musica1229,musica1229_trecho4,"Eu não vou mais chorar, eu sei, você quer me amar Eu vou deixar o tempo te mostrar Que o seu amor sou eu, sou eu",Henrique & Juliano,2014,26,https://www.letras.mus.br/henrique-e-juliano/calafrio/,-1
111,Calcinha de Renda (part. Gusttavo Lima),musica111,musica111_trecho3,Mais uma vez me rendi A sua calcinha de renda Mais uma noite que eu fiz Amor com o problema,Panda Cantor,2025,20,https://www.letras.mus.br/panda-cantor/calcinha-de-renda-part-gusttavo-lima/,-1
427,Calma,musica427,musica427_trecho2,"Eu sou o sol cercando a chuva Do seu olhar sou eu quem cuida E te peço, por favor Não chore nunca mais, amor",Jorge & Mateus,2015,24,https://www.letras.mus.br/jorge-mateus/calma/,-1
427,Calma,musica427,musica427_trecho3,"Calma, a sua insegurança não te leva a nada Eu quero ser seu homem, te fazer amada Amar, amar você até você se amar e me amar",Jorge & Mateus,2015,27,https://www.letras.mus.br/jorge-mateus/calma/,-1
427,Calma,musica427,musica427_trecho4,"Calma, a sua insegurança não te leva a nada Eu quero ser seu homem, te fazer amada Amar, amar você até você se amar e me amar Calma!",Jorge & Mateus,2015,28,https://www.letras.mus.br/jorge-mateus/calma/,-1
1224,Canção Perfeita,musica1224,musica1224_trecho2,E nessa procura eu pude encontrar Que o amor acontece em particular Só quem ama sabe e pode entender,Israel Novaes,2012,19,https://www.letras.mus.br/israel-novaes/1970119/,-1
15,Cantada,musica15,musica15_trecho3,"E às nove da manhã Quando você acordar E se perguntar como foi, como é A gente só saiu pra jantar e foi ficando É que a gente só saiu pra jantar e foi ficando A gente saiu E ficou pro café",Luan Santana,2015,42,https://www.letras.mus.br/luan-santana/cantada/,-1
15,Cantada,musica15,musica15_trecho6,"E às nove da manhã Quando você acordar E se perguntar como foi, como é A gente só saiu pra jantar e foi ficando É que a gente só saiu pra jantar e ficou pro café",Luan Santana,2015,36,https://www.letras.mus.br/luan-santana/cantada/,-1
36,Cantada Boba,musica36,musica36_trecho2,"Você me ganha numa cantada boba Minha maior fraqueza é sua voz no ouvido Pra tirar minha roupa, você sabe a brecha O atalho, o caminho E pra levantar da sua cama é um sacrifício",Jorge & Mateus,2024,35,https://www.letras.mus.br/jorge-mateus/cantada-boba/,-1
36,Cantada Boba,musica36,musica36_trecho3,"Você me ganha numa cantada boba Minha maior fraqueza é sua voz no ouvido Pra tirar minha roupa, você sabe a brecha O atalho, o caminho E pra levantar da sua cama é um sacrifício Você me ganha numa cantada boba",Jorge & Mateus,2024,41,https://www.letras.mus.br/jorge-mateus/cantada-boba/,-1
36,Cantada Boba,musica36,musica36_trecho5,"Você me ganha numa cantada boba Minha maior fraqueza é sua voz no ouvido Pra tirar minha roupa, você sabe a brecha O atalho, o caminho E pra levantar da sua cama",Jorge & Mateus,2024,32,https://www.letras.mus.br/jorge-mateus/cantada-boba/,-1
36,Cantada Boba,musica36,musica36_trecho7,"Pra tirar minha roupa, você sabe a brecha O atalho, o caminho E pra levantar da sua cama é um sacrifício Um sacrifício Pra tirar minha roupa, você sabe a brecha O atalho, o caminho E pra levantar da sua cama é um sacrifício",Jorge & Mateus,2024,44,https://www.letras.mus.br/jorge-mateus/cantada-boba/,-1
143,Canudinho (part. Ana Castela),musica143,musica143_trecho3,"Não vou chegar, já tô chegando, não vou aguentar Esse gin que cê tá tomando me fez delirar Será que cê deixa eu participar?",Gusttavo Lima,2024,24,https://www.letras.mus.br/gusttavo-lima/canudinho-part-ana-castela/,-1
143,Canudinho (part. Ana Castela),musica143,musica143_trecho4,"Ô vontade de ser esse canudinho Matar sua sede bem devagarinho Dando volta na sua boca, fica molhadinho Ai, essa língua passando",Gusttavo Lima,2024,22,https://www.letras.mus.br/gusttavo-lima/canudinho-part-ana-castela/,-1
143,Canudinho (part. Ana Castela),musica143,musica143_trecho5,"Ô vontade de ser esse canudinho Matar sua sede bem devagarinho Dando volta na sua boca, fica molhadinho Ai, essa língua passando em mim",Gusttavo Lima,2024,24,https://www.letras.mus.br/gusttavo-lima/canudinho-part-ana-castela/,-1
186,Carta Aberta,musica186,musica186_trecho9,"Te amo e vê se não fica mal Tchau, tchau, tchau, tchau Tchau Te amo e vê se não fica mal Tchau",Henrique & Juliano,2023,22,https://www.letras.mus.br/henrique-e-juliano/carta-aberta/,-1
605,Carta Branca,musica605,musica605_trecho2,"Ponho a mão no fogo por essa paixão Pois sei que você me tem no coração Eu vejo em teus olhos ao tocar meu corpo Oh, oh, oh Amo você, eu amo você",Gusttavo Lima,2015,33,https://www.letras.mus.br/gusttavo-lima/carta-branca/,-1
605,Carta Branca,musica605,musica605_trecho3,Você tem carta branca nesse meu coração Eu amo você Estou de corpo e alma entregue em suas mãos Quero dizer que ninguém no mundo vai te amar assim É tanto amor que esqueço até de mim,Gusttavo Lima,2015,37,https://www.letras.mus.br/gusttavo-lima/carta-branca/,-1
1284,Cartaz,musica1284,musica1284_trecho2,Amanhã tudo pode acontecer Hoje a nossa vida é pequena Amanhã tudo pode anoitecer Se você vem comigo eu não choro mais,Jorge & Mateus,2012,22,https://www.letras.mus.br/jorge-mateus/833961/,-1
1284,Cartaz,musica1284,musica1284_trecho3,"O que eu quero dizer, o teu sorriso atrai Entre as coisas mais lindas Você me dá prazer, você me dá cartaz Tudo que eu preciso",Jorge & Mateus,2012,26,https://www.letras.mus.br/jorge-mateus/833961/,-1
1284,Cartaz,musica1284,musica1284_trecho4,E amanhã tudo pode acontecer Hoje a nossa vida é pequena Amanhã tudo pode anoitecer Se você vem comigo eu não choro mais,Jorge & Mateus,2012,23,https://www.letras.mus.br/jorge-mateus/833961/,-1
606,Casa Amarela,musica606,musica606_trecho2,"Olha o meu desespero Tô fazendo amizade com um vigilante Pra me explicar Meu problema é amor, tô sofrendo Eu não tô querendo roubar Mas, me diz uma coisa De quem é aquele carro preto Na frente da casa amarela?",Guilherme & Santiago,2016,40,https://www.letras.mus.br/guilherme-e-santiago/casa-amarela/,-1
606,Casa Amarela,musica606,musica606_trecho3,E o vigilante tá mandando a real Não vale a pena eu ficar passando mal Tem só três dias que ela me deixou Faz mais de um mês Que esse carro preto busca o meu amor,Guilherme & Santiago,2016,36,https://www.letras.mus.br/guilherme-e-santiago/casa-amarela/,-1
606,Casa Amarela,musica606,musica606_trecho4,"E o vigilante tá mandando a real Não vale a pena eu ficar passando mal Tem só três dias que ela me deixou Faz mais de um mês Que esse carro preto busca o meu amor Agora, acabou",Guilherme & Santiago,2016,38,https://www.letras.mus.br/guilherme-e-santiago/casa-amarela/,-1
606,Casa Amarela,musica606,musica606_trecho9,"Faz mais de um mês Que esse carro preto busca o meu amor Agora, acabou",Guilherme & Santiago,2016,15,https://www.letras.mus.br/guilherme-e-santiago/casa-amarela/,-1
1112,Caso Consumado,musica1112,musica1112_trecho3,Tentei te procurar Você se escondeu Às vezes penso que de mim você se esqueceu Suas atitudes me provaram que a paixão Às vezes é intensa E às vezes é em vão,Gusttavo Lima,2008,32,https://www.letras.mus.br/gusttavo-lima/1541348/,-1
1112,Caso Consumado,musica1112,musica1112_trecho4,Meus pensamentos a chorar Preso no tempo Sem chance de voltar,Gusttavo Lima,2008,11,https://www.letras.mus.br/gusttavo-lima/1541348/,-1
3,Caso Indefinido,musica3,musica3_trecho3,"E vai saber se um dia seremos nós Nenhum beijo pra calar nossa voz Um minuto, uma hora, não importa o tempo Se estamos sós",Cristiano Araújo,2013,25,https://www.letras.mus.br/cristiano-araujo/caso-indefinido/,-1
1501,Castigo,musica1501,musica1501_trecho1,"Tô sentindo raiva nesse seu olhar Que jeito mais bobo de me castigar Eu sei que fui grosso, mas saiu assim É sempre que você não acredita em mim E me manda embora dizendo que não rola mais",Jorge & Mateus,2007,38,https://www.letras.mus.br/jorge-mateus/941326/,-1
1248,Catra Presidente (part. Mr. Catra),musica1248,musica1248_trecho4,Segunda-feira é folga Terça ninguém trabalha De quarta a domingo é dia de balada Vote 69 que ele não te engana Imagina o Catra presidente uma semana?,Thiago Matheus,2017,27,https://www.letras.mus.br/thiagomatheus/catra-presidente/,-1
939,Cds e Livros,musica939,musica939_trecho2,Eu digo as palavras certas Eu canto a nossa canção Memórias de um filme de amor Que terminou em traição,Léo Magalhães,2014,20,https://www.letras.mus.br/leo-magalhaes/cds-e-livros/,-1
939,Cds e Livros,musica939,musica939_trecho3,"Pegue todos os cd's Pegue nossos livros, as fotografias Joga fora no lixo, leve suas roupas O quadro da sala, sua liberdade Leve na sua mala",Léo Magalhães,2014,26,https://www.letras.mus.br/leo-magalhaes/cds-e-livros/,-1
1526,Cê É Louco!,musica1526,musica1526_trecho2,"Quero ver o seu vestido preto jogado no chão Quero ver a minha boca, suja com seu batom Quero ouvir você falar, baixinho em meu ouvido Fica mais um pouco, amor",Bruninho e Davi,2014,31,https://www.letras.mus.br/bruninho-davi/ce-e-louco/,-1
1526,Cê É Louco!,musica1526,musica1526_trecho4,"Cê é loco, ela é top demais Cê é loco, ela beija demais Assim eu vou me apaixonar Cê é loco, uma noite foi pouco Cê é loco, eu já quero de novo E tô loco pra te encontrar",Bruninho e Davi,2014,39,https://www.letras.mus.br/bruninho-davi/ce-e-louco/,-1
931,Cê Me Conhece Eu Me Conheço,musica931,musica931_trecho1,Eu tô saindo nessa porta agora E tô olhando pra trás pra falar Que você não pode ser idiota De vir correndo sempre que eu te chamar,Henrique & Juliano,2025,27,https://www.letras.mus.br/henrique-e-juliano/ce-me-conhece-e-eu-me-conheco/,-1
931,Cê Me Conhece Eu Me Conheço,musica931,musica931_trecho2,"Cê facilita o processo do choro descer Do arrependimento vir Esfregar na sua cara que de novo eu usei você Ó, tem que aprender a não me atender",Henrique & Juliano,2025,28,https://www.letras.mus.br/henrique-e-juliano/ce-me-conhece-e-eu-me-conheco/,-1
931,Cê Me Conhece Eu Me Conheço,musica931,musica931_trecho3,"Cê me conhece, eu me conheço Depois de uns copo seco Eu lembro o telefone, eu lembro o endereço Eu ligo e apareço, cê acha que é saudade Mas, na verdade, cê sabe, é tesão E cê tá levando pro coração E quer que eu sinta saudade nossa Saudade é uma palavra forte pro que eu sinto da gente lá fora",Henrique & Juliano,2025,61,https://www.letras.mus.br/henrique-e-juliano/ce-me-conhece-e-eu-me-conheco/,-1
931,Cê Me Conhece Eu Me Conheço,musica931,musica931_trecho5,Cê facilita o processo do choro descer Do arrependimento vir Esfregar na sua cara que de novo eu usei você Cê tem que aprender a não me atender,Henrique & Juliano,2025,28,https://www.letras.mus.br/henrique-e-juliano/ce-me-conhece-e-eu-me-conheco/,-1
931,Cê Me Conhece Eu Me Conheço,musica931,musica931_trecho8,Saudade é uma palavra forte pro que eu sinto da gente lá fora,Henrique & Juliano,2025,13,https://www.letras.mus.br/henrique-e-juliano/ce-me-conhece-e-eu-me-conheco/,-1
827,Cê Topa?,musica827,musica827_trecho1,"Já pensou se a gente for Um pouco mais ousado nesse nosso lance Já pensou, transformar A nossa amizade num lindo romance",Luan Santana,2013,22,https://www.letras.mus.br/luan-santana/ce-topa/,-1
1515,Celebridade,musica1515,musica1515_trecho1,"Tá famosa Só porque eu te larguei fica fazendo show Barraqueira demais Sobe na mesa, fala alto e diz que me esnobou Cê tá virando celebridade Desse jeito eu nunca vou te querer Tá conhecida em toda a cidade Mas não é assim que vai me convencer",Fernando e Sorocaba,2009,47,https://www.letras.mus.br/fernando-sorocaba/1602797/,-1
972,Cem Mil,musica972,musica972_trecho1,"Não fale mais o meu nome Não me telefone Por favor, não pergunte por mim",Gusttavo Lima,2018,15,https://www.letras.mus.br/gusttavo-lima/cem-mil/,-1
972,Cem Mil,musica972,musica972_trecho2,Vê se me esquece e some Se eu te ver de longe Viro a cara e finjo que não vi,Gusttavo Lima,2018,20,https://www.letras.mus.br/gusttavo-lima/cem-mil/,-1
972,Cem Mil,musica972,musica972_trecho3,"Mas eu não vou mentir Tá doendo lá no fundo Sem você, eu não consigo mais dormir",Gusttavo Lima,2018,17,https://www.letras.mus.br/gusttavo-lima/cem-mil/,-1
972,Cem Mil,musica972,musica972_trecho4,Vamos fazer assim Melhor não me procurar Porque eu morro de medo de te perdoar,Gusttavo Lima,2018,15,https://www.letras.mus.br/gusttavo-lima/cem-mil/,-1
972,Cem Mil,musica972,musica972_trecho6,"Eu tô falando mal de você, iê! Que você nunca soube fazer, iê! Cem mil com quem quiser eu aposto Se ela bater o dedo eu volto! Ela não vale um real, mas eu adoro!",Gusttavo Lima,2018,35,https://www.letras.mus.br/gusttavo-lima/cem-mil/,-1
1477,Certos Detalhes,musica1477,musica1477_trecho1,Esqueça o mundo Apague a luz e escute só a minha voz Tem certos detalhes Que insistem em te fazer desistir de nós,Conrado e Aleksandro,2013,23,https://www.letras.mus.br/conrado-aleksandro/1928633/,-1
299,Chá de Casa Nova,musica299,musica299_trecho4,Minha vontade era voltar no tempo Mesmo já sabendo que ia ser assim Sou parte da história de final feliz O amor da sua vida é esse cara aí,Henrique & Juliano,2021,29,https://www.letras.mus.br/henrique-e-juliano/cha-de-casa-nova/,-1
299,Chá de Casa Nova,musica299,musica299_trecho5,E tá doendo aqui Mas o amor da sua vida é esse cara aí E tá doendo aqui Mas o amor da sua vida é esse cara aí,Henrique & Juliano,2021,28,https://www.letras.mus.br/henrique-e-juliano/cha-de-casa-nova/,-1
1309,Cheirosa,musica1309,musica1309_trecho3,"Por isso, essa gelada eu vou beber Em homenagem à saudade que eu tô da minha cheirosa Que jurou na minha cara que a gente não tem mais volta",Jorge & Mateus,2020,29,https://www.letras.mus.br/jorge-mateus/cheirosa/,-1
1309,Cheirosa,musica1309,musica1309_trecho4,"Essa gelada eu vou beber Em homenagem à saudade que eu tô da minha cheirosa Se ela não voltar pra mim, esse mundão pode acabar agora",Jorge & Mateus,2020,26,https://www.letras.mus.br/jorge-mateus/cheirosa/,-1
1309,Cheirosa,musica1309,musica1309_trecho9,Essa gelada eu vou beber Em homenagem à saudade que eu tô da minha cheirosa Que jurou na minha cara que a gente não tem mais volta,Jorge & Mateus,2020,27,https://www.letras.mus.br/jorge-mateus/cheirosa/,-1
1136,Chocolate,musica1136,musica1136_trecho1,"De chocolate nosso amor é feito Então não tem jeito, gruda em mim Isso não é só Confeti, me abraça, enlouquece Meu vício sem fim",Luan Santana,2009,25,https://www.letras.mus.br/luan-santana/1306429/,-1
1136,Chocolate,musica1136,musica1136_trecho3,Seu olhar é o meu Sonho de Valsa É o doce que eu sempre quis Meu Prestígio é estar com você E pedir sempre Bis,Luan Santana,2009,25,https://www.letras.mus.br/luan-santana/1306429/,-1
1136,Chocolate,musica1136,musica1136_trecho4,Você é mais preciosa E bem mais brilhante Que um Diamante Negro Penso em você todo tempo E nesse seu Talento De me fazer feliz,Luan Santana,2009,25,https://www.letras.mus.br/luan-santana/1306429/,-1
1136,Chocolate,musica1136,musica1136_trecho6,"Isso não é só Confeti, me abraça, enlouquece Meu vício sem fim",Luan Santana,2009,12,https://www.letras.mus.br/luan-santana/1306429/,-1
417,"Chora, Me Liga",musica417,musica417_trecho1,"Não era pra você se apaixonar Era só pra gente ficar Eu te avisei Meu bem, eu te avisei Você sabia que eu era assim Paixão de uma noite que logo tem fim Eu te falei, meu bem, eu te falei",João Bosco & Vinícius,2009,41,https://www.letras.mus.br/joao-bosco-viniciusacustico/1334799/,-1
417,"Chora, Me Liga",musica417,musica417_trecho2,Não vai ser tão fácil assim Você me ter nas mãos Logo você que era acostumada A brincar com outro coração,João Bosco & Vinícius,2009,21,https://www.letras.mus.br/joao-bosco-viniciusacustico/1334799/,-1
417,"Chora, Me Liga",musica417,musica417_trecho4,"Chora, me liga, implora Meu beijo de novo Me pede socorro Quem sabe eu vou te salvar Chora, me liga, implora Pelo meu amor Pede por favor Quem sabe um dia eu volto a te procurar",João Bosco & Vinícius,2009,36,https://www.letras.mus.br/joao-bosco-viniciusacustico/1334799/,-1
229,Choram as Rosas (Lloran las Rosas),musica229,musica229_trecho1,Choram as rosas Seu perfume agora se transforma em lágrimas E eu me sinto tão perdido Choram as rosas,Bruno & Marrone,2005,19,https://www.letras.mus.br/bruno-e-marrone/747791/,-1
229,Choram as Rosas (Lloran las Rosas),musica229,musica229_trecho2,Chora minh'alma Como um pássaro de asas machucadas Nos meus sonhos te procuro Chora minh'alma,Bruno & Marrone,2005,15,https://www.letras.mus.br/bruno-e-marrone/747791/,-1
229,Choram as Rosas (Lloran las Rosas),musica229,musica229_trecho3,"Lágrimas que invadem meu coração Lágrimas, palavras da alma Lágrimas, a pura linguagem do amor",Bruno & Marrone,2005,15,https://www.letras.mus.br/bruno-e-marrone/747791/,-1
229,Choram as Rosas (Lloran las Rosas),musica229,musica229_trecho4,"Choram as rosas Porque não quero estar aqui Sem seu perfume Porque já sei que te perdi E, entre outras coisas Eu choro por ti",Bruno & Marrone,2005,25,https://www.letras.mus.br/bruno-e-marrone/747791/,-1
229,Choram as Rosas (Lloran las Rosas),musica229,musica229_trecho5,"Falta seu cheiro Que eu sentia quando você me abraçava Sem teu corpo, sem teu beijo Tudo é sem graça",Bruno & Marrone,2005,20,https://www.letras.mus.br/bruno-e-marrone/747791/,-1
229,Choram as Rosas (Lloran las Rosas),musica229,musica229_trecho8,"Choram as rosas Porque não quer estar aqui Sem seu perfume Porque já sei que te perdi E, entre outras coisas Eu choro por ti",Bruno & Marrone,2005,25,https://www.letras.mus.br/bruno-e-marrone/747791/,-1
229,Choram as Rosas (Lloran las Rosas),musica229,musica229_trecho9,Choram as rosas Choram as rosas Choram as rosas,Bruno & Marrone,2005,9,https://www.letras.mus.br/bruno-e-marrone/747791/,-1
1127,"Chove, Chove",musica1127,musica1127_trecho4,"Juro, eu quero te tocar Em seu corpo deslizar, amor, te ter",Jorge & Mateus,2010,12,https://www.letras.mus.br/jorge-mateus/1701393/,-1
134,Chuva de Arroz,musica134,musica134_trecho2,"Por isso todo mundo passa E quem nunca passou, vai passar Já tô dizendo aos meus amigos Calma que eu não vou pirar Já pirei!",Luan Santana,2015,25,https://www.letras.mus.br/luan-santana/chuvas-de-arroz/,-1
134,Chuva de Arroz,musica134,musica134_trecho4,"Vai ser nossa cidade, nosso telefone Nosso endereço, nosso apartamento Sabe aquela igreja? Tô aqui na frente, imaginando chuva de arroz na gente!",Luan Santana,2015,23,https://www.letras.mus.br/luan-santana/chuvas-de-arroz/,-1
134,Chuva de Arroz,musica134,musica134_trecho8,"Vai ser nossa cidade, nosso telefone Nosso endereço, nosso apartamento Sabe aquela igreja? Tô aqui na frente, imaginando chuvas",Luan Santana,2015,19,https://www.letras.mus.br/luan-santana/chuvas-de-arroz/,-1
206,Ciclo,musica206,musica206_trecho2,"Mãe, pra muito coisa eu sei que demorei E quanto tempo isso faz eu já nem sei Os anos insistiam em passar e eu cresci Foi quando aprendi voar E o mundo inteiro quis pegar pra mim",Jorge & Mateus,2012,37,https://www.letras.mus.br/jorge-mateus/ciclo/,-1
206,Ciclo,musica206,musica206_trecho5,"Mãe, chegou o meu futuro e eu não tô só Em pouco tempo, alguém vai te chamar de vó O mundo em nove meses torna a renascer O tempo implacável vai continuar Deixando sua marca em nosso olhar E com meu filho isso também vai acontecer",Jorge & Mateus,2012,46,https://www.letras.mus.br/jorge-mateus/ciclo/,-1
67,Cidade Vizinha,musica67,musica67_trecho1,Seis Essa é a hora que ela vai sair pra correr Depois Vai procurar alguma coisa leve pra comer,Henrique & Juliano,2018,19,https://www.letras.mus.br/henrique-e-juliano/cidade-vizinha/,-1
67,Cidade Vizinha,musica67,musica67_trecho3,"Eu sei que ela tá na cidade vizinha Mas eu preciso da boca dela na minha, ai, ai, ai, ai Talvez essa hora saiu do banho Tá se arrumando pra sair com as amigas, ai, ai, ai, ai",Henrique & Juliano,2018,38,https://www.letras.mus.br/henrique-e-juliano/cidade-vizinha/,-1
67,Cidade Vizinha,musica67,musica67_trecho4,"Tomara que saia e dê tudo errado E volte mais cedo, sem ninguém do seu lado, oh Tomara que saia, dê tudo errado E sinta saudades aqui do meu quarto",Henrique & Juliano,2018,30,https://www.letras.mus.br/henrique-e-juliano/cidade-vizinha/,-1
330,Ciumeira,musica330,musica330_trecho1,"No começo, eu entendia Mas era só cama, não tinha amor Lembro quando você dizia Vou desligar porque ela chegou",Marília Mendonça,2019,20,https://www.letras.mus.br/marilia-mendonca/ciumeira/,-1
1100,Clichê (part. Jorge & Mateus),musica1100,musica1100_trecho1,"Criei canções e melodias pra te conquistar, Em cada verso, poesia pra me declarar. Mas só palavras não vão traduzir o que é Te olhar nos olhos e te ver sorrir.",João Neto e Frederico,2013,31,https://www.letras.mus.br/joao-neto-frederico/cliche/,-1
1100,Clichê (part. Jorge & Mateus),musica1100,musica1100_trecho3,"Você é o primeiro pensamento do meu dia, Se eu não te vejo quase morro de agonia. Sou dependente desse amor, seu beijo vicia, Eu quero todo dia!",João Neto e Frederico,2013,28,https://www.letras.mus.br/joao-neto-frederico/cliche/,-1
1100,Clichê (part. Jorge & Mateus),musica1100,musica1100_trecho4,"A noite cai, o meu sonho é você, Dizer te amo já tá virando clichê. Mas eu tô repetindo pra você saber, Que eu adoro amar você!",João Neto e Frederico,2013,27,https://www.letras.mus.br/joao-neto-frederico/cliche/,-1
341,Cobaia (part. Maiara & Maraisa),musica341,musica341_trecho2,Pego sua toalha Pra quando você sair do banho Posso ser a cobaia Pra quando você fizer seus planos,Lauana Prado,2018,19,https://www.letras.mus.br/lauana-prado/cobaia/,-1
1161,Coisa e Tal,musica1161,musica1161_trecho7,Como aceitar que você se foi? Não dá,Lucas Lucco,2014,8,https://www.letras.mus.br/lucas-lucco/coisa-e-tal/,-1
1066,Coisas de Quem Ama,musica1066,musica1066_trecho1,"Lembra, ou procura não esquecer De tudo que eu já fiz E ainda posso fazer por você, por você",Jorge & Mateus,2015,19,https://www.letras.mus.br/jorge-mateus/coisas-de-quem-ama/,-1
1066,Coisas de Quem Ama,musica1066,musica1066_trecho2,Lembra que fui eu Não esquece que fui eu Que te amou demais Desde o dia em que te conheceu,Jorge & Mateus,2015,20,https://www.letras.mus.br/jorge-mateus/coisas-de-quem-ama/,-1
570,Coisas Esotéricas,musica570,musica570_trecho1,"A minha cabeça está virada Fico louco pela madrugada À procura de alguém, um ombro pra chorar Só por seu amor, seu amor, seu amor",Maria Cecília e Rodolfo,2008,25,https://www.letras.mus.br/maria-cecilia-rodolfo/1293127/,-1
1148,Coitado,musica1148,musica1148_trecho5,"Antes de eu me esquecer Só para você saber Todos, todos que provaram São melhores que você",Naiara Azevedo,2016,17,https://www.letras.mus.br/naiara-azevedo/1850616/,-1
1148,Coitado,musica1148,musica1148_trecho7,"É o pente, é o pente, é o pente, é o pente É o pente, é o pente, é o pente, é o pente Defendendo a mulherada e dando sequência no pente É o pente, é o pente, é o pente, é o pente É o pente, é o pente Naiara Azevedo dando sequência no pente",Naiara Azevedo,2016,56,https://www.letras.mus.br/naiara-azevedo/1850616/,-1
1548,Coladinha Em Mim (part. Anitta),musica1548,musica1548_trecho2,"Se eu tô falando isso É que eu quero compromisso Quero mais que uma noite de desejo Já tô até pensando aqui, amor, em te dar um presente Mas ainda não sei embrulhar um beijo",Gustavo Mioto,2017,35,https://www.letras.mus.br/gustavo-mioto/coladinha-em-mim/,-1
1548,Coladinha Em Mim (part. Anitta),musica1548,musica1548_trecho3,E se eu te entregar pessoalmente Aí vai compensar Boca com boca não tem frete Nem demora pra chegar Prometo que cê vai gostar,Gustavo Mioto,2017,24,https://www.letras.mus.br/gustavo-mioto/coladinha-em-mim/,-1
1548,Coladinha Em Mim (part. Anitta),musica1548,musica1548_trecho8,E quando te entregar pessoalmente Aí vai compensar Boca com boca não tem frete Nem demora pra chegar Prometo que cê vai gostar,Gustavo Mioto,2017,23,https://www.letras.mus.br/gustavo-mioto/coladinha-em-mim/,-1
385,Com Ou Sem Mim,musica385,musica385_trecho1,"Se você não me disser a verdade Não tem como eu ajudar, minha metade Se tem outro em meu lugar Se você quer colocar Te deixo livre pra viver",Gustavo Mioto,2020,29,https://www.letras.mus.br/gustavo-mioto/com-ou-sem-mim/,-1
385,Com Ou Sem Mim,musica385,musica385_trecho2,Não prometo te esperar Coração vai cicatrizar E uma hora eu sei que vou te esquecer Se era medo de me machucar Já tem o meu perdão Tá esperando o que?,Gustavo Mioto,2020,31,https://www.letras.mus.br/gustavo-mioto/com-ou-sem-mim/,-1
385,Com Ou Sem Mim,musica385,musica385_trecho3,Só quero que você seja feliz Com ou sem mim E quando der saudade e for dormir Com ou sem mim E quando perceber que eu não tô E que não vai achar um novo amor Vai ter que aceitar que é assim Com ou sem mim,Gustavo Mioto,2020,47,https://www.letras.mus.br/gustavo-mioto/com-ou-sem-mim/,-1
385,Com Ou Sem Mim,musica385,musica385_trecho5,Só quero que você seja feliz Com ou sem mim E quando der saudade e for dormir Com ou sem mim E quando perceber que eu não tô E que não vai achar um outro amor Vai ter que aceitar que é assim Com ou sem mim,Gustavo Mioto,2020,47,https://www.letras.mus.br/gustavo-mioto/com-ou-sem-mim/,-1
385,Com Ou Sem Mim,musica385,musica385_trecho6,Com ou sem mim Com ou sem mim,Gustavo Mioto,2020,8,https://www.letras.mus.br/gustavo-mioto/com-ou-sem-mim/,-1
1124,Com Você,musica1124,musica1124_trecho2,É com você que o amor é intenso É com você que o sonho é tão real É nos teus braços que amanheço o dia Me faz sentir fora do normal,Henrique & Diego,2013,31,https://www.letras.mus.br/henrique-diego/com-voce/,-1
1124,Com Você,musica1124,musica1124_trecho3,"É por você a verdadeira dor da saudade Sem você, sou apenas aquela metade E que fica sem ter razão",Henrique & Diego,2013,20,https://www.letras.mus.br/henrique-diego/com-voce/,-1
664,Como É Que a Gente Fica,musica664,musica664_trecho1,"Eu tava certo de que o amor era pros outros não era pra mim Um cara esperto, fechado no meu canto, eu só vivia assim Entre uma boca e outra, uma dose e outra Toda madrugada nessa vida louca Nem passou pela cabeça me apaixonar",Henrique & Juliano,2015,45,https://www.letras.mus.br/henrique-e-juliano/como-e-que-a-gente-fica/,-1
664,Como É Que a Gente Fica,musica664,musica664_trecho2,"Eu esbarrei no seu olhar Tropecei no seu beijo Colei no seu rosto Eu queimei a língua Foi na ponta do queixo, me acertou de jeito Olha eu na sua vida Pensa, explica, como é que a gente fica?",Henrique & Juliano,2015,39,https://www.letras.mus.br/henrique-e-juliano/como-e-que-a-gente-fica/,-1
664,Como É Que a Gente Fica,musica664,musica664_trecho3,"Eu esbarrei no seu olhar Tropecei no seu beijo Colei no seu rosto Eu queimei a língua Foi na ponta do queixo, me acertou de jeito Olha eu na sua vida Pensa, explica, como é que a gente fica? Como é que a gente fica?",Henrique & Juliano,2015,45,https://www.letras.mus.br/henrique-e-juliano/como-e-que-a-gente-fica/,-1
664,Como É Que a Gente Fica,musica664,musica664_trecho4,Entre uma boca e outra uma dose e outra Toda madrugada nessa vida louca Nem passou pela cabeça me apaixonar,Henrique & Juliano,2015,20,https://www.letras.mus.br/henrique-e-juliano/como-e-que-a-gente-fica/,-1
386,Como Faz Com Ela,musica386,musica386_trecho4,"Se quando beija, morde a boca dela Fala besteira no ouvido, como faz comigo Tudo o que eu preciso É saber se você faz amor comigo como faz com ela, ôôô Se é melhor com ela",Marília Mendonça,2015,36,https://www.letras.mus.br/marilia-mendonca/como-faz-com-ela/,-1
1275,Como Não Me Apaixonar,musica1275,musica1275_trecho3,"Tenho a certeza e aquela incerteza Não existe mais, ficou pra trás O meu pensamento, vive e pensa todo tempo E me pede mais, eu vou atrás",Jorge & Mateus,2015,27,https://www.letras.mus.br/jorge-mateus/como-nao-me-apaixonar/,-1
321,Como Um Anjo,musica321,musica321_trecho3,Linda menina Com olhar inocente e malícia Desejo e tentação Que me cobre de amor e carícia Vencendo a solidão Só você pra me fazer feliz Ai! Ai! ai! ai! ai!,César Menotti & Fabiano,2005,31,https://www.letras.mus.br/cesar-menotti-e-fabiano/235658/,-1
321,Como Um Anjo,musica321,musica321_trecho6,"Linda menina Com olhar e inocente, malícia Desejo e tentação Que me cobre de amor e carícia Vencendo a solidão Só você pra me fazer feliz Ai! Ai! ai! ai! ai!",César Menotti & Fabiano,2005,31,https://www.letras.mus.br/cesar-menotti-e-fabiano/235658/,-1
750,Compensa Me Amar,musica750,musica750_trecho2,"Eu sei lá se de repente A gente consegue parar, nem que seja uns minutos Pra conversar e acertar Passar por cima dos problemas e resolver tudo",Henrique & Juliano,2015,27,https://www.letras.mus.br/henrique-e-juliano/compensa-me-amar/,-1
750,Compensa Me Amar,musica750,musica750_trecho4,E depois que a nossa cama esquentar Cê vai ver que compensa me amar E no chão da nossa sala vai rolar Cê vai ver que compensa me amar,Henrique & Juliano,2015,29,https://www.letras.mus.br/henrique-e-juliano/compensa-me-amar/,-1
750,Compensa Me Amar,musica750,musica750_trecho8,E no chão da nossa sala vai rolar Cê vai ver que compensa me amar E no chão da nossa sala vai rolar Cê vai ver que compensa me amar,Henrique & Juliano,2015,30,https://www.letras.mus.br/henrique-e-juliano/compensa-me-amar/,-1
1285,Complicados Demais,musica1285,musica1285_trecho2,Acreditei na força do teu querer Mas o ciúme foi maior que você Ressentimentos cegou minha visão Aquele amor virou antiga paixão,Paula Fernandes,2009,22,https://www.letras.mus.br/paula-fernandes/1498434/,-1
1450,Conquistando o Impossível,musica1450,musica1450_trecho1,"Acredite, é hora de vencer Essa força vem de dentro de você Você pode até tocar o céu se crer",Luan Santana,2011,20,https://www.letras.mus.br/luan-santana/1792480/,-1
1450,Conquistando o Impossível,musica1450,musica1450_trecho2,"Acredite que nenhum de nós Já nasceu com jeito pra super herói Nossos sonhos a gente é quem constrói É vencendo os limites, escalando as fortalezas Conquistando o impossível pela fé",Luan Santana,2011,31,https://www.letras.mus.br/luan-santana/1792480/,-1
1450,Conquistando o Impossível,musica1450,musica1450_trecho3,"Campeão, vencedor Deus dá asas, faz teu voo Campeão, vencedor essa fé que te torna imbatível Mostra seu valor",Luan Santana,2011,19,https://www.letras.mus.br/luan-santana/1792480/,-1
1450,Conquistando o Impossível,musica1450,musica1450_trecho4,Acredite que nenhum de nós Já nasceu com jeito pra super herói Nossos sonhos a gente é quem constrói É vencendo os limites escalando as fortalezas Conquistando o impossível pela fé,Luan Santana,2011,31,https://www.letras.mus.br/luan-santana/1792480/,-1
1450,Conquistando o Impossível,musica1450,musica1450_trecho7,"Campeão, vencedor, Deus dá asas, faz teu voo Campeão, vencedor, essa fé que te torna imbatível Mostra o seu valor",Luan Santana,2011,20,https://www.letras.mus.br/luan-santana/1792480/,-1
1336,Contar Pra Quê?,musica1336,musica1336_trecho2,"Se a gente acredita Tudo conspira a favor Pra tudo tem seu tempo e esse é o nosso tempo A escolha é sua Mas pensando bem, eu vou falar",Henrique & Juliano,2015,29,https://www.letras.mus.br/henrique-e-juliano/contar-pra-que/,-1
1336,Contar Pra Quê?,musica1336,musica1336_trecho3,Contar pra quê? Ninguém precisa entender Que quando a cidade dorme A gente sai pra se ver,Henrique & Juliano,2015,17,https://www.letras.mus.br/henrique-e-juliano/contar-pra-que/,-1
1336,Contar Pra Quê?,musica1336,musica1336_trecho4,"E ali debaixo das luzes Nos muros, escrevo Meu nome, seu nome Pro mundo saber",Henrique & Juliano,2015,15,https://www.letras.mus.br/henrique-e-juliano/contar-pra-que/,-1
1336,Contar Pra Quê?,musica1336,musica1336_trecho6,"E ali debaixo das luzes Nos muros, escrevo Meu nome, seu nome Pro mundo saber Contar pra quê?",Henrique & Juliano,2015,18,https://www.letras.mus.br/henrique-e-juliano/contar-pra-que/,-1
1559,Conto de Fadas,musica1559,musica1559_trecho3,Então te conquistei E desse seu amor que eu provei Te coloquei no mundo de ilusão Depois que me entregou seu coração,Israel & Rodolffo,2012,22,https://www.letras.mus.br/israel-rodolfo/1986805/,-1
444,Contramão,musica444,musica444_trecho4,Conheci o amor Só de te olhar Tava quase congelando Você veio pra esquentar Conheci o amor E ele me fez ver Que eu voei tempo demais Deixa eu pousar em você,Gustavo Mioto,2017,32,https://www.letras.mus.br/gustavo-mioto/contramao/,-1
444,Contramão,musica444,musica444_trecho8,Conheci o amor Só de te olhar Tava quase congelando Você veio pra esquentar Conheci o amor E ele me fez ver Que eu voei tempo demais Deixa eu pousar em você Deixa eu pousar em você Deixa eu pousar em você,Gustavo Mioto,2017,42,https://www.letras.mus.br/gustavo-mioto/contramao/,-1
967,Conveniência,musica967,musica967_trecho3,"Eu só mandei mensagem, amor Pra saber se tá tudo bem Se não tá com saudade, eu tô Me responde, o seu coração é de quem? Pode tentar fazer ciúmes que eu não ligo A gente é caso velho, é amor antigo",Hugo & Guilherme,2018,42,https://www.letras.mus.br/hugo-guilherme/conveniencia/,-1
1405,Copinho,musica1405,musica1405_trecho1,"Co-co-co-copinho descartável Me usou, amassou e jogou fora E agora, meu amor, o que é que eu faço Sem você o meu coração chora",Henrique & Diego,2013,24,https://www.letras.mus.br/henrique-diego/1805939/,-1
1405,Copinho,musica1405,musica1405_trecho5,Mas tá difícil pra ganhar seu coração Tá difícil pra viver sem essa paixão Mas tá difícil pra ganhar seu coração Tá difícil pra viver sem essa paixão,Henrique & Diego,2013,28,https://www.letras.mus.br/henrique-diego/1805939/,-1
1576,Copo De Vinho (Você Você Você),musica1576,musica1576_trecho2,Eu e minha namorada A gente tava agarradinho Até que o meu amor Bebeu um copo de vinho,Zé Ricardo e Thiago,2012,18,https://www.letras.mus.br/ze-ricardo-thiago/1921616/,-1
1576,Copo De Vinho (Você Você Você),musica1576,musica1576_trecho3,Ela perde o controle Ela fica animadinha Ta todo mundo olhando A minha patricinha,Zé Ricardo e Thiago,2012,14,https://www.letras.mus.br/ze-ricardo-thiago/1921616/,-1
1576,Copo De Vinho (Você Você Você),musica1576,musica1576_trecho4,Ta chapada ta doidona Ta descendo até o chão Eu to pagando mico Olha que situação,Zé Ricardo e Thiago,2012,16,https://www.letras.mus.br/ze-ricardo-thiago/1921616/,-1
379,Cor de Ouro,musica379,musica379_trecho1,"Nunca pensei que um dia fosse ser assim Você chegou sem dizer nada, tomou conta de mim Antes de você chegar só tinha solidão Somente marcas e feridas no meu coração Amor você é tudo que eu preciso Com você eu tô no céu, eu tô no paraíso",Gusttavo Lima,2008,48,https://www.letras.mus.br/gusttavo-lima/1612175/,-1
379,Cor de Ouro,musica379,musica379_trecho4,"Nunca pensei que um dia fosse ser assim Você chegou sem dizer nada tomou conta de mim Antes de você chegar só tinha solidão Somente marcas e feridas no meu coração Amor você é tudo que eu preciso Com você eu tô no céu, eu tô no paraíso",Gusttavo Lima,2008,48,https://www.letras.mus.br/gusttavo-lima/1612175/,-1
944,Coração Apertado,musica944,musica944_trecho2,Eu tô vendo as horas passar E aqui dentro tudo faz lembrar Tem seu cheiro Grudado no meu cobertor,Thaeme e Thiago,2014,19,https://www.letras.mus.br/thaeme-thiago/coracao-apertado-2/,-1
944,Coração Apertado,musica944,musica944_trecho3,E já é madrugada Já bate o desespero Não vou ficar em casa Pra ver se eu te esqueço,Thaeme e Thiago,2014,19,https://www.letras.mus.br/thaeme-thiago/coracao-apertado-2/,-1
944,Coração Apertado,musica944,musica944_trecho6,Se der um sorriso não vou resistir Sua boca dizendo te quero pra mim Que me esperou Que tava com saudade amor,Thaeme e Thiago,2014,22,https://www.letras.mus.br/thaeme-thiago/coracao-apertado-2/,-1
44,Coração Bandido (part. Maiara & Maraisa),musica44,musica44_trecho2,Coração bandido esse meu Vive traindo você Coração ingênuo é o seu Todo esse tempo sem perceber,Marília Mendonça,2020,17,https://www.letras.mus.br/marilia-mendonca/coracao-bandido-part-maiara-e-maraisa/,-1
44,Coração Bandido (part. Maiara & Maraisa),musica44,musica44_trecho7,Coração bandido esse meu Vive traindo você Coração ingênuo é o teu Todo esse tempo sem perceber,Marília Mendonça,2020,17,https://www.letras.mus.br/marilia-mendonca/coracao-bandido-part-maiara-e-maraisa/,-1
1228,Coração Calejado,musica1228,musica1228_trecho1,"Meus fracassos amorosos me afastam de ti Tenho medo de me iludir Eu já tive alguns amores, mas não tive amor E foi isso que me deixou",Jorge & Mateus,2018,27,https://www.letras.mus.br/jorge-mateus/coracao-calejado/,-1
1228,Coração Calejado,musica1228,musica1228_trecho2,"Com o coração calejado Morre de medo de se machucar Coração calejado Pra se entregar de novo, tem que escutar",Jorge & Mateus,2018,20,https://www.letras.mus.br/jorge-mateus/coracao-calejado/,-1
1228,Coração Calejado,musica1228,musica1228_trecho3,"Que você vai me amar com força Que a nossa saudade vai ser louca Se não for pra ser assim, esquece Se me quer mesmo pra você, promete",Jorge & Mateus,2018,28,https://www.letras.mus.br/jorge-mateus/coracao-calejado/,-1
144,CORAÇÃO CIGANO (part. Luísa Sonza),musica144,musica144_trecho1,"É que eu queria tanto que você ficasse Que ao invés de me soltar, você me abraçasse Dá só mais um pouquinho desse amor cigano Que segue me iludindo, e eu acreditando",Luan Santana,2022,32,https://www.letras.mus.br/luan-santana/coracao-cigano-part-luisa-sonza/,-1
144,CORAÇÃO CIGANO (part. Luísa Sonza),musica144,musica144_trecho2,"Fazer o que se ela roubou o meu juízo? Fazer o que se eu tô me sentindo vivo? Tirou o meu chão, me levou pro colchão E fez acampamento em outro coração",Luan Santana,2022,32,https://www.letras.mus.br/luan-santana/coracao-cigano-part-luisa-sonza/,-1
144,CORAÇÃO CIGANO (part. Luísa Sonza),musica144,musica144_trecho3,"Coração cigano, cigano Segue me enganando, mudando De cheiro em cheiro, de beijo em beijo E aqui no meu olhar morando, oh",Luan Santana,2022,22,https://www.letras.mus.br/luan-santana/coracao-cigano-part-luisa-sonza/,-1
144,CORAÇÃO CIGANO (part. Luísa Sonza),musica144,musica144_trecho4,"Coração cigano, cigano Segue me enganando, mudando De cheiro em cheiro, de beijo em beijo E aqui no meu olhar morando",Luan Santana,2022,21,https://www.letras.mus.br/luan-santana/coracao-cigano-part-luisa-sonza/,-1
144,CORAÇÃO CIGANO (part. Luísa Sonza),musica144,musica144_trecho5,Yeah (coração cigano) Segue me enganando,Luan Santana,2022,6,https://www.letras.mus.br/luan-santana/coracao-cigano-part-luisa-sonza/,-1
144,CORAÇÃO CIGANO (part. Luísa Sonza),musica144,musica144_trecho9,"Coração cigano, cigano Segue me enganando, mudando De cheiro em cheiro, de beijo em beijo E aqui no meu olhar, aqui no meu olhar",Luan Santana,2022,24,https://www.letras.mus.br/luan-santana/coracao-cigano-part-luisa-sonza/,-1
144,CORAÇÃO CIGANO (part. Luísa Sonza),musica144,musica144_trecho10,"Você não entra mais, chega Coração disse: Chega Mas por que meu Deus colocou numa só tanta beleza? E se eu chego à toa e vou tirando a roupa Se eu disser que não quero, ri, que essa piada é boa",Luan Santana,2022,41,https://www.letras.mus.br/luan-santana/coracao-cigano-part-luisa-sonza/,-1
144,CORAÇÃO CIGANO (part. Luísa Sonza),musica144,musica144_trecho11,"Coração cigano, cigano Segue me enganando, mudando De cheiro em cheiro, de beijo em beijo E aqui no meu olhar morando, coração cigano",Luan Santana,2022,23,https://www.letras.mus.br/luan-santana/coracao-cigano-part-luisa-sonza/,-1
144,CORAÇÃO CIGANO (part. Luísa Sonza),musica144,musica144_trecho12,"Coração cigano, cigano Segue me enganando, mudando De cheiro em cheiro, de beijo em beijo E aqui no meu olhar, e aqui no meu olhar morando",Luan Santana,2022,26,https://www.letras.mus.br/luan-santana/coracao-cigano-part-luisa-sonza/,-1
1330,Coração Só Vê Você,musica1330,musica1330_trecho3,Não consigo desviar meu olhar pra outro olhar Enxergar um novo amor Pode até acontecer Mas de tanto te querer coração só vê você,João Bosco & Vinícius,2009,24,https://www.letras.mus.br/joao-bosco-viniciusacustico/1451388/,-1
1330,Coração Só Vê Você,musica1330,musica1330_trecho4,"Fácil é dizer, difícil é conviver Sem você tudo é saudade, solidão Fácil é dizer, que é fácil te esquecer O difícil é convencer meu coração",João Bosco & Vinícius,2009,26,https://www.letras.mus.br/joao-bosco-viniciusacustico/1451388/,-1
1330,Coração Só Vê Você,musica1330,musica1330_trecho7,"Não consigo desviar meu olhar pra outro olhar Enxergar um novo amor Pode até acontecer Mas de tanto te querer, coração só vê você",João Bosco & Vinícius,2009,24,https://www.letras.mus.br/joao-bosco-viniciusacustico/1451388/,-1
1330,Coração Só Vê Você,musica1330,musica1330_trecho8,"Fácil é dizer, difícil é conviver Sem você tudo é saudade, solidão Fácil é dizer que é fácil te esquecer O difícil é convencer meu coração",João Bosco & Vinícius,2009,26,https://www.letras.mus.br/joao-bosco-viniciusacustico/1451388/,-1
1583,Criação Divina (part. Paula Fernandes),musica1583,musica1583_trecho2,"Fez o rio só pra se encontrar com o mar Deu o dom a minha voz e o meu cantar Fez a árvore, o fruto e a flor Fez o homem, a mulher e fez o amor",Zezé Di Camargo & Luciano,2012,37,https://www.letras.mus.br/zeze-di-camargo-e-luciano/criacao-divina/,-1
848,Cronômetro,musica848,musica848_trecho2,Assim que cê sair da minha vida E a porta da sala fazer: Pá! Essa tampinha aqui vai fazer: Cleck! E os segundos pra você se arrepender Vão ser contados nos seiscentos ml,Matheus & Kauan,2024,33,https://www.letras.mus.br/matheus-kauan/cronometro/,-1
848,Cronômetro,musica848,musica848_trecho3,"Nos primeiros duzentos A espuma sobe no meu copo E você vai saindo sem ressentimento Ó meus gole, ó seu tempo Nos segundos duzentos Vai entrar no carro enquanto cai no choro Vai caindo no meu esquecimento Ó meus gole, ó seu tempo escorrendo",Matheus & Kauan,2024,44,https://www.letras.mus.br/matheus-kauan/cronometro/,-1
848,Cronômetro,musica848,musica848_trecho5,Assim que cê sair da minha vida E a porta da sala fazer: Pá! Essa tampinha aqui vai fazer: Cleck! E os segundos pra você se arrepender Vão ser contados nos seiscentos,Matheus & Kauan,2024,32,https://www.letras.mus.br/matheus-kauan/cronometro/,-1
848,Cronômetro,musica848,musica848_trecho6,"E nos primeiros duzentos A espuma sobe no meu copo E você vai saindo sem ressentimento Ó meus gole, ó seu tempo Nos segundos duzentos Vai entrar no carro enquanto cai no choro Vai caindo no meu esquecimento Ó meus gole, ó seu tempo escorrendo",Matheus & Kauan,2024,45,https://www.letras.mus.br/matheus-kauan/cronometro/,-1
27,Cuida Bem Dela,musica27,musica27_trecho1,"Sabe aquela menina sentada ali? Com o olhar desconfiado, tão inocente Eu já fui doente naquela mulher Eu sei que agora ela deve tá olhando de lado Tão sem graça, vendo o presente e o passado Conversando de um assunto, ela já sabe qual é",Henrique & Juliano,2014,45,https://www.letras.mus.br/henrique-e-juliano/cuida-bem-dela/,-1
27,Cuida Bem Dela,musica27,musica27_trecho2,Esse é meu único aviso Se ela quis ficar contigo Faça ela feliz Faça ela feliz,Henrique & Juliano,2014,16,https://www.letras.mus.br/henrique-e-juliano/cuida-bem-dela/,-1
1137,Cuidar Mais de Mim,musica1137,musica1137_trecho1,"Eu vim falar do que eu perdi Que eu já chorei, do que eu vivi Porque eu amei, me entreguei E quantas vezes eu sorri Eu vim contar pro seu coração Que eu já provei da desilusão De um amor",Paula Fernandes,2012,40,https://www.letras.mus.br/paula-fernandes/cuidar-mais-de-mim/,-1
1585,Curtição,musica1585,musica1585_trecho1,"Chega fazendo de conta que não me conhece, não Sorri pra todo mundo me olha por um segundo Pra ver se tem minha atenção",João Bosco & Vinícius,2009,24,https://www.letras.mus.br/joao-bosco-viniciusacustico/1481906/,-1
1585,Curtição,musica1585,musica1585_trecho2,Se falo contigo me ignora Não quer me dar razão E diz pra todo mundo que vive me dando fora Que sirvo só pra curtição,João Bosco & Vinícius,2009,25,https://www.letras.mus.br/joao-bosco-viniciusacustico/1481906/,-1
1585,Curtição,musica1585,musica1585_trecho4,Assuma de vez Que quer me amar Quem desdenha quer comprar,João Bosco & Vinícius,2009,11,https://www.letras.mus.br/joao-bosco-viniciusacustico/1481906/,-1
1585,Curtição,musica1585,musica1585_trecho6,Quer me amar se entregar Não quer falar Que é meu seu coração E que não sirvo só pra curtição,João Bosco & Vinícius,2009,20,https://www.letras.mus.br/joao-bosco-viniciusacustico/1481906/,-1
970,Da Cor do Pecado,musica970,musica970_trecho1,"Corpo moreno, sarado, gostoso Da cor do pecado Me deixa maluco, me deixa pirado Ela é demais, demais",Fernando e Sorocaba,2009,18,https://www.letras.mus.br/fernando-sorocaba/1439184/,-1
970,Da Cor do Pecado,musica970,musica970_trecho3,"Falei pra ela que o lugar dela é do meu lado Mostrei pra ela que sou um homem apaixonado Vem ser só minha, beleza sobrenatural Você é linda, rainha do meu carnaval",Fernando e Sorocaba,2009,32,https://www.letras.mus.br/fernando-sorocaba/1439184/,-1
970,Da Cor do Pecado,musica970,musica970_trecho7,"Falei pra ela que o que eu sinto é infinito Mostrei pra ela que do meu lado é o paraíso Vem, incendeia Esse meu peito com paixão Me deixa louco, vai requebrando até o chão",Fernando e Sorocaba,2009,35,https://www.letras.mus.br/fernando-sorocaba/1439184/,-1
489,De Tanto Te Querer,musica489,musica489_trecho1,Larga tudo e vem correndo Vem matar minha vontade Já faz tempo que eu tô sofrendo Mereço um pouco de felicidade,Jorge & Mateus,2007,21,https://www.letras.mus.br/jorge-mateus/1068908/,-1
489,De Tanto Te Querer,musica489,musica489_trecho2,Larga tudo e vem correndo Pra eu mergulhar no teu sorriso Me arranca desse inferno Me leva pro seu paraíso,Jorge & Mateus,2007,20,https://www.letras.mus.br/jorge-mateus/1068908/,-1
489,De Tanto Te Querer,musica489,musica489_trecho5,"Chora com vontade de te ver Chora com saudade de você Chora às vezes eu nem sei por que Deve ser de tanto te querer Iê iê, de tanto amar você",Jorge & Mateus,2007,31,https://www.letras.mus.br/jorge-mateus/1068908/,-1
489,De Tanto Te Querer,musica489,musica489_trecho9,"Chora com vontade de te ver Chora com saudade de você Chora às vezes eu nem sei por que Deve ser de tanto te querer Iê iê, de tanto amar você Iê iê",Jorge & Mateus,2007,33,https://www.letras.mus.br/jorge-mateus/1068908/,-1
768,De Trás Pra Frente,musica768,musica768_trecho2,"Bobo, já sabendo que não vai dar certo Mas é bem pior não ter você por perto E se eu for errando assim, vai que eu acerto Vou adiando o fim só pra viver nesse presente incerto",Henrique & Juliano,2017,37,https://www.letras.mus.br/henrique-e-juliano/de-tras-pra-frente/,-1
768,De Trás Pra Frente,musica768,musica768_trecho3,"E se fosse ao contrário, do avesso ou de trás pra frente Esse amor começaria errado e terminaria bem E se fosse ao contrário, do avesso ou de trás pra frente Esse amor começaria errado e terminaria bem com a gente",Henrique & Juliano,2017,41,https://www.letras.mus.br/henrique-e-juliano/de-tras-pra-frente/,-1
1057,De Volta Pra Macambira,musica1057,musica1057_trecho1,"Já terminei meus estudos agora posso voltar Pra rever minha família, cuidar do gado e plantar Pra comer baião de dois Deitar na rede depois Tomar cana e namorar",Amado Edílson,2019,29,https://www.letras.mus.br/amado-edilson/de-volta-pra-macambira/,-1
1057,De Volta Pra Macambira,musica1057,musica1057_trecho2,"Vou deixando aqui na Sampa, na capital da garoa Um forte abraço e um beijo pra uma meiga pessoa Que me deu muita atenção Quis me dar seu coração Mas eu falei numa boa",Amado Edílson,2019,34,https://www.letras.mus.br/amado-edilson/de-volta-pra-macambira/,-1
1057,De Volta Pra Macambira,musica1057,musica1057_trecho3,Menina dos olhos negros igual asas de anum Não queira se apaixonar por um vaqueiro comum Hoje mesmo eu vou embora Eu sei que você me adora Mas vou lhe deixar no sul,Amado Edílson,2019,33,https://www.letras.mus.br/amado-edilson/de-volta-pra-macambira/,-1
1057,De Volta Pra Macambira,musica1057,musica1057_trecho4,Já sinto o cheiro da terra só de pensar em voltar Já ouço o gado berrando esperando eu regressar Tem um chocalho tinindo Meu cachorro está latindo No terreiro a me esperar,Amado Edílson,2019,32,https://www.letras.mus.br/amado-edilson/de-volta-pra-macambira/,-1
1057,De Volta Pra Macambira,musica1057,musica1057_trecho5,Vou rever a parentada e os vaqueiros da minha terra Vou lá no saco do junco só pra ver aquela serra Vou passar lá na salgada Pra rever a minha amada Porque eu sei que ela me espera,Amado Edílson,2019,38,https://www.letras.mus.br/amado-edilson/de-volta-pra-macambira/,-1
774,Decide Aí,musica774,musica774_trecho1,"O relógio tá girando, tá girando Tá girando e eu aqui perdendo tempo Cheguei no meu limite, se não mudar sua postura Eu vou embora correndo",Matheus & Kauan,2016,26,https://www.letras.mus.br/matheus-kauan/decide-ai/,-1
774,Decide Aí,musica774,musica774_trecho6,"O relógio tá girando, tá girando Tá girando e você aí perdendo tempo, perdendo tempo Cheguei no meu limite, se não mudar sua postura Eu vou embora correndo",Matheus & Kauan,2016,28,https://www.letras.mus.br/matheus-kauan/decide-ai/,-1
1317,Deixa a Gente Quieto (part. Henrique & Juliano),musica1317,musica1317_trecho2,"Quem falou Que dois corpos não ocupam O mesmo espaço, nunca viu Nem de perto o nosso abraço",João Bosco & Vinícius,2016,18,https://www.letras.mus.br/joao-bosco-viniciusacustico/deixa-a-gente-quieto/,-1
1320,Deixa Ela Saber,musica1320,musica1320_trecho1,Me diz por que Tá estragando tudo Com esse assunto agora Isso não é hora,Henrique & Juliano,2015,15,https://www.letras.mus.br/henrique-e-juliano/deixa-ela-saber/,-1
1320,Deixa Ela Saber,musica1320,musica1320_trecho2,Quer saber o que? Se a verdade vai doer Você já sabe a resposta E parece que gosta,Henrique & Juliano,2015,18,https://www.letras.mus.br/henrique-e-juliano/deixa-ela-saber/,-1
1320,Deixa Ela Saber,musica1320,musica1320_trecho6,"Deixa ela saber Que agora eu vou ficar Se você me aceitar, nem pra casa eu vou voltar Nunca mais eu volto lá",Henrique & Juliano,2015,23,https://www.letras.mus.br/henrique-e-juliano/deixa-ela-saber/,-1
265,Deixa Eu,musica265,musica265_trecho2,"Ô queridona Te dói me ver seguindo a vida adiante Desculpa, cê deixou de ser interessante Por essa cê não esperava",Murilo Huff,2025,21,https://www.letras.mus.br/murilo-huff/deixa-eu/,-1
265,Deixa Eu,musica265,musica265_trecho11,Cê me largou achando que eu ia cair no choro Mas o choro errou de olho Deixa eu,Murilo Huff,2025,18,https://www.letras.mus.br/murilo-huff/deixa-eu/,-1
1208,Deixa Falar,musica1208,musica1208_trecho10,"Vai, mais eu fico pop Tô solteiro, ligeiro, pegando as top",Fernando e Sorocaba,2013,11,https://www.letras.mus.br/fernando-sorocaba/deixa-falar-homens-e-anjos/,-1
1561,Deixaria Tudo,musica1561,musica1561_trecho1,"Já tentei te convencer de tudo quanto é jeito Antes que o mundo desabasse todo de uma vez Fiquei perdido sem você, no meio de um deserto Me perguntando se ainda sobreviverei",João Bosco & Vinícius,2010,32,https://www.letras.mus.br/joao-bosco-viniciusacustico/1662573/,-1
1561,Deixaria Tudo,musica1561,musica1561_trecho3,"Eu deixaria tudo se você ficasse Meus sonhos, meu passado, minha religião Depois de tudo, estás fugindo dos meus braços Deixando o silêncio dessa solidão Não sei mais o que eu faria Desejos, loucuras, todas fantasias Nada tenho a perder Diz pra mim O que mais você quer da minha vida?",João Bosco & Vinícius,2010,51,https://www.letras.mus.br/joao-bosco-viniciusacustico/1662573/,-1
1561,Deixaria Tudo,musica1561,musica1561_trecho5,"Mesmo que eu te diga: Estou morrendo um pouco a cada dia Mesmo que eu te peça: Por favor, vamos recomeçar Porque a saudade está quebrando o que resta da minha ilusão Preciso juntar os pedaços dentro do meu coração Por isso eu juro que",João Bosco & Vinícius,2010,45,https://www.letras.mus.br/joao-bosco-viniciusacustico/1662573/,-1
1561,Deixaria Tudo,musica1561,musica1561_trecho6,"Eu deixaria tudo se você ficasse Meus sonhos, meu passado, minha religião Depois de tudo, estás fugindo dos meus braços Deixando o silêncio dessa solidão Não sei mais o que eu faria Desejos, loucuras, todas fantasias Nada tenho a perder Diz pra mim O que mais você quer?",João Bosco & Vinícius,2010,48,https://www.letras.mus.br/joao-bosco-viniciusacustico/1662573/,-1
1561,Deixaria Tudo,musica1561,musica1561_trecho7,"Por isso eu juro que Eu deixaria tudo se você ficasse Meus sonhos, meu passado, minha religião Depois de tudo, está fugindo dos meus braços Deixando o silêncio dessa solidão Não sei mais o que eu faria Desejos, loucuras, todas fantasias Nada tenho a perder Diz pra mim O que mais você quer da minha vida?",João Bosco & Vinícius,2010,56,https://www.letras.mus.br/joao-bosco-viniciusacustico/1662573/,-1
1154,Deixe o Tempo Ver,musica1154,musica1154_trecho2,"E o riso solto no ar De quem ama, se entrega e aceita o que vier Eu nunca mais vou deixar, minha pequena",Humberto e Ronaldo,2009,23,https://www.letras.mus.br/humberto-ronaldo/1387917/,-1
1154,Deixe o Tempo Ver,musica1154,musica1154_trecho4,"E deixe o tempo ver, ver no que vai dar O nosso amor é puro, sempre vai durar Não penso em te perder, nem penso em te deixar Tá frio, o céu tão claro e eu a te amar",Humberto e Ronaldo,2009,39,https://www.letras.mus.br/humberto-ronaldo/1387917/,-1
1154,Deixe o Tempo Ver,musica1154,musica1154_trecho5,"E deixe o tempo ver, ver no que vai dar O nosso amor é puro, sempre vai durar Não penso em te perder, nem penso em te deixar A chama da paixão está em seu olhar",Humberto e Ronaldo,2009,36,https://www.letras.mus.br/humberto-ronaldo/1387917/,-1
1154,Deixe o Tempo Ver,musica1154,musica1154_trecho8,"E deixe o tempo ver, ver no que vai dar O nosso amor é puro, sempre vai durar Não penso em te perder, nem penso em te deixar A chama da paixão está em seu olhar Ha ha, seu olhar",Humberto e Ronaldo,2009,40,https://www.letras.mus.br/humberto-ronaldo/1387917/,-1
544,DEJA VU (part. Ana Castela),musica544,musica544_trecho1,"Ana, deixa eu te falar uma coisa",Luan Santana,2023,7,https://www.letras.mus.br/luan-santana/deja-vu-part-ana-castela/,-1
544,DEJA VU (part. Ana Castela),musica544,musica544_trecho4,"Sou aquela saudade ruim que você quer sentir Sou a pessoa que odeia, mas quer bem aí Eu sou aquele nunca mais que cê quer repetir Que eu tenho a voz que te arrepia, mas não quer ouvir",Luan Santana,2023,38,https://www.letras.mus.br/luan-santana/deja-vu-part-ana-castela/,-1
544,DEJA VU (part. Ana Castela),musica544,musica544_trecho5,"Sou aquela saudade ruim que você quer sentir Sou a pessoa que odeia, mas quer bem aí Eu sou aquele nunca mais que cê quer repetir Que eu tenho a voz que te arrepia, mas não quer ouvir Me desbloqueia aí Me desbloqueia aí",Luan Santana,2023,44,https://www.letras.mus.br/luan-santana/deja-vu-part-ana-castela/,-1
544,DEJA VU (part. Ana Castela),musica544,musica544_trecho8,"Você que não soube me amar e perdeu Cê não tem coração e quer cuidar do meu E o pior é que meu corpo ainda quer grudar no seu Se eu te desbloqueio agora, aí o erro vai ser meu",Luan Santana,2023,40,https://www.letras.mus.br/luan-santana/deja-vu-part-ana-castela/,-1
544,DEJA VU (part. Ana Castela),musica544,musica544_trecho10,"Que sou aquela saudade ruim que você quer sentir Sou a pessoa que odeia, mas quer bem aí Eu sou aquele nunca mais que cê quer repetir Que eu tenho a voz que te arrepia, mas não quer ouvir",Luan Santana,2023,39,https://www.letras.mus.br/luan-santana/deja-vu-part-ana-castela/,-1
544,DEJA VU (part. Ana Castela),musica544,musica544_trecho11,"Sou aquela saudade ruim que você quer sentir (sou aquela saudade ruim) Sou a pessoa que odeia, mas quer bem aí Eu sou aquele nunca mais que cê quer repetir Que eu tenho a voz que te arrepia, mas não quer ouvir Me desbloqueia aí (entende) Me desbloqueia aí",Luan Santana,2023,49,https://www.letras.mus.br/luan-santana/deja-vu-part-ana-castela/,-1
1378,Depende,musica1378,musica1378_trecho1,"Passou a unha no meu braço Me puxou pelo bolso que deixou rasgado Jeito de menina mimada Que é uma frescura pra sair de casa Tem corpo de adolescente Conversa de mulher que nunca foi carente Já sabe, vou perder o controle Quando eu estiver ai na sua frente Eu te falei, que dependia de você Que ia fazer de tudo para ir te ver Te prometi ôô E depois, se o amor acontecer Pode tornar um vicio, mas vai dar prazer Porque depende de mim e de você! ﻿",Israel Novaes,2012,90,https://www.letras.mus.br/israel-novaes/depende/,-1
860,Dependente,musica860,musica860_trecho2,"Eu não sei andar sozinho Com minhas forças eu não consigo Eu preciso ser guiado por ti, preciso ser ajudado por ti Preciso ser alimentado por ti, senão eu não vou conseguir",Alisson Santos,2019,32,https://www.letras.mus.br/alisson-santos/dependente/,-1
860,Dependente,musica860,musica860_trecho3,"Sou como, uma criança de colo, que precisa da mãe pra o alimentar Eu sou como uma criança de colo, que precisa ainda da mãe para andar Eu sou (eu sou) como uma criança de colo, que precisa (precisa) Da mãe para lhe proteger Eu sou como uma criança de colo, que precisa ainda da mãe pra criar",Alisson Santos,2019,58,https://www.letras.mus.br/alisson-santos/dependente/,-1
860,Dependente,musica860,musica860_trecho5,No céu nós vamos cantar No céu nós vamos cantar No céu nós vamos cantar E o hino da vitória nós vamos cantar,Alisson Santos,2019,23,https://www.letras.mus.br/alisson-santos/dependente/,-1
940,Desatino,musica940,musica940_trecho5,Eu quis fugir do destino Fugir da realidade E sufocando a saudade Aquela cidade Fui deixando pra trás,Daniel,2005,18,https://www.letras.mus.br/daniel/134999/,-1
571,Desbloqueado,musica571,musica571_trecho4,"Cê já contou pra ele da gente? Não esconde nada, não mente Eu não dormi a noite te esperando, impaciente",Diego e Victor Hugo,2021,20,https://www.letras.mus.br/diego-victor-hugo/desbloqueado/,-1
571,Desbloqueado,musica571,musica571_trecho5,"Cê já contou pra ele da gente? Não esconde nada, não mente E esse digitando aí? Tá demorando, tá me consumindo, oh",Diego e Victor Hugo,2021,22,https://www.letras.mus.br/diego-victor-hugo/desbloqueado/,-1
571,Desbloqueado,musica571,musica571_trecho6,"Oi, aqui quem fala é o que tá sobrando Ela ainda não falou comigo Mas calma, ela já tá indo",Diego e Victor Hugo,2021,20,https://www.letras.mus.br/diego-victor-hugo/desbloqueado/,-1
1190,Desce do Salto (part. Michel Teló),musica1190,musica1190_trecho1,"Desce do salto pra que ao menos eu possa te ver Com esse nariz empinado, é difícil chegar em você A sua cobertura é muito alta pra eu fazer serenata Na vida eu nasci pra ganhar, meu bem Então não me empaca",Marcos & Belutti,2011,42,https://www.letras.mus.br/marcos-belutti/1879251/,-1
249,Descer Pra BC (part. DJ Ari SL),musica249,musica249_trecho1,Papai deixou uma herança bem gorda pra mim Tem terra pra plantar e pra criar uns gadin Mas eu me dei conta que isso não é pra mim Prefiro pé na areia do que pé no capim,Brenno & Matheus,2024,37,https://www.letras.mus.br/brenno-e-matheus/descer-pra-bc-part-dj-ari-sl/,-1
249,Descer Pra BC (part. DJ Ari SL),musica249,musica249_trecho2,De tanque cheio a bodona O cowboy tá sem vergonha Hoje eu saio da zona rural Eu tô bicho solto no pique Lobo Mau Meu ano só começa depois do carnaval,Brenno & Matheus,2024,31,https://www.letras.mus.br/brenno-e-matheus/descer-pra-bc-part-dj-ari-sl/,-1
249,Descer Pra BC (part. DJ Ari SL),musica249,musica249_trecho3,"Nóis vai descer, vai descer Descer lá pra BC no finalzin do ano Os bombonzin tão bronzeando pra eu chegar e morder Nóis vai descer, vai descer Descer lá pra BC no finalzin do ano Os cowboy vai litorando e vai torar você",Brenno & Matheus,2024,43,https://www.letras.mus.br/brenno-e-matheus/descer-pra-bc-part-dj-ari-sl/,-1
1584,Desculpas,musica1584,musica1584_trecho1,"Tô bravo, você sabe Eu quero a verdade, dá um tempo chega de brincar comigo Nem pensa pra inventar Ah tá, vou acreditar suas desculpas não fazem sentido",Luan Santana,2011,28,https://www.letras.mus.br/luan-santana/1854566/,-1
1584,Desculpas,musica1584,musica1584_trecho4,"Desculpas, papo furado Você não faz questão de ficar do meu lado Desculpas, enrolação Não tá dando a mínima pro meu coração",Luan Santana,2011,22,https://www.letras.mus.br/luan-santana/1854566/,-1
1147,Deserto,musica1147,musica1147_trecho1,Vou construir um edifício No meio do seu deserto Pra ver se chego perto De ter sua atenção,Thaeme e Thiago,2013,18,https://www.letras.mus.br/thaeme-thiago/deserto/,-1
1147,Deserto,musica1147,musica1147_trecho2,"Vou enfeitar seu jardim Com rosas de algodão Vou regar com lágrimas De sangue, sem tua atenção",Thaeme e Thiago,2013,17,https://www.letras.mus.br/thaeme-thiago/deserto/,-1
1147,Deserto,musica1147,musica1147_trecho3,"Eu tô pintando a sua cara Em cada rosto, por esse universo Pra te fazer tá perto Em qualquer situação",Thaeme e Thiago,2013,20,https://www.letras.mus.br/thaeme-thiago/deserto/,-1
1147,Deserto,musica1147,musica1147_trecho4,Eu tô te vendo em todo mundo Acho mesmo que eu tô ficando cega Pode me chamar de louca Mas isso me faz bem,Thaeme e Thiago,2013,24,https://www.letras.mus.br/thaeme-thiago/deserto/,-1
1147,Deserto,musica1147,musica1147_trecho5,"Ouvi tua voz, te vi chegar Eu te abracei sem te tocar Eu tô ficando louca Mas isso me faz bem",Thaeme e Thiago,2013,21,https://www.letras.mus.br/thaeme-thiago/deserto/,-1
1147,Deserto,musica1147,musica1147_trecho12,Eu irei até o fim Mesmo sem ter direção Porque prometi pra mim Meus pés vão tocar seu chão,Thaeme e Thiago,2013,19,https://www.letras.mus.br/thaeme-thiago/deserto/,-1
1147,Deserto,musica1147,musica1147_trecho13,Vou construir um edifício No meio do seu deserto,Thaeme e Thiago,2013,9,https://www.letras.mus.br/thaeme-thiago/deserto/,-1
710,Desliga,musica710,musica710_trecho1,"Eu quero acreditar que posso te esquecer, mas não tá prometido Se um dia num bar eu me embriagar, não me responsabilizo",Bruno & Marrone,2009,22,https://www.letras.mus.br/bruno-e-marrone/1460892/,-1
710,Desliga,musica710,musica710_trecho3,"Desliga, por Deus, eu não quero Cair na cilada do meu coração Matar a vontade da pele, da boca Do gosto do amor, do fogo da paixão",Bruno & Marrone,2009,27,https://www.letras.mus.br/bruno-e-marrone/1460892/,-1
710,Desliga,musica710,musica710_trecho4,"Por Deus, tô tentando de tudo Mas quando eu me vejo sozinho no bar Me bate a saudade bebo e fico louco Querendo outra vez te amar",Bruno & Marrone,2009,27,https://www.letras.mus.br/bruno-e-marrone/1460892/,-1
710,Desliga,musica710,musica710_trecho6,"Desliga, por Deus, eu não quero Cair na cilada do meu coração Matar a vontade da pele, da boca Do gosto do amor do fogo da paixão",Bruno & Marrone,2009,27,https://www.letras.mus.br/bruno-e-marrone/1460892/,-1
710,Desliga,musica710,musica710_trecho7,"Por Deus, to tentando de tudo, Mas quando eu me vejo sozinho no bar Me bate a saudade bebo e fico louco Querendo outra vez te amar",Bruno & Marrone,2009,27,https://www.letras.mus.br/bruno-e-marrone/1460892/,-1
431,Despedida de Casal,musica431,musica431_trecho1,"Mesa pra dois num restaurante chique Vinho chileno, na entrada um ceviche Toda cheirosa, fez até penteado Batom vermelho e vestido colado",Gustavo Mioto,2020,22,https://www.letras.mus.br/gustavo-mioto/despedida-de-casal/,-1
917,Destino,musica917,musica917_trecho2,"O destino deve estar nos olhando Decepcionado Que pena, que pena",Lucas Lucco,2014,11,https://www.letras.mus.br/lucas-lucco/o-destino/,-1
917,Destino,musica917,musica917_trecho3,Que a gente estragou tudo Porque pensamos tanto em ser perfeitos E os perfeitos não sabem amar,Lucas Lucco,2014,17,https://www.letras.mus.br/lucas-lucco/o-destino/,-1
1036,Deus É Caipira,musica1036,musica1036_trecho1,"Acho que Deus é caipira Deus deve morar na roça O Eterno deve ter uma casinha No curral, umas vaquinha E um cavalo que marcha e não trota",Eduardo Costa,2025,28,https://www.letras.mus.br/eduardo-costa/deus-e-caipira/,-1
1036,Deus É Caipira,musica1036,musica1036_trecho2,"Deus deve ouvir umas modinha sertaneja Que conta a história do sertão E fala de um povo trabalhador Que, na roça, é professor Mas chamam de peão",Eduardo Costa,2025,27,https://www.letras.mus.br/eduardo-costa/deus-e-caipira/,-1
1036,Deus É Caipira,musica1036,musica1036_trecho3,E Ele deve amar um cafezinho E gostar de um queijinho Derretido no pão E mesmo Ele sendo onipotente Deve amar ver a semente Brotando no chão,Eduardo Costa,2025,27,https://www.letras.mus.br/eduardo-costa/deus-e-caipira/,-1
1036,Deus É Caipira,musica1036,musica1036_trecho4,"Tudo foi Ele quem arquitetou E o Espírito Santo executou E viu que tudo isso era bão Foi lá pro sertão E por lá, descansou",Eduardo Costa,2025,25,https://www.letras.mus.br/eduardo-costa/deus-e-caipira/,-1
1036,Deus É Caipira,musica1036,musica1036_trecho7,Ele deve amar um cafezinho E gostar de um queijinho Derretido no pão E mesmo Ele sendo onipotente Deve amar ver a semente Brotando no chão,Eduardo Costa,2025,26,https://www.letras.mus.br/eduardo-costa/deus-e-caipira/,-1
670,DEUS É MUITO BOM,musica670,musica670_trecho2,"Se eu sou quem eu sou É porque você chegou e arrumou A bagunça, o caos Meu milagre mais real",Luan Santana,2023,20,https://www.letras.mus.br/luan-santana/deus-e-muito-bom/,-1
670,DEUS É MUITO BOM,musica670,musica670_trecho3,Você me trouxe um caminhão de coisas boas Foi minha sorte disfarçada de pessoa Por tantas noites que eu passei juntando as mãos Pedindo ao céu pra me mandar uma direção,Luan Santana,2023,31,https://www.letras.mus.br/luan-santana/deus-e-muito-bom/,-1
447,Dia 1 (part. Murilo Huff),musica447,musica447_trecho1,"Dia 1 sem você Hoje eu acordei com um sentimento estranho Sei que não vai chegar mensagem sua, mesmo assim tô esperando Dia 2 sem você Hoje eu chorei pela primeira vez Não processei ainda essa transição de amor pra ex",Hugo Henrique,2025,41,https://www.letras.mus.br/hugo-henrique/dia-1/,-1
447,Dia 1 (part. Murilo Huff),musica447,musica447_trecho4,"Eu já tava quase, quase sem sentimento nenhum Foi só te ver, voltei pro dia 1",Hugo Henrique,2025,16,https://www.letras.mus.br/hugo-henrique/dia-1/,-1
447,Dia 1 (part. Murilo Huff),musica447,musica447_trecho5,"Dia 1 sem você (sem você) Hoje eu acordei com um sentimento estranho Sei que não vai chegar mensagem sua, mesmo assim tô esperando Dia 2 sem você Hoje eu chorei pela primeira vez Não processei ainda essa transição de amor pra ex",Hugo Henrique,2025,43,https://www.letras.mus.br/hugo-henrique/dia-1/,-1
447,Dia 1 (part. Murilo Huff),musica447,musica447_trecho8,"Eu já tava quase, quase sem sentimento nenhum Foi só te ver, voltei pro dia 1 Dia 1 sem você",Hugo Henrique,2025,20,https://www.letras.mus.br/hugo-henrique/dia-1/,-1
528,"Dia, Lugar e Hora",musica528,musica528_trecho2,Se eu não tivesse atravessado Aquela hora no sinal vermelho Se eu não parasse bem na hora do almoço Pra cortar o cabelo E ó que eu nem sou vaidoso,Luan Santana,2016,30,https://www.letras.mus.br/luan-santana/dia-lugar-e-hora/,-1
528,"Dia, Lugar e Hora",musica528,musica528_trecho4,"Aí eu disse Quer que eu faça um café? Ou faça minha vida Se encaixar na sua? Aqui mesmo na rua Era pra ser agora Quando é pra acontecer Tem dia, lugar e tem hora",Luan Santana,2016,35,https://www.letras.mus.br/luan-santana/dia-lugar-e-hora/,-1
528,"Dia, Lugar e Hora",musica528,musica528_trecho5,Se eu não tivesse atravessado Aquela hora no sinal vermelho Se eu não parasse bem na hora do almoço Pra cortar o cabelo E ó eu nem sou vaidoso,Luan Santana,2016,29,https://www.letras.mus.br/luan-santana/dia-lugar-e-hora/,-1
528,"Dia, Lugar e Hora",musica528,musica528_trecho8,"Eu disse Quer que eu faça um café? Ou faça minha vida Se encaixar na sua? Aqui mesmo na rua Era pra ser agora Quando é pra acontecer Tem dia, lugar e tem hora",Luan Santana,2016,34,https://www.letras.mus.br/luan-santana/dia-lugar-e-hora/,-1
933,Diga Sim,musica933,musica933_trecho1,"Cuspa o ódio que os seus olhos têm de mim E engula o desejo que você tem de me provar Diga sim, diga sim, sim pra mim Diga não, diga não, diga não Diga sim, que meu amor por ti é puro Diga não, não pro seu orgulho",Jorge & Mateus,2012,48,https://www.letras.mus.br/jorge-mateus/diga-sim/,-1
362,Discurso,musica362,musica362_trecho3,"Aquele moleque que vivia empinando bicicleta Hoje caiu no choro vendo seus filhos crescendo depressa Olhando daqui, vejo vários motivos de festa Pessoas que eu amo, sorrindo E, do meu lado, ela, sempre ela",Henrique & Juliano,2025,34,https://www.letras.mus.br/henrique-e-juliano/discurso/,-1
362,Discurso,musica362,musica362_trecho4,"Quando eu soprar essa vela Eu vou fazer um pedido Se tiver outras vidas, que em todas elas, essas pessoas estejam comigo Saúde pra mim e pros meus Que eu viva o máximo possível Obrigado por ter me dado exatamente tudo que eu preciso",Henrique & Juliano,2025,44,https://www.letras.mus.br/henrique-e-juliano/discurso/,-1
362,Discurso,musica362,musica362_trecho6,O pedido vai ser em silêncio Mas quem nos protege tá ouvindo,Henrique & Juliano,2025,12,https://www.letras.mus.br/henrique-e-juliano/discurso/,-1
147,Diz Pra Mim (Just Give Me a Reason),musica147,musica147_trecho1,Desde o início você esteve tão presente E eu só te evitando Estou do outro lado as coisas mudam com o tempo E hoje não vivo sem você,Gusttavo Lima,2014,28,https://www.letras.mus.br/gusttavo-lima/diz-pra-mim/,-1
147,Diz Pra Mim (Just Give Me a Reason),musica147,musica147_trecho2,E agora você diz pra mim Que já não é bem assim Já está tão perto o fim do nosso amor Nosso amor,Gusttavo Lima,2014,23,https://www.letras.mus.br/gusttavo-lima/diz-pra-mim/,-1
147,Diz Pra Mim (Just Give Me a Reason),musica147,musica147_trecho3,Diz o que é preciso pra te ter aqui comigo Pra fazer o nosso amor reviver Pra não te perder O que é preciso pra te ter aqui comigo E a velha chama reacender Pra não te perder,Gusttavo Lima,2014,38,https://www.letras.mus.br/gusttavo-lima/diz-pra-mim/,-1
147,Diz Pra Mim (Just Give Me a Reason),musica147,musica147_trecho4,"Desculpe, mas eu não entendo A gente se perdeu no tempo E eu fiquei tão perdido Confesso que às vezes penso na gente E em um recomeço Melhor e bem diferente",Gusttavo Lima,2014,31,https://www.letras.mus.br/gusttavo-lima/diz-pra-mim/,-1
147,Diz Pra Mim (Just Give Me a Reason),musica147,musica147_trecho9,O que é preciso pra te ter aqui comigo Pra fazer o nosso amor reviver Pra não te perder O que é preciso pra te ter aqui comigo E a velha chama reacender Pra não te perder Pra não te perder,Gusttavo Lima,2014,41,https://www.letras.mus.br/gusttavo-lima/diz-pra-mim/,-1
705,Do Brasil À Argentina,musica705,musica705_trecho1,Já comprei o passaporte dos meus sonhos No primeiro avião eu voo pra buscar meu amor E ela mora na província de Santa Fé E em Rosário me espera e se Deus quiser Hoje mesmo eu vou pra Argentina,Jorge & Mateus,2007,39,https://www.letras.mus.br/jorge-mateus/985047/,-1
705,Do Brasil À Argentina,musica705,musica705_trecho3,"Eu não fico nem um minuto mais nesse país Vou buscar alguém, alguém pra me fazer feliz No primeiro avião, hoje mesmo vou viajar Eu vou pra Argentina, tô indo te buscar",Jorge & Mateus,2007,32,https://www.letras.mus.br/jorge-mateus/985047/,-1
705,Do Brasil À Argentina,musica705,musica705_trecho4,E ela mora na província de Santa Fé E em Rosário me espera e se Deus quiser Hoje mesmo eu vou pra Argentina,Jorge & Mateus,2007,23,https://www.letras.mus.br/jorge-mateus/985047/,-1
705,Do Brasil À Argentina,musica705,musica705_trecho6,"Eu não fico nem um minuto mais nesse país Vou buscar alguém, alguém pra me fazer feliz No primeiro avião, hoje mesmo vou viajar Eu vou pra Argentina, tô indo te buscar Eu vou pra Argentina, tô indo te buscar",Jorge & Mateus,2007,40,https://www.letras.mus.br/jorge-mateus/985047/,-1
1463,Doidaça,musica1463,musica1463_trecho1,"E tá me provocando a noite inteira Falando em meu ouvindo um monte de besteira Tá colocando a mão por baixo da cadeira Tá se insinuando, e eu gostando dessa brincadeira",Gusttavo Lima,2012,31,https://www.letras.mus.br/gusttavo-lima/doidaca/,-1
1463,Doidaça,musica1463,musica1463_trecho4,"Pirou, mulher? Tá doida, é? Vem que vem com tudo, que eu vou dar o que você quer Pirou, mulher? Tá doidaça Vem que vem com tudo, que hoje a gente se arregaça Pirou, mulher? Tá doida, é? Vem que vem com tudo, que eu vou dar o que você quer Pirou, mulher? Tá doidaça Vem que vem com tudo, que hoje a gente se arregaça",Gusttavo Lima,2012,66,https://www.letras.mus.br/gusttavo-lima/doidaca/,-1
1463,Doidaça,musica1463,musica1463_trecho5,"Tá me provocando a noite inteira Falando em meu ouvindo um monte de besteira Tá colocando a mão por baixo da cadeira Tá se insinuando, e eu gostando dessa brincadeira",Gusttavo Lima,2012,30,https://www.letras.mus.br/gusttavo-lima/doidaca/,-1
641,Dois Enganados (part. Marília Mendonça),musica641,musica641_trecho1,Tô ficando com alguém Que terminou faz pouco tempo E ainda guarda sentimento,Murilo Huff,2021,13,https://www.letras.mus.br/murilo-huff/dois-enganados-part-marilia-mendonca/,-1
641,Dois Enganados (part. Marília Mendonça),musica641,musica641_trecho2,Olha eu aqui também Ainda tô me remoendo Por causa do meu antigo relacionamento,Murilo Huff,2021,14,https://www.letras.mus.br/murilo-huff/dois-enganados-part-marilia-mendonca/,-1
418,Dois Fugitivos,musica418,musica418_trecho3,Só fui descobrir Quando já tava gostoso Quando já tava atolada no pecado Até o pescoço,Simone Mendes,2023,16,https://www.letras.mus.br/simone-mendes/dois-fugitivos/,-1
418,Dois Fugitivos,musica418,musica418_trecho5,Cê vem me buscar Só manda um: Tô indo Cansei de te beijar no carro Sem baixar o vidro,Simone Mendes,2023,19,https://www.letras.mus.br/simone-mendes/dois-fugitivos/,-1
418,Dois Fugitivos,musica418,musica418_trecho6,É na hora que dá É sempre corrido Amor num quarto de BR Igual dois fugitivos,Simone Mendes,2023,16,https://www.letras.mus.br/simone-mendes/dois-fugitivos/,-1
418,Dois Fugitivos,musica418,musica418_trecho11,E é na hora que dá É sempre corrido Amor num quarto de BR Igual dois fugitivos,Simone Mendes,2023,17,https://www.letras.mus.br/simone-mendes/dois-fugitivos/,-1
26,Dois Tristes,musica26,musica26_trecho2,"Ontem saímos de novo, e você emburrada, com a cara fechada Tinha um casal do lado, curtindo de boa Quando eu pedi alguém pra Deus Eu queria esse tipo de pessoa",Simone Mendes,2024,31,https://www.letras.mus.br/simone-mendes/dois-tristes/,-1
26,Dois Tristes,musica26,musica26_trecho3,Nós somos dois tristes Que nunca serão felizes,Simone Mendes,2024,8,https://www.letras.mus.br/simone-mendes/dois-tristes/,-1
26,Dois Tristes,musica26,musica26_trecho4,"Tô com a sensação de que escolhi errado quem tá do meu lado Quanto mais eu saio e conheço gente, isso fica mais claro Todo casal que eu vejo, bebe junto, tem assunto, tá feliz, beija de língua E a gente só briga, briga, briga, briga, briga",Simone Mendes,2024,47,https://www.letras.mus.br/simone-mendes/dois-tristes/,-1
26,Dois Tristes,musica26,musica26_trecho6,Pra mim já deu Cansei de ver todo mundo feliz menos eu,Simone Mendes,2024,12,https://www.letras.mus.br/simone-mendes/dois-tristes/,-1
46,Domingo de Manhã,musica46,musica46_trecho1,Tá com voz de sono Foi mal se te acordei Desligue e volte a dormir Depois me ligue aqui,Marcos & Belutti,2014,19,https://www.letras.mus.br/marcos-belutti/domingo-de-manha/,-1
46,Domingo de Manhã,musica46,musica46_trecho2,Eu nem sei O que faria nesse inverno Qualquer coisa que não fosse com você Me causaria tédio,Marcos & Belutti,2014,18,https://www.letras.mus.br/marcos-belutti/domingo-de-manha/,-1
366,DONA,musica366,musica366_trecho3,O coração que cê quer entrar tem dona O te amo que cê quer escutar tem dona Eu posso te emprestar meu corpo porque ele ainda é meu Mas o sentimento ela não me devolveu,Luan Santana,2025,35,https://www.letras.mus.br/luan-santana/dona/,-1
366,DONA,musica366,musica366_trecho4,O coração que cê quer entrar tem dona O te amo que cê quer escutar tem dona Eu posso te emprestar meu corpo porque ele ainda é meu Mas o sentimento ela não me devolveu Ela não me devolveu,Luan Santana,2025,39,https://www.letras.mus.br/luan-santana/dona/,-1
686,DONA DE MIM,musica686,musica686_trecho1,"Palhaço, decepção em cima de decepção Eita amor que dá coice no coração Acreditei que era herói, mas é bandido Por que você fez isso comigo?",Ana Castela,2022,26,https://www.letras.mus.br/ana-castela/dona-de-mim/,-1
686,DONA DE MIM,musica686,musica686_trecho3,Eu criei filha minha pra ser boiadeira Na volta desse mundo não ficar por baixo Não vai ter frescurinha pra abrir porteira E nunca nessa vida depender de macho,Ana Castela,2022,29,https://www.letras.mus.br/ana-castela/dona-de-mim/,-1
686,DONA DE MIM,musica686,musica686_trecho10,Na volta desse mundo Não vai ter frescurinha pra abrir porteira E nunca nessa vida depender de macho,Ana Castela,2022,18,https://www.letras.mus.br/ana-castela/dona-de-mim/,-1
686,DONA DE MIM,musica686,musica686_trecho11,Eu criei filha minha pra ser boiadeira Na volta desse mundo não ficar por baixo Não vai ter frescurinha pra abrir porteira E nunca nessa vida depender de macho E nunca nessa vida depender de macho,Ana Castela,2022,36,https://www.letras.mus.br/ana-castela/dona-de-mim/,-1
916,Dou a Vida Por Um Beijo,musica916,musica916_trecho1,Difícil demais Te amar assim Minha timidez Tem que ter um fim Preciso perder O medo de falar Pra não te perder Vou me declarar,Zezé Di Camargo,2022,25,https://www.letras.mus.br/zeze-di-camargo/dou-a-vida-por-um-beijo/,-1
916,Dou a Vida Por Um Beijo,musica916,musica916_trecho2,Morro de saudade Quando você some Dá uma vontade De gritar seu nome Quase uma loucura Uma obsessão,Zezé Di Camargo,2022,18,https://www.letras.mus.br/zeze-di-camargo/dou-a-vida-por-um-beijo/,-1
140,Duas Metades,musica140,musica140_trecho1,Pra falar do amor de verdade Vou começar pela melhor metade Te mostrar tudo de bom que tenho E se for preciso eu desenho Que eu amo você Que eu quero você,Jorge & Mateus,2012,32,https://www.letras.mus.br/jorge-mateus/duas-metades/,-1
140,Duas Metades,musica140,musica140_trecho7,E pra falar do amor de verdade Vou começar pela melhor metade E te mostrar tudo de bom que tenho E se for preciso eu desenho Que eu amo você Que eu quero você,Jorge & Mateus,2012,34,https://www.letras.mus.br/jorge-mateus/duas-metades/,-1
140,Duas Metades,musica140,musica140_trecho13,E pra falar do amor de verdade Vou começar pela melhor metade,Jorge & Mateus,2012,12,https://www.letras.mus.br/jorge-mateus/duas-metades/,-1
1363,Duas Vidas,musica1363,musica1363_trecho3,Me diz como explicar Seus gostos sendo os mesmos que os meus O que acontece toda vez que eu olho nesses olhos seus?,Henrique & Juliano,2013,23,https://www.letras.mus.br/henrique-e-juliano/duas-vidas/,-1
1363,Duas Vidas,musica1363,musica1363_trecho5,Se o meu violão acaso desafinar Ou se eu não tiver voz pra cantar Nada vai impedir de dizer e provar Que essa vida eu só vivo pra te amar,Henrique & Juliano,2013,30,https://www.letras.mus.br/henrique-e-juliano/duas-vidas/,-1
1363,Duas Vidas,musica1363,musica1363_trecho9,Se o meu violão acaso desafinar Ou se eu não tiver voz pra cantar Nada vai impedir de dizer e provar Que essa vida eu só vivo pra te amar Que essa vida eu só vivo pra te amar,Henrique & Juliano,2013,39,https://www.letras.mus.br/henrique-e-juliano/duas-vidas/,-1
1551,Dupla Solidão,musica1551,musica1551_trecho1,Sozinho nesse quarto Tentei refletir Mergulhei bem fundo No meu coração,Marcos & Belutti,2011,11,https://www.letras.mus.br/marcos-belutti/1851901/,-1
1504,Duvido Você Não Tomar Uma,musica1504,musica1504_trecho1,"Mas agora veja, diz que está mudada Aposentou o copo, não quer mais saber de álcool Disse que parou, que nunca mais beberia Jurou pela vida, pela mãe e pela vó, pela tia",Simone & Simaria,2016,33,https://www.letras.mus.br/simone-simaria-as-coleguinhas/duvido-voce-nao-tomar-uma/,-1
1504,Duvido Você Não Tomar Uma,musica1504,musica1504_trecho3,Quando a saudade maltratar Vai lembrar da boca que era sua Duvido você não tomar uma Quando ouvir no rádio um modão Ou no bar da esquina da sua rua Duvido você não tomar uma,Simone & Simaria,2016,35,https://www.letras.mus.br/simone-simaria-as-coleguinhas/duvido-voce-nao-tomar-uma/,-1
1504,Duvido Você Não Tomar Uma,musica1504,musica1504_trecho5,Eu duvido você não tomar uma,Simone & Simaria,2016,6,https://www.letras.mus.br/simone-simaria-as-coleguinhas/duvido-voce-nao-tomar-uma/,-1
1384,E Aí Tempo,musica1384,musica1384_trecho3,"Como planejado, o tempo passou Como já esperado, você não voltou E o tempo que antes era meu amigo Agora já não joga ao meu favor",Chitãozinho & Xororó,2013,26,https://www.letras.mus.br/chitaozinho-e-xororo/e-ai-tempo/,-1
1384,E Aí Tempo,musica1384,musica1384_trecho4,"E aí, tempo? Não era você que ficou de resolver? Não foi você que prometeu que ia curar? Que iria me ajudar a esquecer?",Chitãozinho & Xororó,2013,24,https://www.letras.mus.br/chitaozinho-e-xororo/e-ai-tempo/,-1
621,É Amor,musica621,musica621_trecho2,O cupido chamou minha atenção Pra cuidar e investir nessa paixão É amor Só nós dois,Jorge & Mateus,2015,16,https://www.letras.mus.br/jorge-mateus/e-amor/,-1
1345,É Amor Demais,musica1345,musica1345_trecho1,"O que você tem? Diz pra mim Posso ver nos teus olhos Vem diz, pra mim O que for, tô aqui Faço tudo pra te ver novamente sorrir",Edson & Hudson,2005,28,https://www.letras.mus.br/edson-e-hudson/132733/,-1
1345,É Amor Demais,musica1345,musica1345_trecho3,"É amor demais! É coisa de Deus Verdadeiro e profundo são os sonhos meus É amor! Sem maldade Sentimento nasceu da mais pura amizade Desculpa, não quero te assustar Mas se quer um amor de verdade Tô aqui pra te dar",Edson & Hudson,2005,41,https://www.letras.mus.br/edson-e-hudson/132733/,-1
275,É Com Ela Que Eu Estou,musica275,musica275_trecho4,Foi ela quem pegou na minha mão quando você soltou Foi ela quem me aceitou do jeito que eu sou Do jeito que você deixou,Cristiano Araújo,2014,25,https://www.letras.mus.br/cristiano-araujo/e-com-ela-que-eu-estou/,-1
1089,E Daí?,musica1089,musica1089_trecho1,E daí se eu quiser farrear Tomar todas num bar Sair pra namorar O que é que tem? Foi você quem falou Que a paixão acabou Que eu me lembre Eu não sou de ninguém,Guilherme & Santiago,2010,35,https://www.letras.mus.br/guilherme-e-santiago/1587074/,-1
1089,E Daí?,musica1089,musica1089_trecho2,E daí que você me deixou Mais um dia passou E o mundo não parou Tô aqui Confesso fraquejei Muito tempo chorei Só Deus sabe o quanto eu sofri,Guilherme & Santiago,2010,29,https://www.letras.mus.br/guilherme-e-santiago/1587074/,-1
1089,E Daí?,musica1089,musica1089_trecho3,Mas não fui me humilhar Te pedir pra voltar O que você tá fazendo aqui? Se ainda não me quer Então sai do meu pé Eu faço o que eu quiser,Guilherme & Santiago,2010,31,https://www.letras.mus.br/guilherme-e-santiago/1587074/,-1
1089,E Daí?,musica1089,musica1089_trecho5,Se eu quiser farrear Tomar todas num bar Sair pra namorar O que é que tem? Foi você quem falou Que a paixão acabou Que eu me lembre Eu não sou de ninguém,Guilherme & Santiago,2010,33,https://www.letras.mus.br/guilherme-e-santiago/1587074/,-1
1132,É Fato,musica1132,musica1132_trecho4,"É fato que acabou, mas eu não te esqueci É fato que esqueceu, mas ainda mora aqui E parece que não vai sair tão fácil Desse coração palhaço",Cristiano Araújo,2011,28,https://www.letras.mus.br/cristiano-araujo/1847634/,-1
1257,É Pra Cabá,musica1257,musica1257_trecho4,Essa paixão é quente Parece até Cuiabá Tô faceiro igual criança Que tá conhecendo o mar Tô feliz demais da conta Agora o peito desconta as dores que já sofreu É fogo na gasolina O amor dessa menina em mim bateu e valeu,João Carreiro & Capataz,2010,43,https://www.letras.mus.br/joao-carreiro-capataz/1690716/,-1
633,Efeitos (part. Jorge),musica633,musica633_trecho1,Seus efeitos ainda dominam em mim As lembranças só me distanciam do fim Da batalha travada em tentar te esquecer Te vejo nos meus sonhos me devolvendo o céu Então sinto na boca o gosto do mel Que eu sentia sempre que beijava você,Cristiano Araújo,2011,44,https://www.letras.mus.br/cristiano-araujo/1842103/,-1
633,Efeitos (part. Jorge),musica633,musica633_trecho2,Só sei que esse romance ainda vive em mim O efeito do seu beijo me deixou assim Assim,Cristiano Araújo,2011,18,https://www.letras.mus.br/cristiano-araujo/1842103/,-1
633,Efeitos (part. Jorge),musica633,musica633_trecho4,Seus efeitos ainda dominam em mim As lembranças só me distanciam do fim Da batalha cravada em tentar te esquecer Te vejo nos meus sonhos me devolvendo o céu Então sinto na boca o gosto do mel Que eu sentia sempre que beijava você,Cristiano Araújo,2011,44,https://www.letras.mus.br/cristiano-araujo/1842103/,-1
1299,Eh Tudo Toiss,musica1299,musica1299_trecho1,Já não aguento mais Tô indo te encontrar Matar esta saudade Ninguém vai me segurar,Henrique & Diego,2013,15,https://www.letras.mus.br/henrique-diego/e-tudo-tois/,-1
1299,Eh Tudo Toiss,musica1299,musica1299_trecho2,Já faz uma semana Que a gente não se vê Prepara o nosso ninho Que hoje eu quero com você,Henrique & Diego,2013,20,https://www.letras.mus.br/henrique-diego/e-tudo-tois/,-1
1299,Eh Tudo Toiss,musica1299,musica1299_trecho3,Se embolar na cama Fazer amor de madrugada Desliga o celular Pra não tocar na hora errada,Henrique & Diego,2013,17,https://www.letras.mus.br/henrique-diego/e-tudo-tois/,-1
1299,Eh Tudo Toiss,musica1299,musica1299_trecho4,Se a distância não ajuda Vamos curtir cada minuto O que importa agora É que a gente fica junto,Henrique & Diego,2013,19,https://www.letras.mus.br/henrique-diego/e-tudo-tois/,-1
1299,Eh Tudo Toiss,musica1299,musica1299_trecho5,"Agora éh toiss, agora éh tudo toiss Nós dois escondidinho Coladinho é tudo toiss É tudo toiss, toiss, toiss Agora é tudo toiss Vem junto nessa onda o tudo nosso Agora vai ser tudo toiss",Henrique & Diego,2013,35,https://www.letras.mus.br/henrique-diego/e-tudo-tois/,-1
1263,"Ei, Psiu! Beijo Me Liga (part. João Bosco e Vinícius)",musica1263,musica1263_trecho1,"Chegou e me notou Fingiu que eu não sou nada pra você Meu coração pirou Meu corpo balançou, louco pra te ter",Michel Teló,2010,22,https://www.letras.mus.br/michel-telo/1504900/,-1
1263,"Ei, Psiu! Beijo Me Liga (part. João Bosco e Vinícius)",musica1263,musica1263_trecho2,"Agora você vem me procurar Eu sei, cê tá querendo é já Me esnobou e mudou de ideia Me deixou olhando pra plateia",Michel Teló,2010,23,https://www.letras.mus.br/michel-telo/1504900/,-1
1263,"Ei, Psiu! Beijo Me Liga (part. João Bosco e Vinícius)",musica1263,musica1263_trecho3,"Ei, psiu! Beijo, me liga Eu tô curtindo a noite Te encontro na saída",Michel Teló,2010,14,https://www.letras.mus.br/michel-telo/1504900/,-1
900,Ela e Ela,musica900,musica900_trecho1,Nessa casa têm Duas pessoas enganadas Uma que não sabe de nada E a que sabe tudo Escondendo lágrimas,Zé Neto e Cristiano,2023,19,https://www.letras.mus.br/ze-neto-cristiano/ela-e-ela/,-1
760,Ele e Ela (part. Grupo Menos É Mais),musica760,musica760_trecho2,"Ele com saudade dela No meio de uns pega, foi abrir a tela E deu de cara, com a cara dela Mensagem dela Aí já era",Hugo & Guilherme,2025,26,https://www.letras.mus.br/hugo-guilherme/ele-e-ela-part-grupo-menos-e-mais/,-1
935,Elevador,musica935,musica935_trecho2,"Mas dessa vez, desceu O trouxa esperou Nem sinal dela no corredor Eu tava confiante que ela voltaria E ela tava mais que decidida",Hugo & Guilherme,2023,24,https://www.letras.mus.br/hugo-guilherme/elevador/,-1
935,Elevador,musica935,musica935_trecho3,"O prédio inteiro sabe que a gente acabou Não foi só eu, até o porteiro chorou E de você o que sobrou Só a saudade Seu cheiro no elevador",Hugo & Guilherme,2023,29,https://www.letras.mus.br/hugo-guilherme/elevador/,-1
738,Enquanto Houver Razões,musica738,musica738_trecho3,"Enquanto houver razões eu não vou desistir Se for pra eu chorar, quero chorar por ti Porque não te esqueço",Jorge & Mateus,2012,20,https://www.letras.mus.br/jorge-mateus/enquanto-houver-razoes/,-1
738,Enquanto Houver Razões,musica738,musica738_trecho5,"Eu vou deixar você voar Bater as suas asas pra longe de mim Mas só pra ver você voltar E toda arrependida me dizer Amor, te quero, sim",Jorge & Mateus,2012,28,https://www.letras.mus.br/jorge-mateus/enquanto-houver-razoes/,-1
310,Enquanto o Sol Brilhar (Amor Sem Fim),musica310,musica310_trecho1,"Uma estrela ainda brilha em nosso olhar Nosso beijo ainda quer se encontrar Esse amor de corpo, alma e coração Passam os anos, e eu te amo cada vez mais",Matogrosso & Mathias,2025,30,https://www.letras.mus.br/matogrosso-e-mathias/112666/,-1
310,Enquanto o Sol Brilhar (Amor Sem Fim),musica310,musica310_trecho3,Meu amor Enquanto o sol brilhar eu nunca vou dizer adeus Como os peixes que não vivem sem o mar Eu também não vivo sem os beijos teus,Matogrosso & Mathias,2025,28,https://www.letras.mus.br/matogrosso-e-mathias/112666/,-1
310,Enquanto o Sol Brilhar (Amor Sem Fim),musica310,musica310_trecho4,"Nosso amor Pra sempre vai durar, eu sei, está escrito assim Quando Deus nos colocou num só caminho Já sabia que seria amor sem fim",Matogrosso & Mathias,2025,25,https://www.letras.mus.br/matogrosso-e-mathias/112666/,-1
310,Enquanto o Sol Brilhar (Amor Sem Fim),musica310,musica310_trecho8,Já sabia que seria amor sem fim Já sabia que seria amor Sem fim,Matogrosso & Mathias,2025,14,https://www.letras.mus.br/matogrosso-e-mathias/112666/,-1
1553,Entre Quatro Paredes,musica1553,musica1553_trecho4,"A gente se dá tão bem Entre quatro paredes Que pouco me importa Do quarto pra fora Eu e você, sem regra, sem lógica",Marília Mendonça,2015,24,https://www.letras.mus.br/marilia-mendonca/entre-quatro-paredes/,-1
785,Entregador de Flor,musica785,musica785_trecho1,"Vai lá, entregador de flor Dar assistência pra isso Que eu e ela tá chamando de amor (Eu e ela tá chamando de amor)",Diego e Victor Hugo,2019,24,https://www.letras.mus.br/diego-victor-hugo/entregador-de-flor/,-1
785,Entregador de Flor,musica785,musica785_trecho2,Meu coração se acostumou Que de sete em sete dias eu mando um novo Porque o outro murchou,Diego e Victor Hugo,2019,18,https://www.letras.mus.br/diego-victor-hugo/entregador-de-flor/,-1
785,Entregador de Flor,musica785,musica785_trecho3,Pra não dar tempo dela me esquecer Toda semana eu mando um buquê,Diego e Victor Hugo,2019,13,https://www.letras.mus.br/diego-victor-hugo/entregador-de-flor/,-1
785,Entregador de Flor,musica785,musica785_trecho4,"Vou te encher de flor, minha flor Vou te encher de beijos de amor Quero ver cê reclamar Quero ver cê não me amar",Diego e Victor Hugo,2019,24,https://www.letras.mus.br/diego-victor-hugo/entregador-de-flor/,-1
785,Entregador de Flor,musica785,musica785_trecho5,"Vou te encher de flor, minha flor Vou te encher de beijos de amor Quero ver cê reclamar Quero ver cê não me amar Vou te encher de flor, eu vou",Diego e Victor Hugo,2019,31,https://www.letras.mus.br/diego-victor-hugo/entregador-de-flor/,-1
785,Entregador de Flor,musica785,musica785_trecho12,"Vou te encher de flor, eu vou Vou te encher de flor, eu vou",Diego e Victor Hugo,2019,14,https://www.letras.mus.br/diego-victor-hugo/entregador-de-flor/,-1
139,Equivocada (part. Gusttavo Lima),musica139,musica139_trecho1,"Eu Dentro do meu carro, indo pro trabalho Dando play no áudio que ela me mandou na madrugada Quando ela tava bêba e desbocada Sem filtro nenhum na suas palavras Fechei o vidro e enxuguei as lágrimas",Traia Véia,2025,37,https://www.letras.mus.br/traia-veia/equivocada-part-gusttavo-lima/,-1
9,Erro Gostoso,musica9,musica9_trecho2,"O que cê sente quando cê mente na minha cara Pra ter uma hora de cama suada? Eu percebo a cada visita Cê não gosta de mim, cê gosta é da conquista",Simone Mendes,2023,32,https://www.letras.mus.br/simone-mendes/erro-gostoso/,-1
9,Erro Gostoso,musica9,musica9_trecho3,"Ah, e agora como eu fico nessa casa? Com sorriso ou choro no rosto? Cê vem aqui, me acostuma errado Cola meus pedaços pra quebrar de novo Eu preciso aprender a falar não um pouco Pra esse erro gostoso",Simone Mendes,2023,39,https://www.letras.mus.br/simone-mendes/erro-gostoso/,-1
378,Escondendo o Ouro,musica378,musica378_trecho1,"Eu já peguei, gostei, fiquei Larguei, nem sei Em quantas bocas eu errei Mas tem uma que eu acertei",Zé Neto e Cristiano,2025,19,https://www.letras.mus.br/ze-neto-cristiano/escondendo-o-ouro/,-1
378,Escondendo o Ouro,musica378,musica378_trecho3,"Eu já tive paixões jurando que eram amores Eu já mandei errado alguns buquês de flores Deus tava me preparando esse tempo todo Te deixou pro final, tava escondendo o ouro Eu já tive paixões jurando que eram amores Eu já mandei errado alguns buquês de flores Deus tava me preparando esse tempo todo Te deixou pro final, tava escondendo o ouro Te deixou pro final, tava escondendo o ouro",Zé Neto e Cristiano,2025,70,https://www.letras.mus.br/ze-neto-cristiano/escondendo-o-ouro/,-1
378,Escondendo o Ouro,musica378,musica378_trecho5,"Eu já tive paixões jurando que eram amores Eu já mandei errado alguns buquês de flores Deus tava me preparando esse tempo todo Te deixou pro final, tava escondendo o ouro Eu já tive paixões jurando que eram amores Eu já mandei errado alguns buquês de flores Deus tava me preparando esse tempo todo Te deixou pro final, tava escondendo o ouro Te deixou pro final Tava escondendo o ouro",Zé Neto e Cristiano,2025,70,https://www.letras.mus.br/ze-neto-cristiano/escondendo-o-ouro/,-1
61,Escreve Aí,musica61,musica61_trecho3,É só você fazer assim Que eu volto É só você fazer assim Que eu volto Que eu volto,Luan Santana,2015,19,https://www.letras.mus.br/luan-santana/escreve-ai/,-1
61,Escreve Aí,musica61,musica61_trecho4,É que eu te amo e falo na sua cara Se tirar você de mim não sobra nada O teu sorriso me desmonta inteiro Até um simples estalar de dedos Talvez você tenha deixado eu ir Pra ter o gosto de me ver aqui Fraco demais para continuar Juntando forças pra poder falar,Luan Santana,2015,53,https://www.letras.mus.br/luan-santana/escreve-ai/,-1
61,Escreve Aí,musica61,musica61_trecho5,"Que eu volto, é só você sorrir Que eu volto, é só fazer assim Que eu volto Eu volto Eu volto",Luan Santana,2015,21,https://www.letras.mus.br/luan-santana/escreve-ai/,-1
61,Escreve Aí,musica61,musica61_trecho9,"Que eu volto, é só você sorrir Que eu volto, é só fazer assim Que eu volto, é só fazer assim Que eu volto Eu volto Eu volto",Luan Santana,2015,28,https://www.letras.mus.br/luan-santana/escreve-ai/,-1
1425,Espaçosa Demais,musica1425,musica1425_trecho1,"Quando você chegou Já tinha muita gente por lá Aff, tá dando um trabalhão pra organizar",Felipe Araújo,2019,16,https://www.letras.mus.br/felipe-araujo/espacosa-demais/,-1
1425,Espaçosa Demais,musica1425,musica1425_trecho3,"Não aperta o povo, não Tem mais gente no meu coração Mamãe tá num cantinho Papai, apertadinho Tem amigo indo parar lá no pulmão",Felipe Araújo,2019,24,https://www.letras.mus.br/felipe-araujo/espacosa-demais/,-1
1425,Espaçosa Demais,musica1425,musica1425_trecho11,Espaçosa demais Espaçosa demais Já tomou meu coração e tá subindo pra cabeça,Felipe Araújo,2019,13,https://www.letras.mus.br/felipe-araujo/espacosa-demais/,-1
1152,Espelho,musica1152,musica1152_trecho2,"Como num espelho, te olhando vejo O meu próprio medo, minha indecisão Mesmo te amando não estou seguro Será que é verdade ou uma ilusão?",Jorge & Mateus,2009,25,https://www.letras.mus.br/jorge-mateus/1444404/,-1
448,Esqueça-Me Se For Capaz (part. Maiara & Maraisa),musica448,musica448_trecho2,"Tá aproveitando a vida, os novos amigos Indo para lugares que não ia comigo Tá se enganando e nem sabe disso",Marília Mendonça,2021,21,https://www.letras.mus.br/marilia-mendonca/esqueca-me-se-for-capaz/,-1
448,Esqueça-Me Se For Capaz (part. Maiara & Maraisa),musica448,musica448_trecho4,"Pode namorar e postar para tentar tirar minha paz Mudar telefone, de cidade, vai Mas esqueça-me se for capaz",Marília Mendonça,2021,19,https://www.letras.mus.br/marilia-mendonca/esqueca-me-se-for-capaz/,-1
448,Esqueça-Me Se For Capaz (part. Maiara & Maraisa),musica448,musica448_trecho8,Esqueça-me se for capaz Esqueça-me se for capaz (Esqueça-me se for capaz),Marília Mendonça,2021,12,https://www.letras.mus.br/marilia-mendonca/esqueca-me-se-for-capaz/,-1
1215,Esqueci de Te Esquecer,musica1215,musica1215_trecho4,"Porque se me perguntar Quem eu respiro é você, você, você Se for pra escolher O céu ou terra, eu respondo você",Luan Santana,2012,22,https://www.letras.mus.br/luan-santana/1917738/,-1
1215,Esqueci de Te Esquecer,musica1215,musica1215_trecho5,"Se quiser saber Minha alegria é te ver, te ver, te ver Quem sabe eu te quero Tanto assim porque esqueci de te esquecer",Luan Santana,2012,24,https://www.letras.mus.br/luan-santana/1917738/,-1
709,Esta Noite Foi Maravilhosa (Wonderful Tonight),musica709,musica709_trecho1,"Noite vem vindo, estrelas brilhando em nós Te vejo sorrindo e ouço a sua voz Me perguntando se eu te gosto assim Digo que sim, toda linda só pra mim",Leonardo,2006,30,https://www.letras.mus.br/leonardo/487499/,-1
709,Esta Noite Foi Maravilhosa (Wonderful Tonight),musica709,musica709_trecho2,"No meio da festa tentam flertar você Mas você me abraça, dizendo que só me vê Parece um sonho, vejo em seu olhar Tanta paixão, tenho medo de acordar",Leonardo,2006,29,https://www.letras.mus.br/leonardo/487499/,-1
709,Esta Noite Foi Maravilhosa (Wonderful Tonight),musica709,musica709_trecho4,"As luzes se apagam, a festa acabou Sobre o banco do carro fazemos amor Maravilhosa! Seu sorriso me diz Mais uma noite em que a gente foi feliz",Leonardo,2006,28,https://www.letras.mus.br/leonardo/487499/,-1
618,Estranho,musica618,musica618_trecho2,Minha mão já não tá mais na sua A gente anda pela rua separados Nem parecemos namorados,Marília Mendonça,2018,17,https://www.letras.mus.br/marilia-mendonca/estranho/,-1
618,Estranho,musica618,musica618_trecho4,"Estranho Você me beija e minha boca estranha O seu carinho parece que arranha O seu abraço é tão solto, não consegue me prender",Marília Mendonça,2018,24,https://www.letras.mus.br/marilia-mendonca/estranho/,-1
618,Estranho,musica618,musica618_trecho5,"Estranho Você me beija e minha boca estranha O seu carinho parece que arranha O seu abraço é tão solto, não consegue me prender Onde eu desconheci você?",Marília Mendonça,2018,28,https://www.letras.mus.br/marilia-mendonca/estranho/,-1
618,Estranho,musica618,musica618_trecho9,"Estranho Você me beija e minha boca estranha O seu carinho parece que arranha O seu abraço é tão solto, não consegue me prender Onde eu desconheci você? Onde eu desconheci você?",Marília Mendonça,2018,32,https://www.letras.mus.br/marilia-mendonca/estranho/,-1
241,Estrelinha (part. Di Paullo & Paulino),musica241,musica241_trecho1,"Enxugue esse rosto E venha aqui fora, como de costume Vamos conversar Pra te alegrar tem até vaga-lumes",Marília Mendonça,2018,18,https://www.letras.mus.br/marilia-mendonca/estrelinha-part-di-paullo-e-paulino/,-1
241,Estrelinha (part. Di Paullo & Paulino),musica241,musica241_trecho4,"Daqui não é diferente Te beijo, mas você não sente",Marília Mendonça,2018,10,https://www.letras.mus.br/marilia-mendonca/estrelinha-part-di-paullo-e-paulino/,-1
241,Estrelinha (part. Di Paullo & Paulino),musica241,musica241_trecho6,"Hoje é minha morada A minha casinha Mesmo que de longe, tão pequenininha Ela brilha mais toda vez que te vê",Marília Mendonça,2018,21,https://www.letras.mus.br/marilia-mendonca/estrelinha-part-di-paullo-e-paulino/,-1
241,Estrelinha (part. Di Paullo & Paulino),musica241,musica241_trecho7,"Enxugue esse rosto E venha aqui fora, como de costume Vamos conversar Pra te alegrar tem até vaga-lume",Marília Mendonça,2018,18,https://www.letras.mus.br/marilia-mendonca/estrelinha-part-di-paullo-e-paulino/,-1
1562,Eu Aposto,musica1562,musica1562_trecho1,"Eu aposto a minha vida Meu sorriso, o meu dinheiro Quando seu rosto Encostar no travesseiro Seus pensamentos Vão tentar achar os meus",Eduardo Costa,2008,23,https://www.letras.mus.br/eduardo-costa/1280568/,-1
1562,Eu Aposto,musica1562,musica1562_trecho4,"Se eu perder, vai doer menos Do que está doendo agora Quando você me disse: Chega, tô indo embora Meu coração me disse: Aposta, que ela volta",Eduardo Costa,2008,27,https://www.letras.mus.br/eduardo-costa/1280568/,-1
519,Eu Era,musica519,musica519_trecho4,"Beijou a boca errada, lembrou da boca certa Entrou numa gelada, lembrou da minha coberta Sabe esse alguém perfeito que você tanto espera? Eu era, eu era",Marcos & Belutti,2017,27,https://www.letras.mus.br/marcos-belutti/eu-era/,-1
519,Eu Era,musica519,musica519_trecho5,"Aí você se lembra que a gente se completa E vai voltar pra mim, se for um pouco esperta Porque esse alguém perfeito que você tanto espera Eu era, eu era Eu era",Marcos & Belutti,2017,33,https://www.letras.mus.br/marcos-belutti/eu-era/,-1
519,Eu Era,musica519,musica519_trecho10,"Aí você se lembra que a gente se completa E vai voltar pra mim, se for um pouco esperta Porque esse alguém perfeito que você tanto espera Eu era, eu era",Marcos & Belutti,2017,31,https://www.letras.mus.br/marcos-belutti/eu-era/,-1
519,Eu Era,musica519,musica519_trecho12,"Aí você se lembra que a gente se completa E vai voltar pra mim, se for um pouco esperta Porque esse alguém perfeito que você tanto espera Eu era, eu era, eu era Eu era",Marcos & Belutti,2017,35,https://www.letras.mus.br/marcos-belutti/eu-era/,-1
405,Eu Gosto Assim (part. Mari Fernandez),musica405,musica405_trecho2,"E olha o que me aconteceu Achei alguém igual eu A gente se entende assim Porque nenhum dos dois é de pra sempre Mas eu gosto assim Ela não me ama, mas eu gosto assim A gente se pega sem se apegar A gente usa a cama só pra se usar Sem amar",Gustavo Mioto,2024,53,https://www.letras.mus.br/gustavo-mioto/eu-gosto-assim-part-mari-fernandez/,-1
405,Eu Gosto Assim (part. Mari Fernandez),musica405,musica405_trecho3,"Mas eu gosto assim Ele não me ama, mas eu gosto assim A gente se pega sem se apegar A gente usa a cama só pra se usar Sem amar Sem amar Sem amar",Gustavo Mioto,2024,34,https://www.letras.mus.br/gustavo-mioto/eu-gosto-assim-part-mari-fernandez/,-1
405,Eu Gosto Assim (part. Mari Fernandez),musica405,musica405_trecho6,"Mas eu gosto assim Ela não me ama, mas eu gosto assim A gente se pega sem se apegar A gente usa a cama só pra se usar Sem amar",Gustavo Mioto,2024,30,https://www.letras.mus.br/gustavo-mioto/eu-gosto-assim-part-mari-fernandez/,-1
405,Eu Gosto Assim (part. Mari Fernandez),musica405,musica405_trecho7,"Mas eu gosto assim Ela não me ama, mas eu gosto assim A gente se pega sem se apegar A gente usa a cama só pra se usar Sem amar Sem amar Sem amar",Gustavo Mioto,2024,34,https://www.letras.mus.br/gustavo-mioto/eu-gosto-assim-part-mari-fernandez/,-1
405,Eu Gosto Assim (part. Mari Fernandez),musica405,musica405_trecho8,"Mas eu gosto assim A Mari não me ama, mas eu gosto assim A gente se pega sem se apegar A gente usa a cama só pra se usar Sem amar",Gustavo Mioto,2024,31,https://www.letras.mus.br/gustavo-mioto/eu-gosto-assim-part-mari-fernandez/,-1
558,Eu Menti,musica558,musica558_trecho1,"Só tô mandando essa mensagem Pra dizer que eu tô com saudade Eu não consigo mais ficar longe Essa distância tá me machucando Cê vai chorar, se não tiver chorando Porque não é de nós Essa saudade que eu tô falando",Simone Mendes,2025,41,https://www.letras.mus.br/simone-mendes/eu-menti/,-1
558,Eu Menti,musica558,musica558_trecho2,"Eu menti Quando a minha boca falava: Te amo Vou te confessar que todos esses anos Eu menti Por muitas vezes eu fiz amor sem vontade Não mereço perdão, mas é a realidade Eu menti",Simone Mendes,2025,35,https://www.letras.mus.br/simone-mendes/eu-menti/,-1
558,Eu Menti,musica558,musica558_trecho3,"Muitas, muitas, muitas vezes O meu corpo é seu Mas meu coração ainda é dele",Simone Mendes,2025,15,https://www.letras.mus.br/simone-mendes/eu-menti/,-1
558,Eu Menti,musica558,musica558_trecho6,"Muitas, muitas, muitas vezes O meu corpo é seu Mas meu coração",Simone Mendes,2025,12,https://www.letras.mus.br/simone-mendes/eu-menti/,-1
1243,Eu Não Merecia Isso,musica1243,musica1243_trecho4,"Te amei, fui sincero, te quis E você sabe disso Eu não merecia isso Eu não merecia isso",Luan Santana,2015,18,https://www.letras.mus.br/luan-santana/eu-nao-merecia-isso/,-1
1243,Eu Não Merecia Isso,musica1243,musica1243_trecho5,"Te amei, fui sincero, te quis E você sabe disso Eu não merecia isso Eu não merecia isso Eu não merecia isso",Luan Santana,2015,22,https://www.letras.mus.br/luan-santana/eu-nao-merecia-isso/,-1
1168,Eu Não Quero Casar,musica1168,musica1168_trecho1,"Eu tenho um amigo que chora e reclama Que, de sexta a domingo, sua balada é na cama Vendo os seus amigos que ainda estão solteiros Saindo todo dia, bebendo o dia inteiro, uôuô",Thiago Matheus,2017,34,https://www.letras.mus.br/thiagomatheus/eu-nao-quero-casar/,-1
1168,Eu Não Quero Casar,musica1168,musica1168_trecho8,Mas meu amigo conseguiu fugir E tá solteiro só por um dia Mas sua mulher já descobriu E acabou com sua alegria,Thiago Matheus,2017,22,https://www.letras.mus.br/thiagomatheus/eu-nao-quero-casar/,-1
1093,"Eu Quero Tchu, Eu Quero Tcha",musica1093,musica1093_trecho3,"Cheguei na balada, doidinho pra biritar A galera tá no clima, todo mundo quer dançar O Neymar me chamou, e disse: Faz um tchu tcha tcha Perguntei o que é isso, ele disse: Vou te ensinar É uma dança sensual, em Goiânia já pegou Em Minas explodiu, em Tocantins já bombou No nordeste as mina faz, no verão vai pegar Então faz o tchu tcha tcha, o Brasil inteiro vai cantar",João Lucas e Marcelo,2012,71,https://www.letras.mus.br/joao-lucas-marcelo/eu-quero-tchu-eu-quero-tcha/,-1
1565,Eu Quero Você Só Pra Mim,musica1565,musica1565_trecho1,"Eu me perco nesse seu olhar Fico bobo só de imaginar seu corpo com o meu se encontrar Nosso amor é pura magia, te busco todos os dias Minha vida é só pra te amar Eu não sei se tem outra paixão e nem quero saber Vou ser dono do seu coração Menina, você pode escrever",Marcos e Fernando,2009,56,https://www.letras.mus.br/marcos-e-fernando/1508638/,-1
1150,Eu Respiro Você,musica1150,musica1150_trecho1,"O tempo para, não sei por que Quando estou perto de você Um sentimento que me faz bem Ao teu lado, não preciso de ninguém",Jorge & Mateus,2009,25,https://www.letras.mus.br/jorge-mateus/1486840/,-1
1150,Eu Respiro Você,musica1150,musica1150_trecho2,"Quando eu te chamo, você responde E eu me perco se você se esconde Se tenho forças, são todas suas Eu sem você sou como um céu sem lua",Jorge & Mateus,2009,29,https://www.letras.mus.br/jorge-mateus/1486840/,-1
1150,Eu Respiro Você,musica1150,musica1150_trecho4,"Sigo vivendo você Vivo pra poder te ter Meu ar, tô precisando respirar Mas sem você não consigo",Jorge & Mateus,2009,18,https://www.letras.mus.br/jorge-mateus/1486840/,-1
68,Eu Sei de Cor,musica68,musica68_trecho1,"É Já tá ficando chato, né? A encheção de saco, pois é Prepara, que eu já tô me preparando Enquanto cê tá indo, eu tô voltando",Marília Mendonça,2017,26,https://www.letras.mus.br/marilia-mendonca/eu-sei-de-cor/,-1
68,Eu Sei de Cor,musica68,musica68_trecho4,"Deixa, deixa mesmo de ser importante Vai deixando a gente pra outra hora E quando se der conta, já passou Quando olhar pra trás, já fui embora",Marília Mendonça,2017,27,https://www.letras.mus.br/marilia-mendonca/eu-sei-de-cor/,-1
68,Eu Sei de Cor,musica68,musica68_trecho8,"E quando se der conta, já passou Quando olhar pra trás, já fui embora",Marília Mendonça,2017,14,https://www.letras.mus.br/marilia-mendonca/eu-sei-de-cor/,-1
1472,Eu Te Amo e Open Bar,musica1472,musica1472_trecho3,"Eee, eê Eee, eá Tudo o que eu quero ouvir: Eu te amo e open bar",Michel Teló,2011,16,https://www.letras.mus.br/michel-telo/1993671/,-1
1290,Eu Te Esperarei,musica1290,musica1290_trecho1,"Eu te esperarei, nós sentaremos juntos frente ao mar E de mãos dadas vamos caminhar Mesmo que passe toda a minha vida, eu te esperarei E nos teus olhos ainda existe amor E seu olhar me disse ""eu voltarei"" Mesmo que passe toda minha vida, eu te esperarei",Simone & Simaria,2013,48,https://www.letras.mus.br/simone-simaria-as-coleguinhas/eu-te-esperarei-1/,-1
1290,Eu Te Esperarei,musica1290,musica1290_trecho3,"Eu te esperarei, nós sentaremos juntos frente ao mar E de mãos dadas vamos caminhar Mesmo que passe toda a minha vida, eu te esperarei E nos teus olhos ainda existe amor E seu olhar me disse eu voltarei Mesmo que passe toda a minha vida, eu te esperarei",Simone & Simaria,2013,49,https://www.letras.mus.br/simone-simaria-as-coleguinhas/eu-te-esperarei-1/,-1
1290,Eu Te Esperarei,musica1290,musica1290_trecho4,"Não quero nada, sigo cantando com a luz apagada Porque a guerra me tirou seu olhar Mesmo que passe toda a minha vida, eu te esperarei Sigo cantando com a luz apagada Porque a guerra me tirou seu olhar Mesmo que passe toda a minha vida, eu te esperarei",Simone & Simaria,2013,49,https://www.letras.mus.br/simone-simaria-as-coleguinhas/eu-te-esperarei-1/,-1
1290,Eu Te Esperarei,musica1290,musica1290_trecho5,"Nós sentaremos juntos frente ao mar E de mãos dadas vamos caminhar Mesmo que passe toda a minha vida, eu te esperarei E nos teus olhos ainda existe amor E seu olhar me disse eu voltarei Mesmo que passe toda a minha vida, eu te esperarei",Simone & Simaria,2013,46,https://www.letras.mus.br/simone-simaria-as-coleguinhas/eu-te-esperarei-1/,-1
1395,Eu Te Quero Sim,musica1395,musica1395_trecho1,"Eu não sei dizer realmente o que aconteceu O teu olhar feito um cometa Veio de encontro ao meu Confundiu meu coração não sei explicar A todo instante, a toda hora você está em mim Você é a flor mais linda de todo jardim Não vai se livrar de mim pode acreditar",Gusttavo Lima,2010,52,https://www.letras.mus.br/gusttavo-lima/1701779/,-1
1395,Eu Te Quero Sim,musica1395,musica1395_trecho2,"Vou fazer serenata pra você Eu topo tudo, até mudo o jeito de viver Eu te quero sim como a onda quer o mar Ser o seu doce mel e pra sempre te amar Eu te quero sim quero ter o seu amor No frio do inverno pra sempre seu cobertor Eu não sei dizer realmente o que aconteceu O teu olhar feito um cometa Veio de encontro ao meu Confundiu meu coração eu não sei explicar",Gusttavo Lima,2010,77,https://www.letras.mus.br/gusttavo-lima/1701779/,-1
1395,Eu Te Quero Sim,musica1395,musica1395_trecho3,"A todo instante, toda hora você está em mim Você é a flor mais linda de todo jardim Não vai se livrar de mim pode acreditar Vou fazer serenata pra você Eu topo tudo, até mudo o jeito de viver Eu te quero sim como a onda quer o mar Ser o seu doce mel e pra sempre te amar Eu te quero sim quero ter o seu amor No frio do inverno pra sempre seu cobertor",Gusttavo Lima,2010,77,https://www.letras.mus.br/gusttavo-lima/1701779/,-1
41,Eu Te Seguro,musica41,musica41_trecho2,"Só hoje, eu falei mais de 50 eu te amos pra ela Eu falei que não tem mais ninguém no mundo Que me congela além dela Só ela, ela",Panda Cantor,2025,29,https://www.letras.mus.br/panda-cantor/eu-te-seguro/,-1
41,Eu Te Seguro,musica41,musica41_trecho3,"Você até despenteada, vestida ou desarrumada É linda de todos os ângulos E nem é de beleza só que eu tô falando Não tem porquê cê tá chorando",Panda Cantor,2025,28,https://www.letras.mus.br/panda-cantor/eu-te-seguro/,-1
41,Eu Te Seguro,musica41,musica41_trecho4,"Vestida ou desarrumada Com humor ou emburrada E quando tiver caindo o seu mundo No dia em que se sentir insegura, eu te seguro",Panda Cantor,2025,24,https://www.letras.mus.br/panda-cantor/eu-te-seguro/,-1
41,Eu Te Seguro,musica41,musica41_trecho7,"Vestida ou desarrumada Com humor ou emburrada E quando tiver caindo o seu mundo No dia em que se sentir insegura, eu te seguro Confia em mim",Panda Cantor,2025,27,https://www.letras.mus.br/panda-cantor/eu-te-seguro/,-1
1366,Eu Tentei (part. Mateus),musica1366,musica1366_trecho2,"Tudo que a brisa leva Um dia volta com o vento Sinto uma coisa muito forte É o fim do sofrimento Por muito tempo eu tentei Eu corri contra o tempo, eu sei Só de saudades eu vou vivendo E assim eu não aguento, eu tentei",Matheus & Kauan,2012,46,https://www.letras.mus.br/matheus-kauan/1746810/,-1
1366,Eu Tentei (part. Mateus),musica1366,musica1366_trecho4,"Por muito tempo eu tentei Eu corri contra o tempo, eu sei Só de saudades eu vou vivendo E assim eu não aguento, eu tentei Tudo que a brisa leva Um dia volta com o vento Sinto uma coisa muito forte É o fim do sofrimento",Matheus & Kauan,2012,46,https://www.letras.mus.br/matheus-kauan/1746810/,-1
1366,Eu Tentei (part. Mateus),musica1366,musica1366_trecho5,"Por muito tempo eu tentei Eu corri contra o tempo, eu sei Só de saudades eu vou vivendo E assim eu não aguento, eu tentei Eu tentei",Matheus & Kauan,2012,27,https://www.letras.mus.br/matheus-kauan/1746810/,-1
1577,Eu Tô Jogando Verde,musica1577,musica1577_trecho2,Tô esperando Porque tá gaguejando? Pode contar o que fez ontem à noite Quero saber de tudo E não me esconda nada Vamos acabar logo com essa palhaçada,Luan Santana,2009,28,https://www.letras.mus.br/luan-santana/1546174/,-1
1353,"Eu Vou Contar Procêis (part. Jorge e Mateus, Gusttavo Lima e Israel Novaes)",musica1353,musica1353_trecho1,"Eu vou contar pro cêis, eu vou contar pro cêis A história de um amor, de tudo que ela me fez Eu vou contar pro cêis, eu vou contar pro cêis A história de um amor, de tudo que ela me fez",Humberto e Ronaldo,2012,42,https://www.letras.mus.br/humberto-ronaldo/eu-vou-contar-pro-ceis/,-1
1353,"Eu Vou Contar Procêis (part. Jorge e Mateus, Gusttavo Lima e Israel Novaes)",musica1353,musica1353_trecho10,"Eu vou contar pro cêis, eu vou contar pro cêis A história de um amor, de tudo que ela me fez Eu vou contar pro cêis, eu vou contar pro cêis A história de um amor, de tudo que ela me fez A história de um amor, de tudo que ela me fez",Humberto e Ronaldo,2012,53,https://www.letras.mus.br/humberto-ronaldo/eu-vou-contar-pro-ceis/,-1
1552,Eu Vou Te Buscar (part. Hungria),musica1552,musica1552_trecho8,Já que é pra falar de amor Qual homem que nunca chorou? Tá difícil sem essa mina Hungria e Gusttavo Lima Eu vou te buscar,Gusttavo Lima,2018,25,https://www.letras.mus.br/gusttavo-lima/eu-vou-te-buscar/,-1
957,Eu Vou Te Levantar,musica957,musica957_trecho2,Faz tempo que a gente não conversa Faz tempo que você não se alegra Faz muito tempo que eu quero te dizer Como eu vou fazer!,Lucas Roque e Gabriel,2020,26,https://www.letras.mus.br/lucas-rock-e-gabriel/eu-vou-te-levantar/,-1
957,Eu Vou Te Levantar,musica957,musica957_trecho8,Ele cuida de você E não vai faltar nada Ele está cuidando,Lucas Roque e Gabriel,2020,12,https://www.letras.mus.br/lucas-rock-e-gabriel/eu-vou-te-levantar/,-1
957,Eu Vou Te Levantar,musica957,musica957_trecho9,"Então canta, descansa e anda",Lucas Roque e Gabriel,2020,5,https://www.letras.mus.br/lucas-rock-e-gabriel/eu-vou-te-levantar/,-1
957,Eu Vou Te Levantar,musica957,musica957_trecho10,Por que estás assim?,Lucas Roque e Gabriel,2020,4,https://www.letras.mus.br/lucas-rock-e-gabriel/eu-vou-te-levantar/,-1
1086,Eu Vou Tentando Te Agarrar,musica1086,musica1086_trecho2,"Foi de repente, num segundo Você invadiu meu mundo, e eu me entreguei Já não aguento essa saudade de te abraçar De te beijar e te querer",Gusttavo Lima,2011,27,https://www.letras.mus.br/gusttavo-lima/1810824/,-1
1086,Eu Vou Tentando Te Agarrar,musica1086,musica1086_trecho3,"E agora que você me tem Eu já não sei o que fazer Estou completamente apaixonado por você Essa paixão que me domina Essa paixão que me alucina Oh, meu bem querer",Gusttavo Lima,2011,32,https://www.letras.mus.br/gusttavo-lima/1810824/,-1
1086,Eu Vou Tentando Te Agarrar,musica1086,musica1086_trecho6,"Foi de repente, em um segundo Você invadiu meu mundo, e eu me entreguei Já não aguento essa saudade de te abraçar De te beijar e te querer",Gusttavo Lima,2011,28,https://www.letras.mus.br/gusttavo-lima/1810824/,-1
1086,Eu Vou Tentando Te Agarrar,musica1086,musica1086_trecho7,E agora que você me tem Eu já não sei o que fazer Estou completamente apaixonado por você Essa paixão que me domina Essa paixão que me alucina,Gusttavo Lima,2011,28,https://www.letras.mus.br/gusttavo-lima/1810824/,-1
53,Evento Cancelado,musica53,musica53_trecho2,"Eu perdi minha chance quando me entreguei pra outro alguém Se não for com você, não vai ser com ninguém",Henrique & Juliano,2022,20,https://www.letras.mus.br/henrique-e-juliano/evento-cancelado/,-1
53,Evento Cancelado,musica53,musica53_trecho5,"Evento cancelado, vestido diferente Curto e vermelho pra seguir em frente E eu, eu sigo solteiro pra sempre",Henrique & Juliano,2022,18,https://www.letras.mus.br/henrique-e-juliano/evento-cancelado/,-1
1214,Everest (part. Luan Santana),musica1214,musica1214_trecho3,Eu corro a 120 com o carro na contramão Eu me lanço ao vento do décimo quinto andar Aprendo a voar pra te provar Que a fé move montanhas e eu movo o mundo Pra te amar,Fernando e Sorocaba,2012,37,https://www.letras.mus.br/fernando-sorocaba/1980905/,-1
1570,Ex do Seu Atual,musica1570,musica1570_trecho1,Eu conheço essa pessoa Que tá chegando aqui no bar Eu sei quem ela é O meu ex está ficando com essa mulher,Naiara Azevedo,2016,23,https://www.letras.mus.br/naiara-azevedo/ex-do-seu-atual/,-1
1570,Ex do Seu Atual,musica1570,musica1570_trecho2,"Garçom, bota minha mesa lá do lado dela Que eu vou desabafar, já bebi todas mesmo E todos os segredos dele eu vou contar",Naiara Azevedo,2016,24,https://www.letras.mus.br/naiara-azevedo/ex-do-seu-atual/,-1
1570,Ex do Seu Atual,musica1570,musica1570_trecho3,Ela precisa saber que ele não presta E que é infiel Eu já sofri nas mãos deste homem Meu Deus do céu,Naiara Azevedo,2016,22,https://www.letras.mus.br/naiara-azevedo/ex-do-seu-atual/,-1
1489,Exclusividade,musica1489,musica1489_trecho5,"E longe de você Eu peço socorro Mas é só te ver O tempo para, a boca seca, o peito pega fogo",Matheus & Kauan,2017,22,https://www.letras.mus.br/matheus-kauan/exclusividade/,-1
779,Fã Clube (part. Marília Mendonça),musica779,musica779_trecho1,"Ah, se meus olhos tirassem fotos Das poses que você faz Eu nem piscaria mais",Maiara & Maraisa,2021,15,https://www.letras.mus.br/maiara-maraisa/fa-clube/,-1
779,Fã Clube (part. Marília Mendonça),musica779,musica779_trecho4,"Meu coração fez um fã clube só pra você Oh, meu amor, eu vim aqui só pra te ver Meu coração fez um fã clube só pra você Depois do show na cama que cê deu",Maiara & Maraisa,2021,36,https://www.letras.mus.br/maiara-maraisa/fa-clube/,-1
779,Fã Clube (part. Marília Mendonça),musica779,musica779_trecho6,"Sua fã número um sou eu, sou eu Sua fã número um sou eu, sou eu",Maiara & Maraisa,2021,16,https://www.letras.mus.br/maiara-maraisa/fa-clube/,-1
43,Facas (part. Bruno & Marrone),musica43,musica43_trecho1,Primeiramente guarde suas armas Já me machuca tanto as suas palavras Eu tô querendo uma conversa civilizada,Diego e Victor Hugo,2021,17,https://www.letras.mus.br/diego-victor-hugo/facas-part-bruno-e-marrone/,-1
43,Facas (part. Bruno & Marrone),musica43,musica43_trecho2,"Sei que tá esperando uma crítica Mas tô correndo dessa briga Hoje não tem vilão, hoje não tem vítima Não tem plateia, não tem bebida",Diego e Victor Hugo,2021,25,https://www.letras.mus.br/diego-victor-hugo/facas-part-bruno-e-marrone/,-1
43,Facas (part. Bruno & Marrone),musica43,musica43_trecho4,Como se duas facas se riscassem procurando o corte São dois corações disputando quem é o mais forte,Diego e Victor Hugo,2021,18,https://www.letras.mus.br/diego-victor-hugo/facas-part-bruno-e-marrone/,-1
43,Facas (part. Bruno & Marrone),musica43,musica43_trecho12,Como se duas facas se riscassem procurando o corte São dois corações disputando quem é o mais forte São dois corações disputando quem é o mais forte,Diego e Victor Hugo,2021,27,https://www.letras.mus.br/diego-victor-hugo/facas-part-bruno-e-marrone/,-1
1545,Fake News,musica1545,musica1545_trecho1,"Se a cidade falar que me viu sofrendo, é mentira Não acredita Se o povo falou que me viu chorando, mentiu É fake news",Gustavo Mioto,2019,24,https://www.letras.mus.br/gustavo-mioto/fake-news/,-1
1545,Fake News,musica1545,musica1545_trecho2,Cê acha que eu tenho cara de alguém que sofre por alguém Que não tem coração? Se acha não Cê acha que pra te esquecer tô tendo que usar medicação? Cê tem razão,Gustavo Mioto,2019,33,https://www.letras.mus.br/gustavo-mioto/fake-news/,-1
1545,Fake News,musica1545,musica1545_trecho5,"Cê acha que eu tenho cara de alguém que sofre por alguém Que não tem coração? Se acha não Cê acha que pra te esquecer tô tendo que usar medicação? É, mais ou menos isso, viu?",Gustavo Mioto,2019,36,https://www.letras.mus.br/gustavo-mioto/fake-news/,-1
978,Fala,musica978,musica978_trecho1,Fala que entendi errado Que não teve A intenção de terminar Fala que foi sem querer Foi da boca prá fora Um ato sem pensar...,Edson & Hudson,2007,25,https://www.letras.mus.br/edson-e-hudson/1102114/,-1
978,Fala,musica978,musica978_trecho2,Fala que ainda guarda dentro Do fundo do peito Uma louca paixão Fala que ainda me ama E não é ninguém Sem o meu coração...,Edson & Hudson,2007,25,https://www.letras.mus.br/edson-e-hudson/1102114/,-1
978,Fala,musica978,musica978_trecho3,Fala! Eu vou entender Que bateu solidão Que só pensa em me ver Fala amor! Eu preciso ouvir de você Que ainda me quer Que foi um mal entendido Entre um homem E uma mulher...,Edson & Hudson,2007,35,https://www.letras.mus.br/edson-e-hudson/1102114/,-1
978,Fala,musica978,musica978_trecho4,Fala que entendi errado Que não teve A intenção de terminar Fala que foi sem querer Foi da boca pra fora Um ato sem pensar...,Edson & Hudson,2007,25,https://www.letras.mus.br/edson-e-hudson/1102114/,-1
1072,Fala Comigo,musica1072,musica1072_trecho4,"Fala comigo, bebê Fala comigo Paga de moça Mas adora o proibido",Gusttavo Lima,2021,12,https://www.letras.mus.br/gusttavo-lima/fala-comigo/,-1
597,Falando Sério,musica597,musica597_trecho1,"Você não tem limite, você não tem hora Liga pra brincar com o meu sentimento Faz proposta que sempre me apavora Sabe o que é amar e tá perdendo tempo",João Bosco & Vinícius,2010,30,https://www.letras.mus.br/joao-bosco-viniciusacustico/1092847/,-1
769,Falei Pra Deus,musica769,musica769_trecho2,"Mesmo conhecendo todos os meus erros Mesmo sabendo todos os meus defeitos Por que me escolheu? Mesmo sabendo que, eu fraco sou Mesmo sabendo que eu falho sou, porque me Escolheu?",Alisson Santos,2024,31,https://www.letras.mus.br/alisson-santos/falei-pra-deus/,-1
769,Falei Pra Deus,musica769,musica769_trecho3,"Te escolhi, porque não dependo de tua força Te escolhi, porque capacito, quem eu quero Usar Eu te escolhi, mesmo sendo pequeno te Escolhi Te escolhi, mesmo sendo tão frágil, te escolhi Eu te escolhi pra te capacitar Eu sou o oleiro, e vou te moldar Eu te escolhi meu filho para te usar",Alisson Santos,2024,54,https://www.letras.mus.br/alisson-santos/falei-pra-deus/,-1
769,Falei Pra Deus,musica769,musica769_trecho4,"Mesmo conhecendo todos os meus erros Mesmo sabendo todos os meus defeitos Por que me escolheu? Mesmo sabendo que, eu fraco sou Mesmo sabendo que, eu falho sou, porque me Escolheu?",Alisson Santos,2024,31,https://www.letras.mus.br/alisson-santos/falei-pra-deus/,-1
1538,Fama de Pegador,musica1538,musica1538_trecho1,"Os playboy mete a mala, se isola na balada Toma whisky na taça acha que pira a mulherada Pagando de gatão, mais não pega nada E eu lá na humilde curtindo com altas gatas",Pedro Paulo e Alex,2012,34,https://www.letras.mus.br/pedro-paulo-alex/fama-de-pegador/,-1
1538,Fama de Pegador,musica1538,musica1538_trecho3,"Não tenho dodge ram, nem camaro amarelo Eu pego as gatinhas do xaveco e no chinelo Sou conquistador, na balada um terror Pedro paulo e Alex tem fama de pegador Tem fama de pegador",Pedro Paulo e Alex,2012,34,https://www.letras.mus.br/pedro-paulo-alex/fama-de-pegador/,-1
1538,Fama de Pegador,musica1538,musica1538_trecho5,"Os playba mete mala, se isola na balada Toma whisky na taça acha que pira a mulherada Pagando de gatão, mais não pega nada E eu lá na humilde curtindo com altas gatas",Pedro Paulo e Alex,2012,33,https://www.letras.mus.br/pedro-paulo-alex/fama-de-pegador/,-1
1538,Fama de Pegador,musica1538,musica1538_trecho6,"Eu não sou duas caras, eu não tenho dinheiro Fim de noite acompanhado eu vo pra casa, eu to faceiro Eu não sou herdeiro, mais sou bom no converseiro E mesmo a pé tem muita mulher no meu pé A noite inteira Não tenho dodge ram, nem camaro amarelo Eu pego as gatinhas do xaveco e no chinelo Sou conquistador, na balada um terror Pedro paulo e Alex tem fama de pegador Tem fama de pegador",Pedro Paulo e Alex,2012,76,https://www.letras.mus.br/pedro-paulo-alex/fama-de-pegador/,-1
381,Faz de Conta,musica381,musica381_trecho1,"Chega fazendo de conta que não me conhece não Sorri pra todo mundo, Me olha por um segundo Pra ver se tem minha atenção.",Luan Santana,2008,24,https://www.letras.mus.br/luan-santana/1129633/,-1
381,Faz de Conta,musica381,musica381_trecho2,Se falo contigo me ignora Não quer me dar razão ! Diz pra todo mundo que vive me dando fora Que eu sirvo só pra curtição !,Luan Santana,2008,27,https://www.letras.mus.br/luan-santana/1129633/,-1
381,Faz de Conta,musica381,musica381_trecho3,"Me diz pra quê ? Fazer tanto charminho Tá perdendo seu tempo, sem me dar carinho Assuma de vez Que quer me amar Quem desdenha quer comprar Quero pedir, menina não brinque comigo Não deixe demais meu coração de castigo Você sabe que tem toda minha atenção E que eu não sirvo só pra curtição.",Luan Santana,2008,55,https://www.letras.mus.br/luan-santana/1129633/,-1
381,Faz de Conta,musica381,musica381_trecho4,Quer me amar Se entregar Não quer falar Que é meu o seu coração E que eu não sirvo só pra curtição,Luan Santana,2008,22,https://www.letras.mus.br/luan-santana/1129633/,-1
381,Faz de Conta,musica381,musica381_trecho5,"Me diz pra quê ? Fazer tanto charminho Tá perdendo seu tempo, sem me dar carinho Assuma de vez.. Que quer me amar. Quem desdenha quer comprar Quero pedir, menina não brinque comigo. Não deixe demais meu coração de castigo Você sabe que tem toda minha atenção. E que eu não sirvo só pra curtição.",Luan Santana,2008,55,https://www.letras.mus.br/luan-santana/1129633/,-1
1499,Faz do Seu Jeito,musica1499,musica1499_trecho2,"Nós dois tá bom demais Que chega a dar medo Eu já amo você, mas se achar que ainda é cedo",Henrique & Juliano,2017,21,https://www.letras.mus.br/henrique-e-juliano/no-seu-tempo/,-1
1499,Faz do Seu Jeito,musica1499,musica1499_trecho3,"Eu vou no seu tempo Que seja em segredo De sexta a domingo Pra mim tá perfeito Não precisa mudar o status Deixa do jeito que tá Se eu já tenho você do meu lado Tá lindo, pra que complicar?",Henrique & Juliano,2017,40,https://www.letras.mus.br/henrique-e-juliano/no-seu-tempo/,-1
619,Fazenda São Francisco (Maior Proeza) (part. Zé Camillo),musica619,musica619_trecho5,"Pra cumprir sua promessa a moça veio ligeiro Me disse: Você provou ser peão e boiadeiro Dos prêmios que vou lhe dar, o beijo é o primeiro Sua boca foi abrindo, seu olhar ficou morteiro Nesta hora eu acordei abraçando o travesseiro",Daniel,2023,42,https://www.letras.mus.br/daniel/238694/,-1
771,FAZENDEIRO,musica771,musica771_trecho3,(Fazendeiro) Ela se amarra num cowboy porque playboy não tem dinheiro (Fazendeiro) Ela quer minha pegada bruta com aroma de paieiro (Fazendeiro) Ela se amarra num cowboy porque playboy não tem dinheiro (Fazendeiro) Ela quer minha pegada bruta com aroma de paieiro,Luan Pereira,2025,42,https://www.letras.mus.br/luan-pereira/fazendeiro/,-1
771,FAZENDEIRO,musica771,musica771_trecho8,"Ela se amarra num cowboy porque playboy não tem dinheiro (Fazendeiro) quem gostou, dá um grito!",Luan Pereira,2025,16,https://www.letras.mus.br/luan-pereira/fazendeiro/,-1
1134,Férias Em Salvador,musica1134,musica1134_trecho4,Não durmo mais na cama Pois seu cheiro ali está A solidão Não quer mais me deixar,Fernando e Sorocaba,2012,17,https://www.letras.mus.br/fernando-sorocaba/1945414/,-1
1134,Férias Em Salvador,musica1134,musica1134_trecho6,Simples detalhes De uma vida a dois O amor ficou só que você se foi Você se foi,Fernando e Sorocaba,2012,18,https://www.letras.mus.br/fernando-sorocaba/1945414/,-1
1134,Férias Em Salvador,musica1134,musica1134_trecho13,"Filmagens, flashes, momentos Recordações tatuadas no peito A gente pode voltar Deve haver algum jeito",Fernando e Sorocaba,2012,15,https://www.letras.mus.br/fernando-sorocaba/1945414/,-1
1449,Ferida Curada,musica1449,musica1449_trecho1,"Tão cheia de certeza, você duvidou Que não existia mais resquícios de amor Saiu perdida na vida, ficando por ficar E não contava que a saudade ia te encontrar",Zé Neto e Cristiano,2020,29,https://www.letras.mus.br/ze-neto-cristiano/ferida-curada/,-1
1449,Ferida Curada,musica1449,musica1449_trecho2,"E agora tá aqui Mas fiquei sem você e me acostumei Pensei que quando te encontrasse Ia tremer, mas eu nem balancei",Zé Neto e Cristiano,2020,22,https://www.letras.mus.br/ze-neto-cristiano/ferida-curada/,-1
1391,Festa Boa (part. Gusttavo Lima),musica1391,musica1391_trecho1,"A festa é boa é hoje e nós vamos pipocar Tem o Gusttavo Lima e o bicho vai pegar Eu já liguei pras gata, as mais linda, sem noção Camarote lotado só tocando os pancadão Eu desço champanhe as mina pira e paga pau Desço um combo de Whisky pra elas liberar geral O povo ficando louco, todo desorientado E sua mulher não pode saber que você está aqui do lado",Henrique & Diego,2013,71,https://www.letras.mus.br/henrique-diego/festa-boa/,-1
1391,Festa Boa (part. Gusttavo Lima),musica1391,musica1391_trecho3,"A festa é boa hoje e o bicho vai pegar Tem Henrique e Diego e o pau vai quebrar Eu já liguei pras gata, as mais linda, sem noção Camarote lotado só tocando os pancadão Eu desço champanhe as mina pira e paga pau Desço um pouco de Whisky pra elas liberar geral O povo ficando louco, todo desorientado E sua mulher não pode saber que você está aqui do lado",Henrique & Diego,2013,71,https://www.letras.mus.br/henrique-diego/festa-boa/,-1
1071,Ficha Limpa,musica1071,musica1071_trecho1,"Quando você me toca não arrepia a pele Suas palavras não me cortam, mas me ferem",Gusttavo Lima,2021,16,https://www.letras.mus.br/gusttavo-lima/ficha-limpa/,-1
1071,Ficha Limpa,musica1071,musica1071_trecho2,"Eu não tô feliz, você também A gente tá enganando quem? Tá tudo fora do normal No momento, a gente pode ser tudo Tudo, tudo, menos um casal",Gusttavo Lima,2021,28,https://www.letras.mus.br/gusttavo-lima/ficha-limpa/,-1
1071,Ficha Limpa,musica1071,musica1071_trecho3,"Doa a quem doer, no caso eu Tô indo embora com minha ficha limpa De saudade, de cabeça erguida Eu vou sofrer, mas não vou recair Mas já você vai precisar de mim",Gusttavo Lima,2021,33,https://www.letras.mus.br/gusttavo-lima/ficha-limpa/,-1
1071,Ficha Limpa,musica1071,musica1071_trecho4,"Doa a quem doer, no caso eu Tô indo embora com minha ficha limpa De saudade, de cabeça erguida Eu vou sofrer, mas não vou recair Mas já você vai precisar de mim Pra te tirar do fundo desse poço que eu saí",Gusttavo Lima,2021,43,https://www.letras.mus.br/gusttavo-lima/ficha-limpa/,-1
1071,Ficha Limpa,musica1071,musica1071_trecho8,"Eu vou sofrer, mas não vou recair Mas já você vai precisar de mim Pra te tirar do fundo desse poço que eu saí",Gusttavo Lima,2021,24,https://www.letras.mus.br/gusttavo-lima/ficha-limpa/,-1
1560,Fico Com Você,musica1560,musica1560_trecho3,Eu digo que já tô em outra Eu que dou beijo na boca Só pra te esquecer Só pra te esquecer,Bruninho e Davi,2014,21,https://www.letras.mus.br/bruninho-davi/fico-com-voce/,-1
1560,Fico Com Você,musica1560,musica1560_trecho4,Me faço de difícil à toa Mas se é pra ficar na boa Eu fico com você Eu fico com você,Bruninho e Davi,2014,21,https://www.letras.mus.br/bruninho-davi/fico-com-voce/,-1
593,Fim de Namoro,musica593,musica593_trecho4,Te ver chorar com a sensação de me perder É o sim que cê falou pra mim sem me dizer Te ver chorar com a sensação de me perder É o sim que cê falou pra mim sem me dizer,Henrique & Juliano,2025,40,https://www.letras.mus.br/henrique-e-juliano/fim-de-namoro/,-1
1454,Final de Semana,musica1454,musica1454_trecho2,"Mas não adianta, não engana Vai fazer a sua fama E achar o que procurou",João Bosco & Vinícius,2012,15,https://www.letras.mus.br/joao-bosco-viniciusacustico/final-de-semana/,-1
1454,Final de Semana,musica1454,musica1454_trecho3,"Amor, me dá um beijo Vem matar essa vontade, vem dormir na minha cama Eu posso te fazer feliz por toda a vida E mais um final de semana",João Bosco & Vinícius,2012,29,https://www.letras.mus.br/joao-bosco-viniciusacustico/final-de-semana/,-1
1454,Final de Semana,musica1454,musica1454_trecho11,Eu posso te fazer feliz por toda a vida E mais um final de semana,João Bosco & Vinícius,2012,15,https://www.letras.mus.br/joao-bosco-viniciusacustico/final-de-semana/,-1
1166,Fiorino,musica1166,musica1166_trecho14,"Simbora, moçada! Vamo tirar onda",Gabriel Gava,2012,5,https://www.letras.mus.br/gabriel-gava/fiorino/,-1
64,Flor,musica64,musica64_trecho2,"Flor, pra onde foi você, flor? Com seu perfume de amor O que é que eu fiz de ruim? Eu não achei outra flor com a beleza e a cor Que tem você pra mim",Jorge & Mateus,2012,35,https://www.letras.mus.br/jorge-mateus/flor/,-1
64,Flor,musica64,musica64_trecho4,"Meu coração é regador de flor Te regando, amor, cê vai me amar Meu coração é regador de amor Te regando, flor, cê vai me amar",Jorge & Mateus,2012,26,https://www.letras.mus.br/jorge-mateus/flor/,-1
64,Flor,musica64,musica64_trecho6,"Flor, pra onde foi você, flor? Com seu perfume de amor O que é que eu fiz de ruim? Eu não achei outra flor Com a beleza e a cor Que tem você pra mim",Jorge & Mateus,2012,35,https://www.letras.mus.br/jorge-mateus/flor/,-1
736,Flor de Plástico (part. Jorge e Mateus),musica736,musica736_trecho3,Olhando de longe é tão linda Mas me diz Por que me encantou depois matou meu amor Bem me quer mal me quis Com seu perfume você me enganou Foi tudo falso Foi vista na primavera mas na verdade era Flor de plástico,Fred & Fabrício,2023,43,https://www.letras.mus.br/fred-e-fabricio/flor-de-plastico-part-jorge-e-mateus/,-1
50,Flor E O Beija-Flor (part. Marília Mendonça),musica50,musica50_trecho1,Essa é uma velha história De uma flor e um beija-flor Que conheceram o amor Numa noite fria de outono E as folhas caídas no chão Na estação que não tem cor,Henrique & Juliano,2015,32,https://www.letras.mus.br/henrique-e-juliano/a-flor-e-o-beija-flor/,-1
50,Flor E O Beija-Flor (part. Marília Mendonça),musica50,musica50_trecho2,E a flor conhece o beija-flor E ele lhe apresenta o amor E diz que o frio é uma fase ruim Que ela era a flor mais linda do jardim E a única que suportou Merece conhecer o amor e todo seu calor,Henrique & Juliano,2015,43,https://www.letras.mus.br/henrique-e-juliano/a-flor-e-o-beija-flor/,-1
50,Flor E O Beija-Flor (part. Marília Mendonça),musica50,musica50_trecho3,"Ai, que saudade de um beija-flor Que me beijou, depois voou Pra longe demais Pra longe de nós",Henrique & Juliano,2015,18,https://www.letras.mus.br/henrique-e-juliano/a-flor-e-o-beija-flor/,-1
50,Flor E O Beija-Flor (part. Marília Mendonça),musica50,musica50_trecho4,Saudade de um beija-flor Lembranças de um antigo amor O dia amanheceu tão lindo Eu durmo e acordo sorrindo,Henrique & Juliano,2015,19,https://www.letras.mus.br/henrique-e-juliano/a-flor-e-o-beija-flor/,-1
50,Flor E O Beija-Flor (part. Marília Mendonça),musica50,musica50_trecho9,O dia amanheceu tão lindo Eu durmo e acordo sorrindo,Henrique & Juliano,2015,10,https://www.letras.mus.br/henrique-e-juliano/a-flor-e-o-beija-flor/,-1
244,Flores Em Vida,musica244,musica244_trecho1,Quero seu amor agora Não a saudade depois Seu carinho pela vida afora Antes que o fim pare entre nós dois,Zezé Di Camargo & Luciano,2014,21,https://www.letras.mus.br/zeze-di-camargo-e-luciano/flores-em-vida/,-1
244,Flores Em Vida,musica244,musica244_trecho2,Quero sua companhia Caminhar na mesma direção É certo que um certo dia A vida nos separe em alguma estação,Zezé Di Camargo & Luciano,2014,20,https://www.letras.mus.br/zeze-di-camargo-e-luciano/flores-em-vida/,-1
244,Flores Em Vida,musica244,musica244_trecho3,Quero flores em vida Seu sorriso a me iluminar As lágrimas de despedida Não estarei por perto pra enxugar,Zezé Di Camargo & Luciano,2014,19,https://www.letras.mus.br/zeze-di-camargo-e-luciano/flores-em-vida/,-1
244,Flores Em Vida,musica244,musica244_trecho4,"Eu quero viver a vida, quero flores em vida Colhidas no jardim do amor Eu quero viver a vida, quero flores em vida Colhidas no jardim do amor Do nosso amor",Zezé Di Camargo & Luciano,2014,31,https://www.letras.mus.br/zeze-di-camargo-e-luciano/flores-em-vida/,-1
250,Foi por Conveniência,musica250,musica250_trecho1,"Bonito não é, nem chega aos pés Do conto de fadas que a moça sonhou Não foi por querer, foi por convencer De tanto forçar, ele se acostumou, não soltou",Marília Mendonça,2021,30,https://www.letras.mus.br/marilia-mendonca/conveniencia/,-1
250,Foi por Conveniência,musica250,musica250_trecho3,"Não foi por amor, foi aquele domingo de cama vazia Saudade dos filhos, da mensagem de bom dia Medo de morrer sozinho, pressão da família Foi tudo, menos isso que chamam de amor",Marília Mendonça,2021,33,https://www.letras.mus.br/marilia-mendonca/conveniencia/,-1
1310,Folgado,musica1310,musica1310_trecho1,"Não venha, não Eu vivo do jeito que eu quero, não pedi opinião Você chegou agora e tá querendo mandar em mim Da minha vida cuido eu Deitou na minha cama e quer dormir com o travesseiro",Marília Mendonça,2015,37,https://www.letras.mus.br/marilia-mendonca/folgado/,-1
1310,Folgado,musica1310,musica1310_trecho4,"Eu nunca tive lei E nem horário pra sair nem pra voltar Se lembra que eu mandei você acostumar? Tô te mandando embora, melhor sair agora Não vem me controlar",Marília Mendonça,2015,30,https://www.letras.mus.br/marilia-mendonca/folgado/,-1
1079,Fora do Comum,musica1079,musica1079_trecho2,"Eu sei que pra você é fácil superar Em outra pessoa, em qualquer lugar A tática perfeita eu vou elaborar Em outra ocasião a gente se reencontrar Se amar",Gusttavo Lima,2011,29,https://www.letras.mus.br/gusttavo-lima/1831161/,-1
762,Fotos,musica762,musica762_trecho3,"Uma vida pra tirar você da minha Só seus flashs disparam meu coração Já rasguei as fotos, mas em pensamento Guardo cópias do seu beijo e solidão",Victor & Leo,2007,27,https://www.letras.mus.br/victor-leo/1088823/,-1
762,Fotos,musica762,musica762_trecho7,Uma vida pra tirar você da minha Só seus flashs disparam meu coração Já rasguei as fotos mas em pensamento Guardo cópias do seu beijo e solidão,Victor & Leo,2007,27,https://www.letras.mus.br/victor-leo/1088823/,-1
138,Fronteira (part. Gustavo Mioto),musica138,musica138_trecho1,"Não emociona eu, não Cê não brinca comigo Que meu coração tá quieto Tá longe de qualquer risco Sabe aquele placa de aviso? Cuidado, perigo, cê ultrapassou Então pensa bem nas consequências Desse eu te amo que você falou",Ana Castela,2024,39,https://www.letras.mus.br/ana-castela/fronteira-part-gustavo-mioto/,-1
138,Fronteira (part. Gustavo Mioto),musica138,musica138_trecho2,Acho bom cê não ficar brincando com a expectativa que você criou,Ana Castela,2024,12,https://www.letras.mus.br/ana-castela/fronteira-part-gustavo-mioto/,-1
138,Fronteira (part. Gustavo Mioto),musica138,musica138_trecho3,"Cê tá cruzando a fronteira Esquece não Que mais um passo cê abre a porteira Do coração Vai dar namoro, vai ter igreja Você e meu pai tomando cerveja Se quer isso, bora, se não, nem me beija",Ana Castela,2024,38,https://www.letras.mus.br/ana-castela/fronteira-part-gustavo-mioto/,-1
138,Fronteira (part. Gustavo Mioto),musica138,musica138_trecho5,"Não emociona eu, não Cê não brinca comigo Que meu coração tá quieto Tá longe de qualquer risco Sabe aquela placa de aviso? Cuidado, perigo, cê ultrapassou Então pensa bem nas consequências Desse eu te amo que você falou",Ana Castela,2024,39,https://www.letras.mus.br/ana-castela/fronteira-part-gustavo-mioto/,-1
138,Fronteira (part. Gustavo Mioto),musica138,musica138_trecho6,Eu acho bom cê não ficar brincando com a expectativa que você criou,Ana Castela,2024,13,https://www.letras.mus.br/ana-castela/fronteira-part-gustavo-mioto/,-1
138,Fronteira (part. Gustavo Mioto),musica138,musica138_trecho9,"Cê tá cruzando a fronteira Se quer isso, bora, se não, nem me beija",Ana Castela,2024,14,https://www.letras.mus.br/ana-castela/fronteira-part-gustavo-mioto/,-1
1087,Fugidinha,musica1087,musica1087_trecho3,"Tô bem na parada, ninguém consegue entender Chego na balada, todos param pra me ver Tudo dando certo, mas eu tô esperto Não posso botar tudo a perder",Michel Teló,2010,28,https://www.letras.mus.br/michel-telo/1679247/,-1
629,Fui Fiel,musica629,musica629_trecho1,"Foi bonito, foi, foi intenso Foi verdadeiro, mas sincero Sei que fui capaz, fiz até demais Te quis do teu jeito",Gusttavo Lima,2014,21,https://www.letras.mus.br/gusttavo-lima/fui-fiel/,-1
629,Fui Fiel,musica629,musica629_trecho2,"Te amei, te mostrei que o meu amor Foi o mais profundo Me doei, me entreguei, fui fiel Chorei, chorei",Gusttavo Lima,2014,20,https://www.letras.mus.br/gusttavo-lima/fui-fiel/,-1
629,Fui Fiel,musica629,musica629_trecho5,"Foi bonito, foi, foi intenso Foi verdadeiro, mais sincero Sei que fui capaz, fiz até demais Te quis do teu jeito",Gusttavo Lima,2014,21,https://www.letras.mus.br/gusttavo-lima/fui-fiel/,-1
850,Fumo da Noite,musica850,musica850_trecho1,"Ô, delegado, arquiva esse caso Eu sei que quem bate na traseira sempre tá errado Mas escuta meu lado, se você ama ou já foi amado Com certeza eu vou ser inocentado",Danilo e Davi,2023,32,https://www.letras.mus.br/danilo-e-davi/fumo-da-noite/,-1
1153,Gatinha Assanhada,musica1153,musica1153_trecho3,"E tá perdendo a linha, descendo na balada Com dedinho na boca, ela tá pirada",Gusttavo Lima,2012,15,https://www.letras.mus.br/gusttavo-lima/gatinha-assanhada/,-1
1130,Gaveta,musica1130,musica1130_trecho1,Quando a praia se esquecer do mar E o mar desistir das ondas As ondas vão se acalmar E aos poucos vão deixar a prancha Nesse dia eu vou te esquecer,Fernando e Sorocaba,2014,31,https://www.letras.mus.br/fernando-sorocaba/gaveta/,-1
1130,Gaveta,musica1130,musica1130_trecho2,Quando a prancha esquecer dos pés E os pés não deixarem pegadas Pegadas não serão vestígios De alguém que cruzou nossa estrada Nesse dia eu vou te esquecer,Fernando e Sorocaba,2014,28,https://www.letras.mus.br/fernando-sorocaba/gaveta/,-1
1130,Gaveta,musica1130,musica1130_trecho3,"Tá duvidando, é? Cuidado Que eu te esqueço e você cai do cavalo Tá se achando, é? Aproveita Que um dia eu te esqueço na gaveta Que um dia eu te esqueço na gaveta",Fernando e Sorocaba,2014,34,https://www.letras.mus.br/fernando-sorocaba/gaveta/,-1
1130,Gaveta,musica1130,musica1130_trecho7,"Tá duvidando, é? Cuidado Que eu te esqueço e você cai do cavalo Tá se achando, é? Aproveita Que um dia eu te esqueço na gaveta Na gaveta",Fernando e Sorocaba,2014,28,https://www.letras.mus.br/fernando-sorocaba/gaveta/,-1
1130,Gaveta,musica1130,musica1130_trecho8,Quando a praia se esquecer do mar E o mar desistir das ondas,Fernando e Sorocaba,2014,13,https://www.letras.mus.br/fernando-sorocaba/gaveta/,-1
584,Gerente da Sicredi (part. CountryBeat),musica584,musica584_trecho2,Comprei um Hilucão Enchi ela de som Só vai dar as menina na caçamba com os copão,Bruno e Barretto,2025,17,https://www.letras.mus.br/bruno-e-barretto/gerente-da-sicredi-part-countrybeat/,-1
1177,Girassol,musica1177,musica1177_trecho3,"Que meu sentimento é puro e sincero Que o seu amor é tudo que eu quero Cê fica fazendo charminho E eu tentando com jeitinho, querendo dizer",João Bosco & Vinícius,2014,27,https://www.letras.mus.br/joao-bosco-viniciusacustico/girassol/,-1
1177,Girassol,musica1177,musica1177_trecho4,"Meu coração é como um girassol que fica só Ele não quer me entender, só sabe amar você Meu coração é como um girassol que fica só Corre o risco de enlouquecer, de tanto te querer",João Bosco & Vinícius,2014,36,https://www.letras.mus.br/joao-bosco-viniciusacustico/girassol/,-1
1373,Gordinho Saliente,musica1373,musica1373_trecho2,"Como é que pode? Papai do céu, muito obrigado mesmo Mas dá força pra ela poder me aguentar",Henrique & Juliano,2014,18,https://www.letras.mus.br/henrique-e-juliano/gordinho-saliente/,-1
503,Gosta de Rua,musica503,musica503_trecho2,Calou porque a língua tem culpa Travou porque você não muda Sempre a mesma história que cê joga pra cima de mim Será que eu tenho cara de idiota? Parece que sim,Felipe e Rodrigo,2024,32,https://www.letras.mus.br/felipe-e-rodrigo/gosta-de-rua/,-1
503,Gosta de Rua,musica503,musica503_trecho3,"Já vi de tudo nessa vida Gente que gosta de tapa, e alguns, de carinho Mas seu fetiche é trair",Felipe e Rodrigo,2024,20,https://www.letras.mus.br/felipe-e-rodrigo/gosta-de-rua/,-1
503,Gosta de Rua,musica503,musica503_trecho4,Já que cê gosta tanto de rua Pega suas coisas e vaza Hoje cê dorme em qualquer fim de mundo Menos aqui em casa,Felipe e Rodrigo,2024,24,https://www.letras.mus.br/felipe-e-rodrigo/gosta-de-rua/,-1
503,Gosta de Rua,musica503,musica503_trecho7,Tô terminando com você E com as mentiras que cê fala,Felipe e Rodrigo,2024,11,https://www.letras.mus.br/felipe-e-rodrigo/gosta-de-rua/,-1
401,Graveto,musica401,musica401_trecho1,Vou ser sincero com você Acho que pra mim já deu Faz um tempinho que não sou seu Até a cama percebeu Que esfriou demais E o seu toque não traz,Marília Mendonça,2020,31,https://www.letras.mus.br/marilia-mendonca/graveto/,-1
481,Hackearam-Me (part. Tierry),musica481,musica481_trecho1,Joguei as nossas fotos na lixeira Pergunte se depois esvaziei Não tive coragem Tô vendo sempre que me bate saudade,Marília Mendonça,2020,20,https://www.letras.mus.br/marilia-mendonca/hackearam-me-part-tierry/,-1
481,Hackearam-Me (part. Tierry),musica481,musica481_trecho2,Tô evitando os lugares pra não te ver Tô rejeitando os convites pra beber Me dói falar em bebê Bebê era como eu chamava você,Marília Mendonça,2020,25,https://www.letras.mus.br/marilia-mendonca/hackearam-me-part-tierry/,-1
481,Hackearam-Me (part. Tierry),musica481,musica481_trecho5,"Dizendo: Ainda te amo É alguém que sabe que eu te perdi Hackearam-me, hackearam-me",Marília Mendonça,2020,14,https://www.letras.mus.br/marilia-mendonca/hackearam-me-part-tierry/,-1
481,Hackearam-Me (part. Tierry),musica481,musica481_trecho6,"Tô evitando os lugares pra não te ver Tô rejeitando os convites pra beber, me dói Me dói falar em bebê Bebê era como eu chamava você",Marília Mendonça,2020,27,https://www.letras.mus.br/marilia-mendonca/hackearam-me-part-tierry/,-1
481,Hackearam-Me (part. Tierry),musica481,musica481_trecho11,"Dizendo: Ainda te amo, te amo, te amo É alguém que sabe que eu te perdi Hackearam-me, hackearam-me Joguei as nossas fotos na lixeira",Marília Mendonça,2020,24,https://www.letras.mus.br/marilia-mendonca/hackearam-me-part-tierry/,-1
1572,Halls Preto,musica1572,musica1572_trecho12,"Pra esfriar a cabeça Diz que tem Halls Preto Tem, tem Se quiser tenho também Diz que tem, tem, tem É gostoso, vem que vem Diz que tem, tem E se quiser",Conrado e Aleksandro,2013,32,https://www.letras.mus.br/conrado-aleksandro/halls-preto/,-1
1572,Halls Preto,musica1572,musica1572_trecho13,"Pra esfriar a cabeça Diz que tem Halls Preto Tem, tem Tem, tem, tem, tem Diz que tem, tem, tem É gostoso, vem que vem Diz que tem, tem Se quiser",Conrado e Aleksandro,2013,31,https://www.letras.mus.br/conrado-aleksandro/halls-preto/,-1
121,Haverá Sinais (part. Lauana Prado),musica121,musica121_trecho2,"Tá quase, viu? (Tá quase, viu?) Hoje mesmo olhei sua foto e nem arrepiei Até assustei",Jorge & Mateus,2024,16,https://www.letras.mus.br/jorge-mateus/havera-sinais-part-lauana-prado/,-1
121,Haverá Sinais (part. Lauana Prado),musica121,musica121_trecho3,"Cada foto minha que chega pra você Só mostra o que cê pode ver Cê acha mesmo que eu só sei virar noite, virar copo? Mal cê sabe que quem tá virando nada pra mim é você",Jorge & Mateus,2024,37,https://www.letras.mus.br/jorge-mateus/havera-sinais-part-lauana-prado/,-1
121,Haverá Sinais (part. Lauana Prado),musica121,musica121_trecho7,"Tá quase, viu? Hoje mesmo eu olhei sua foto e nem arrepiei Até assustei",Jorge & Mateus,2024,14,https://www.letras.mus.br/jorge-mateus/havera-sinais-part-lauana-prado/,-1
1343,Hoje Eu Tô Terrível,musica1343,musica1343_trecho2,"Sei que sou gostoso, pode conferir, meu bem Eu já peguei sua amiga, mas quero você também Tem pra todo mundo, não precisa preocupar Minha casa tá sozinha e hoje não vai prestar",Cristiano Araújo,2014,33,https://www.letras.mus.br/cristiano-araujo/hoje-eu-to-terrivel/,-1
1398,Hoje Não (part. Thaeme e Thiago),musica1398,musica1398_trecho1,"Hoje não, sou mais seu Hoje não, me perdeu Hoje não vai rolar Não, não, não, não",Luan Santana,2013,17,https://www.letras.mus.br/luan-santana/hoje-nao/,-1
1398,Hoje Não (part. Thaeme e Thiago),musica1398,musica1398_trecho2,"Lembra daquele bolo que me deu Daquela noite que você não apareceu Foi cara-de-pau de me ligar de madrugada Querendo se explicar, vindo aqui na minha casa Pode gritar fazer barraco Pode até chamar o Papa Pode querer, fica querendo",Luan Santana,2013,40,https://www.letras.mus.br/luan-santana/hoje-nao/,-1
1398,Hoje Não (part. Thaeme e Thiago),musica1398,musica1398_trecho3,"Hoje não, sou mais seu Hoje não, me perdeu Hoje não vai rolar Hoje não vai me pegar Hoje não, sou mais seu Hoje não, me perdeu Hoje não, vai rolar Não, não, não, não",Luan Santana,2013,35,https://www.letras.mus.br/luan-santana/hoje-nao/,-1
1398,Hoje Não (part. Thaeme e Thiago),musica1398,musica1398_trecho7,"Hoje não, sou mais seu Hoje não, me perdeu Hoje não vai rolar Hoje não vai me pegar Hoje não sou mais seu Hoje não, me perdeu Hoje não vai rolar Não, não, não, não",Luan Santana,2013,35,https://www.letras.mus.br/luan-santana/hoje-nao/,-1
1398,Hoje Não (part. Thaeme e Thiago),musica1398,musica1398_trecho10,"Hoje não sou mais seu Hoje não, me perdeu Hoje não vai rolar Não, não, não, não",Luan Santana,2013,17,https://www.letras.mus.br/luan-santana/hoje-nao/,-1
1482,Hoje Somos Só Metade,musica1482,musica1482_trecho3,Que pena que a nossa voz já se calou E a cama que dormimos não tem mais calor Dois estranhos perdidos,Marília Mendonça,2015,21,https://www.letras.mus.br/marilia-mendonca/hoje-somos-so-metade/,-1
1397,Homens e Anjos,musica1397,musica1397_trecho5,"Os nossos caminhos se encontravam Talvez foi destino, talvez o acaso O doce o amargo, a pureza e o pecado Homens e anjos",Fernando e Sorocaba,2013,23,https://www.letras.mus.br/fernando-sorocaba/homens-e-anjos/,-1
1118,Humilde Residência,musica1118,musica1118_trecho2,Quando chegar aqui Me dê um grito lá na frente Eu vou correndo te buscar Não tem ninguém aqui Mas vou deixar a luz acesa,Michel Teló,2011,25,https://www.letras.mus.br/michel-telo/1993728/,-1
1118,Humilde Residência,musica1118,musica1118_trecho4,"Agora tá mudada, se formou na faculdade No meu cursinho eu não cheguei nem na metade Você tá muito diferente Eu vou atrás, você na frente Tô louco pra te pegar",Michel Teló,2011,31,https://www.letras.mus.br/michel-telo/1993728/,-1
1118,Humilde Residência,musica1118,musica1118_trecho5,Vou te esperar Na minha humilde residência Pra gente fazer amor Mas eu te peço só um pouquinho de paciência A cama tá quebrada e não tem cobertor,Michel Teló,2011,28,https://www.letras.mus.br/michel-telo/1993728/,-1
1121,I Love You,musica1121,musica1121_trecho1,"Você é formada e sabe tudo e um pouco mais E eu só toco violão e ainda moro com meus pais Você fala espanhol, italiano, inglês e francês Enquanto eu ainda não aprendi o português",Marcos & Belutti,2012,35,https://www.letras.mus.br/marcos-belutti/i-love-you/,-1
1409,Idas e Voltas,musica1409,musica1409_trecho1,"Se eu não te fizer chorar Se eu não te fizer sofrer Fica comigo essa noite o tempo que quiser Enquanto se sentir bem Adoro quando você fica, fica, fica E vai ficando Me desacostumando a ficar sem",Jorge & Mateus,2015,38,https://www.letras.mus.br/jorge-mateus/idas-e-voltas/,-1
1409,Idas e Voltas,musica1409,musica1409_trecho2,"Odeio quando você vai, vai, vai, vai E demora pra voltar Eu nunca sei se a gente só tá revivendo Ou tentando recomeçar",Jorge & Mateus,2015,23,https://www.letras.mus.br/jorge-mateus/idas-e-voltas/,-1
1409,Idas e Voltas,musica1409,musica1409_trecho5,"E adoro quando você fica, fica, fica E vai ficando Desacostumando a ficar sem",Jorge & Mateus,2015,14,https://www.letras.mus.br/jorge-mateus/idas-e-voltas/,-1
1409,Idas e Voltas,musica1409,musica1409_trecho6,"E odeio quando você vai, vai, vai, vai, vai, vai E demora pra voltar Eu nunca sei se a gente só ta revivendo Ou tentando recomeçar",Jorge & Mateus,2015,26,https://www.letras.mus.br/jorge-mateus/idas-e-voltas/,-1
278,ILHA,musica278,musica278_trecho1,"Quero que prometa, que se comprometa A ir procurar outro amor em outro planeta Pra que eu não te veja sentada na mesa Rindo à toa enquanto outra boca te beija, ai, ai, ai",Luan Santana,2025,34,https://www.letras.mus.br/luan-santana/ilha/,-1
278,ILHA,musica278,musica278_trecho5,"E quando tá pra se afogar no mar da vida Vem alguém, vem alguém E se torna ilha",Luan Santana,2025,18,https://www.letras.mus.br/luan-santana/ilha/,-1
278,ILHA,musica278,musica278_trecho9,"E quando tá pra se afogar no mar da vida Vem alguém, vem alguém",Luan Santana,2025,14,https://www.letras.mus.br/luan-santana/ilha/,-1
211,Ilusão De Ótica (part. Ana Castela),musica211,musica211_trecho2,"Mas sabe o que é que deu? Deu a lógica Por fora eu tava bem, era só ilusão de ótica Eu segui a risca o passo a passo de um idiota",Matheus & Kauan,2025,31,https://www.letras.mus.br/matheus-kauan/ilusao-de-otica-part-ana-castela/,-1
870,Impasse (part. Henrique & Juliano),musica870,musica870_trecho1,"Eu só queria entender seus pensamentos E o que realmente tá rolando E o que te faz fugir de mim Te juro, estou tentando ler seus olhos Mas percebo que disfarça E não consegue me encarar",Marília Mendonça,2015,36,https://www.letras.mus.br/marilia-mendonca/impasse/,-1
870,Impasse (part. Henrique & Juliano),musica870,musica870_trecho2,"Senta aqui um pouco, sem ter pressa Conta tudo, a hora é essa Fala o que tem pra falar Não é que eu tô querendo do meu jeito Eu me ajeito no seu jeito Basta a gente conversar",Marília Mendonça,2015,38,https://www.letras.mus.br/marilia-mendonca/impasse/,-1
870,Impasse (part. Henrique & Juliano),musica870,musica870_trecho3,Você diz que não E eu acho que sim Você não se entrega Seu medo te cerca Te pega e te joga Pra longe de mim,Marília Mendonça,2015,26,https://www.letras.mus.br/marilia-mendonca/impasse/,-1
870,Impasse (part. Henrique & Juliano),musica870,musica870_trecho4,Eu acho que sim Você diz que não Resolve esse impasse E assuma pra gente Essa louca paixão,Marília Mendonça,2015,18,https://www.letras.mus.br/marilia-mendonca/impasse/,-1
870,Impasse (part. Henrique & Juliano),musica870,musica870_trecho6,"Senta aqui um pouco, sem ter pressa Conte tudo, a hora é essa Fala o que tem pra falar Não é que eu tô querendo do meu jeito Eu me ajeito no seu jeito Basta a gente conversar",Marília Mendonça,2015,38,https://www.letras.mus.br/marilia-mendonca/impasse/,-1
870,Impasse (part. Henrique & Juliano),musica870,musica870_trecho7,Você diz que não Eu acho que sim Você não se entrega Seu medo te cerca Te pega e te joga Pra longe de mim,Marília Mendonça,2015,25,https://www.letras.mus.br/marilia-mendonca/impasse/,-1
870,Impasse (part. Henrique & Juliano),musica870,musica870_trecho11,Eu acho que sim Mas você diz que não Resolve esse impasse E assuma pra gente Essa louca paixão,Marília Mendonça,2015,19,https://www.letras.mus.br/marilia-mendonca/impasse/,-1
438,Imperfeito,musica438,musica438_trecho4,"Meu delírio repete teu nome Meu desejo só quer teu calor Imperfeito, sou carne, sou homem Me alimento só do teu amor Do teu amor",Zezé Di Camargo,2021,25,https://www.letras.mus.br/zeze-di-camargo/imperfeito/,-1
438,Imperfeito,musica438,musica438_trecho5,Você me vê de outro jeito Já não me vejo em seu olhar Agora é inverno no meu peito Que vontade de chorar,Zezé Di Camargo,2021,23,https://www.letras.mus.br/zeze-di-camargo/imperfeito/,-1
438,Imperfeito,musica438,musica438_trecho6,O céu e a terra aqui se juntam Porque eu não posso mais te amar Vivo e morro entre perguntas Sem respostas pra me dar,Zezé Di Camargo,2021,25,https://www.letras.mus.br/zeze-di-camargo/imperfeito/,-1
303,Impressionando Os Anjos,musica303,musica303_trecho2,"A saudade de você é visita frequente Que nem a sua tia chata que irritava a gente Ah, saudade da gente",Gustavo Mioto,2017,21,https://www.letras.mus.br/gustavo-mioto/impressionando-os-anjos/,-1
1361,Incerteza,musica1361,musica1361_trecho2,"Se recebo um bom dia, soa como eu te amo Bagunçou a minha vida, mudou todos os meus planos Eu dependo desse amor que até hoje não me deu E eu fico na saudade de alguém que não é meu",Matheus & Kauan,2016,40,https://www.letras.mus.br/matheus-kauan/incerteza/,-1
1361,Incerteza,musica1361,musica1361_trecho4,"Eu só quero saber como é que eu vou embora O que é que eu vou fazer Garçom, enche o meu copo que hoje eu vou beber Eu só saio daqui quando ela me atender",Matheus & Kauan,2016,35,https://www.letras.mus.br/matheus-kauan/incerteza/,-1
706,Inesperado,musica706,musica706_trecho1,Entrei pra ver se dava pé nesse amor Mergulhei Que atire a primeira pedra quem não se entregou Como eu me entreguei,Jorge & Mateus,2018,22,https://www.letras.mus.br/jorge-mateus/inesperado/,-1
706,Inesperado,musica706,musica706_trecho3,"Por mais você na minha vida, todo tempo Por mais vida nesse amor, mais sentimento Teu olhar refletido na curva do teu sorriso Você é quem faz todo sentido Por mais você na minha vida, todo tempo Por mais vida nesse amor, mais sentimento Teu olhar refletido na curva do teu sorriso Você é quem faz todo sentido",Jorge & Mateus,2018,58,https://www.letras.mus.br/jorge-mateus/inesperado/,-1
706,Inesperado,musica706,musica706_trecho5,"Por mais você na minha vida, todo tempo Por mais vida nesse amor, mais sentimento Teu olhar refletido na curva do teu sorriso Você é quem faz todo sentido Por mais você na minha vida, todo tempo Por mais vida nesse amor, mais sentimento Teu olhar refletido na curva do teu sorriso Você é quem faz todo sentido Todo sentido",Jorge & Mateus,2018,60,https://www.letras.mus.br/jorge-mateus/inesperado/,-1
895,Infarto,musica895,musica895_trecho3,"E o peito tá doendo Tomara que seja infarto Se for amor, eu tô ferrado Aí vai ser pior o estrago",Diego e Victor Hugo,2018,21,https://www.letras.mus.br/diego-victor-hugo/infarto/,-1
18,Infiel,musica18,musica18_trecho3,"Com certeza ele vai atrás, mas com outra intenção Tá sem casa, sem rumo e você é a única opção E agora, será que aguenta a barra sozinha? Se sabia de tudo, se vira, a culpa não é minha",Marília Mendonça,2015,39,https://www.letras.mus.br/marilia-mendonca/infiel/,-1
527,Instinto Animal,musica527,musica527_trecho5,Não tem segredos no amor Não tem mistério a paixão De uma costela foi gerado um ser original Pra ela dou a vida e sei que tenho só por ela Esse instinto animal,Zé Henrique & Gabriel,2005,33,https://www.letras.mus.br/ze-henrique-gabriel/172965/,-1
556,Intenção (part. Gaab),musica556,musica556_trecho4,"Não tô falando de amor, tá doida? É que a gente combina melhor sem roupa Seu compromisso é só deixar Minha boca passear Nesse seu corpo massa a noite toda",Marília Mendonça,2019,30,https://www.letras.mus.br/marilia-mendonca/intencao-part-gaab/,-1
556,Intenção (part. Gaab),musica556,musica556_trecho10,"Eu não tô falando de amor, tá doida? É que a gente combina melhor sem roupa Seu compromisso é só deixar Minha boca passear Nesse seu corpo massa a noite toda",Marília Mendonça,2019,31,https://www.letras.mus.br/marilia-mendonca/intencao-part-gaab/,-1
1251,Invasões,musica1251,musica1251_trecho2,O tempo é o remédio pra curar A dor de se perder um grande amor Mas nada é capaz de apagar As lembranças que você deixou,Jorge & Mateus,2012,26,https://www.letras.mus.br/jorge-mateus/invasoes/,-1
602,Inventor Dos Amores,musica602,musica602_trecho4,"Meu coração apaixonado, atormentado em dores Procura entre os outros, o inventor dos amores Espero que essa paixão nunca me deixe mal Eu quero te amar e também quero ser amado Desejo ser o seu amor e não o seu escravo Espero que essa paixão não tenha ponto final Senão adeus, tchau, tchau!",Gusttavo Lima,2010,53,https://www.letras.mus.br/gusttavo-lima/1700642/,-1
602,Inventor Dos Amores,musica602,musica602_trecho7,"Meu coração apaixonado atormentado em dores Procura entre os outros, o inventor dos amores Espero que essa paixão nunca me deixe mal Eu quero te amar e quero também ser amado Desejo ser o seu amor e não o seu escravo Espero que essa paixão não tenha ponto final Senão adeus, tchau, tchau!",Gusttavo Lima,2010,53,https://www.letras.mus.br/gusttavo-lima/1700642/,-1
1250,Irracional,musica1250,musica1250_trecho1,"Basta apenas um olhar, um beijo, um toque Pra eu perder meu chão, ficar em choque Perder o sentido e a razão, desequilibrar o coração Não responder mais por mim",Marcos & Belutti,2014,30,https://www.letras.mus.br/marcos-belutti/irracional/,-1
1250,Irracional,musica1250,musica1250_trecho2,"Basta um cheiro ou apenas um sorriso Pra eu perder meu ar e o juízo Seu domínio em mim é fatal Eu me sinto tão irracional Mas não tem jeito é assim Nunca vai mudar, vou me declarar",Marcos & Belutti,2014,38,https://www.letras.mus.br/marcos-belutti/irracional/,-1
1250,Irracional,musica1250,musica1250_trecho3,"Com rosas Perfume, uma declaração Com beijos Canções de amor, um violão Quer saber por que, eu amo você Quero sempre te surpreender",Marcos & Belutti,2014,23,https://www.letras.mus.br/marcos-belutti/irracional/,-1
1250,Irracional,musica1250,musica1250_trecho4,"Com rosas Perfume, uma declaração Com beijos Canções de amor, um violão Quer saber por que, eu amo você Quero sempre te surpreender Ooooo Ooooo Ooooooou",Marcos & Belutti,2014,26,https://www.letras.mus.br/marcos-belutti/irracional/,-1
1250,Irracional,musica1250,musica1250_trecho7,"Com rosas Com beijos Canções de amor, um violão Quer saber por que, eu amo você Quero sempre te surpreender",Marcos & Belutti,2014,20,https://www.letras.mus.br/marcos-belutti/irracional/,-1
1110,Já Não Sei Mais Nada (Yo No Se Mañana),musica1110,musica1110_trecho2,Não sabemos onde vai parar Sei que até você vai duvidar Mas não vou jurar nem prometer Algo que não sei se vou fazer Eu não sei se é eterno Mas posso te dar todo meu tempo,Bruno & Marrone,2011,37,https://www.letras.mus.br/bruno-e-marrone/1958200/,-1
1110,Já Não Sei Mais Nada (Yo No Se Mañana),musica1110,musica1110_trecho7,Essa vida é como um livro Cada página é um dia vivido Que não podemos escrever e apagar Essa noite eu preciso Eu preciso tanto te beijar!,Bruno & Marrone,2011,27,https://www.letras.mus.br/bruno-e-marrone/1958200/,-1
164,Jejum de Amor,musica164,musica164_trecho1,"Não sou de ficar mais de uma semana sem amor Sem um beijo, sem um corpo, tá difícil Deixa eu te falar, eu vou fazer jejum de amor Pra provar o que eu sinto",Gusttavo Lima,2014,34,https://www.letras.mus.br/gusttavo-lima/jejum-de-amor/,-1
1541,Jesus Apaga a Luz,musica1541,musica1541_trecho3,"Gosta do quê? De andar com as roupinha coladinha E mais o quê? Provocar com mordidinha na boquinha Sabe fazer, adora fazer, paro pra ver",Henrique & Juliano,2014,25,https://www.letras.mus.br/henrique-e-juliano/jesus-apaga-a-luz/,-1
1000,Jet em Balneário (part. MC PH),musica1000,musica1000_trecho3,"Vento batendo Solzão na cara, no movimento Jet na água Toma que toma, que toma Na beira da praia Toma que toma, que toma Toma, vai não para",Ana Castela,2024,28,https://www.letras.mus.br/ana-castela/jet-em-balneario-part-mc-ph/,-1
397,Jogado Na Rua,musica397,musica397_trecho1,"Não tá fácil ficar sem teu amor aqui Que saudade que dá Chego a ter dó de mim Meu amor é assim Bruto e sincero demais Sentimento sem fim Amo você, ninguém mais",Guilherme & Santiago,2014,33,https://www.letras.mus.br/guilherme-e-santiago/jogado-na-rua/,-1
397,Jogado Na Rua,musica397,musica397_trecho3,"É no som da viola que o peito chora, ai Nessas noites de lua jogado na rua, ai Ai amor, ai amor Nessas noites de lua jogado na rua, ai",Guilherme & Santiago,2014,30,https://www.letras.mus.br/guilherme-e-santiago/jogado-na-rua/,-1
1192,Jogo do Amor,musica1192,musica1192_trecho2,"Mas o jogo do amor é mais difícil que pensei Você é tudo o que eu sempre sonhei Olha pra mim Linda, deusa, fada Nuvem de amor, pura magia Quero você meu sol Minha luz, a minha alegria Com você sinto de volta a minha paz Ninguém me faz tão feliz como você me faz",Luan Santana,2008,55,https://www.letras.mus.br/luan-santana/1155512/,-1
1192,Jogo do Amor,musica1192,musica1192_trecho3,"Mas o jogo do amor é mais difícil que pensei Você é tudo o que eu sempre sonhei Olha pra mim Linda, deusa, fada Nuvem de amor pura magia Quero você meu sol Minha luz, a minha alegria Com você sinto de volta a minha paz Ninguém me faz tão feliz como você me faz",Luan Santana,2008,55,https://www.letras.mus.br/luan-santana/1155512/,-1
560,José Ou Maria,musica560,musica560_trecho4,"Eu não vou sair do seu lado, não Dentro de você bate mais que um coração E a pergunta que não quer calar Carrinho ou boneca? José ou Maria?",Zé Felipe,2020,29,https://www.letras.mus.br/ze-felipe/jose-ou-maria/,-1
560,José Ou Maria,musica560,musica560_trecho5,"Eu não vou sair do seu lado, não Dentro de você bate mais que um coração E a pergunta que não quer calar Carrinho ou boneca? José ou Maria? Menino ou menina?",Zé Felipe,2020,32,https://www.letras.mus.br/ze-felipe/jose-ou-maria/,-1
1600,Juliana,musica1600,musica1600_trecho1,Ela é linda Ela é tudo que eu queria Ela entrou no coração Olhos claros Que me envolve de magia E me deixa sem ação Não há lugar Que quero estar Se eu não tiver você,Fernando e Sorocaba,2008,36,https://www.letras.mus.br/fernando-sorocaba/1132810/,-1
906,Juras de Amor,musica906,musica906_trecho1,Eu pensei que fosse fácil esquecer Uma paixão Descobri como é difícil dominar O coração,Bruno & Marrone,2011,15,https://www.letras.mus.br/bruno-e-marrone/1955761/,-1
1422,Lágrimas,musica1422,musica1422_trecho3,Não procure lágrimas no meu olhar Eu não vou perguntar o que aconteceu Seus olhos dizem tudo que eu preciso ouvir Mas não vejo em você o que está em mim (em mim),Victor & Leo,2011,33,https://www.letras.mus.br/victor-leo/1979152/,-1
1307,Larga de Bobeira,musica1307,musica1307_trecho2,Chega de me controlar aceite como eu sou Chega de falar que eu tenho outro amor Te quero só pra mim,Michel Teló,2010,21,https://www.letras.mus.br/michel-telo/1525685/,-1
1307,Larga de Bobeira,musica1307,musica1307_trecho4,Será que não percebe o quanto eu te amo Quando a saudade bate é seu nome que eu chamo E tudo o que eu olho me lembra você,Michel Teló,2010,28,https://www.letras.mus.br/michel-telo/1525685/,-1
1307,Larga de Bobeira,musica1307,musica1307_trecho5,Será que não percebe o quanto que eu te quero Cansei dessa ilusão faz tempo que eu te espero Eu já tentei mas não consigo te esquecer,Michel Teló,2010,27,https://www.letras.mus.br/michel-telo/1525685/,-1
179,Largado Às Traças,musica179,musica179_trecho3,"Vou beijando esse copo, abraçando as garrafas Solidão é companheira nesse risca faca Enquanto cê não volta, eu tô largado às traças Maldito sentimento que nunca se acaba",Zé Neto e Cristiano,2018,28,https://www.letras.mus.br/ze-neto-cristiano/largado-as-tracas/,-1
179,Largado Às Traças,musica179,musica179_trecho5,"Ô ô ô, ô ô ô A falta de você, bebida não ameniza Ô ô ô, ô ô ô Tô tentando apagar fogo com gasolina",Zé Neto e Cristiano,2018,25,https://www.letras.mus.br/ze-neto-cristiano/largado-as-tracas/,-1
1082,Lê Lê Lê,musica1082,musica1082_trecho1,Em plena sexta feira Fui tentar me distrair Chegando na balada Toda linda eu te vi,João Neto e Frederico,2012,16,https://www.letras.mus.br/joao-neto-frederico/1972478/,-1
1082,Lê Lê Lê,musica1082,musica1082_trecho2,Você no camarote E eu rodado no pedaço Caçando um jeitinho De invadir o seu espaço,João Neto e Frederico,2012,16,https://www.letras.mus.br/joao-neto-frederico/1972478/,-1
1082,Lê Lê Lê,musica1082,musica1082_trecho6,Lê Lê Lê Lê Lê Lê Se eu te pegar você vai ver Lê Lê Lê Lê Lê Lê Você jamais vai me esquecer,João Neto e Frederico,2012,24,https://www.letras.mus.br/joao-neto-frederico/1972478/,-1
34,Leão,musica34,musica34_trecho5,Mas quem vai nos julgar? Vilão particular,Marília Mendonça,2023,7,https://www.letras.mus.br/marilia-mendonca/leao/,-1
34,Leão,musica34,musica34_trecho9,"Tão lindo, tão louco, meu grande amigo Depois de você, os outros são outros Cê tá fodido, vamo fazer amor Cantar um sertanejo antigo e beijar na boca, amor",Marília Mendonça,2023,29,https://www.letras.mus.br/marilia-mendonca/leao/,-1
1128,Lei do Desapego,musica1128,musica1128_trecho7,E eu já tô que tô Eu tô pegando mesmo E sei que você Vai ficar sabendo,Thiago Brava,2012,17,https://www.letras.mus.br/thiago-brava/lei-do-desapego/,-1
177,Leilão,musica177,musica177_trecho1,Estou à beira da loucura Ninguém mais me segura Tô fora da sua vida Eu já fui,César Menotti & Fabiano,2005,17,https://www.letras.mus.br/cesar-menotti-e-fabiano/839008/,-1
177,Leilão,musica177,musica177_trecho4,Eu vou fazer um leilão Quem dá mais pelo meu coração Me ajude voltar a viver Eu prefiro que seja você,César Menotti & Fabiano,2005,21,https://www.letras.mus.br/cesar-menotti-e-fabiano/839008/,-1
271,Lembranças de Amor,musica271,musica271_trecho3,Eu já sofri demais Mas longe de você Sofrerei bem mais,Victor & Leo,2007,11,https://www.letras.mus.br/victor-leo/797041/,-1
317,Lendas e Mistérios,musica317,musica317_trecho1,"Diz a lenda que muitos e muitos anos atrás Um casal que se amava contra a vontade dos pais Se encontravam escondidos na escuridão Eram guiados pela força da sua paixão Era o amor vencendo o medo, Eles guardavam o segredo a sete chaves em seu coração",Fred e Gustavo,2013,47,https://www.letras.mus.br/fred-gustavo/1872101/,-1
263,Liberdade Provisória,musica263,musica263_trecho2,Só que foi eu quem terminou E quem foi largado não espera Eu segui minha vida Até ela começar seguir a dela,Henrique & Juliano,2020,22,https://www.letras.mus.br/henrique-e-juliano/liberdade-provisoria/,-1
263,Liberdade Provisória,musica263,musica263_trecho3,E do meio pro final Eu só ia pra onde ela tava Cada beijo no rosto que outra boca dava Eu morria de raiva,Henrique & Juliano,2020,24,https://www.letras.mus.br/henrique-e-juliano/liberdade-provisoria/,-1
263,Liberdade Provisória,musica263,musica263_trecho6,Implorei pra voltar Não me manda embora Sou preso na sua vida Era só liberdade provisória,Henrique & Juliano,2020,16,https://www.letras.mus.br/henrique-e-juliano/liberdade-provisoria/,-1
263,Liberdade Provisória,musica263,musica263_trecho14,Eu implorei pra voltar Não me manda embora Sou preso na sua vida Era só liberdade provisória,Henrique & Juliano,2020,17,https://www.letras.mus.br/henrique-e-juliano/liberdade-provisoria/,-1
943,Liga Lá Em Casa,musica943,musica943_trecho2,"Hoje eu não tenho hora pra voltar pra casa Hoje tô daquele tipo, querendo beber Hoje vou sair pra rua e não sei pra onde Hoje eu não tô pra ninguém, eu só quero você",Leonardo,2014,35,https://www.letras.mus.br/leonardo/liga-la-em-casa/,-1
1533,Litrão,musica1533,musica1533_trecho3,"Você decide, a minha boca ou a do litrão Cê quer dançar comigo ou descer até o chão, sozinha? Você quer ser da bagaceira ou quer ser minha?",Matheus & Kauan,2020,28,https://www.letras.mus.br/matheus-kauan/litrao/,-1
1388,Livre,musica1388,musica1388_trecho1,"Vamos girar, girar Até o dia clarear A vida é muito curta Não vou parar",Fernando e Sorocaba,2013,15,https://www.letras.mus.br/fernando-sorocaba/livre/,-1
1388,Livre,musica1388,musica1388_trecho3,"Sou metade santo Outra metade, malandragem Estiloso na fazenda E selvagem na cidade",Fernando e Sorocaba,2013,13,https://www.letras.mus.br/fernando-sorocaba/livre/,-1
1388,Livre,musica1388,musica1388_trecho4,Esse é meu jeito E ninguém consegue me mudar Acordo em um canto E vou dormir em outro lugar,Fernando e Sorocaba,2013,19,https://www.letras.mus.br/fernando-sorocaba/livre/,-1
1388,Livre,musica1388,musica1388_trecho5,"Livre, é o meu jeito de ser Nasci, fui criado desse jeito Meio louco, imperfeito Não queira entender",Fernando e Sorocaba,2013,18,https://www.letras.mus.br/fernando-sorocaba/livre/,-1
1388,Livre,musica1388,musica1388_trecho6,"Livre, é o meu jeito de amar Eu quero ser a sua liberdade Seu segredo mais selvagem Quem te faz sonhar",Fernando e Sorocaba,2013,21,https://www.letras.mus.br/fernando-sorocaba/livre/,-1
1388,Livre,musica1388,musica1388_trecho7,"Vamos girar, girar Abra as asas pra voar Não existem limites Vem se entregar",Fernando e Sorocaba,2013,14,https://www.letras.mus.br/fernando-sorocaba/livre/,-1
1388,Livre,musica1388,musica1388_trecho15,"Livre, é o meu jeito de ser Nasci, fui criado desse jeito Meio louco, imperfeito",Fernando e Sorocaba,2013,15,https://www.letras.mus.br/fernando-sorocaba/livre/,-1
484,Logo Eu,musica484,musica484_trecho6,O resto dessa vida com você,Jorge & Mateus,2015,6,https://www.letras.mus.br/jorge-mateus/logo-eu/,-1
51,Logo Logo,musica51,musica51_trecho2,"Se for verdade, eu acertei bonito Se for mentira, eu tô errando feio Porque eu já tô acelerando na suave e tá faltando quase nada Pra eu perder de vez meu freio",Henrique & Juliano,2025,32,https://www.letras.mus.br/henrique-e-juliano/logo-logo/,-1
51,Logo Logo,musica51,musica51_trecho4,"Se amanhã vou chorar? Aposto Mas que hoje eu vou suar, certeza Se der certo, eu compro as aliança Se der errado Compro uns remédio pra dor de cabeça Se for pra errar, então que eu erre logo Que logo, logo outra pessoa chega Se der certo, eu compro as aliança Se der errado Compro uns remédio pra dor de cabeça, ai, ai, ai, ai",Henrique & Juliano,2025,65,https://www.letras.mus.br/henrique-e-juliano/logo-logo/,-1
51,Logo Logo,musica51,musica51_trecho7,"Se amanhã vou chorar? Aposto Mas que hoje eu vou suar, certeza Se der certo, eu compro as aliança Se der errado Compro uns remédio pra dor de cabeça Se for pra errar, então que eu erre logo Que logo, logo outra pessoa chega Se der certo, eu compro as aliança E se der errado Compro uns remédio pra dor de cabeça, ai, ai, ai, ai",Henrique & Juliano,2025,66,https://www.letras.mus.br/henrique-e-juliano/logo-logo/,-1
977,Loka (part. Anitta),musica977,musica977_trecho2,"Cadê você, que ninguém viu? Desapareceu, do nada sumiu Tá por aí tentando esquecer O cara safado que te fez sofrer",Simone & Simaria,2017,21,https://www.letras.mus.br/simone-simaria-as-coleguinhas/loka/,-1
977,Loka (part. Anitta),musica977,musica977_trecho3,Cadê você? Onde se escondeu? Por que sofre se ele não te mereceu? Insiste em ficar em cima desse muro Espera a mudança em quem não tem futuro,Simone & Simaria,2017,28,https://www.letras.mus.br/simone-simaria-as-coleguinhas/loka/,-1
977,Loka (part. Anitta),musica977,musica977_trecho4,Deixa esse cara de lado Você apenas escolheu o cara errado Sofre no presente por causa do seu passado Do que adianta chorar pelo leite derramado?,Simone & Simaria,2017,26,https://www.letras.mus.br/simone-simaria-as-coleguinhas/loka/,-1
977,Loka (part. Anitta),musica977,musica977_trecho8,"Esquece ele e fica louca, louca, louca Agora chora no colo da patroa, louca, louca Esquece ele e fica louca, louca, louca Agora chora no colo da patroa, louca, louca",Simone & Simaria,2017,30,https://www.letras.mus.br/simone-simaria-as-coleguinhas/loka/,-1
1531,Longe Daqui (part. Luan Santana),musica1531,musica1531_trecho1,"Tá com vergonha de mim, tá? Tá com medo do que pensam de nós? Finge que não tem ninguém aqui Fale o que você quiser, quero te ouvir!",Munhoz & Mariano,2014,28,https://www.letras.mus.br/munhoz-mariano/longe-daqui/,-1
1531,Longe Daqui (part. Luan Santana),musica1531,musica1531_trecho3,Eu te levo pra gente se amar Eu te levo pra gente se amar Pra bem longe daqui Agora se preferir Eu te levo pra gente se amar Eu te levo pra gente se amar Pra bem longe,Munhoz & Mariano,2014,38,https://www.letras.mus.br/munhoz-mariano/longe-daqui/,-1
1531,Longe Daqui (part. Luan Santana),musica1531,musica1531_trecho5,Eu te levo pra gente se amar Eu te levo pra gente se amar Pra bem longe,Munhoz & Mariano,2014,17,https://www.letras.mus.br/munhoz-mariano/longe-daqui/,-1
1531,Longe Daqui (part. Luan Santana),musica1531,musica1531_trecho7,Eu te levo pra gente se amar Eu te levo pra gente se amar Pra bem longe daqui Agora se preferir Eu te levo pra gente se amar Eu te levo pra gente se amar Pra bem longe daqui,Munhoz & Mariano,2014,39,https://www.letras.mus.br/munhoz-mariano/longe-daqui/,-1
55,Louca de Saudade,musica55,musica55_trecho2,Já que me trocou por um outro alguém Substituir é o que te convém,Jorge & Mateus,2016,14,https://www.letras.mus.br/jorge-mateus/louca-de-saudade/,-1
55,Louca de Saudade,musica55,musica55_trecho3,"Mas quando o coração não me enxergar Vai te deixar louca de saudade, louca de saudade O coração vai me desejar E te deixar louca de saudade, louca de saudade Eu quero ver então Se vai poder trocar de coração",Jorge & Mateus,2016,40,https://www.letras.mus.br/jorge-mateus/louca-de-saudade/,-1
707,Mágica,musica707,musica707_trecho1,"Desconfiei dos seus amigos, dos meus, de todos Até pensei: Será que eu não tô sendo escroto? E ao mesmo tempo, tem um tempo que seu beijo anda meio xoxo Na cama é três minutinhos, vira de lado caindo de sono",Hugo & Guilherme,2023,41,https://www.letras.mus.br/hugo-guilherme/magica-part-gusttavo-lima/,-1
707,Mágica,musica707,musica707_trecho2,"Quando eu perguntava, me chamava de doido Quando não falava: Ih, vai começar de novo? Ela falou: Acha Achei sem fazer muito esforço",Hugo & Guilherme,2023,23,https://www.letras.mus.br/hugo-guilherme/magica-part-gusttavo-lima/,-1
707,Mágica,musica707,musica707_trecho3,"Não teve grito, nem rolo, nem nada Apertei um pouco, cê entregou ligeiro Já sei o dia, a hora E se não bastasse, até o nome do companheiro Cê plantou isso e vai morrer de fome Faz uma mágica aí pra gente e some",Hugo & Guilherme,2023,44,https://www.letras.mus.br/hugo-guilherme/magica-part-gusttavo-lima/,-1
707,Mágica,musica707,musica707_trecho6,"Não teve grito, nem rolo, nem nada Apertei um pouco, cê entregou ligeiro Já sei o dia, a hora E se não bastasse, até o nome do companheiro Cê plantou isso e vai morrer de fome Faz uma mágica aí pra gente",Hugo & Guilherme,2023,42,https://www.letras.mus.br/hugo-guilherme/magica-part-gusttavo-lima/,-1
1544,Mágica (part. Gusttavo Lima),musica1544,musica1544_trecho2,"Se quer saber se me arrependo, eu não Se troco essa nossa vida, troco não E longe de você é tudo mais ou menos Se eu ganhar o mundo sem você, eu tô perdendo",Matheus & Kauan,2019,34,https://www.letras.mus.br/matheus-kauan/magica-part-gusttavo-lima/,-1
1266,Mais Amor e Menos Drama,musica1266,musica1266_trecho5,Para na minha cama até dizer que me ama Mais amor e menos drama Para na minha cama até dizer que me ama Mais amor e menos drama,Henrique & Juliano,2017,28,https://www.letras.mus.br/henrique-e-juliano/mais-amor-e-menos-drama/,-1
1266,Mais Amor e Menos Drama,musica1266,musica1266_trecho11,Para na minha cama até dizer que me ama Mais amor e menos drama Para na minha cama até dizer que me ama Mais amor e menos drama Mais amor e menos drama,Henrique & Juliano,2017,33,https://www.letras.mus.br/henrique-e-juliano/mais-amor-e-menos-drama/,-1
1241,Mais Que Pai e Filho,musica1241,musica1241_trecho2,"Filho, eu às vezes, nem sei se mereço Mesmo assim, todo dia agradeço A magia de te ver sorrir",Rick & Renner,2008,19,https://www.letras.mus.br/rick-e-renner/1304408/,-1
1241,Mais Que Pai e Filho,musica1241,musica1241_trecho5,Que bom que Deus fez de nós dois mais do que pai e filho Permitiu que a gente dividisse o brilho do Sol Que pra muitos jamais vai nascer,Rick & Renner,2008,29,https://www.letras.mus.br/rick-e-renner/1304408/,-1
1241,Mais Que Pai e Filho,musica1241,musica1241_trecho8,"Filho, nesse mundo azul que é tão seu Hoje tem um pai que compreendeu O amor quando te viu nascer",Rick & Renner,2008,20,https://www.letras.mus.br/rick-e-renner/1304408/,-1
1441,Mais Um Ano Juntos,musica1441,musica1441_trecho2,"Parabéns pra nós, amor Eu passei no jardim E te trouxe essa flor Na falta de champanhe Tem suco de laranja E esse bolinho de chocolate Que eu sei que você ama",Marcos & Belutti,2017,32,https://www.letras.mus.br/marcos-belutti/mais-um-ano-juntos/,-1
1441,Mais Um Ano Juntos,musica1441,musica1441_trecho4,"Casal em crise de grana e não de amor Vai melhorar, não chora por favor Um brinde a nós dois a intuição me diz Que ano que vem a gente comemora Essa data em Paris",Marcos & Belutti,2017,35,https://www.letras.mus.br/marcos-belutti/mais-um-ano-juntos/,-1
1441,Mais Um Ano Juntos,musica1441,musica1441_trecho9,"E quando eu for bem velhinho eu vou contar Essa história pros netinhos na sombra de um pomar Bolo de chocolate, suco de laranja bem fresquinho Meu plano é envelhecer do seu ladinho",Marcos & Belutti,2017,33,https://www.letras.mus.br/marcos-belutti/mais-um-ano-juntos/,-1
292,Mal Feito (part. Marília Mendonça),musica292,musica292_trecho4,"Você me traiu, levou um tempo, mas eu descobri Você não vale nada, tá claro pra mim Seu plano era bom, era quase perfeito Pena que tudo que cê faz, cê faz mal feito",Hugo & Guilherme,2022,34,https://www.letras.mus.br/hugo-guilherme/mal-feito-part-marilia-mendonca/,-1
292,Mal Feito (part. Marília Mendonça),musica292,musica292_trecho5,"Me traiu, levou um tempo, mas eu descobri Você não vale nada, tá claro pra mim Seu plano era bom, era quase perfeito Pena que tudo que cê faz, cê faz mal feito",Hugo & Guilherme,2022,33,https://www.letras.mus.br/hugo-guilherme/mal-feito-part-marilia-mendonca/,-1
252,Mala,musica252,musica252_trecho1,Se eu não posso ter Eu fico imaginando Se me falta coragem fico esperando Mas até quando?,Hugo Henrique,2017,17,https://www.letras.mus.br/hugo-henrique/mala/,-1
166,Mala Amarela (part. José Camillo),musica166,musica166_trecho1,"Eram quatro e meia, passava um pouquinho O fosco clarinho rasgava o varjão Era o trem noturno que vinha apontando E logo parando na velha estação Meu corpo tremia, meus olhos molhados O meu pai do lado e a mala no chão Beijei o seu rosto e disse na hora O mundo lá fora me espera paizão",Daniel,2005,57,https://www.letras.mus.br/daniel/319866/,-1
166,Mala Amarela (part. José Camillo),musica166,musica166_trecho4,"Eu nunca esqueci o que o velho falou O tempo passou e pra casa voltei Quem fica distante jamais se conforma Lá na plataforma meus pais avistei Desci comovido, abracei ele e ela E mala amarela meu filho eu não vi? Meu pai acredite na fala de um homem Pra não passar fome a mala eu vendi",Daniel,2005,57,https://www.letras.mus.br/daniel/319866/,-1
166,Mala Amarela (part. José Camillo),musica166,musica166_trecho5,"Que pena, que pena, era minha lembrança Que eu trouxe de herança do seu avô Mas deixa pra lá, eu vou esquecer A herança é você e você já voltou",Daniel,2005,30,https://www.letras.mus.br/daniel/319866/,-1
783,Malú,musica783,musica783_trecho2,"Pedi a conta e saí, na avenida ouvi: Me espere, também vou No agito da noite urbana, sem trauma e sem drama, sua história contou Em silêncio no carro ficamos, quando suas mãos o meu corpo tocou Num abraço, mil beijos trocamos, me levando para o céu azul Com o Sol me aquecendo, acordei, onde mora não sei, o seu nome é Malu",Di Paullo e Paulino,2011,63,https://www.letras.mus.br/di-paulo-e-paulino/malu/,-1
305,Manda um Oi (part. Simone Mendes),musica305,musica305_trecho2,Mas um detalhe não escapou do seu olho Ela cismou com um contato diferente e disse Fala com ela agora na minha frente,Guilherme & Benuto,2024,23,https://www.letras.mus.br/guilherme-e-benuto/manda-um-oi-part-simone-mendes/,-1
305,Manda um Oi (part. Simone Mendes),musica305,musica305_trecho3,Manda um oi aí pra eu ver Ela falando com você Pra eu ver o grau de intimidade Se o nada a ver tem mesmo nada a ver,Guilherme & Benuto,2024,28,https://www.letras.mus.br/guilherme-e-benuto/manda-um-oi-part-simone-mendes/,-1
305,Manda um Oi (part. Simone Mendes),musica305,musica305_trecho5,Aí não teve o que fazer Aí eu vou falar o quê?,Guilherme & Benuto,2024,12,https://www.letras.mus.br/guilherme-e-benuto/manda-um-oi-part-simone-mendes/,-1
305,Manda um Oi (part. Simone Mendes),musica305,musica305_trecho6,Mas um detalhe não escapou do seu olho Ele cismou com um contato diferente e disse Fala com ele agora na minha frente,Guilherme & Benuto,2024,23,https://www.letras.mus.br/guilherme-e-benuto/manda-um-oi-part-simone-mendes/,-1
305,Manda um Oi (part. Simone Mendes),musica305,musica305_trecho7,Manda um oi aí pra eu ver Ele falando com você Pra eu ver o grau de intimidade Se o nada a ver tem mesmo nada a ver,Guilherme & Benuto,2024,28,https://www.letras.mus.br/guilherme-e-benuto/manda-um-oi-part-simone-mendes/,-1
305,Manda um Oi (part. Simone Mendes),musica305,musica305_trecho10,Não teve o que fazer (não teve o que fazer) Aí eu vou falar o quê? (Eu vou falar o quê?),Guilherme & Benuto,2024,21,https://www.letras.mus.br/guilherme-e-benuto/manda-um-oi-part-simone-mendes/,-1
1372,Maneira Errada,musica1372,musica1372_trecho1,Eu te prometo não prometer nada Também prometo não te cobrar nada A minha vida ainda vai ser minha E as suas coisas continuam suas,Jorge & Mateus,2015,25,https://www.letras.mus.br/jorge-mateus/maneira-errada/,-1
1372,Maneira Errada,musica1372,musica1372_trecho3,Se eu te deixo livre é porque te amo A gente não precisa fazer nem um plano Quando tô com saudade eu te chamo Eu deixo você ir só pra te ver voltando,Jorge & Mateus,2015,33,https://www.letras.mus.br/jorge-mateus/maneira-errada/,-1
1372,Maneira Errada,musica1372,musica1372_trecho8,Se eu te deixo livre é porque te amo A gente não precisa fazer nem um plano Quando tô com saudade eu te chamo Eu deixo você ir só pra te ver voltando Eu deixo você ir só pra te ver voltando,Jorge & Mateus,2015,42,https://www.letras.mus.br/jorge-mateus/maneira-errada/,-1
576,Marca Evidente,musica576,musica576_trecho2,"Mas já chega, assim não dá Desculpe, amor, vou te deixar Sei que vai me entender Adeus, foi bom te conhecer",Israel & Rodolffo,2012,21,https://www.letras.mus.br/israel-rodolfo/1793990/,-1
230,Maus Bocados,musica230,musica230_trecho1,Sei que seu coração falou de mim Sei que ele falou que eu tô fazendo falta Ele falou também que sem mim tá difícil As noitadas e os amigos não tão ajudando,Cristiano Araújo,2013,32,https://www.letras.mus.br/cristiano-araujo/maus-bocados/,-1
230,Maus Bocados,musica230,musica230_trecho3,"É que eu também passei Por esses maus bocados Sofri, chorei, largado E não te esqueci, não, não, não, não",Cristiano Araújo,2013,20,https://www.letras.mus.br/cristiano-araujo/maus-bocados/,-1
395,Me Ama Ou Me Larga,musica395,musica395_trecho2,"Me incomoda o fato que cê não me olha mais Daquele jeito, hum Me incomoda essa preguiça da sua língua Dos nossos beijos",Simone Mendes,2025,23,https://www.letras.mus.br/simone-mendes/me-ama-ou-me-larga/,-1
395,Me Ama Ou Me Larga,musica395,musica395_trecho3,Sem falar no amor mal feito Que o corpo acaba seco Que os poros não derramam as águas do desejo Eu preciso de uma resposta Porque entre o tchau e o fica Eu tô no meio (joga a mão!),Simone Mendes,2025,39,https://www.letras.mus.br/simone-mendes/me-ama-ou-me-larga/,-1
395,Me Ama Ou Me Larga,musica395,musica395_trecho4,"Se você quer que eu fique Me pega, faça, aqui no chão da sala Me entrelaça Até eu pedir água (diga!) (Me ama ou me larga) Se você quer que eu fique Me pega, faça, aqui no chão da sala Me entrelaça Até eu pedir água Me ama ou me larga",Simone Mendes,2025,51,https://www.letras.mus.br/simone-mendes/me-ama-ou-me-larga/,-1
395,Me Ama Ou Me Larga,musica395,musica395_trecho6,Sem falar no amor mal feito Que o corpo acaba seco Que os poros não derramam as águas do desejo Eu preciso de uma resposta Porque entre o tchau e o fica Eu tô no meio (vai!),Simone Mendes,2025,37,https://www.letras.mus.br/simone-mendes/me-ama-ou-me-larga/,-1
395,Me Ama Ou Me Larga,musica395,musica395_trecho7,"Se você quer que eu fique Me pega, faça, aqui no chão da sala Me entrelaça Até eu pedir água Me ama ou me larga Se você quer que eu fique Me pega, faça, aqui no chão da sala Me entrelaça Até eu pedir água Me ama ou me larga",Simone Mendes,2025,50,https://www.letras.mus.br/simone-mendes/me-ama-ou-me-larga/,-1
380,Me Apaixonei (A Primeira Vez Que Eu Te Vi),musica380,musica380_trecho1,"A primeira vez que eu te vi Pensei até que fosse uma miragem Ao me aproximar, tentei falar Faltou coragem",Eduardo Costa,2006,20,https://www.letras.mus.br/eduardo-costa/502244/,-1
380,Me Apaixonei (A Primeira Vez Que Eu Te Vi),musica380,musica380_trecho3,"Me apaixonei Quando vi os teus lindos olhos brilhando Em outra direção olhando E eu não existia pra você Me apavorei (me apavorei) Quando vi o seu sorriso lindo se abrindo Despedindo e indo, chorei sem querer Quando vi o seu sorriso lindo se abrindo Despedindo e indo, chorei sem querer",Eduardo Costa,2006,51,https://www.letras.mus.br/eduardo-costa/502244/,-1
380,Me Apaixonei (A Primeira Vez Que Eu Te Vi),musica380,musica380_trecho5,A primeira vez que eu te vi No peito o coração bateu a mil e explodiu Ao me aproximar senti no corpo um arrepio,Eduardo Costa,2006,24,https://www.letras.mus.br/eduardo-costa/502244/,-1
380,Me Apaixonei (A Primeira Vez Que Eu Te Vi),musica380,musica380_trecho7,"Me apaixonei Quando vi os seus lindos olhos brilhando Em outra direção olhando E eu não existia pra você Me apavorei (me apavorei) Quando vi o seu sorriso lindo se abrindo Despedindo e indo, chorei sem querer Quando vi o seu sorriso lindo se abrir Despedindo e indo, chorei sem querer",Eduardo Costa,2006,51,https://www.letras.mus.br/eduardo-costa/502244/,-1
1101,Me Apego,musica1101,musica1101_trecho1,"A sua voz me segue junto ao som do vento Teu cheiro me persegue, afio pelo ar Em flashes te desenho em meu pensamento Até de olhos fechados vejo o seu olhar Ah, o teu olhar",Cristiano Araújo,2012,36,https://www.letras.mus.br/cristiano-araujo/2003141/,-1
1101,Me Apego,musica1101,musica1101_trecho3,"Quero de novo, todo dia, cada dia mais Eu me apaixono nas loucuras que a gente faz É nesse teu jeitinho que eu me apego bem facinho",Cristiano Araújo,2012,27,https://www.letras.mus.br/cristiano-araujo/2003141/,-1
636,Me Bloqueia,musica636,musica636_trecho1,"Seu corpo tá aí Mas a cabeça tá aqui Lutando contra o sentimento Rindo, mas chorando por dentro",Zé Neto e Cristiano,2023,18,https://www.letras.mus.br/ze-neto-cristiano/me-bloqueia/,-1
842,Me Caiu Tão Bem (part. Gustavo Mioto),musica842,musica842_trecho2,"Se até a bússola já virou GPS O DVD um dia foi VHS Pra combinar com seu vestido, eu abro uma exceção Já tô na loja escolhendo uma camisa de botão",Murilo Huff,2024,31,https://www.letras.mus.br/murilo-huff/me-caiu-tao-bem-part-gustavo-mioto/,-1
842,Me Caiu Tão Bem (part. Gustavo Mioto),musica842,musica842_trecho3,"Onde você tava esse tempo todo? Hoje eu sou outro, olha o que eu mudei Não é a camisa, nem o estilo novo É você que me caiu tão bem Onde você tava esse tempo todo? Hoje eu sou outro, olha o que eu mudei Não é a camisa, nem o estilo novo É você que me caiu tão bem Foi você que me caiu tão bem",Murilo Huff,2024,67,https://www.letras.mus.br/murilo-huff/me-caiu-tao-bem-part-gustavo-mioto/,-1
842,Me Caiu Tão Bem (part. Gustavo Mioto),musica842,musica842_trecho5,"Onde você tava esse tempo todo? Hoje eu sou outro, olha o que eu mudei Não é a camisa, nem o estilo novo É você que me caiu tão bem Onde você tava esse tempo todo? Hoje eu sou outro, olha o que eu mudei Não é a camisa, nem o estilo novo É você que me caiu tão bem É você que me caiu tão bem (tão bem)",Murilo Huff,2024,69,https://www.letras.mus.br/murilo-huff/me-caiu-tao-bem-part-gustavo-mioto/,-1
274,Me Leva Pra Casa,musica274,musica274_trecho2,"No amor, sempre fui bandido E agora que estou perdido Uou uou, me leva pra casa",Zezé Di Camargo,2022,16,https://www.letras.mus.br/zeze-di-camargo/me-leva-pra-casa-part-luciano/,-1
225,Me Leva Pra Casa / Escrito Nas Estrelas / Saudade,musica225,musica225_trecho1,"Cansei de ficar sozinho Na rua não tem carinho Uô-uô, me leva pra casa No amor sempre fui bandido E agora estou perdido Uô-uô, me leva pra casa",Lauana Prado,2023,28,https://www.letras.mus.br/lauana-prado/me-leva-pra-casa-escrito-nas-estrelas-saudade/,-1
225,Me Leva Pra Casa / Escrito Nas Estrelas / Saudade,musica225,musica225_trecho10,Talvez eu seja no seu passado mais uma página Que foi do seu diário arrancada,Lauana Prado,2023,15,https://www.letras.mus.br/lauana-prado/me-leva-pra-casa-escrito-nas-estrelas-saudade/,-1
22,Medo Bobo,musica22,musica22_trecho1,"Ah, esse tom de voz eu reconheço Mistura de medo e desejo Tô aplaudindo a sua coragem de me ligar",Maiara & Maraisa,2016,20,https://www.letras.mus.br/maiara-maraisa/medo-bobo/,-1
22,Medo Bobo,musica22,musica22_trecho2,"Eu pensei que só tava alimentando Uma loucura da minha cabeça Mas quando ouvi sua voz, respirei aliviado",Maiara & Maraisa,2016,18,https://www.letras.mus.br/maiara-maraisa/medo-bobo/,-1
22,Medo Bobo,musica22,musica22_trecho4,"É, e na hora que eu te beijei Foi melhor do que eu imaginei Se eu soubesse tinha feito antes No fundo sempre fomos bons amantes",Maiara & Maraisa,2016,26,https://www.letras.mus.br/maiara-maraisa/medo-bobo/,-1
446,Meiga Senhorita,musica446,musica446_trecho1,"Minha meiga senhorita, eu nunca pude lhe dizer Você jamais me perguntou de onde venho e pra onde vou De onde eu venho não importa pois já passou O que importa é saber pra onde vou Minha meiga senhorita o que eu tenho é quase nada Mas tenho o Sol como amigo Traz o que é seu e vem morar comigo Uma palhoça num canto da serra será nosso abrigo Traz o que é seu e vem correndo vem morar comigo",Zé Ricardo e Thiago,2018,81,https://www.letras.mus.br/ze-ricardo-thiago/meiga-senhorita/,-1
446,Meiga Senhorita,musica446,musica446_trecho2,"Aqui é pequeno mas dá pra nós dois E ser for preciso a gente aumenta depois Tenho um violão que é pras noites de Lua Tem uma varanda que é minha e que é sua Vem morar comigo meiga senhorita Vem morar comigo meiga senhorita, vem morar comigo",Zé Ricardo e Thiago,2018,48,https://www.letras.mus.br/ze-ricardo-thiago/meiga-senhorita/,-1
1458,Meio Caminho Andado,musica1458,musica1458_trecho1,Será que cê chegou voando? Mas eu não vi asas em você Me belisca que eu tô sonhando E agora o que é que eu vou fazer?,Enzo Rabelo,2020,27,https://www.letras.mus.br/enzo-rabelo/meio-caminho-andado/,-1
1458,Meio Caminho Andado,musica1458,musica1458_trecho3,"Quem mandou você me olhar? E quem mandou ser linda desse jeito? Quem mandou conhece meu gosto muito bem Chega, não precisa mandar mais ninguém",Enzo Rabelo,2020,25,https://www.letras.mus.br/enzo-rabelo/meio-caminho-andado/,-1
109,MEIO TERMO,musica109,musica109_trecho1,"Vida Teu cheiro ainda tá na minha camisa Toda vez que cê vai, uma parte fica Só pra me assombrar",Luan Santana,2023,20,https://www.letras.mus.br/luan-santana/meio-termo/,-1
109,MEIO TERMO,musica109,musica109_trecho2,"Que por mais que eu queira, você não é minha ainda Se eu der bobeira O que não falta é marmanjo na fila Torcendo pra gente não vingar",Luan Santana,2023,28,https://www.letras.mus.br/luan-santana/meio-termo/,-1
109,MEIO TERMO,musica109,musica109_trecho5,"Ô, vida Teu cheiro ainda tá na minha camisa Toda vez que cê vai, uma parte fica Só pra me assombrar",Luan Santana,2023,21,https://www.letras.mus.br/luan-santana/meio-termo/,-1
934,Mensagem Pra Ela,musica934,musica934_trecho1,Mandei mensagem pra ela Ela não me respondeu Liguei no seu celular A secretária atendeu,César Menotti & Fabiano,2005,15,https://www.letras.mus.br/cesar-menotti-e-fabiano/566162/,-1
934,Mensagem Pra Ela,musica934,musica934_trecho5,"Por quê? Me deu a esperança de ficar com você? Me deu o seu telefone, se não ia atender? Por que você brincou com o meu coração?",César Menotti & Fabiano,2005,27,https://www.letras.mus.br/cesar-menotti-e-fabiano/566162/,-1
1593,Mentalmente (part. MC Kevinho),musica1593,musica1593_trecho2,Tô sarrando em você mentalmente Tô sarrando em você mentalmente Tô sarrando em você Olhei pro seu sorriso e viajei de repente,Naiara Azevedo,2017,22,https://www.letras.mus.br/naiara-azevedo/mentalmente/,-1
272,Mente Pra Mim,musica272,musica272_trecho1,Olha dentro dos meus olhos E me conta umas mentiras só pra me agradar Fala que hoje eu tô bonito Que ainda pensa em mim quando vai se deitar,Cristiano Araújo,2012,29,https://www.letras.mus.br/cristiano-araujo/mente-pra-mim/,-1
272,Mente Pra Mim,musica272,musica272_trecho2,Diz que quando acorda todo dia Seu primeiro pensamento pode ser que seja eu Mente pra esse cara inocente Fala que ele ainda vai ser seu,Cristiano Araújo,2012,26,https://www.letras.mus.br/cristiano-araujo/mente-pra-mim/,-1
272,Mente Pra Mim,musica272,musica272_trecho3,"O amor da sua vida era eu Não era verdade Eu vou amar doendo, eu vou amar sofrendo Mesmo sabendo que tudo pode acabar (vai)",Cristiano Araújo,2012,25,https://www.letras.mus.br/cristiano-araujo/mente-pra-mim/,-1
70,Mentes Tão Bem,musica70,musica70_trecho1,"Me promete amor sincero, uma vida inteira Com você, o meu inverno vira primavera Vive me jurando estar apaixonada Prometeu o mundo e nunca me deu nada Você não cumpre nada",Zezé Di Camargo,2022,31,https://www.letras.mus.br/zeze-di-camargo/mentes-tao-bem/,-1
70,Mentes Tão Bem,musica70,musica70_trecho3,"Quando você fala, tão apaixonada Meu amor, eu sempre estarei contigo Olho nos seus olhos, me emociono e choro Sei que é mentira, mas me sinto vivo Mesmo sendo falso o ar, sinto que respiro",Zezé Di Camargo,2022,35,https://www.letras.mus.br/zeze-di-camargo/mentes-tao-bem/,-1
70,Mentes Tão Bem,musica70,musica70_trecho4,Mentes tão bem Que parece verdade O que você me fala Vou acreditando,Zezé Di Camargo,2022,13,https://www.letras.mus.br/zeze-di-camargo/mentes-tao-bem/,-1
70,Mentes Tão Bem,musica70,musica70_trecho5,Mentes tão bem Que até chego a imaginar Que não quer me enganar Que me ama de verdade,Zezé Di Camargo,2022,18,https://www.letras.mus.br/zeze-di-camargo/mentes-tao-bem/,-1
70,Mentes Tão Bem,musica70,musica70_trecho10,"Mentes tão bem, oh, oh Não me ama de verdade Você mente tão bem Você mente, você mente",Zezé Di Camargo,2022,18,https://www.letras.mus.br/zeze-di-camargo/mentes-tao-bem/,-1
361,Mentira Estampada Na Cara,musica361,musica361_trecho3,"Por que agir assim? Mentir pra mim? Me prometendo o céu, dizendo que me ama E aí, quando chego da rua, eu abro essa porta Eu sinto outro cheiro quando você me toca Eu vejo a mentira estampada em tua cara",Simone & Simaria,2016,41,https://www.letras.mus.br/simone-simaria-as-coleguinhas/mentira-estampada-na-cara/,-1
1348,Mentirosa,musica1348,musica1348_trecho1,Tá espalhando pra galera que tudo acabou Que foi tempo perdido a história que a gente ficou Ainda diz pra todo mundo que você que terminou Mentirosa!,Marcos & Belutti,2014,27,https://www.letras.mus.br/marcos-belutti/mentirosa/,-1
1348,Mentirosa,musica1348,musica1348_trecho2,"Quem terminou foi eu Falou pra todo mundo que não sou mais nada Mas no mesmo dia me liga de madrugada Me querendo, me implorando Tá fazendo plantão na porta da minha casa",Marcos & Belutti,2014,33,https://www.letras.mus.br/marcos-belutti/mentirosa/,-1
425,Mentirosa (part. Wesley Safadão),musica425,musica425_trecho4,Porque eu já arrumei suas coisas Tá tudo dentro desse saco preto Mas antes de ir embora Me responde primeiro,Hugo & Guilherme,2025,20,https://www.letras.mus.br/hugo-guilherme/mentirosa-part-wesley-safadao/,-1
425,Mentirosa (part. Wesley Safadão),musica425,musica425_trecho5,Por que que cê é assim tão mentirosa? O povo lá de casa te detesta Se eu chegar com essa notícia agora Vai ser pelo menos três dias de festa,Hugo & Guilherme,2025,30,https://www.letras.mus.br/hugo-guilherme/mentirosa-part-wesley-safadao/,-1
425,Mentirosa (part. Wesley Safadão),musica425,musica425_trecho7,Por que que cê é assim tão mentirosa?,Hugo & Guilherme,2025,8,https://www.letras.mus.br/hugo-guilherme/mentirosa-part-wesley-safadao/,-1
425,Mentirosa (part. Wesley Safadão),musica425,musica425_trecho10,"Onde cê tava? Que olheira é essa? Mas que bom que cê já veio aqui pra casa (Mais ou menos, né?)",Hugo & Guilherme,2025,21,https://www.letras.mus.br/hugo-guilherme/mentirosa-part-wesley-safadao/,-1
425,Mentirosa (part. Wesley Safadão),musica425,musica425_trecho12,(Por quê?) Por que que cê é assim tão mentirosa? O povo lá de casa te detesta Se eu chegar com essa notícia agora Vai ser pelo menos três dias de festa,Hugo & Guilherme,2025,32,https://www.letras.mus.br/hugo-guilherme/mentirosa-part-wesley-safadao/,-1
1029,Mesmice,musica1029,musica1029_trecho3,"Eu já fingi de tudo pra gente não acabar Até fingi prazer com você na hora H Mas feliz não dá (não dá) Fingir que eu tô feliz Não dá, não dá Eu já fingi de tudo pra gente não acabar Até fingi prazer com você na hora H Mas feliz não dá Fingir que eu tô feliz Não dá, não dá",Simone Mendes,2025,62,https://www.letras.mus.br/simone-mendes/mesmice/,-1
872,Mesmo Sem Estar (part. Sandy),musica872,musica872_trecho1,Eu tô na preguiça que sempre te dá Quando olha no relógio e já passou das seis Eu tô na playlist do teu celular Escondido na história da música três,Luan Santana,2016,30,https://www.letras.mus.br/luan-santana/mesmo-sem-estar/,-1
872,Mesmo Sem Estar (part. Sandy),musica872,musica872_trecho3,"Tô naquela fome louca de manhã Na vontade de comer besteira no café Tô naquela blusa que eu sei que é azul Só pra me irritar, insiste em dizer que não é",Luan Santana,2016,32,https://www.letras.mus.br/luan-santana/mesmo-sem-estar/,-1
872,Mesmo Sem Estar (part. Sandy),musica872,musica872_trecho6,"Que tal apostar A gente não se fala mais por um mês Você vai ver que o tempo não muda nada, nada Nada, nada Eu tô aí Mesmo sem estar",Luan Santana,2016,30,https://www.letras.mus.br/luan-santana/mesmo-sem-estar/,-1
872,Mesmo Sem Estar (part. Sandy),musica872,musica872_trecho13,"Que tal apostar A gente não se fala mais por um mês Você vai ver que o tempo não muda nada (nada), nada Eu tô aí Mesmo sem estar",Luan Santana,2016,29,https://www.letras.mus.br/luan-santana/mesmo-sem-estar/,-1
668,Metade da Estrada,musica668,musica668_trecho1,Olha aqui pra mim Pra cá e pra lá no quarto Nesse breu danado Eu não levantei e nem vou levantar É desesperador Essa situação Cadê o bom senso do seu coração? Já dá pra parar,Henrique & Juliano,2018,36,https://www.letras.mus.br/henrique-e-juliano/metade-da-estrada/,-1
1114,Mete Sua Boca,musica1114,musica1114_trecho2,"Quero sorrir da saudade Zombar da tristeza e da solidão Agora é só felicidade, amor de verdade Desejo e paixão Não quero mais bebedeira",Guilherme & Santiago,2010,24,https://www.letras.mus.br/guilherme-e-santiago/1630466/,-1
498,Meteoro,musica498,musica498_trecho2,Depois que eu te conheci fui mais feliz Você é exatamente o que eu sempre quis Ela se encaixa perfeitamente em mim O nosso quebra-cabeça teve fim,Luan Santana,2009,27,https://www.letras.mus.br/luan-santana/1407542/,-1
498,Meteoro,musica498,musica498_trecho3,"Se for sonho, não me acorde Eu preciso flutuar Pois só quem sonha Consegue alcançar",Luan Santana,2009,15,https://www.letras.mus.br/luan-santana/1407542/,-1
1312,Meu Amor,musica1312,musica1312_trecho2,"O coração, naquele tempo, só doía A pouca idade e a vergonha, eu não sabia Falar de amor, falar de amor",Henrique & Juliano,2017,21,https://www.letras.mus.br/henrique-e-juliano/meu-amor/,-1
1312,Meu Amor,musica1312,musica1312_trecho3,Tive que quebrar a cara por aí Comprar buquê de flores Que murcharam no outro dia Sem ter valor Nenhum valor pro outro alguém,Henrique & Juliano,2017,24,https://www.letras.mus.br/henrique-e-juliano/meu-amor/,-1
1096,Meu Coração Pede Carona,musica1096,musica1096_trecho2,"Se eu puder me controlar, ganhar seu coração Viajaria o mundo inteiro para te ter nas mãos Se for preciso perco medo, pago o preço para encontrar a direção Uô, uô, uô",João Neto e Frederico,2012,32,https://www.letras.mus.br/joao-neto-frederico/1832016/,-1
1096,Meu Coração Pede Carona,musica1096,musica1096_trecho3,"Meu coração pede carona, pra ver meu amor Eu vou até no porta mala se preciso for Rumo a qualquer lugar do mundo sem destino certo Eu perco o chão não sei viver sem ter você por perto",João Neto e Frederico,2012,38,https://www.letras.mus.br/joao-neto-frederico/1832016/,-1
1096,Meu Coração Pede Carona,musica1096,musica1096_trecho4,"Meu coração pede carona, pra ver meu amor Eu vou até no porta mala se preciso for Rumo a qualquer, lugar do mundo, sem destino certo Eu perco o chão, não sei viver sem ter você por perto",João Neto e Frederico,2012,38,https://www.letras.mus.br/joao-neto-frederico/1832016/,-1
1096,Meu Coração Pede Carona,musica1096,musica1096_trecho5,"É fato e ta na cara que eu vivo sem respirar Eu perco o chão e por você também me falta o ar Já procurei por todo canto, mas não encontrei vestígio seu",João Neto e Frederico,2012,33,https://www.letras.mus.br/joao-neto-frederico/1832016/,-1
1096,Meu Coração Pede Carona,musica1096,musica1096_trecho6,"Se eu puder me controlar ganhar seu coração Viajaria o mundo inteiro para te ter nas mãos Se for preciso perco medo, pago o preço para encontrar a direção Uô, uô, uô",João Neto e Frederico,2012,32,https://www.letras.mus.br/joao-neto-frederico/1832016/,-1
1096,Meu Coração Pede Carona,musica1096,musica1096_trecho7,"Meu coração pede coração carona, pra ver meu amor Eu vou até no porta mala se preciso for Rumo a qualquer lugar do mundo sem destino certo Eu perco o chão não sei viver sem ter você por perto",João Neto e Frederico,2012,39,https://www.letras.mus.br/joao-neto-frederico/1832016/,-1
155,Meu Destino,musica155,musica155_trecho1,Parece que o mundo parou de girar Quando você me olhou e me fez sonhar Me apaixonei,Luan Santana,2008,17,https://www.letras.mus.br/luan-santana/1264252/,-1
155,Meu Destino,musica155,musica155_trecho2,"E, nesse momento, parece que o mar e as estrelas do céu Puderam me ver te amar Me entreguei e senti A magia do amor sobre mim",Luan Santana,2008,27,https://www.letras.mus.br/luan-santana/1264252/,-1
684,Meu Eu Em Você,musica684,musica684_trecho1,"Sou teu mundo, sou teu poder Sou tua vida, sou meu eu em você",Paula Fernandes,2005,14,https://www.letras.mus.br/paula-fernandes/1286842/,-1
684,Meu Eu Em Você,musica684,musica684_trecho2,"Eu sou o brilho dos teus olhos ao me olhar Sou o teu sorriso ao ganhar um beijo meu Eu sou teu corpo inteiro a se arrepiar Quando em meus braços você se acolheu Eu sou o teu segredo mais oculto Teu desejo mais profundo, teu querer Tua fome de prazer sem disfarçar Sou a fonte de alegria, sou o teu sonhar",Paula Fernandes,2005,62,https://www.letras.mus.br/paula-fernandes/1286842/,-1
684,Meu Eu Em Você,musica684,musica684_trecho3,"Eu sou a tua sombra, eu sou teu guia Sou teu luar em plena luz do dia Sou tua pele, proteção, sou teu calor Eu sou teu cheiro a perfumar o nosso amor Eu sou tua saudade reprimida Sou teu sangrar ao ver minha partida Sou teu peito a apelar, gritar de dor Ao se ver ainda mais distante do meu amor",Paula Fernandes,2005,62,https://www.letras.mus.br/paula-fernandes/1286842/,-1
684,Meu Eu Em Você,musica684,musica684_trecho4,"Sou teu ego, tua alma Sou teu céu, o teu inferno, a tua calma Eu sou teu tudo, sou teu nada Sou apenas a tua amada Eu sou teu mundo, sou teu poder Sou tua vida, sou meu eu em você",Paula Fernandes,2005,41,https://www.letras.mus.br/paula-fernandes/1286842/,-1
543,Meu Grito de Amor,musica543,musica543_trecho4,Dói demais o silêncio E o vazio frio dos lençóis Dói demais quando a noite Invade o nosso quarto e traz no vento O meu grito de amor,Zé Felipe,2025,28,https://www.letras.mus.br/ze-felipe/meu-grito-de-amor/,-1
1532,Meu Grito De Amor (part. Eduardo Costa),musica1532,musica1532_trecho3,Mergulhei nas incertezas do amor Fui um louco sonhador,Paula Fernandes,2014,9,https://www.letras.mus.br/paula-fernandes/1852896/,-1
1532,Meu Grito De Amor (part. Eduardo Costa),musica1532,musica1532_trecho5,Dói demais o silêncio E o vazio frio dos lençóis Dói demais quando a noite Invade o nosso quarto E traz no vento O meu grito de amor,Paula Fernandes,2014,28,https://www.letras.mus.br/paula-fernandes/1852896/,-1
1167,"Meu Menino, Minha Menina (part. Belinda)",musica1167,musica1167_trecho1,O que é que você viu em mim?,Luan Santana,2011,8,https://www.letras.mus.br/luan-santana/1791040/,-1
1077,Meu Número (part. Jorge & Mateus),musica1077,musica1077_trecho1,Tô sentindo o seu corpo se distanciando Seu beijo esfriando O amor diluindo em lágrimas E ninguém tem coragem de nada,Hugo & Guilherme,2022,21,https://www.letras.mus.br/hugo-guilherme/meu-numero-part-jorge-e-mateus/,-1
1077,Meu Número (part. Jorge & Mateus),musica1077,musica1077_trecho2,Quando passar do portão Não se esqueça do seu coração Que ele vai te avisar a hora certa de você voltar pra mim,Hugo & Guilherme,2022,23,https://www.letras.mus.br/hugo-guilherme/meu-numero-part-jorge-e-mateus/,-1
1507,Meu Oxigênio,musica1507,musica1507_trecho5,"Você é o meu melhor momento Meu barulho, meu silêncio Você é o meu melhor lugar É o meu melhor lugar, oh",Matheus & Kauan,2015,22,https://www.letras.mus.br/matheus-kauan/meu-oxigenio/,-1
1507,Meu Oxigênio,musica1507,musica1507_trecho10,"Você é o meu melhor momento Meu barulho, meu silêncio Você é o meu melhor lugar É o meu melhor lugar",Matheus & Kauan,2015,21,https://www.letras.mus.br/matheus-kauan/meu-oxigenio/,-1
490,Meu Primeiro Amor,musica490,musica490_trecho1,"Saudade palavra triste quando se perde um grande amor Na estrada longa da vida eu vou chorando a minha dor Igual a uma borboleta vagando triste por sobre a flor Teu nome sempre em meus lábios irei chamando por onde for Você nem se quer se lembra de ouvir a voz deste sofredor Que implora por teus carinhos, só um pouquinho do teu amor. Meu primeiro amor Tão cedo acabou só a dor restou Neste peito meu Meu primeiro amor Foi como uma flor que desabrochou E logo morreu Nesta solidão Sem ter alegria o que me alivia São meus tristes ais São prantos de dor Que dos olhos caem É porque bem sei quem eu tanto amei Não verei jamais.",Roberta Miranda,2008,121,https://www.letras.mus.br/roberta-miranda/1312890/,-1
702,Meu Violão e o Nosso Cachorro,musica702,musica702_trecho1,"Pode ficar aqui, sou eu quem vou partir O que a gente construiu não é preciso dividir Fizemos tantos planos, compramos tantas coisas Mas o amor é longe disso Precisamos de um tempo em relação a nós dois Depois decidimos o final, espero que seja um final feliz",Simone & Simaria,2016,48,https://www.letras.mus.br/simone-simaria-as-coleguinhas/meu-violao-e-o-nosso-cachorro/,-1
702,Meu Violão e o Nosso Cachorro,musica702,musica702_trecho3,"Se amanhã a gente se acertar, tudo bem Mas se a gente não voltar, posso beber, posso chorar E até ficar no soro Mas dessa casa eu só vou levar Meu violão e o nosso cachorro",Simone & Simaria,2016,36,https://www.letras.mus.br/simone-simaria-as-coleguinhas/meu-violao-e-o-nosso-cachorro/,-1
702,Meu Violão e o Nosso Cachorro,musica702,musica702_trecho7,Meu violão e o nosso cachorro,Simone & Simaria,2016,6,https://www.letras.mus.br/simone-simaria-as-coleguinhas/meu-violao-e-o-nosso-cachorro/,-1
1221,Minha Boca Você Não Beija Mais,musica1221,musica1221_trecho6,Nunca mais Oh não Nunca mais,Luan Santana,2009,6,https://www.letras.mus.br/luan-santana/1427742/,-1
882,Minha Estrela Perdida,musica882,musica882_trecho1,"Você vai rir quando eu pedir Pra me fazer mais um favor Deixe eu sonhar, acreditar Mais uma vez num grande amor Mente que eu finjo, que acredito no seu coração Conte uma mentira pra minha paixão Diz que eu ainda sou o que você mais quis Mente que eu sou o sonho lindo que você sonhou E que a vida inteira você me esperou Basta seu sorriso pra me ver feliz Só um beijo e nada mais, pra deixar você em paz E encontrar a minha estrela perdida Só um sonho e nada mais, depois disso tanto faz Uma noite pra esquecer de uma vida, minha estrela perdida",Eduardo Costa,2007,109,https://www.letras.mus.br/eduardo-costa/962001/,-1
882,Minha Estrela Perdida,musica882,musica882_trecho2,"Mente que eu finjo, que acredito no seu coração Conta uma mentira pra minha paixão Diz que ainda sou o que você mais quis Mente que eu sou o sonho lindo que você sonhou Que a vida inteira você me esperou Basta seu sorriso pra me ver feliz Só um beijo e nada mais pra deixar você em paz E encontrar a minha estrela perdida Só um sonho e nada mais, depois disso tanto faz Uma noite pra esquecer de uma vida, só um beijo e nada mais Pra deixar você em paz, e encontrar a minha estrela perdida Só um sonho e nada mais, depois disso tanto faz Uma noite pra esquecer de uma vida, minha estrela perdida",Eduardo Costa,2007,119,https://www.letras.mus.br/eduardo-costa/962001/,-1
84,Minha Herança,musica84,musica84_trecho2,Saudade de abrir a janela Ver como o céu tá bonito É que na cidade grande Prédio esconde o que Deus fez de mais lindo,Ana Castela,2024,25,https://www.letras.mus.br/ana-castela/minha-heranca/,-1
84,Minha Herança,musica84,musica84_trecho3,"Em meio a tanta correria Em meio a tanto compromisso Quando sobra um tempo, eu volto Pra fazenda, eu volto pro meu paraíso",Ana Castela,2024,23,https://www.letras.mus.br/ana-castela/minha-heranca/,-1
84,Minha Herança,musica84,musica84_trecho4,Em cima do cavalo Passa um filme na cabeça De quando eu era criança Cantando só por brincadeira,Ana Castela,2024,18,https://www.letras.mus.br/ana-castela/minha-heranca/,-1
84,Minha Herança,musica84,musica84_trecho5,Tempo que não volta O vô e a vó conversando e nós correndo em volta Ficar até tarde acordado escutando história Daria todo o meu dinheiro pra ter isso agora Tempo que não volta O vô e a vó conversando e nós correndo em volta Ficar até tarde acordado escutando história Daria todo o meu dinheiro pra ter isso agora,Ana Castela,2024,60,https://www.letras.mus.br/ana-castela/minha-heranca/,-1
918,Mistérios,musica918,musica918_trecho1,Não há disfarce nesse seu olhar Que incendeia o meu coração Esse desejo te revelará Em um simples gesto qual será sua intenção,Jorge & Mateus,2009,23,https://www.letras.mus.br/jorge-mateus/1396849/,-1
918,Mistérios,musica918,musica918_trecho3,"Seu olhar foi de encontro ao meu O meu destino está junto ao seu Meu vício, mania Eu desvendei os mistérios do seu coração",Jorge & Mateus,2009,24,https://www.letras.mus.br/jorge-mateus/1396849/,-1
918,Mistérios,musica918,musica918_trecho8,"Seu olhar foi de encontro ao meu O meu destino está junto ao seu Meu vício, mania Eu desvendei os mistérios do seu coração Eu desvendei os mistérios do seu coração Eu desvendei os mistérios do seu coração",Jorge & Mateus,2009,38,https://www.letras.mus.br/jorge-mateus/1396849/,-1
1105,Mistura Louca (part. Os Hawaianos),musica1105,musica1105_trecho4,"Os Havaianos estão chegando e o bicho vai pegar Deixa comigo que agora eu vou selecionar Você pode ir, você pode também Essa dali não pode, nem idade ela tem",Henrique & Juliano,2013,30,https://www.letras.mus.br/henrique-e-juliano/mistura-louca/,-1
1105,Mistura Louca (part. Os Hawaianos),musica1105,musica1105_trecho5,"Solteiras podem ir, casadas vêm também O marido não pode, porque homem aqui já tem Ai que mistura louca, já deu água na boca Só de pensar na gente lá em casa tirando a roupa",Henrique & Juliano,2013,35,https://www.letras.mus.br/henrique-e-juliano/mistura-louca/,-1
1270,Mô Deuso,musica1270,musica1270_trecho1,Por causa dumas bestage tão besta Umas bobage tão boba Ocê me largô ieu Me deixô ieu na solidão Sofrendo tão só Quando ocê se escafedeu,Gino e Geno,2012,26,https://www.letras.mus.br/gino-e-geno/mo-deuso/,-1
1270,Mô Deuso,musica1270,musica1270_trecho2,"Com os ói que a terra há de comer Eu te vi indo embora E pedi pra mo deuso Mo deuso, excumunga essa muié Que num mais me quer Mata ela pra ieu!",Gino e Geno,2012,33,https://www.letras.mus.br/gino-e-geno/mo-deuso/,-1
1270,Mô Deuso,musica1270,musica1270_trecho3,Mo deuso excumunga essa muié Que num mais me quer Mata ela pra ieu!,Gino e Geno,2012,14,https://www.letras.mus.br/gino-e-geno/mo-deuso/,-1
1270,Mô Deuso,musica1270,musica1270_trecho5,Ó mo deuso Mande logo aí de riba Um caminhão de ripa Na cacunda dela Tomara que ela pegue dengue Fique bem perrengue E que quebre a espinhela,Gino e Geno,2012,28,https://www.letras.mus.br/gino-e-geno/mo-deuso/,-1
1270,Mô Deuso,musica1270,musica1270_trecho6,Ó mo deuso Mande logo esse castigo Ela brigô comigo E num mais me qué eu Tomara que a negócia dela Encha de pareba Pra num dá pr'otros homi O que antonte era meu,Gino e Geno,2012,34,https://www.letras.mus.br/gino-e-geno/mo-deuso/,-1
1270,Mô Deuso,musica1270,musica1270_trecho8,Por causa de umas bestage tão besta Umas bobage tão boba Ocê me largô ieu Me deixô ieu na solidão Sofrendo tão só Quando ocê se escafedeu,Gino e Geno,2012,27,https://www.letras.mus.br/gino-e-geno/mo-deuso/,-1
1270,Mô Deuso,musica1270,musica1270_trecho9,"Com os ói que a terra há de comer Eu te vi indo embora E pedi pra mo deuso ""Mo deuso, excumunga essa muié Que num mais me quer Mata ela pra ieu!",Gino e Geno,2012,33,https://www.letras.mus.br/gino-e-geno/mo-deuso/,-1
451,Morena,musica451,musica451_trecho3,"Se eu não conseguir dormir, não é a cafeína É culpa da morena, do beijo da morena Se na balada eu zerar, não faltou esquema É culpa da morena, do beijo da morena",Luan Santana,2021,33,https://www.letras.mus.br/luan-santana/morena/,-1
451,Morena,musica451,musica451_trecho5,"Parei no segundo exato Que seus lábios falsos tocaram os meus Sempre que alguém me perguntava, dizia Sinto nada o amor evaporou, morreu",Luan Santana,2021,23,https://www.letras.mus.br/luan-santana/morena/,-1
451,Morena,musica451,musica451_trecho6,Mesmo sabendo que as minhas chances são praticamente nulas O meu coração ainda te procura Lá vou eu deitar na minha cama Me virar pro outro lado e esquecer Não esqueci,Luan Santana,2021,31,https://www.letras.mus.br/luan-santana/morena/,-1
599,Morena Proibida,musica599,musica599_trecho1,Por causa de um par de olhos Negros de amedrontar Acho que a felicidade Violeiro foi buscar Que até sua viola não Parou mais de tocar No peito desse caboclo Felicidade é pouco Dá pra ver no seu cantar,Jorge & Mateus,2007,39,https://www.letras.mus.br/jorge-mateus/985048/,-1
599,Morena Proibida,musica599,musica599_trecho2,Por uma linda morena Violeiro apaixonou E aquela flor de açucena Coração enfeitiçou Não sabia violeiro Da família que ela vinha De pai rico endinheirado Cem mil cabeças de gado Era pouco pra que o tinha,Jorge & Mateus,2007,36,https://www.letras.mus.br/jorge-mateus/985048/,-1
599,Morena Proibida,musica599,musica599_trecho3,O pai daquela morena Tinha fama de ser duro E disse que o violeiro Na vida não tem futuro,Jorge & Mateus,2007,19,https://www.letras.mus.br/jorge-mateus/985048/,-1
599,Morena Proibida,musica599,musica599_trecho4,Com ela não tem namoro Foi esse o seu recado Só Deus sabe o que sentia Violeiro magoado,Jorge & Mateus,2007,18,https://www.letras.mus.br/jorge-mateus/985048/,-1
599,Morena Proibida,musica599,musica599_trecho5,Violeiro foi embora Chegou na grande cidade No ponteio da viola Sobrou oportunidade De gravar aquela história Que falava de um amor Nas paradas de sucesso Violeiro estourou,Jorge & Mateus,2007,28,https://www.letras.mus.br/jorge-mateus/985048/,-1
1196,Morro de Saudade,musica1196,musica1196_trecho2,Sua voz me chama Eu grito seu nome ao vento E meu pensamento vai te encontrar Meu olhar se perde buscando seus olhos no mar Olhos cor da noite prata do luar,Hugo Pena e Gabriel,2008,32,https://www.letras.mus.br/hugo-pena-e-gabriel/692004/,-1
1196,Morro de Saudade,musica1196,musica1196_trecho5,"Essa saudade tá doendo, tá doendo sim! Eu não consigo, eu não posso Preciso te ver Essa vontade é tamanha, já não cabe em mim Tô voltando agora pro meu bem querer",Hugo Pena e Gabriel,2008,32,https://www.letras.mus.br/hugo-pena-e-gabriel/692004/,-1
901,Motel Afrodite (part. Maiara & Maraisa),musica901,musica901_trecho1,"Quanto tempo faz da última vez? O Motel Afrodite perdeu um casal freguês Suíte vinte e dois, se eu não me engano, vinte e três Pernoite, depois do café, amor mais uma vez",Marília Mendonça,2021,33,https://www.letras.mus.br/marilia-mendonca/motel-afrodite-part-maiara-e-maraisa/,-1
901,Motel Afrodite (part. Maiara & Maraisa),musica901,musica901_trecho2,"E dá saudade daquela hidro borbulhando E você me chamando pra gente se amar Dá saudade do gosto, do beijo e daquele lugar",Marília Mendonça,2021,23,https://www.letras.mus.br/marilia-mendonca/motel-afrodite-part-maiara-e-maraisa/,-1
901,Motel Afrodite (part. Maiara & Maraisa),musica901,musica901_trecho3,"E volta e meia, eu volto lá sozinho Eu tiro a roupa, eu choro e abro um vinho E a roupa de cama pode até mudar Mas juro que seu cheiro ainda tá lá",Marília Mendonça,2021,34,https://www.letras.mus.br/marilia-mendonca/motel-afrodite-part-maiara-e-maraisa/,-1
901,Motel Afrodite (part. Maiara & Maraisa),musica901,musica901_trecho5,"Dá saudade daquela hidro borbulhando E você me chamando pra gente se amar Dá saudade do gosto, do beijo e daquele lugar",Marília Mendonça,2021,22,https://www.letras.mus.br/marilia-mendonca/motel-afrodite-part-maiara-e-maraisa/,-1
878,Moto (part. Ana Castela),musica878,musica878_trecho3,"Cê deve ser casado, ter três filhos no interior de sei lá onde Ou vai sumir no mundão depois de tirar uma moto no meu nome Cê deve ser casado, ter três filhos no interior de sei lá onde Ou vai sumir no mundão depois de tirar uma moto no meu nome",Júlia & Rafaela,2024,52,https://www.letras.mus.br/julia-e-rafaela/moto-part-ana-castela/,-1
1088,Mozão,musica1088,musica1088_trecho1,"Oh mozão, cheguei à conclusão Já faz tempo que a gente fica Quase um namoro, sei lá, a gente enrola Eu sinto falta de você quando não está aqui",Lucas Lucco,2014,29,https://www.letras.mus.br/lucas-lucco/mozao/,-1
1088,Mozão,musica1088,musica1088_trecho6,"Momôzim, vamos fazer assim Eu cuido de você, você cuida de mim Não desisto de você e nem você de mim Vamos até o fim, dá a mão pra mim",Lucas Lucco,2014,30,https://www.letras.mus.br/lucas-lucco/mozao/,-1
1365,Muda Minha Vida,musica1365,musica1365_trecho1,Estou aqui na tua casa Preciso ouvir tua voz Aos seus pés me lanço agora Eu sei que tu podes curar,Alex e Alex,2010,21,https://www.letras.mus.br/alex-alex/1725501/,-1
375,Mudando de Assunto,musica375,musica375_trecho2,"Chega a dar tremedeira, um nó na barriga Quem ama demais não suporta uma briga Ciúme demais faz a gente sofrer",Henrique & Juliano,2014,21,https://www.letras.mus.br/henrique-e-juliano/mudando-de-assunto/,-1
375,Mudando de Assunto,musica375,musica375_trecho3,"Mudando de assunto, cê tá tão bonita Que cheiro gostoso que vem de você E se eu te contar, você nem acredita Se eu tava brigando eu nem lembro o porquê",Henrique & Juliano,2014,31,https://www.letras.mus.br/henrique-e-juliano/mudando-de-assunto/,-1
375,Mudando de Assunto,musica375,musica375_trecho5,"Pra que brigar, chorar, embora Eu bem sei que nessa hora Vai me dar vontade de você",Henrique & Juliano,2014,17,https://www.letras.mus.br/henrique-e-juliano/mudando-de-assunto/,-1
1456,Mudou a Estação (part. Henrique & Juliano),musica1456,musica1456_trecho1,Eu me apaixonei por um alguém Que nunca quis amar ninguém Eu mesmo me fiz sua refém Me prendi,Marília Mendonça,2017,19,https://www.letras.mus.br/marilia-mendonca/mudou-a-estacao/,-1
1456,Mudou a Estação (part. Henrique & Juliano),musica1456,musica1456_trecho2,"Eu, que era livre para voar Cortei as minhas próprias asas Fiz de você a minha casa Fiquei aqui com você",Marília Mendonça,2017,21,https://www.letras.mus.br/marilia-mendonca/mudou-a-estacao/,-1
1456,Mudou a Estação (part. Henrique & Juliano),musica1456,musica1456_trecho4,Não sei se mudou a estação Sei que não é mais verão Estou deixando o nosso ninho Decidi voar sozinho,Marília Mendonça,2017,20,https://www.letras.mus.br/marilia-mendonca/mudou-a-estacao/,-1
1456,Mudou a Estação (part. Henrique & Juliano),musica1456,musica1456_trecho9,Se mudou a estação Sei que não é mais verão Estou deixando o nosso ninho Decidi voar sozinho,Marília Mendonça,2017,18,https://www.letras.mus.br/marilia-mendonca/mudou-a-estacao/,-1
1069,Mulher da Blusa Amarela,musica1069,musica1069_trecho3,"No tempo que eu lhe amava Sorridente ela andava, e eu lhe enchia de amor Por causa de conversinha, de fofoca de amiguinhas Essa mulher me deixou",Amado Edílson,2009,27,https://www.letras.mus.br/amado-edilson/1216757/,-1
1069,Mulher da Blusa Amarela,musica1069,musica1069_trecho8,Pra ficar com quem quiser Ficando com quem quiser,Amado Edílson,2009,9,https://www.letras.mus.br/amado-edilson/1216757/,-1
1069,Mulher da Blusa Amarela,musica1069,musica1069_trecho10,Pra viver de mão em mão Pra viver de mão em mão,Amado Edílson,2009,12,https://www.letras.mus.br/amado-edilson/1216757/,-1
1069,Mulher da Blusa Amarela,musica1069,musica1069_trecho11,"Minha família tentava, pra ver se eu me conformava Com o disgosto que passei Foi três anos de terror, acreditando no amor E ter passado o que eu passei",Amado Edílson,2009,29,https://www.letras.mus.br/amado-edilson/1216757/,-1
1069,Mulher da Blusa Amarela,musica1069,musica1069_trecho14,E sai daquele lugar E sai daquele lugar,Amado Edílson,2009,8,https://www.letras.mus.br/amado-edilson/1216757/,-1
1069,Mulher da Blusa Amarela,musica1069,musica1069_trecho18,Dos malandrecos das ruas Dos malandrecos das ruas,Amado Edílson,2009,8,https://www.letras.mus.br/amado-edilson/1216757/,-1
449,Mulher Foda,musica449,musica449_trecho1,Abaixa esse tom de voz Quem cê pensa que é? Primeiro passo pra ser homem Aprende a tratar direito uma mulher,Simone Mendes,2024,21,https://www.letras.mus.br/simone-mendes/mulher-foda/,-1
449,Mulher Foda,musica449,musica449_trecho2,"É que eu não aceito colocar dedo na minha cara Eu sou mulher demais pra engolir sapo calada Vacilou, me perdeu, quer mudar, mas é tarde Vai embora da minha vida ou quer que eu chame um táxi?",Simone Mendes,2024,38,https://www.letras.mus.br/simone-mendes/mulher-foda/,-1
125,Mulher Maravilha,musica125,musica125_trecho1,Tem brinquedo espalhado pela casa toda E as paredes rabiscadas com o giz de cera Mudou de tal maneira Nossa vida já não é a mesma,Zé Neto e Cristiano,2018,26,https://www.letras.mus.br/ze-neto-cristiano/mulher-maravilha/,-1
125,Mulher Maravilha,musica125,musica125_trecho3,"Tem um pinguinho de gente correndo na sala Com o sorriso banguelo, eu não quero mais nada",Zé Neto e Cristiano,2018,17,https://www.letras.mus.br/ze-neto-cristiano/mulher-maravilha/,-1
125,Mulher Maravilha,musica125,musica125_trecho4,"Sabe aquele amor que se multiplica? Quem nunca sonhou ter isso na vida? Ser herói de alguém e, melhor ainda Ter do lado a Mulher Maravilha",Zé Neto e Cristiano,2018,26,https://www.letras.mus.br/ze-neto-cristiano/mulher-maravilha/,-1
216,MULHER SEGURA,musica216,musica216_trecho1,"Ela começa, ela termina Ela não transa, ela ensina Se não for pra ser o amor da vida, ela nem vai Ela sabe a diferença O que não rola, o que compensa Ela é tensa, ela é intensa até demais",Luan Santana,2023,40,https://www.letras.mus.br/luan-santana/mulher-segura/,-1
216,MULHER SEGURA,musica216,musica216_trecho2,"Ela é princesa, ela é tranqueira Ela é segunda, sexta-feira Se ninguém fizer ela feliz, ela se faz Se ocê ama, ela te ama Se ocê trai, ela te trai",Luan Santana,2023,30,https://www.letras.mus.br/luan-santana/mulher-segura/,-1
216,MULHER SEGURA,musica216,musica216_trecho9,O pra sempre dela sempre tem vida curta Ninguém segura uma mulher segura,Luan Santana,2023,13,https://www.letras.mus.br/luan-santana/mulher-segura/,-1
1494,Mundo de Ilusões,musica1494,musica1494_trecho1,"Ei, por que tá me ligando em plena madrugada Se entre nós dois não existe mais nada? Quer fazer com ele o que fez comigo",Gusttavo Lima,2017,25,https://www.letras.mus.br/gusttavo-lima/mundo-de-ilusoes/,-1
1494,Mundo de Ilusões,musica1494,musica1494_trecho3,"Não vai ser dessa vez Que vai fazer com ele o que você me fez Por favor, me escute logo de uma vez Seu amor é um mundo de ilusões Brincando com dois corações",Gusttavo Lima,2017,34,https://www.letras.mus.br/gusttavo-lima/mundo-de-ilusoes/,-1
1328,Mundo Paralelo,musica1328,musica1328_trecho2,Vejo você distante em um mundo paralelo ao meu E nem sei se os meus planos ainda São os mesmos que os seus E o que te impede de estar aqui Pra não passar da hora de dizer que sim,Matheus & Kauan,2013,40,https://www.letras.mus.br/matheus-kauan/mundo-paralelo/,-1
1328,Mundo Paralelo,musica1328,musica1328_trecho3,"Perde esse medo E vem correndo me chamar de amor uô, uô Me beija, minha flor Esquece tudo e vem, sem medo, vem Sem medo, vem",Matheus & Kauan,2013,26,https://www.letras.mus.br/matheus-kauan/mundo-paralelo/,-1
846,Na Conta da Loucura,musica846,musica846_trecho1,Gosto Das suas mãos atrevidas Desse seu olhar maldoso Suas frases provocantes Desse jogo corpo a corpo,Bruno & Marrone,2017,17,https://www.letras.mus.br/bruno-e-marrone/na-conta-da-loucura/,-1
846,Na Conta da Loucura,musica846,musica846_trecho3,Quero Sua cama passageira A sua temperatura Traz a loucura pro quarto Deixa a razão na rua Temos uma noite inteira Pra fazer o que quiser,Bruno & Marrone,2017,26,https://www.letras.mus.br/bruno-e-marrone/na-conta-da-loucura/,-1
846,Na Conta da Loucura,musica846,musica846_trecho7,Coração nem precisa saber Que hoje eu tô com você Coração nem precisa saber Que hoje eu tô com você,Bruno & Marrone,2017,20,https://www.letras.mus.br/bruno-e-marrone/na-conta-da-loucura/,-1
373,Na Hora da Raiva,musica373,musica373_trecho3,Cometi a loucura de nossas fotos rasgar E uma por uma eu vou ter que colar Mas foi na hora da raiva Na hora na hora da raiva,Henrique & Juliano,2015,28,https://www.letras.mus.br/henrique-e-juliano/foi-na-hora-da-raiva/,-1
373,Na Hora da Raiva,musica373,musica373_trecho4,Naquele segundo eu pensei que até te odiava Mas respirei fundo e vi que eu te amava Mas foi na hora da raiva Na hora na hora da raiva,Henrique & Juliano,2015,29,https://www.letras.mus.br/henrique-e-juliano/foi-na-hora-da-raiva/,-1
373,Na Hora da Raiva,musica373,musica373_trecho8,Mas foi na hora da raiva Na hora na hora da raiva Naquele segundo eu pensei que até te odiava Mas respirei fundo e vi que eu te amava,Henrique & Juliano,2015,29,https://www.letras.mus.br/henrique-e-juliano/foi-na-hora-da-raiva/,-1
373,Na Hora da Raiva,musica373,musica373_trecho9,Mas foi na hora da raiva Na hora na hora da raiva,Henrique & Juliano,2015,12,https://www.letras.mus.br/henrique-e-juliano/foi-na-hora-da-raiva/,-1
235,Na Hora de Amar,musica235,musica235_trecho2,"Sempre a voar, pensamento distante E eu me pergunto: O que foi que fiz? Mas são palavras que ninguém responde, te vejo infeliz",Gusttavo Lima,2017,23,https://www.letras.mus.br/gusttavo-lima/na-hora-de-amar/,-1
1506,Na Hora Que Você Chamar,musica1506,musica1506_trecho3,"Eu tenho um dicionário de defeitos Desculpe, amor, esse é meu jeito Esse é o jeito meu Sem pensar, me deixou aqui Pra pensar no que te faz feliz Te faz sorrir",Jorge & Mateus,2024,32,https://www.letras.mus.br/jorge-mateus/na-hora-que-voce-chamar/,-1
1506,Na Hora Que Você Chamar,musica1506,musica1506_trecho5,"E se você quiser, espero por você E se você ligar, eu corro pra atender À meia-noite ou quatro horas da manhã Eu vou te encontrar Na hora em que você chamar",Jorge & Mateus,2024,32,https://www.letras.mus.br/jorge-mateus/na-hora-que-voce-chamar/,-1
1506,Na Hora Que Você Chamar,musica1506,musica1506_trecho8,"E se você quiser, espero por você E se você ligar, eu corro pra atender À meia-noite ou quatro horas da manhã Eu vou te encontrar Na hora em que você me chamar eu vou",Jorge & Mateus,2024,35,https://www.letras.mus.br/jorge-mateus/na-hora-que-voce-chamar/,-1
1506,Na Hora Que Você Chamar,musica1506,musica1506_trecho9,"Na hora em que você me chamar eu vou Na hora em que você me chamar eu vou, eu vou Na hora em que você me Na hora em que você eu vou, eu vou Na hora em que você me chamar Na hora em que você me chamar Me chamar",Jorge & Mateus,2024,51,https://www.letras.mus.br/jorge-mateus/na-hora-que-voce-chamar/,-1
33,Na Linha do Tempo,musica33,musica33_trecho4,"E nesses traços vou tentando descrever Que mil palavras é tão pouco pra dizer Que um sentimento muda tudo, muda o mundo Isso é o amor",Victor & Leo,2015,26,https://www.letras.mus.br/victor-leo/na-linha-do-tempo/,-1
33,Na Linha do Tempo,musica33,musica33_trecho5,"Na linha do tempo, o destino escreveu Com letras douradas, você e eu",Victor & Leo,2015,13,https://www.letras.mus.br/victor-leo/na-linha-do-tempo/,-1
871,Nada Nada,musica871,musica871_trecho2,Tô tonto E mesmo assim quero outra dose Porque no som ao vivo Tá rolando a nossa do Bruno e Marrone,Henrique & Juliano,2015,21,https://www.letras.mus.br/henrique-e-juliano/nada-nada/,-1
871,Nada Nada,musica871,musica871_trecho3,Eu bebo Pra esquecer Se fosse pra lembrar Eu anotava,Henrique & Juliano,2015,10,https://www.letras.mus.br/henrique-e-juliano/nada-nada/,-1
871,Nada Nada,musica871,musica871_trecho7,Chora meu gaiteiro Vai Puxa o fole,Henrique & Juliano,2015,7,https://www.letras.mus.br/henrique-e-juliano/nada-nada/,-1
986,Não Casa Não,musica986,musica986_trecho2,"Tô aqui Lembrando que a gente namorou há três anos atrás Fui feliz demais Quando a gente ama de verdade, o coração não muda Vou te ligar Só pra tirar a dúvida",Marília Mendonça,2017,32,https://www.letras.mus.br/marilia-mendonca/nao-casa-nao/,-1
986,Não Casa Não,musica986,musica986_trecho5,"Por favor, não casa não",Marília Mendonça,2017,5,https://www.letras.mus.br/marilia-mendonca/nao-casa-nao/,-1
986,Não Casa Não,musica986,musica986_trecho6,"Tô aqui Lembrando quando a gente namorou há três anos atrás Fui feliz demais Quando a gente ama de verdade, o coração não muda Vou te ligar Só pra tirar a dúvida",Marília Mendonça,2017,32,https://www.letras.mus.br/marilia-mendonca/nao-casa-nao/,-1
1573,Não Dá Pra Continuar,musica1573,musica1573_trecho2,Quando ligo não me atende Quando falo não compreende os meus problemas Se te peço um beijo você foge Eu permaneço sozinho com o meu dilema,João Bosco & Vinícius,2007,26,https://www.letras.mus.br/joao-bosco-viniciusacustico/979833/,-1
1076,Não Demora Perceber,musica1076,musica1076_trecho2,Vem me ver na madrugada Não demora quase nada Tudo fica sempre pra outra hora,Jorge & Mateus,2012,15,https://www.letras.mus.br/jorge-mateus/nao-demore-a-perceber/,-1
1076,Não Demora Perceber,musica1076,musica1076_trecho4,"Eu não me vejo sem você Só não demore a perceber O tempo voa, o dia passa e esse amor acaba Se não há nada a perder Então vai ter que escolher Desembaça, vê se não me atrasa",Jorge & Mateus,2012,38,https://www.letras.mus.br/jorge-mateus/nao-demore-a-perceber/,-1
890,Não Era Eu,musica890,musica890_trecho1,"Não era eu, não era eu Confundiram o meu carro Minha roupa, meu sapato Te juro, não era eu",César Menotti & Fabiano,2012,19,https://www.letras.mus.br/cesar-menotti-e-fabiano/nao-era-eu/,-1
1044,Não Era Pra Ser,musica1044,musica1044_trecho2,Perdi meu celular e o seu número foi junto Nosso primeiro encontro tava meio sem assunto Talvez por timidez eu me fechei e esperei você me procurar,Luan Santana,2011,27,https://www.letras.mus.br/luan-santana/1779417/,-1
1070,Não Era Você,musica1070,musica1070_trecho2,Tudo que se aproximava Pra mim era ameaça Pode ser que o amor tenha tentado Mas eu dava o número errado,João Bosco & Vinícius,2018,21,https://www.letras.mus.br/joao-bosco-viniciusacustico/nao-era-voce/,-1
1070,Não Era Você,musica1070,musica1070_trecho7,Tudo que se aproximava Pra mim era ameaça Pode ser que o amor tenha tentando Mas eu dava o número errado,João Bosco & Vinícius,2018,21,https://www.letras.mus.br/joao-bosco-viniciusacustico/nao-era-voce/,-1
1232,Não Fui Eu,musica1232,musica1232_trecho1,"Ei, escuta, para de agir feito criança Escuta, sinto em te dizer, mas foi você quem procurou Quem partiu um coração, não fui eu",Paula Fernandes,2013,24,https://www.letras.mus.br/paula-fernandes/nao-fui-eu/,-1
1232,Não Fui Eu,musica1232,musica1232_trecho2,"Ei, escuta, tudo nessa vida tem seu preço Escuta, se chegou a hora de colher o que plantou Você mesmo quem regou, não fui eu Não fui eu",Paula Fernandes,2013,28,https://www.letras.mus.br/paula-fernandes/nao-fui-eu/,-1
334,Não Precisa (part. Victor & Leo),musica334,musica334_trecho3,"Eu já sonhei com a vida, agora vivo um sonho Mas viver ou sonhar, com você, tanto faz Não diga: Não precisa, eu digo que é preciso A gente se amar demais, nada mais",Paula Fernandes,2010,34,https://www.letras.mus.br/paula-fernandes/1756907/,-1
635,Não Sirvo (part. Luísa Sonza),musica635,musica635_trecho2,"Calma nada, calma é o caramba Assume essas promessas Que cê faz em cima da minha cama, é sério Eu não curto essas parada Combinou, tá combinado Eu não tô gostando Cê tirando meu coração pra otário",Matheus & Kauan,2024,37,https://www.letras.mus.br/matheus-kauan/nao-sirvo-part-luisa-sonza/,-1
635,Não Sirvo (part. Luísa Sonza),musica635,musica635_trecho3,"Tá achando que é bagunça? Só porque me tirou da bagunça Mas, pra sua informação Depois da sua boca, só teve a sua Cê me tirou da rua, pô Sigilo porra nenhuma Se eu não sirvo pra namorar Então não sirvo só pra dar uma",Matheus & Kauan,2024,45,https://www.letras.mus.br/matheus-kauan/nao-sirvo-part-luisa-sonza/,-1
635,Não Sirvo (part. Luísa Sonza),musica635,musica635_trecho4,"Tá achando que é bagunça? Só porque me tirou da bagunça Mas, pra sua informação Depois da sua boca, só teve a sua Cê me tirou da rua, pô Sigilo porra nenhuma Se eu não sirvo pra namorar Então não sirvo só pra dar uma Tá achando que é bagunça?",Matheus & Kauan,2024,50,https://www.letras.mus.br/matheus-kauan/nao-sirvo-part-luisa-sonza/,-1
635,Não Sirvo (part. Luísa Sonza),musica635,musica635_trecho6,"Calma nada, calma é o caramba Assume essas promessas Que cê faz em cima da minha cama Eu não curto essas parada Combinou, tá combinado Eu não tô gostando Cê tirando meu coração pra otário",Matheus & Kauan,2024,35,https://www.letras.mus.br/matheus-kauan/nao-sirvo-part-luisa-sonza/,-1
635,Não Sirvo (part. Luísa Sonza),musica635,musica635_trecho7,"Tá achando que é bagunça? Só porque me tirou da bagunça Mas, pra sua informação Depois da sua boca, só teve a sua Cê me tirou da rua, pô Sigilo porra nenhuma Se eu não sirvo pra namorar Eu não sirvo só pra dar uma",Matheus & Kauan,2024,45,https://www.letras.mus.br/matheus-kauan/nao-sirvo-part-luisa-sonza/,-1
635,Não Sirvo (part. Luísa Sonza),musica635,musica635_trecho8,"Tá achando que é bagunça? Só porque me tirou da bagunça Mas, pra sua informação Depois da sua boca, só teve a sua Cê me tirou da rua, pô Sigilo porra nenhuma Se eu não sirvo pra namorar Eu não sirvo só pra dar uma Tá achando que é bagunça?",Matheus & Kauan,2024,50,https://www.letras.mus.br/matheus-kauan/nao-sirvo-part-luisa-sonza/,-1
635,Não Sirvo (part. Luísa Sonza),musica635,musica635_trecho9,"Mas, pra sua informação (tá achando que é bagunça?) Depois da sua boca, só teve a sua Cê me tirou da rua, pô Sigilo porra nenhuma Se eu não sirvo pra namorar Eu não sirvo só pra dar uma Tá achando que é bagunça? Tá achando que é bagunça?",Matheus & Kauan,2024,49,https://www.letras.mus.br/matheus-kauan/nao-sirvo-part-luisa-sonza/,-1
546,Não Tente Me Impedir,musica546,musica546_trecho4,Você pode até chorar De joelhos implorar Que eu não vou voltar atrás Na minha decisão,Bruno & Marrone,2009,16,https://www.letras.mus.br/bruno-e-marrone/1444912/,-1
546,Não Tente Me Impedir,musica546,musica546_trecho9,"Nem que o mundo acabe eu vou partir Pro seu próprio bem, não tente me impedir Você só me deu desilusão Agora te dou a solidão",Bruno & Marrone,2009,26,https://www.letras.mus.br/bruno-e-marrone/1444912/,-1
669,Não Vitalício (Nunca Mais) (part. Mari Fernandez),musica669,musica669_trecho1,"Eu tenho raiva de você Porque cê beija bem demais Na cama, cê tem o poder De tirar minha paz",Matheus & Kauan,2023,20,https://www.letras.mus.br/matheus-kauan/nao-vitalicio-nunca-mais-part-mari-fernandez/,-1
1607,Não Vou Mais Atrás De Você (Agora Eu Me Curei),musica1607,musica1607_trecho1,"Cansei de te procurar e De bater no seu apartamento Tentando reconciliar o nosso relacionamento Mandei mensagens, te liguei Pra reviver a nossa história Você não quis se preocupar e me mandou embora",Simone & Simaria,2016,33,https://www.letras.mus.br/simone-simaria-as-coleguinhas/nao-vou-mais-atras-de-voce-agora-eu-me-curei/,-1
1607,Não Vou Mais Atrás De Você (Agora Eu Me Curei),musica1607,musica1607_trecho4,"Cansei de te procurar De bater em seu apartamento Tentando reconciliar o nosso relacionamento Mandei mensagens, te liguei Pra reviver a nossa história Você não quis se preocupar o tempo resolve tudo, hein",Simone & Simaria,2016,33,https://www.letras.mus.br/simone-simaria-as-coleguinhas/nao-vou-mais-atras-de-voce-agora-eu-me-curei/,-1
1097,Não Vou Mais Chorar,musica1097,musica1097_trecho1,Te esquecer era o que eu mais queria O que fez comigo é covardia,João Neto e Frederico,2008,14,https://www.letras.mus.br/joao-neto-frederico/1543590/,-1
1097,Não Vou Mais Chorar,musica1097,musica1097_trecho2,"Você pisou, machucou meu coração E não pensou nas consequências Dessa paixão",João Neto e Frederico,2008,12,https://www.letras.mus.br/joao-neto-frederico/1543590/,-1
1097,Não Vou Mais Chorar,musica1097,musica1097_trecho4,E agora escute bem vou lhe dizer Já não te quero mais Esse papo de agora amar Comigo não rola mais,João Neto e Frederico,2008,21,https://www.letras.mus.br/joao-neto-frederico/1543590/,-1
58,Narcisista,musica58,musica58_trecho10,"Sai pra lá, seu louco",Maiara & Maraisa,2023,5,https://www.letras.mus.br/maiara-maraisa/narcisista/,-1
1080,Nega,musica1080,musica1080_trecho1,"Eu sei, você sofreu demais E sabe que eu não fui capaz Mas, mas, mas Aquele sonho que era meu Descobri não era seu É, não deu",Luan Santana,2012,27,https://www.letras.mus.br/luan-santana/1979110/,-1
1356,Nem Tchum,musica1356,musica1356_trecho1,"Oi, me responde Cê tá aí? O que que tá acontecendo?",Maiara & Maraisa,2019,11,https://www.letras.mus.br/maiara-maraisa/nem-tchum/,-1
1258,Nem Te Conto,musica1258,musica1258_trecho1,"Xi... Tem um sogro bravo na parada Ele descobriu que sua filha amada já não é mais moça E o culpado disso tudo sou eu, sou eu, sou eu",Lucas Lucco,2013,29,https://www.letras.mus.br/lucas-lucco/nem-te-conto/,-1
1258,Nem Te Conto,musica1258,musica1258_trecho9,"""Mas e aí, linda, e se seu pai te perguntar O que a gente faz, hein?""",Lucas Lucco,2013,16,https://www.letras.mus.br/lucas-lucco/nem-te-conto/,-1
1258,Nem Te Conto,musica1258,musica1258_trecho11,"""Fala aí, sogrão, tá de parabéns, hein!""",Lucas Lucco,2013,7,https://www.letras.mus.br/lucas-lucco/nem-te-conto/,-1
1448,Ninguém Tem Nada Com Isso,musica1448,musica1448_trecho1,Se eu amanheci No meio da gandaia Tô pagando,Hugo e Tiago,2011,9,https://www.letras.mus.br/hugo-e-tiago/1873656/,-1
1448,Ninguém Tem Nada Com Isso,musica1448,musica1448_trecho2,"Colado, enrolado Num rabo de saia Nem tô ligando",Hugo e Tiago,2011,9,https://www.letras.mus.br/hugo-e-tiago/1873656/,-1
1448,Ninguém Tem Nada Com Isso,musica1448,musica1448_trecho4,O dinheiro acabando E a vida apertada Vou me virando,Hugo e Tiago,2011,10,https://www.letras.mus.br/hugo-e-tiago/1873656/,-1
1448,Ninguém Tem Nada Com Isso,musica1448,musica1448_trecho6,Ninguém tem nada com isso A vida é minha E faço o que eu quiser,Hugo e Tiago,2011,15,https://www.letras.mus.br/hugo-e-tiago/1873656/,-1
735,No Dia Do Seu Casamento,musica735,musica735_trecho4,"Olha pro seu dedo agora E jogue essa aliança fora Eu sei bem quem você ama É a mim que você chama Na saúde, na tristeza Na alegria e na cama",Maiara & Maraisa,2014,31,https://www.letras.mus.br/maiara-maraisa/no-dia-do-seu-casamento/,-1
735,No Dia Do Seu Casamento,musica735,musica735_trecho11,"Na saúde, na tristeza Na alegria e na cama",Maiara & Maraisa,2014,9,https://www.letras.mus.br/maiara-maraisa/no-dia-do-seu-casamento/,-1
514,Nocaute,musica514,musica514_trecho1,Olha aí o mundo girando E a gente se esbarrando outra vez Olha aí o meu coração indo contra a razão Sentimento não se desfez,Jorge & Mateus,2015,25,https://www.letras.mus.br/jorge-mateus/nocaute/,-1
1094,Nosso Amor Já Era,musica1094,musica1094_trecho1,Andou falando por aí que o nosso amor já era Por que me enganou todo esse tempo Prometendo tanto amor? Tô precisando saber,Hugo Pena e Gabriel,2011,23,https://www.letras.mus.br/hugo-pena-e-gabriel/1740792/,-1
1094,Nosso Amor Já Era,musica1094,musica1094_trecho2,"Mas fale de coração, se é verdade ou não O que a cidade está comentando Mas olha o que vai dizer, pra não se arrepender Depois você vai terminar chorando",Hugo Pena e Gabriel,2011,30,https://www.letras.mus.br/hugo-pena-e-gabriel/1740792/,-1
1357,Nosso Casamento,musica1357,musica1357_trecho2,Tô ligando pra dizer Que não vivo sem você É o anjo que Deus me mandou Um beijo se adivinhar Vai ter que acertar Onde eu estou,Léo Magalhães,2012,27,https://www.letras.mus.br/leo-magalhaes/1984185/,-1
120,Nosso Quadro,musica120,musica120_trecho2,"É saudade que toma, que toma Que toma conta de mim E não me dá remorso, nem raiva Nem ódio, dá pena do fim",Ana Castela,2024,24,https://www.letras.mus.br/ana-castela/nosso-quadro/,-1
120,Nosso Quadro,musica120,musica120_trecho5,"Os meus amigos perguntam que fim cê levou O meu pai não desiste, ainda quer ser vovô O tempo não foi tão legal com nós dois Podia ter sido, mas não foi",Ana Castela,2024,32,https://www.letras.mus.br/ana-castela/nosso-quadro/,-1
1156,Nova Namorada,musica1156,musica1156_trecho1,"Não vou negar, sofri demais Quando você me deu um fora Mas o tempo passa, o mundo gira O mundo é uma bola",Marcos & Belutti,2011,23,https://www.letras.mus.br/marcos-belutti/1892018/,-1
608,Nova York,musica608,musica608_trecho3,"Saudade vai, vai, vai Saudade vem, vem, vem Te buscar",Victor & Leo,2007,10,https://www.letras.mus.br/victor-leo/1094584/,-1
113,Novo Eu,musica113,musica113_trecho2,"Eu sei da dificuldade que é cruzar a cidade, parar na minha frente E não chorar Eu sei que a sua vontade é me falar umas verdade, me xingar e me bater E depois me beijar Porque cê não me odeia Você odeia o fato de me amar",Henrique & Juliano,2025,48,https://www.letras.mus.br/henrique-e-juliano/novo-eu/,-1
711,O Amor Coloriu,musica711,musica711_trecho4,"Sou seu cantor Minha música toca e o mundo se enche de cor Te esperei me tornei sua casa e você se apossou O lugar que é seu, te prometo, ninguém mais morou E se o mundo acabar num segundo Eu quero estar te amando",Luan Santana,2013,45,https://www.letras.mus.br/luan-santana/o-amor-coloriu/,-1
711,O Amor Coloriu,musica711,musica711_trecho8,"Sou seu cantor Minha música toca e o mundo se enche de cor Te esperei, me tornei sua casa e você se apossou O lugar que é seu, te prometo, ninguém mais morou E se o mundo acabar num segundo",Luan Santana,2013,40,https://www.letras.mus.br/luan-santana/o-amor-coloriu/,-1
711,O Amor Coloriu,musica711,musica711_trecho9,"Sou seu cantor Minha música toca e o mundo se enche de cor Te esperei, me tornei sua casa e você se apossou O lugar que é seu, te prometo, ninguém mais morou E se o mundo acabar num segundo, eu quero estar te amando Te amando",Luan Santana,2013,47,https://www.letras.mus.br/luan-santana/o-amor-coloriu/,-1
582,O Bilau,musica582,musica582_trecho5,A rapaziada ta ficando revoltada No meu bilau ja falam em dar um fim E a mulherada ta de cabeça virada Quando passo la na rua sai corendo atrás de mim,Teodoro e Sampaio,2011,31,https://www.letras.mus.br/teodoro-e-sampaio/1961233/,-1
770,O Cavaco Vuou,musica770,musica770_trecho9,"Eu vendi um canário que canta e um que não canta eu vendi muito bem O que canta eu vendi por cinquenta e o que não canta eu vendi por cem Perguntaram qual a diferença, por que o que não canta teve mais valor? O que canta pega a moda pronta, mas o que não canta é o compositor",Gino e Geno,2017,59,https://www.letras.mus.br/gino-e-geno/o-cavaco-vuou/,-1
479,O Céu Explica Tudo,musica479,musica479_trecho1,"Eu amarrotei tantos lençóis Era só eu, nunca era nós Me dava bem no singular",Henrique & Juliano,2017,15,https://www.letras.mus.br/henrique-e-juliano/o-ceu-explica-tudo/,-1
269,O Defensor,musica269,musica269_trecho3,"Estou aqui, seu defensor Eu vim pra te buscar, eu vou te amar E onde ele bateu, eu vou te beijar Eu só quero curar suas feridas",Zezé Di Camargo & Luciano,2015,27,https://www.letras.mus.br/zeze-di-camargo-e-luciano/o-defensor/,-1
1054,Ô Linda,musica1054,musica1054_trecho4,"Se você fosse uma cidade, era ô Linda Se você fosse uma mineirinha, era um trenzão Se você fosse um amor, era o amor da minha vida Se me desse corda, eu era um violão",Diego e Victor Hugo,2025,35,https://www.letras.mus.br/diego-victor-hugo/o-linda/,-1
1054,Ô Linda,musica1054,musica1054_trecho10,"Se você fosse um amor, era o amor da minha vida Se me desse corda, eu era um violão",Diego e Victor Hugo,2025,19,https://www.letras.mus.br/diego-victor-hugo/o-linda/,-1
672,O Menino da Porteira,musica672,musica672_trecho1,"Toda vez que eu viajava pela estrada de Ouro Fino De longe eu avistava a figura de um menino Que corria, abria a porteira e depois vinha me pedindo Toque o berrante seu moço Que é pra eu ficar ouvindo",Daniel,2009,40,https://www.letras.mus.br/daniel/1451336/,-1
672,O Menino da Porteira,musica672,musica672_trecho3,Nos caminhos desta vida muito espinho eu encontrei Mas nenhum calou mais fundo Do que isso que eu passei Na minha viagem de volta qualquer coisa eu cismei Vendo a porteira fechada o menino eu não avistei,Daniel,2009,37,https://www.letras.mus.br/daniel/1451336/,-1
245,O Meu Coração Em Suas Mãos (Colgando en tus manos) (part. Maiara e Maraisa),musica245,musica245_trecho4,Meu coração está em suas mãos Não me deixes cair Você sabe que estou Presa em suas mãos,Hugo & Guilherme,2024,18,https://www.letras.mus.br/hugo-guilherme/o-meu-coracao-em-suas-maos-part-maiara-e-maraisa/,-1
245,O Meu Coração Em Suas Mãos (Colgando en tus manos) (part. Maiara e Maraisa),musica245,musica245_trecho9,Meu coração está em suas mãos (uh) Não me deixes cair Você sabe que estou Presa em suas mãos,Hugo & Guilherme,2024,19,https://www.letras.mus.br/hugo-guilherme/o-meu-coracao-em-suas-maos-part-maiara-e-maraisa/,-1
723,O Mundo É Tão Pequeno,musica723,musica723_trecho3,"E graças a Deus que o seu amor não me fez tão mal E o meu coração ainda bate igual E a gente se encontra em outro Carnaval O mundo é tão pequeno, afinal O mundo é tão pequeno, afinal",Jorge & Mateus,2009,40,https://www.letras.mus.br/jorge-mateus/1446997/,-1
468,O Nosso Santo Bateu,musica468,musica468_trecho1,"Às vezes acho que devia te dizer mais vezes Que te amo e que te quero mais que qualquer coisa Por essa noite vem morar aqui, aqui, vem",Matheus & Kauan,2016,28,https://www.letras.mus.br/matheus-kauan/nosso-santo-bateu/,-1
468,O Nosso Santo Bateu,musica468,musica468_trecho3,"Dessa vida nada se leva E no fundo todo mundo espera Um amor que venha pra somar, pra completar Simbora",Matheus & Kauan,2016,20,https://www.letras.mus.br/matheus-kauan/nosso-santo-bateu/,-1
656,O Que Cê Vai Fazer,musica656,musica656_trecho2,"Quando os corpos não quiserem mais se abraçar E os olhos desviarem quando ele te olhar, vai doer Talvez hoje seja tarde pra gente voltar Não quero estar na sua pele quando me encontrar, vai doer Vai doer",Fernando e Sorocaba,2013,38,https://www.letras.mus.br/fernando-sorocaba/o-que-ce-vai-fazer/,-1
772,O Que Combina Comigo é Você,musica772,musica772_trecho2,"O que combina com sede é água doce O que combina com riso é prazer Primavera combina com as flores O que combina comigo é você Você, você, você",Zé Henrique & Gabriel,2010,29,https://www.letras.mus.br/ze-henrique-gabriel/1520525/,-1
874,O Que É Amor Pra Você,musica874,musica874_trecho1,"Respira fundo, eu tenho muito pra dizer Talvez você não consiga entender Mas dei o melhor de mim",Marília Mendonça,2015,18,https://www.letras.mus.br/marilia-mendonca/o-que-e-amor-pra-voce/,-1
874,O Que É Amor Pra Você,musica874,musica874_trecho3,Eu tentei ser na sua vida alguém raro Mas o certo pra você tá errado Eu fiz tudo que você pediu pra fazer,Marília Mendonça,2015,23,https://www.letras.mus.br/marilia-mendonca/o-que-e-amor-pra-voce/,-1
874,O Que É Amor Pra Você,musica874,musica874_trecho4,"E sei, acabei te assustando Todo dia um novo plano E você só queria um tempo Um momento, um instante de prazer",Marília Mendonça,2015,22,https://www.letras.mus.br/marilia-mendonca/o-que-e-amor-pra-voce/,-1
329,O Que É Que Tem?,musica329,musica329_trecho1,E pra deixar acontecer A pena tem que valer Tem que ser com você,Jorge & Mateus,2012,14,https://www.letras.mus.br/jorge-mateus/o-que-e-que-tem/,-1
1355,O Que É Que Você Viu em Mim? (part. Hugo Del Vecchio),musica1355,musica1355_trecho1,"Estamos lado a lado nessa cama Só que hoje eu não vou querer dormir Dessa vez não deu dor de cabeça Desliguei o celular, que surpresa você por aqui",Marília Mendonça,2016,29,https://www.letras.mus.br/marilia-mendonca/o-que-e-que-voce-viu-em-mim/,-1
1355,O Que É Que Você Viu em Mim? (part. Hugo Del Vecchio),musica1355,musica1355_trecho2,Mas surpresa de verdade foi o que eu senti Se o mais dedicado sempre foi você De repente eu vi tudo se inverter Lembrei do quanto eu te magoei Deu um nó na garganta e a lágrima caiu,Marília Mendonça,2016,38,https://www.letras.mus.br/marilia-mendonca/o-que-e-que-voce-viu-em-mim/,-1
1355,O Que É Que Você Viu em Mim? (part. Hugo Del Vecchio),musica1355,musica1355_trecho4,O que é que você viu em mim? Por que ainda me olha assim? Tem tanta gente interessante Porque que eu sou tão importante?,Marília Mendonça,2016,24,https://www.letras.mus.br/marilia-mendonca/o-que-e-que-voce-viu-em-mim/,-1
1355,O Que É Que Você Viu em Mim? (part. Hugo Del Vecchio),musica1355,musica1355_trecho5,O que é que você viu em mim? Por que ainda me ama assim? Ainda me beija como antes Você nunca quis ficar,Marília Mendonça,2016,23,https://www.letras.mus.br/marilia-mendonca/o-que-e-que-voce-viu-em-mim/,-1
1355,O Que É Que Você Viu em Mim? (part. Hugo Del Vecchio),musica1355,musica1355_trecho7,O que é que você viu em mim? Por que ainda me ama assim? Ainda me beija como antes Você nunca quis ficar distante,Marília Mendonça,2016,24,https://www.letras.mus.br/marilia-mendonca/o-que-e-que-voce-viu-em-mim/,-1
1326,O Que Essa Moça Fez Aqui,musica1326,musica1326_trecho2,"Eu vivo no mato, só sei trabalhar Só lido com os bichos, não sei nem falar O que essa moça fez aqui? O que essa moça fez aqui?",João Carreiro & Capataz,2010,28,https://www.letras.mus.br/joao-carreiro-capataz/1979189/,-1
1326,O Que Essa Moça Fez Aqui,musica1326,musica1326_trecho4,"Remoendo saudade, ruminando dor Vivo sofrendo, esperando esse amor Fez um estrago no meu coração Bagunçou, bagunçou a vida desse peão Remoendo saudade, ruminando dor Vivo sofrendo, esperando esse amor Fez um estrago no meu coração E o que essa moça fez aqui? Bagunçou, bagunçou a vida desse peão",João Carreiro & Capataz,2010,49,https://www.letras.mus.br/joao-carreiro-capataz/1979189/,-1
1326,O Que Essa Moça Fez Aqui,musica1326,musica1326_trecho6,"Remoendo saudade, ruminando dor Vivo sofrendo, esperando esse amor Fez um estrago no meu coração E o que essa moça fez aqui?",João Carreiro & Capataz,2010,22,https://www.letras.mus.br/joao-carreiro-capataz/1979189/,-1
1326,O Que Essa Moça Fez Aqui,musica1326,musica1326_trecho8,"Remoendo saudade, ruminando dor Vivo sofrendo, esperando esse amor Fez um estrago no meu coração Bagunçou, bagunçou a vida desse peão Remoendo saudade, ruminando dor Vivo sofrendo, esperando esse amor Fez um estrago no meu coração E o que essa moça fez aqui? E o que essa moça fez aqui? E o que essa moça fez aqui?",João Carreiro & Capataz,2010,57,https://www.letras.mus.br/joao-carreiro-capataz/1979189/,-1
213,O Que Falta Em Você Sou Eu,musica213,musica213_trecho1,Falando em saudade De novo eu acordei pensando em você Já faz um mês que não te vejo Trinta dias que eu acordo pensando em você,Marília Mendonça,2015,26,https://www.letras.mus.br/marilia-mendonca/o-que-falta-em-voce-sou-eu/,-1
213,O Que Falta Em Você Sou Eu,musica213,musica213_trecho2,Não sei se você está bem Se está gostando de outro alguém O corte do cabelo tá do mesmo jeito Aparentemente tudo igual,Marília Mendonça,2015,23,https://www.letras.mus.br/marilia-mendonca/o-que-falta-em-voce-sou-eu/,-1
213,O Que Falta Em Você Sou Eu,musica213,musica213_trecho4,O que falta em você sou eu Seu sorriso precisa do meu Sei que tá morrendo de saudade Vem buscar logo a sua metade,Marília Mendonça,2015,24,https://www.letras.mus.br/marilia-mendonca/o-que-falta-em-voce-sou-eu/,-1
213,O Que Falta Em Você Sou Eu,musica213,musica213_trecho5,"O que falta em você sou eu Seu sorriso precisa do meu Sei que tá morrendo de saudade Vem buscar logo, vem, vem, vem",Marília Mendonça,2015,24,https://www.letras.mus.br/marilia-mendonca/o-que-falta-em-voce-sou-eu/,-1
213,O Que Falta Em Você Sou Eu,musica213,musica213_trecho9,Falando em saudade Tá aqui comigo,Marília Mendonça,2015,6,https://www.letras.mus.br/marilia-mendonca/o-que-falta-em-voce-sou-eu/,-1
1304,O Que Os Olhos Não Veem,musica1304,musica1304_trecho1,"Talvez eu seja um pouco imaturo Talvez seja inseguro, resolvi me afastar Eu não sei me fazer indiferente E nem sou como essa gente que consegue disfarçar",Jorge & Mateus,2009,27,https://www.letras.mus.br/jorge-mateus/1447009/,-1
1304,O Que Os Olhos Não Veem,musica1304,musica1304_trecho3,"E o que os olhos não veem, o coração não sente Não posso te encarar assim tão de repente Eu começo a lembrar, vou me descontrolar Chorar na sua frente",Jorge & Mateus,2009,30,https://www.letras.mus.br/jorge-mateus/1447009/,-1
1304,O Que Os Olhos Não Veem,musica1304,musica1304_trecho4,E o que os olhos não veem o coração não sente Eu não vou conseguir fingir que estou contente Vou precisar de um tempo pra te esquecer Por isso estou ausente,Jorge & Mateus,2009,31,https://www.letras.mus.br/jorge-mateus/1447009/,-1
1220,O Tempo Não Apaga,musica1220,musica1220_trecho2,"O tempo não apaga, não desfaz O beijo que eu desejo sempre mais Não posso esquecer o seu olhar no meu Eu sei que o nosso amor ainda não morreu",Victor & Leo,2013,30,https://www.letras.mus.br/victor-leo/o-tempo-nao-apaga/,-1
1503,Obrigado Deus,musica1503,musica1503_trecho1,"Já parou para pensar As coisas que vem planejando aonde Ele se encaixa E se agradece todo dia que sua vida passa Pois, pode ter certeza que Ele olha por você Já parou pra perceber",Henrique & Juliano,2015,35,https://www.letras.mus.br/henrique-e-juliano/obrigado-deus/,-1
1503,Obrigado Deus,musica1503,musica1503_trecho3,"Que você hoje tem saúde, tem a paz Felicidade que nem todos podem ter E tem um Deus ali em cima Que até chora quando vê você sofrer Que escolheu sacrificar o filho Dele só pra te deixar viver",Henrique & Juliano,2015,39,https://www.letras.mus.br/henrique-e-juliano/obrigado-deus/,-1
1371,Obrigado por Estragar Tudo,musica1371,musica1371_trecho3,"Tão dizendo por aí Que nunca se esquece um amor Vai com calma, espera aí O que foi mesmo que você falou?",Marília Mendonça,2019,22,https://www.letras.mus.br/marilia-mendonca/obrigada-por-estragar-tudo/,-1
1371,Obrigado por Estragar Tudo,musica1371,musica1371_trecho5,Você foi a melhor coisa que eu nunca tive Por pouco eu não me iludo Obrigada por estragar tudo,Marília Mendonça,2019,19,https://www.letras.mus.br/marilia-mendonca/obrigada-por-estragar-tudo/,-1
1324,"Oh, Delícia",musica1324,musica1324_trecho1,"Oh, delícia! oh, delícia! Vamos sair daqui pra conhecer o meu apê Oh, delícia! oh, delícia! A gente vai voltar antes do dia amanhecer",Henrique & Diego,2013,24,https://www.letras.mus.br/henrique-diego/oh-delicia/,-1
1324,"Oh, Delícia",musica1324,musica1324_trecho3,Fala pra suas amigas que só vai ali e já volta Pra elas não se preocupar Fala que a gente vai ali no estacionamento Que a gente não vai demorar,Henrique & Diego,2013,30,https://www.letras.mus.br/henrique-diego/oh-delicia/,-1
1324,"Oh, Delícia",musica1324,musica1324_trecho4,"Oh, delícia! oh, delícia! Vamos sair daqui pra conhecer o meu apê Oh, delícia! oh, delícia! A gente vai voltar antes do dia amanhecer Oh, delícia! oh, delícia! Vamos sair daqui pra conhecer o meu apê Oh, delícia! oh, delícia! A gente vai voltar antes do dia amanhecer",Henrique & Diego,2013,48,https://www.letras.mus.br/henrique-diego/oh-delicia/,-1
1274,"Oh, Mamãe",musica1274,musica1274_trecho3,"Eu vou, eu vou Tá indo eu, o Jhonny, o Black, o Red, o Zé Aquele mexicano que tá sempre com mulher Que deixa o povo louco sem saber aonde tá, ah ah",Thiago Brava,2013,33,https://www.letras.mus.br/thiago-brava/oh-mamae/,-1
1274,"Oh, Mamãe",musica1274,musica1274_trecho4,"Oh, mamãe, fica de boa que seu filho vai chegar E se por acaso o meu velho perguntar Fala que tá tudo sossegado e já cheguei",Thiago Brava,2013,26,https://www.letras.mus.br/thiago-brava/oh-mamae/,-1
86,Oi Balde,musica86,musica86_trecho2,"Eu já borrei batons pela cidade Mas nada apaga minha saudade Eu tento, mas não acho alguém do nível Só acho amor incompatível",Zé Neto e Cristiano,2023,23,https://www.letras.mus.br/ze-neto-cristiano/oi-balde/,-1
86,Oi Balde,musica86,musica86_trecho3,"Oi, balde Desculpa a cara de pau, mas deu saudade Eu te chutei quando a raiva tava no auge Eu fui um trouxa, a gente sabe Que nunca foi falta de amor, foi só falta de maturidade",Zé Neto e Cristiano,2023,37,https://www.letras.mus.br/ze-neto-cristiano/oi-balde/,-1
86,Oi Balde,musica86,musica86_trecho4,"Oi, balde Desculpa a cara de pau, mas deu saudade Eu te chutei quando a raiva tava no auge Eu fui um trouxa, a gente sabe Que nunca foi falta de amor, foi só falta de maturidade Fala que pra te buscar ainda não é tarde",Zé Neto e Cristiano,2023,46,https://www.letras.mus.br/ze-neto-cristiano/oi-balde/,-1
733,Oi Deus,musica733,musica733_trecho3,Tinha um vinho no gelo Que já virou água Uma vela que já tava apagada Uma comida fria E uma aliança jogada,Hugo & Guilherme,2022,22,https://www.letras.mus.br/hugo-guilherme/oi-deus/,-1
1467,Oitava Dose,musica1467,musica1467_trecho1,"Vou sair pra beber Hoje eu não tô legal Bateria acabando Adeus, vida social",Matheus & Kauan,2017,14,https://www.letras.mus.br/matheus-kauan/oitava-dose/,-1
107,Olha Onde Eu Tô,musica107,musica107_trecho1,"Você sabe que eu nunca escondi nada De onde eu vim e tudo o que eu gostava No nosso primeiro beijo, cê lembra que eu já tava traiada?",Ana Castela,2025,28,https://www.letras.mus.br/ana-castela/olha-onde-eu-to/,-1
107,Olha Onde Eu Tô,musica107,musica107_trecho5,"Você sabe que eu nunca escondi nada De onde eu vim e tudo o que eu postava No nosso primeiro beijo, cê lembra que eu já tava traiada?",Ana Castela,2025,28,https://www.letras.mus.br/ana-castela/olha-onde-eu-to/,-1
1514,Olhares Sinceros,musica1514,musica1514_trecho2,Hoje eu só quero Sorrisos bobos Abraços longos Olhares sinceros,Jorge & Mateus,2018,10,https://www.letras.mus.br/jorge-mateus/amores-sinceros/,-1
1514,Olhares Sinceros,musica1514,musica1514_trecho7,Hoje eu só quero Sorrisos bobos Olhares sinceros,Jorge & Mateus,2018,8,https://www.letras.mus.br/jorge-mateus/amores-sinceros/,-1
195,Onde Anda Meu Amor,musica195,musica195_trecho1,"Onde anda, meu amor? Diga, por favor O que está fazendo agora Será que nunca me amou Também se enganou Está sozinha, agora chora",Léo Magalhães,2012,24,https://www.letras.mus.br/leo-magalhaes/onde-anda-meu-amor/,-1
195,Onde Anda Meu Amor,musica195,musica195_trecho3,"Volta, meu amor Vem completar nossa cama Volta, meu amor, meu amor Meu coração por ti chama Volta, meu amor Vem me adoçar com seus beijos Volta, meu amor, meu amor Se também for seu desejo",Léo Magalhães,2012,36,https://www.letras.mus.br/leo-magalhaes/onde-anda-meu-amor/,-1
969,Onde Haja Sol,musica969,musica969_trecho1,Há quem diga que quem anda só É melhor do que ao lado de quem não te quer bem O meu coração está cansado De ser torturado e precisa de alguém,Jorge & Mateus,2009,31,https://www.letras.mus.br/jorge-mateus/1423226/,-1
969,Onde Haja Sol,musica969,musica969_trecho4,"Tô indo pra onde haja sol Pois o meu coração é meu lar Se você quiser ir Pode vir, já guardei seu lugar",Jorge & Mateus,2009,23,https://www.letras.mus.br/jorge-mateus/1423226/,-1
969,Onde Haja Sol,musica969,musica969_trecho8,Tô indo pra onde haja sol Pois o meu coração é meu lar Se você quiser ir Pode vir já guardei seu lugar,Jorge & Mateus,2009,23,https://www.letras.mus.br/jorge-mateus/1423226/,-1
899,Onde Nasce o Sol,musica899,musica899_trecho1,Hoje a saudade conversou comigo Veio falar de você sem razão Te encontrei por toda parte Tropecei no meu desastre Eu e a lua e a solidão,Bruninho e Davi,2014,27,https://www.letras.mus.br/bruninho-davi/onde-nasce-o-sol/,-1
899,Onde Nasce o Sol,musica899,musica899_trecho2,Amanhã bem cedo Depois que o sol sorrir pro mundo Eu vou chorar do outro lado Sem ninguém Sem você,Bruninho e Davi,2014,20,https://www.letras.mus.br/bruninho-davi/onde-nasce-o-sol/,-1
899,Onde Nasce o Sol,musica899,musica899_trecho3,Já estou indo Embarco no próximo voo da meia noite Perfeito pra recomeçar Sem você Vou ver que esse amor Não era pra gente viver,Bruninho e Davi,2014,25,https://www.letras.mus.br/bruninho-davi/onde-nasce-o-sol/,-1
822,Online,musica822,musica822_trecho4,"Aí, se me manda um sorriso Já era todo meu juízo E a conversa termina Na minha cama ou na sua",Henrique & Juliano,2020,21,https://www.letras.mus.br/henrique-e-juliano/online/,-1
1155,Os 10 Mandamentos do Amor,musica1155,musica1155_trecho3,Terceiro é um cheiro pra sentir o seu perfume Olhando as outras pra ela sentir ciúmes O quarto é brincar no escurinho Ser o lobo mau e ela o chapeuzinho O quinto tem que ser bem safadinho,Eduardo Costa,2013,37,https://www.letras.mus.br/eduardo-costa/os-10-mandamentos-do-amor/,-1
1155,Os 10 Mandamentos do Amor,musica1155,musica1155_trecho4,"Preste atenção agora ao sexto mandamento Ela não vai te esquecer um só momento Repita a dose se sentir que ela gostou Na hora h, lhe chame de meu amor",Eduardo Costa,2013,30,https://www.letras.mus.br/eduardo-costa/os-10-mandamentos-do-amor/,-1
1155,Os 10 Mandamentos do Amor,musica1155,musica1155_trecho5,"Sétimo toque é lhe falar de paixão Falar somente das coisas do coração Oitavo mandamento, diz para jurar Lhe ser fiel até a morte lhe levar No nono você diz que vai voltar Diz que amanhã vai telefonar E o décimo Deixa ela esperar",Eduardo Costa,2013,44,https://www.letras.mus.br/eduardo-costa/os-10-mandamentos-do-amor/,-1
1433,Os Dias Vão,musica1433,musica1433_trecho1,Te perdi Eu não sei direito o que aconteceu Só me dei conta Quando o dia amanhanceu Eu acordei olhei pro lado e não te vi Abandonada Triste num canto pensando na gente A culpa é minha podia ser diferente Não dei valor agora sei que te perdi,Maria Cecília e Rodolfo,2010,48,https://www.letras.mus.br/maria-cecilia-rodolfo/1640522/,-1
1433,Os Dias Vão,musica1433,musica1433_trecho3,Abandonada Triste num canto pensando na gente A culpa é minha podia ser diferente Não dei valor agora sei que te perdi,Maria Cecília e Rodolfo,2010,22,https://www.letras.mus.br/maria-cecilia-rodolfo/1640522/,-1
1297,Ou Some Ou Soma,musica1297,musica1297_trecho5,"Aí você some, nem lembra o meu nome Depois volta querendo somar Desculpe, desse jeito assim não dá Pra amar, pra amar, pra amar",Jorge & Mateus,2016,24,https://www.letras.mus.br/jorge-mateus/ou-soma-ou-some/,-1
106,Outro Personagem,musica106,musica106_trecho1,"Horário avançado, estranho esse papo Quer desenterrar o passado Cheia de saudade, de intimidade Perigoso demais",Henrique & Juliano,2025,16,https://www.letras.mus.br/henrique-e-juliano/outro-personagem/,-1
106,Outro Personagem,musica106,musica106_trecho2,Se eu disser que eu não tremi Eu tô mentindo e cê sabe Não é falta de vontade São outras prioridades Acho que cê voltou tarde,Henrique & Juliano,2025,26,https://www.letras.mus.br/henrique-e-juliano/outro-personagem/,-1
1344,Pac Man,musica1344,musica1344_trecho1,Agora cê me atende Responde minhas mensagens Diz que tá sozinha e tá morrendo de saudade Antes de ficar comigo nunca me deu moral Agora tô bombando e com a pegada elas passam mal,Lucas Lucco,2013,34,https://www.letras.mus.br/lucas-lucco/pac-man/,-1
1179,Paga Pau,musica1179,musica1179_trecho2,"Ela é atriz, ela faz cena, ela mete uma pressão Se joga na minha frente, me engana não Feito cobra mal matada, ela rebola, eu passo mal Com o nariz empinado, ela é a tal",Fernando e Sorocaba,2010,35,https://www.letras.mus.br/fernando-sorocaba/1439183/,-1
1179,Paga Pau,musica1179,musica1179_trecho5,"Ela é atriz, ela faz cena, ela mete uma pressão Se joga na minha frente, me engana não Feito cobra mal matada, ela rebola eu passo mal Com o nariz empinado, ela é a tal",Fernando e Sorocaba,2010,35,https://www.letras.mus.br/fernando-sorocaba/1439183/,-1
866,Palácios e Castelos,musica866,musica866_trecho1,Te pedi que me levasse a sério Construí palácios e castelos Esperei por muito tempo antes de te ver,Luan Santana,2011,19,https://www.letras.mus.br/luan-santana/1779426/,-1
866,Palácios e Castelos,musica866,musica866_trecho3,"A gente se conheceu na escola Eu pegando onda e jogando bola Você era modelo e adorava dançar Praia, cinema, festinhas no ar!",Luan Santana,2011,23,https://www.letras.mus.br/luan-santana/1779426/,-1
511,Palavras de Perdão,musica511,musica511_trecho3,"Mesmo sabendo que eu tava bloqueada Digitei essas palavras de perdão com eu te amo Do nada, mensagem visualizada E gelei quando eu vi um digitando e recebi um",Marília Tavares,2024,29,https://www.letras.mus.br/marilia-tavares/palavras-de-perdao/,-1
998,Palhaça (part. Ana Castela),musica998,musica998_trecho1,Todo grupin de amiga tem que ter A cachaceira que em todo rolê Não pode ver um grau que já quer pegar Já sabe que vai ter alguém pra carregar,Naiara Azevedo,2023,30,https://www.letras.mus.br/naiara-azevedo/palhaca-part-ana-castela/,-1
1218,Pantera Cor-de-rosa,musica1218,musica1218_trecho1,"Toda produzida, jeitinho de santinha Ela saiu de casa doida pra perder a linha Me chama pra dançar, eu não tô aguentando Ela tá provocando o Munhoz e o Mariano",Munhoz & Mariano,2014,30,https://www.letras.mus.br/munhoz-mariano/pantera-cor-de-rosa/,-1
671,PARECE,musica671,musica671_trecho1,"Olhei, gostei Provei, viciei",Luan Santana,2024,4,https://www.letras.mus.br/luan-santana/parece/,-1
671,PARECE,musica671,musica671_trecho2,"Quem era só pra dar uns amasso, eu dei um curto espaço Ela nem deu a mão, eu dei o braço O empolgado aqui achou que ia virar alguma coisa Os eu te amo de olho virado",Luan Santana,2024,37,https://www.letras.mus.br/luan-santana/parece/,-1
671,PARECE,musica671,musica671_trecho6,"Cê parece o amor da minha vida, mas não é",Luan Santana,2024,10,https://www.letras.mus.br/luan-santana/parece/,-1
1242,Parece Namoro,musica1242,musica1242_trecho1,"Você sempre vem, você sempre volta É um vai e vem que não sai de órbita Me acostumei, nem tranco a porta Eita vida torta, não sai de moda",Marília Mendonça,2018,29,https://www.letras.mus.br/marilia-mendonca/parece-namoro/,-1
876,Paredes,musica876,musica876_trecho3,"Ah, se essas paredes não falassem Ah, se o travesseiro não contasse Todas as noites de amor Que eu vivi com você",Jorge & Mateus,2016,22,https://www.letras.mus.br/jorge-mateus/paredes/,-1
875,Passa Mal,musica875,musica875_trecho2,"O tempo passou, passou Tudo mudou, mudou Da sua boca, eu já nem lembro do sabor Mundo girou, girou Girou, rodou, rodou Desaprendi a te chamar de meu amor",Marília Mendonça,2019,29,https://www.letras.mus.br/marilia-mendonca/passa-mal/,-1
756,Pássaro Noturno,musica756,musica756_trecho1,"Procurei e encontrei Meu amor, minha cara metade Me entreguei, te mostrei (Quem eu sou) quem eu sou, a minha verdade",Simone & Simaria,2014,21,https://www.letras.mus.br/simone-simaria-as-coleguinhas/passaro-noturno/,-1
745,Pátio do Posto,musica745,musica745_trecho2,Com o celular na mão e um olhar de arrependida Só do contato Amor foram doze mensagens E cinco ligações perdidas,Zé Neto e Cristiano,2023,21,https://www.letras.mus.br/ze-neto-cristiano/patio-do-posto/,-1
745,Pátio do Posto,musica745,musica745_trecho4,Me dá um beijo rápido e me fala: Adeus E sai da minha vida cantando pneu,Zé Neto e Cristiano,2023,16,https://www.letras.mus.br/ze-neto-cristiano/patio-do-posto/,-1
745,Pátio do Posto,musica745,musica745_trecho5,"Eu tô no pátio do posto Louco, louco, louco Ela voltou pro outro Coração aqui no puro ódio, eu fingindo costume Mas transar com alguém de outro alguém Não pode ter ciúme, não pode ter ciúme",Zé Neto e Cristiano,2023,36,https://www.letras.mus.br/ze-neto-cristiano/patio-do-posto/,-1
965,Pecado de Amor,musica965,musica965_trecho1,"Me deixe aqui com a cabeça cheia de problemas Vou me resolver Sou complicada, louca, inconsequente Meus defeitos você finge que não vê Por me ver chorar Por me ver sofrer",Fátima Leão,2012,31,https://www.letras.mus.br/fatima-leao/1726286/,-1
965,Pecado de Amor,musica965,musica965_trecho3,Não vou brincar de amar Eu vou deixar para lá Vou esquecer de tudo É bem melhor que eu vá do que te ver chorar Pra mim é um absurdo Pra que se machucar pedindo pra juntar Esse amor em pedaços Se Deus não escreveu assim?,Fátima Leão,2012,46,https://www.letras.mus.br/fatima-leao/1726286/,-1
477,Pedras,musica477,musica477_trecho2,"E lá fora a chuva Vai molhar seu rosto Desmanchar os seus cabelos Madrugada, vento frio Vai ser outro pesadelo Quando você se olhar E se encontrar sem mim",Zezé Di Camargo,2022,29,https://www.letras.mus.br/zeze-di-camargo/pedras/,-1
477,Pedras,musica477,musica477_trecho3,Se a gente fica longe um do outro Vai pintar tanta saudade Feito quanto apaga a luz E o escuro da cidade Faz a gente tropeçar Nas pedras que estão pelas ruas,Zezé Di Camargo,2022,32,https://www.letras.mus.br/zeze-di-camargo/pedras/,-1
477,Pedras,musica477,musica477_trecho4,"Por isso, para e pense Dá um tempo, se ajeite aqui comigo Não caminhe contra o vento Para não correr perigo Se essa dor doer em mim A metade é sua",Zezé Di Camargo,2022,31,https://www.letras.mus.br/zeze-di-camargo/pedras/,-1
521,Pega Esse Carro,musica521,musica521_trecho3,"Pega esse carro acelera fundo Vem na direção que dá direto pro meu mundo A cada pensada a gente perde um segundo Vem sem tomar banho, a gente toma banho junto Pega esse carro acelera fundo Vem na direção que dá direto pro meu mundo A cada pensada a gente perde um segundo Vem sem tomar banho, a gente toma banho junto",Marcos & Belutti,2025,62,https://www.letras.mus.br/marcos-belutti/pega-esse-carro/,-1
521,Pega Esse Carro,musica521,musica521_trecho7,Fala que cê já tá no caminho No Waze tá dando cinco Meu portão já tá abrindo E você já tá subindo igual minha libido Só não me deixa passar a vontade sozinho,Marcos & Belutti,2025,33,https://www.letras.mus.br/marcos-belutti/pega-esse-carro/,-1
521,Pega Esse Carro,musica521,musica521_trecho8,"Pega esse carro acelera fundo Vem na direção que dá direto pro meu mundo A cada pensada a gente perde um segundo Vem sem tomar banho, a gente toma banho junto Vem sem tomar banho, a gente toma banho junto",Marcos & Belutti,2025,40,https://www.letras.mus.br/marcos-belutti/pega-esse-carro/,-1
1225,Pega Eu,musica1225,musica1225_trecho1,"Cê ta querendo eu, eu também tô te querendo Pega eu, leva eu, chama eu que eu vou correndo",Fernando e Sorocaba,2012,19,https://www.letras.mus.br/fernando-sorocaba/1917423/,-1
1225,Pega Eu,musica1225,musica1225_trecho3,Eu vo-ou Vo-ou Vo-ou Eu vou correndo,Fernando e Sorocaba,2012,7,https://www.letras.mus.br/fernando-sorocaba/1917423/,-1
1225,Pega Eu,musica1225,musica1225_trecho9,Eu acho que saquei Porque me trata assim Me vejo em você E você se vê em mim,Fernando e Sorocaba,2012,18,https://www.letras.mus.br/fernando-sorocaba/1917423/,-1
1225,Pega Eu,musica1225,musica1225_trecho10,Fica me evitando No começo da balada Mas lá pelas quatro e meia Me chama desesperada,Fernando e Sorocaba,2012,16,https://www.letras.mus.br/fernando-sorocaba/1917423/,-1
1225,Pega Eu,musica1225,musica1225_trecho20,Fica me evitando No começo da balada Mas lá pelas quatro e meia Me liga desesperada,Fernando e Sorocaba,2012,16,https://www.letras.mus.br/fernando-sorocaba/1917423/,-1
1225,Pega Eu,musica1225,musica1225_trecho27,Fala: Não vá se enganar Com vacilos e trapaças Se você tá me querendo Não fica fazendo graça,Fernando e Sorocaba,2012,18,https://www.letras.mus.br/fernando-sorocaba/1917423/,-1
1225,Pega Eu,musica1225,musica1225_trecho28,Porque também te quero Eu assumo pra você Toda vez que você chama Eu vou correndo pra te ver,Fernando e Sorocaba,2012,19,https://www.letras.mus.br/fernando-sorocaba/1917423/,-1
1385,Pegada Que Desgrama,musica1385,musica1385_trecho2,"Até que eu tento não ser trouxa Mas o problema é que cê tem, tem",Naiara Azevedo,2017,15,https://www.letras.mus.br/naiara-azevedo/pegada-que-desgrama/,-1
958,Pelo Bem da Minha Saudade,musica958,musica958_trecho1,Pelo bem da minha saudade eu Fechava barzinho Fechava boate Mandava trancar tudo nessa cidade,Gusttavo Lima,2025,15,https://www.letras.mus.br/gusttavo-lima/pelo-bem-da-minha-saudade/,-1
958,Pelo Bem da Minha Saudade,musica958,musica958_trecho4,"Já deve ter colocado o seu nome Numa lista de balada Porque ela tá bem melhor sem eu É o que as amigas dela fala Infelizmente, eu não posso fazer nada, mas",Gusttavo Lima,2025,32,https://www.letras.mus.br/gusttavo-lima/pelo-bem-da-minha-saudade/,-1
958,Pelo Bem da Minha Saudade,musica958,musica958_trecho5,"Se eu pudesse decretava greve na cidade Fechava barzinho, fechava boate Brecava os seus rolê Pelo bem da minha saudade",Gusttavo Lima,2025,20,https://www.letras.mus.br/gusttavo-lima/pelo-bem-da-minha-saudade/,-1
958,Pelo Bem da Minha Saudade,musica958,musica958_trecho7,"Já deve ter colocado o seu nome Numa lista de balada Porque ela tá bem melhor sem eu É o que as amigas dela fala Infelizmente, eu não posso fazer nada",Gusttavo Lima,2025,31,https://www.letras.mus.br/gusttavo-lima/pelo-bem-da-minha-saudade/,-1
1362,Perdeu,musica1362,musica1362_trecho4,"Sua chance passou e o amor acabou E eu não sou mais teu, perdeu Pára de chorar e ocupe o lugar que você escolheu Perdeu Quem tanto te amava e estava sempre ao seu dispor Te valorizava, mas você nunca me deu valor Perdeu, perdeu, perdeu, perdeu Não tem apelação, reclamação Seu caso foi julgado E o seu coração está condenado a viver sem o meu Perdeu, perdeu, perdeu, perdeu",Thaeme e Thiago,2011,70,https://www.letras.mus.br/thaeme-thiago/1847734/,-1
1582,Perdoa Amor,musica1582,musica1582_trecho2,Perdoa amor! Perdoa amor! Perdoa e volta pra mim Perdoa amor! Perdoa amor! Não dá mais pra viver assim Perdoa amor! Perdoa amor! Perdoa e volta pra mim Perdoa amor! Perdoa amor! Não dá mais pra viver assim,Marcos & Belutti,2009,38,https://www.letras.mus.br/marcos-belutti/1504018/,-1
1582,Perdoa Amor,musica1582,musica1582_trecho5,Perdoa amor! Perdoa amor! Perdoa e volta pra mim Perdoa amor! Perdoa amor! Não dá mais pra viver assim,Marcos & Belutti,2009,19,https://www.letras.mus.br/marcos-belutti/1504018/,-1
1582,Perdoa Amor,musica1582,musica1582_trecho6,De todas as loucuras que fiz na minha vida A maior foi deixar você,Marcos & Belutti,2009,14,https://www.letras.mus.br/marcos-belutti/1504018/,-1
1549,Perfeitinha,musica1549,musica1549_trecho1,"Ela é uma princesa que não usa coroa Ela usa boné Não precisa de salto, ela para o baile Só de tênis no pé",Enzo Rabelo,2020,24,https://www.letras.mus.br/enzo-rabelo/perfeitinha/,-1
1549,Perfeitinha,musica1549,musica1549_trecho2,"Ela tem um brilho que brilha mais que brilhante Uma joia rara, ela é tipo diamante E adivinha só",Enzo Rabelo,2020,19,https://www.letras.mus.br/enzo-rabelo/perfeitinha/,-1
1549,Perfeitinha,musica1549,musica1549_trecho3,"Ela é toda, toda, toda perfeitinha E o melhor é que ela é toda, toda minha Ela é toda, toda, toda perfeitinha Dá vontade de guardar numa caixinha",Enzo Rabelo,2020,28,https://www.letras.mus.br/enzo-rabelo/perfeitinha/,-1
1549,Perfeitinha,musica1549,musica1549_trecho4,"Ela é toda, toda, toda perfeitinha E o melhor é que ela é toda, toda minha Ela é toda, toda, toda perfeitinha Dá vontade de guardar numa caixinha Pra ninguém roubar",Enzo Rabelo,2020,31,https://www.letras.mus.br/enzo-rabelo/perfeitinha/,-1
1301,Perto de Mim,musica1301,musica1301_trecho1,Aonde você quer chegar Se eu tô bem aqui Aonde você não está Não preciso ir E quando eu não te encontrar E quando eu não te encontrar Eu vou te sentir,Thaeme e Thiago,2013,32,https://www.letras.mus.br/thaeme-thiago/perto-de-mim/,-1
1301,Perto de Mim,musica1301,musica1301_trecho3,Meu corpo tá arrepiado Há meia hora eu tô chorando Eu vejo o vulto dos seus passos Acho que tô delirando Tô sentindo que você tá perto de mim,Thaeme e Thiago,2013,29,https://www.letras.mus.br/thaeme-thiago/perto-de-mim/,-1
219,Perto de Você,musica219,musica219_trecho3,E é melhor aguentar seus gritos Do que me afastar e nunca mais voltar O que eu acho impossível Mas e se a porta fechar e não se abrir mais?,Marília Mendonça,2017,30,https://www.letras.mus.br/marilia-mendonca/perto-de-voce/,-1
219,Perto de Você,musica219,musica219_trecho4,É melhor aguentar seus gritos Do que me afastar e nunca mais voltar O que eu acho impossível Mas e se a porta fechar e não se abrir mais?,Marília Mendonça,2017,29,https://www.letras.mus.br/marilia-mendonca/perto-de-voce/,-1
219,Perto de Você,musica219,musica219_trecho8,E nunca mais voltar O que eu acho impossível Mas e se a porta fechar e não se abrir mais?,Marília Mendonça,2017,20,https://www.letras.mus.br/marilia-mendonca/perto-de-voce/,-1
347,Pior Parte,musica347,musica347_trecho1,Não tá me fazendo bem Não tô certo em fazer isso Tô colocando o futuro de alguém que não é meu Em risco,Simone Mendes,2023,23,https://www.letras.mus.br/simone-mendes/pior-parte/,-1
347,Pior Parte,musica347,musica347_trecho3,O erro não tá em você Eu que ainda sou de outra pessoa A falha desse relacionamento Foi eu ser de outra,Simone Mendes,2023,22,https://www.letras.mus.br/simone-mendes/pior-parte/,-1
719,Pipoco (part. Melody e Dj Chris No Beat),musica719,musica719_trecho5,"Nós é embaçada na galopada Nem oito segundo, peão não aguenta com essa sentada Nós é embaçada na galopada Nem oito segundo, peão não aguenta com essa sentada",Ana Castela,2024,28,https://www.letras.mus.br/ana-castela/pipoco-part-melody-e-dj-chris-no-beat/,-1
1394,Piradinha,musica1394,musica1394_trecho3,"Ela não anda, ela desfila Quando chega na festa Arrasa na pista",Gabriel Valim,2013,12,https://www.letras.mus.br/gabriel/piradinha/,-1
1394,Piradinha,musica1394,musica1394_trecho5,Mas depois de um tempo Bebe e fica piradinha Ela desce do salto A gatinha perde a linha,Gabriel Valim,2013,18,https://www.letras.mus.br/gabriel/piradinha/,-1
1280,Pirraça,musica1280,musica1280_trecho3,"Não vou mais chorar, como chorei Nem me lembrar que um dia te amei Bye bye tristeza, adeus solidão Vou fazer pirraça pro seu coração",Jorge & Mateus,2012,25,https://www.letras.mus.br/jorge-mateus/1198518/,-1
1280,Pirraça,musica1280,musica1280_trecho9,"Bye bye tristeza, adeus solidão Vou fazer pirraça pro seu coração",Jorge & Mateus,2012,11,https://www.letras.mus.br/jorge-mateus/1198518/,-1
748,Pitoco,musica748,musica748_trecho1,"Ganhei um cachorrinho Por nome de Pitoco Cachorro inteligente Adestrado e muito louco Só faltava falar, se latia eu entendia Até o telefone o malandrinho atendia",Teodoro e Sampaio,2009,26,https://www.letras.mus.br/teodoro-e-sampaio/1529400/,-1
748,Pitoco,musica748,musica748_trecho3,"Liguei pra lá, Pitoco atendeu Tem alguém aí? (Au, au, au) ele respondeu É algum marmanjo? (Au, au, au) assim confirmou Ele tá na sala? (Au, au) Pitoco negou Ele tá no quarto? (Au, au, au) assim confirmou Faz tempo? Au (Pitoco uivou) Que que eles tão fazendo Pitoco? Pitoco fungou, a casa caiu É mais um caso que acontece no Brasil",Teodoro e Sampaio,2009,62,https://www.letras.mus.br/teodoro-e-sampaio/1529400/,-1
748,Pitoco,musica748,musica748_trecho5,"Liguei pra lá, Pitoco atendeu Tem alguém aí? (Au, au, au) ele respondeu É algum marmanjo? (Au, au, au) assim confirmou Ele tá na sala? (Au, au) Pitoco negou Ele tá no quarto? (Au, au, au) assim confirmou Faz tempo? (Au) Pitoco uivou Que que eles tão fazendo Pitoco? Pitoco fungou, a casa caiu É mais um caso que acontece no Brasil",Teodoro e Sampaio,2009,62,https://www.letras.mus.br/teodoro-e-sampaio/1529400/,-1
1296,Plano B,musica1296,musica1296_trecho3,"Eu vou, eu vou Eu vou tentar o plano B Beber até te esquecer Eu vou, eu vou Eu vou tentar o plano B Beber até te esquecer",Lucas Lucco,2013,28,https://www.letras.mus.br/lucas-lucco/plano-b/,-1
902,Planos Impossíveis,musica902,musica902_trecho2,Como é que eu faço pra escapar Dessa vontade que eu tenho de falar Toda hora com você Faço planos impossíveis pra te ver Mas pra mim são tão reais E o que aconteceu eu nem me lembro mais,Jads e Jadson,2013,39,https://www.letras.mus.br/jads-e-jadson/planos-impossiveis/,-1
902,Planos Impossíveis,musica902,musica902_trecho7,E eu nem sei se algum dia eu já me senti assim Eu nem me lembro de querer alguém Como eu quero você pra mim E é por isso que eu vou te dizer,Jads e Jadson,2013,34,https://www.letras.mus.br/jads-e-jadson/planos-impossiveis/,-1
879,Pode Chorar,musica879,musica879_trecho1,"Quase que acabo com a minha vida Você me pôs num beco sem saída Por que fez isso comigo? Me dediquei somente a você Tudo o que eu podia eu tentei fazer Mas não, não adiantou",Jorge & Mateus,2007,36,https://www.letras.mus.br/jorge-mateus/1050892/,-1
879,Pode Chorar,musica879,musica879_trecho3,"Pode chorar, mas eu não volto pra você Pode chorar, você não vai me convencer Pode chorar, você se lembra o quanto eu chorei por você?",Jorge & Mateus,2007,26,https://www.letras.mus.br/jorge-mateus/1050892/,-1
596,Ponto Final,musica596,musica596_trecho4,"Eu só desejo que você encontre quando me perder Alguém que emende o elo de sonhos que havia entre a gente É muito cedo pra pensar que é tarde, desistir de tudo Refaça os planos, esqueça o que houve, toque a vida em frente",Di Paullo e Paulino,2011,44,https://www.letras.mus.br/di-paulo-e-paulino/ponto-final/,-1
226,Ponto G,musica226,musica226_trecho2,Passe comigo um final de semana Em uma cabana presa aos meus abraços E até duvido que segunda-feira Você ainda queira dormir em outros braços,Edy Britto & Samuel,2014,25,https://www.letras.mus.br/edy-brito-e-samuel/ponto-g/,-1
226,Ponto G,musica226,musica226_trecho4,Como um geólogo do seu coração Deixe que eu deixo o seu corpo sem véu Me ponha solto num quarto trancado Que eu faço um pecado que nos leva ao céu,Edy Britto & Samuel,2014,31,https://www.letras.mus.br/edy-brito-e-samuel/ponto-g/,-1
226,Ponto G,musica226,musica226_trecho5,Depois da volta na troca de afeto No seu alfabeto eu vou do A ao Z E ainda tem surpresa que eu só conto Quando marcar ponto no seu ponto G,Edy Britto & Samuel,2014,31,https://www.letras.mus.br/edy-brito-e-samuel/ponto-g/,-1
226,Ponto G,musica226,musica226_trecho6,E ainda tem surpresa que eu só conto Quando eu marcar ponto no seu ponto G,Edy Britto & Samuel,2014,16,https://www.letras.mus.br/edy-brito-e-samuel/ponto-g/,-1
226,Ponto G,musica226,musica226_trecho9,Eu sei de muito e se eu fizer com calma Até sua alma fica apaixonada,Edy Britto & Samuel,2014,15,https://www.letras.mus.br/edy-brito-e-samuel/ponto-g/,-1
805,Por Nossos Filhos,musica805,musica805_trecho2,"Duas almas, um sentimento Dois sobrenomes, um juramento Não se juntariam em um nome só E te esquecer seria o melhor",Zé Neto e Cristiano,2017,21,https://www.letras.mus.br/ze-neto-cristiano/por-nossos-filhos/,-1
805,Por Nossos Filhos,musica805,musica805_trecho5,Ooh ooh ooh Ooh ooh ooh Não adianta ir contra o destino De novo a vida está nos unindo,Zé Neto e Cristiano,2017,19,https://www.letras.mus.br/ze-neto-cristiano/por-nossos-filhos/,-1
1164,Por Quê?,musica1164,musica1164_trecho2,"Eu vejo o tempo passando E cada vez me apaixonando mais Mas você não percebe, por quê? Invente uma história",Jorge & Mateus,2012,20,https://www.letras.mus.br/jorge-mateus/porque/,-1
1164,Por Quê?,musica1164,musica1164_trecho3,Me diz qualquer coisa Mas fala comigo Gosto de ouvir tua voz De olhar teus olhos tão lindos,Jorge & Mateus,2012,18,https://www.letras.mus.br/jorge-mateus/porque/,-1
1164,Por Quê?,musica1164,musica1164_trecho4,"Se eu ganhasse um abraço Ou um beijo no rosto, para mim era tudo Tudo o que mais queria Mas como sempre o amor nos deixa mudos",Jorge & Mateus,2012,27,https://www.letras.mus.br/jorge-mateus/porque/,-1
1164,Por Quê?,musica1164,musica1164_trecho7,"Eu acho que eu estou gostando de você Mas você não percebe, por quê? Vejo o tempo passando E cada vez me apaixonando mais",Jorge & Mateus,2012,24,https://www.letras.mus.br/jorge-mateus/porque/,-1
742,Por Um Gole a Mais,musica742,musica742_trecho3,"Foi nessa hora Que eu me vi ali sentado feito um bobo e sem reação E você na minha frente, docemente me estendeu a mão E com os olhos cheios d'água disse que foi covardia O que eu fazia",Bruno & Marrone,2005,39,https://www.letras.mus.br/bruno-e-marrone/193833/,-1
742,Por Um Gole a Mais,musica742,musica742_trecho4,"E foi embora Foi levando a minha paz, o meu sorriso e desapareceu Já não sei mais o que faço dessa vida, já não sou mais eu Se tiver um jeito, me perdoa, pelo amor de Deus",Bruno & Marrone,2005,37,https://www.letras.mus.br/bruno-e-marrone/193833/,-1
742,Por Um Gole a Mais,musica742,musica742_trecho7,"E foi embora Foi levando a minha paz, o meu sorriso e desapareceu Eu não sei mais o que faço dessa vida, já não sou mais eu Se tiver um jeito, me perdoa, pelo amor de Deus",Bruno & Marrone,2005,37,https://www.letras.mus.br/bruno-e-marrone/193833/,-1
792,Pra Não Lembrar De Mim (part. Zezé Di Camargo & Luciano),musica792,musica792_trecho1,Pra não lembrar de mim Você precisa ter coragem de apagar A metade da sua vida,Guilherme & Santiago,2025,16,https://www.letras.mus.br/guilherme-e-santiago/pra-nao-lembrar-de-mim-part-zeze-di-camargo-e-luciano/,-1
792,Pra Não Lembrar De Mim (part. Zezé Di Camargo & Luciano),musica792,musica792_trecho2,Pra não lembrar de mim Eu recomendo Que não beije outra boca Pelo menos por um tempo,Guilherme & Santiago,2025,17,https://www.letras.mus.br/guilherme-e-santiago/pra-nao-lembrar-de-mim-part-zeze-di-camargo-e-luciano/,-1
792,Pra Não Lembrar De Mim (part. Zezé Di Camargo & Luciano),musica792,musica792_trecho3,Porque todo beijo bom que você deu Quem te deu fui eu Vai ser impossível se deitar em outra cama Encostar em outro corpo E não se lembrar do meu,Guilherme & Santiago,2025,30,https://www.letras.mus.br/guilherme-e-santiago/pra-nao-lembrar-de-mim-part-zeze-di-camargo-e-luciano/,-1
792,Pra Não Lembrar De Mim (part. Zezé Di Camargo & Luciano),musica792,musica792_trecho4,Busca nas suas lembranças Os seus melhores momentos Se me achar apaga tudo Que esse é o único jeito,Guilherme & Santiago,2025,19,https://www.letras.mus.br/guilherme-e-santiago/pra-nao-lembrar-de-mim-part-zeze-di-camargo-e-luciano/,-1
792,Pra Não Lembrar De Mim (part. Zezé Di Camargo & Luciano),musica792,musica792_trecho5,Mas eu já te adianto Tô tentando faz um tempo Pra te arrancar da minha vida É só arrancando o peito,Guilherme & Santiago,2025,21,https://www.letras.mus.br/guilherme-e-santiago/pra-nao-lembrar-de-mim-part-zeze-di-camargo-e-luciano/,-1
1282,Pra Nunca Dizer Adeus,musica1282,musica1282_trecho2,"É tão grande essa paixão que tenho no meu peito Tanto amor guardado no meu coração Quantas vezes for preciso, gritarei ao mundo que te amo E você vai se orgulhar de mim",Jorge & Mateus,2009,33,https://www.letras.mus.br/jorge-mateus/1486857/,-1
1282,Pra Nunca Dizer Adeus,musica1282,musica1282_trecho3,"Vem, amor, me abra de uma vez Arranque todos os segredos meus Ocupe a solidão de um coração que te pertence Pra nunca mais me dizer adeus",Jorge & Mateus,2009,27,https://www.letras.mus.br/jorge-mateus/1486857/,-1
1282,Pra Nunca Dizer Adeus,musica1282,musica1282_trecho4,"Mesmo que você não queira mais saber de mim Vou tentando convencê-la do quanto te amo Mesmo que você recuse ouvir a minha voz, eu não desisto E vou gritar: Te amo demais",Jorge & Mateus,2009,33,https://www.letras.mus.br/jorge-mateus/1486857/,-1
1282,Pra Nunca Dizer Adeus,musica1282,musica1282_trecho6,"Vem, amor, me abra de uma vez Arranque todos os segredos meus Ocupe a solidão de um coração que te pertence Pra nunca mais me dizer adeus Pra nunca mais me dizer adeus",Jorge & Mateus,2009,33,https://www.letras.mus.br/jorge-mateus/1486857/,-1
1443,Pra Que Conversar?,musica1443,musica1443_trecho4,"Se foi você quem me abandonou? Me liga aqui, tenta me consolar E na verdade sei que será melhor A gente não se falar",Paula Fernandes,2010,24,https://www.letras.mus.br/paula-fernandes/1824359/,-1
910,Pra Que Entender?,musica910,musica910_trecho1,"O que tem por trás desse sorriso Que me deixa fissurado em você? É um misto de desejo e vício Já tentei, mas não consigo entender",Jorge & Mateus,2012,26,https://www.letras.mus.br/jorge-mateus/1901815/,-1
910,Pra Que Entender?,musica910,musica910_trecho3,"Por mais que eu queira Não consigo mais pensar em nada (nada) Quando eu notei, já era amor Eu não imaginava Por mais que eu queira Não consigo mais pensar em nada (nada) Quando eu notei, já era amor Eu não imaginava",Jorge & Mateus,2012,42,https://www.letras.mus.br/jorge-mateus/1901815/,-1
1367,Pra Que Juízo,musica1367,musica1367_trecho1,Tomar juízo pra que Se eu quero é você Pra que juízo?,Henrique & Juliano,2014,12,https://www.letras.mus.br/henrique-e-juliano/pra-que-juizo/,-1
1367,Pra Que Juízo,musica1367,musica1367_trecho3,Pra que juízo se eu já perdi o meu E o meu desejo é que você perca o seu Foi tentando evitar seu olhar Foi tentando fugir de você Foi querendo a vontade ocultar Foi tentando querer me conter Foi pensando no medo de errar Foi lutando pra não me perder Enlouqueci,Henrique & Juliano,2014,52,https://www.letras.mus.br/henrique-e-juliano/pra-que-juizo/,-1
1367,Pra Que Juízo,musica1367,musica1367_trecho4,"Pra que juízo se eu já perdi o meu E eu tô querendo, tô sempre esperando Que você também perca o seu",Henrique & Juliano,2014,22,https://www.letras.mus.br/henrique-e-juliano/pra-que-juizo/,-1
1367,Pra Que Juízo,musica1367,musica1367_trecho5,Pra que juízo se eu já perdi o meu Eu tô querendo é que também perca o seu,Henrique & Juliano,2014,18,https://www.letras.mus.br/henrique-e-juliano/pra-que-juizo/,-1
1367,Pra Que Juízo,musica1367,musica1367_trecho6,Foi tentando evitar seu olhar Foi tentando fugir de você Foi querendo a vontade ocultar Foi tentando querer me conter Foi pensando no medo de errar Foi lutando pra não me perder Enlouqueci,Henrique & Juliano,2014,33,https://www.letras.mus.br/henrique-e-juliano/pra-que-juizo/,-1
1367,Pra Que Juízo,musica1367,musica1367_trecho7,"Pra que juízo se eu já perdi o meu E eu tô querendo, é que você perca o seu Pra que juízo (pra que juízo) Se eu já perdi o meu E eu tô querendo, tô sempre esperando Que você também perca o seu",Henrique & Juliano,2014,44,https://www.letras.mus.br/henrique-e-juliano/pra-que-juizo/,-1
374,Pra Sempre Com Você,musica374,musica374_trecho2,"Entre um em um milhão, nasce um Adão e Eva Um Romeu e Julieta em meio a tantas guerras Mas quando se vale a pena, o amor supera",Jorge & Mateus,2016,28,https://www.letras.mus.br/jorge-mateus/pra-sempre-com-voce/,-1
374,Pra Sempre Com Você,musica374,musica374_trecho4,"Se você me pedir pra ficar pra sempre com você Nem vou pensar duas vezes pra te responder Cê sabe que eu vou, vou, vou Pego minhas coisa e vou Ficar pra sempre, sempre com você",Jorge & Mateus,2016,36,https://www.letras.mus.br/jorge-mateus/pra-sempre-com-voce/,-1
374,Pra Sempre Com Você,musica374,musica374_trecho5,"Se você me pedir pra ficar pra sempre com você Nem vou te responder, você sabe por quê Eu simplesmente vou, vou, vou Eu largo tudo e vou Ficar pra sempre, sempre com você",Jorge & Mateus,2016,34,https://www.letras.mus.br/jorge-mateus/pra-sempre-com-voce/,-1
666,Pra Ser Feliz,musica666,musica666_trecho1,Às vezes é mais fácil reclamar da sorte Do que na adversidade ser mais forte Querer subir sem batalhar Pedir carinho sem se dar Sem olhar do lado,Daniel,2011,28,https://www.letras.mus.br/daniel/1964931/,-1
666,Pra Ser Feliz,musica666,musica666_trecho2,Já imaginou de onde vem A luz de um cego Já cogitou descer De cima do seu ego Tem tanta gente por aí Na exclusão e ainda sorri Tenho me perguntado,Daniel,2011,31,https://www.letras.mus.br/daniel/1964931/,-1
666,Pra Ser Feliz,musica666,musica666_trecho4,Pra ser feliz O quanto de dinheiro eu preciso Como é que se conquista o paraíso Quanto custa Pro verdadeiro sorriso Brotar do coração,Daniel,2011,24,https://www.letras.mus.br/daniel/1964931/,-1
666,Pra Ser Feliz,musica666,musica666_trecho5,Talvez a chave seja a simplicidade Talvez prestar mais atenção na realidade Porque não ver como lição O exemplo de superação De tantas pessoas,Daniel,2011,24,https://www.letras.mus.br/daniel/1964931/,-1
180,Pra Ter o Seu Amor,musica180,musica180_trecho3,Pra ter o seu amor Eu viajei pelo seu mundo Me vi com seus olhos Descobri quem sou Ai ai ai,Jorge & Mateus,2010,21,https://www.letras.mus.br/jorge-mateus/1734491/,-1
1163,Pra Você Lembrar de Mim,musica1163,musica1163_trecho3,Nunca esqueça que estou aqui Sempre a te esperar Pra te amar Me enlouqueça com seus carinhos Pra gente sonhar,Luan Santana,2009,20,https://www.letras.mus.br/luan-santana/1528309/,-1
643,Presepada (part. Marília Mendonça),musica643,musica643_trecho1,(Vem cá E se eu te dissesse Que você tá perdendo o amor da sua vida? Você ainda abriria mais uma?),Maiara & Maraisa,2021,21,https://www.letras.mus.br/maiara-maraisa/presepada/,-1
643,Presepada (part. Marília Mendonça),musica643,musica643_trecho4,"Cadê sua responsabilidade? No seu lugar eu teria vergonha Por mim, ela teria te deixado Fazer o quê se ela te ama Então aproveita que ela nem sonha quem você é",Maiara & Maraisa,2021,31,https://www.letras.mus.br/maiara-maraisa/presepada/,-1
643,Presepada (part. Marília Mendonça),musica643,musica643_trecho5,É hora de parar com a presepada Respeita a sua namorada Agarra essa mulher e casa Agarra ela e casa,Maiara & Maraisa,2021,20,https://www.letras.mus.br/maiara-maraisa/presepada/,-1
643,Presepada (part. Marília Mendonça),musica643,musica643_trecho8,Essa sua busca incessante Pra achar alguém interessante Terminaria se enxergasse O que tem dentro de casa,Maiara & Maraisa,2021,17,https://www.letras.mus.br/maiara-maraisa/presepada/,-1
643,Presepada (part. Marília Mendonça),musica643,musica643_trecho9,"Por mim, ela teria te deixado Fazer o quê se ela te ama Então aproveita que ela nem sonha quem você é",Maiara & Maraisa,2021,22,https://www.letras.mus.br/maiara-maraisa/presepada/,-1
643,Presepada (part. Marília Mendonça),musica643,musica643_trecho11,Respeita a sua namorada Agarra essa mulher e casa Agarra ela e casa,Maiara & Maraisa,2021,13,https://www.letras.mus.br/maiara-maraisa/presepada/,-1
643,Presepada (part. Marília Mendonça),musica643,musica643_trecho15,"(Sabe aquela pessoa fantástica, diferente Especial, incomparável, acima da média? Tá aí do seu lado)",Maiara & Maraisa,2021,15,https://www.letras.mus.br/maiara-maraisa/presepada/,-1
1173,Preta,musica1173,musica1173_trecho2,"Quero escrever carta, mandar flores Pois nada se assemelha ao seus valores Quero te provar que sou seu fã Quero te acordar todas manhãs, beijando tua boca Quero tornar seus dias inesquecíveis Eu quero te dar todas as provas de amor possíveis Quero realizar os sonhos seus Eu quero passar os dias meus, todos contigo Eu quero te dar meu coração Minha vida está em suas mãos",João Carreiro & Capataz,2009,67,https://www.letras.mus.br/joao-carreiro-capataz/1061566/,-1
1173,Preta,musica1173,musica1173_trecho3,"Quero te dar o mundo, tudo o que eu puder Com você do meu lado topo o que vier Pra te fazer feliz, faço o que você quiser Te amo e vou te amar, quantas vidas eu tiver",João Carreiro & Capataz,2009,38,https://www.letras.mus.br/joao-carreiro-capataz/1061566/,-1
1173,Preta,musica1173,musica1173_trecho4,"Quero te dar o mundo, tudo o que eu puder Com você do meu lado topo o que vier Pra te fazer feliz, faço o que você quiser Te amo e vou te amar quantas vidas eu tiver",João Carreiro & Capataz,2009,38,https://www.letras.mus.br/joao-carreiro-capataz/1061566/,-1
1436,Preto e Branco,musica1436,musica1436_trecho2,"Mas você chegou e trouxe a paz Pro coração eu sei Transformou meu mundo E me mostrou o amor que eu deixei Sorte a minha, que a vida muda Muita coisa o tempo cura E me fez viver",Bruninho e Davi,2014,38,https://www.letras.mus.br/bruninho-davi/preto-e-branco/,-1
1436,Preto e Branco,musica1436,musica1436_trecho3,"Vem amor, e traz a cor pro que era preto e branco Eu vou te desenhando Vem amor e traz calor pro frio que vem chegando Eu tô te esperando",Bruninho e Davi,2014,30,https://www.letras.mus.br/bruninho-davi/preto-e-branco/,-1
1436,Preto e Branco,musica1436,musica1436_trecho5,"Mas você chegou e trouxe a paz Pro coração, eu sei Transformou meu mundo E me mostrou o amor que eu deixei Sorte a minha que a vida muda Muita coisa o tempo cura E me fez viver",Bruninho e Davi,2014,38,https://www.letras.mus.br/bruninho-davi/preto-e-branco/,-1
1436,Preto e Branco,musica1436,musica1436_trecho6,Vem amor e traz a cor pro que era preto e branco Eu vou te desenhando Vem amor e traz calor pro frio que vem chegando Eu tô te esperando Vem amor e traz a cor pro que era preto e branco Eu vou te desenhando Vem amor e traz calor pro frio que vem chegando Eu tô te esperando Vem amor e traz calor pro frio que vem chegando Eu tô te esperando,Bruninho e Davi,2014,74,https://www.letras.mus.br/bruninho-davi/preto-e-branco/,-1
693,Primeiro de Abril,musica693,musica693_trecho1,"Se eu bebi Não foi por causa de você, posso jurar Se eu chorei, me deu vontade de chorar Não vá pensando que ainda sofro por você",Léo Magalhães,2008,27,https://www.letras.mus.br/leo-magalhaes/1405071/,-1
693,Primeiro de Abril,musica693,musica693_trecho2,"Se alguém falou Que andei mostrando o seu retrato, isso é conversa A sua vida, quer saber? Não me interessa Eu te asseguro, eu nem me lembro de você",Léo Magalhães,2008,29,https://www.letras.mus.br/leo-magalhaes/1405071/,-1
693,Primeiro de Abril,musica693,musica693_trecho4,Deve ser outra pessoa Ou um caso parecido Deve ser alguém querendo Só brincar contigo,Léo Magalhães,2008,15,https://www.letras.mus.br/leo-magalhaes/1405071/,-1
1512,Primeiro Passo,musica1512,musica1512_trecho1,"Primeiro passo é muito fácil Será que você nunca errou comigo? Eu te perdoei se não se lembra Tá tudo bem, mas ouça o que eu te digo",Maria Cecília e Rodolfo,2008,28,https://www.letras.mus.br/maria-cecilia-rodolfo/1277326/,-1
1512,Primeiro Passo,musica1512,musica1512_trecho3,Uhh por que você me faz sofrer? Uhh por que você me faz chorar? Uhh por que você me faz sofrer? Uhh por que você me faz chorar?,Maria Cecília e Rodolfo,2008,28,https://www.letras.mus.br/maria-cecilia-rodolfo/1277326/,-1
5,Princesa (part. Ana Castela),musica5,musica5_trecho1,"Respira, não pira Me beija, me abraça Deixa eu acalmar suas incertezas Seu medo de amar é normal Quem passou por aí te fez mal, mas passou Eu vou fazer você acreditar no amor",Gustavo Mioto,2025,34,https://www.letras.mus.br/gustavo-mioto/princesa-part-ana-castela/,-1
5,Princesa (part. Ana Castela),musica5,musica5_trecho2,"Princesa, descansa, me ama Me experimenta de remédio pro teu medo De oito em oito segundos, te dou um beijo Eu vou curar seu medo",Gustavo Mioto,2025,25,https://www.letras.mus.br/gustavo-mioto/princesa-part-ana-castela/,-1
5,Princesa (part. Ana Castela),musica5,musica5_trecho3,"Me fala onde é que tá doendo Me mostra onde foi que machucou Que eu vou soprar, beijar Beijar, te amar até curar a dor Me fala onde é que tá doendo Me mostra onde foi que machucou Que eu vou soprar, beijar Beijar, te amar até curar a dor",Gustavo Mioto,2025,50,https://www.letras.mus.br/gustavo-mioto/princesa-part-ana-castela/,-1
5,Princesa (part. Ana Castela),musica5,musica5_trecho4,"Respiro, não piro Te beijo, te abraço Deixo acalmar minhas incertezas Meu medo de amar é normal Quem passou por aqui me fez mal, mas passou Eu vou fazer você acreditar no amor",Gustavo Mioto,2025,33,https://www.letras.mus.br/gustavo-mioto/princesa-part-ana-castela/,-1
5,Princesa (part. Ana Castela),musica5,musica5_trecho7,"Eu vou soprar, beijar Beijar, te amar até curar a dor",Gustavo Mioto,2025,11,https://www.letras.mus.br/gustavo-mioto/princesa-part-ana-castela/,-1
1143,Princesinha (part. Mr. Catra),musica1143,musica1143_trecho1,"Tá louca é? Tá doida é? Tá chapada, tá doidona, doidona",Lucas Lucco,2013,11,https://www.letras.mus.br/lucas-lucco/princesinha/,-1
1143,Princesinha (part. Mr. Catra),musica1143,musica1143_trecho5,"A noite passou, e o que restou? Passou da conta ela bebeu demais Batom rebocado, cabelo bagunçado Bem mais safada que o normal Já desceu do salto, tá bem mais humilde Bebinha que só, começa a delirar Princesa",Lucas Lucco,2013,38,https://www.letras.mus.br/lucas-lucco/princesinha/,-1
1143,Princesinha (part. Mr. Catra),musica1143,musica1143_trecho6,Chega princesinha e sai mendiga Com o sapato na mão e o vestido lá em cima No começo da balada é a top sem igual Mas agora princesinha vai embora,Lucas Lucco,2013,30,https://www.letras.mus.br/lucas-lucco/princesinha/,-1
1143,Princesinha (part. Mr. Catra),musica1143,musica1143_trecho13,"Chega princesinha e sai mendiga Com o sapato na mão e o vestido lá em cima No começo da balada é a top sem igual Mas agora princesinha, vai embora hein",Lucas Lucco,2013,31,https://www.letras.mus.br/lucas-lucco/princesinha/,-1
1143,Princesinha (part. Mr. Catra),musica1143,musica1143_trecho16,"Tá louca, hein? Tá doida demais Tá chapada, tá doidona, doidona",Lucas Lucco,2013,11,https://www.letras.mus.br/lucas-lucco/princesinha/,-1
1416,Príncipe,musica1416,musica1416_trecho1,"E aí? Olá Você me esperava, né? Prazer, sou seu príncipe Cheio de defeitos",Lucas Lucco,2014,14,https://www.letras.mus.br/lucas-lucco/principe/,-1
1416,Príncipe,musica1416,musica1416_trecho3,Eu posso te fazer sofrer Eu posso te fazer chorar Mas eu tô tentando Tentando melhorar,Lucas Lucco,2014,16,https://www.letras.mus.br/lucas-lucco/principe/,-1
1416,Príncipe,musica1416,musica1416_trecho4,"Quero escrever a nossa história Você, princesa, vamo agora Será que rola? Sem final, o que me diz? Só ser feliz",Lucas Lucco,2014,21,https://www.letras.mus.br/lucas-lucco/principe/,-1
1416,Príncipe,musica1416,musica1416_trecho5,Eu quero ser seu príncipe encantado Seu eterno namorado Te acordar com um beijo meu Só meu,Lucas Lucco,2014,17,https://www.letras.mus.br/lucas-lucco/principe/,-1
1416,Príncipe,musica1416,musica1416_trecho6,"Eu quero ser seu príncipe perfeito Se não for, eu dou um jeito Você sabe, eu sempre dou um jeito",Lucas Lucco,2014,20,https://www.letras.mus.br/lucas-lucco/principe/,-1
1416,Príncipe,musica1416,musica1416_trecho9,Eu quero ser Eu quero ser Eu quero ser Só seu,Lucas Lucco,2014,11,https://www.letras.mus.br/lucas-lucco/principe/,-1
268,Prisão Sem Grade,musica268,musica268_trecho3,"Você me seduziu, me hipnotizou Eu me apaixonei, a cabeça virou Eu sigo a minha vida numa prisão sem grade Eu sigo te amando e todo mundo sabe Todo mundo sabe Todo mundo sabe Todo mundo sabe",Jorge & Mateus,2012,37,https://www.letras.mus.br/jorge-mateus/prisao-sem-grades/,-1
268,Prisão Sem Grade,musica268,musica268_trecho5,"Você me seduziu, me hipnotizou Eu me apaixonei, a cabeça virou Eu sigo minha vida numa prisão sem grade E todo mundo sabe Todo mundo sabe Todo mundo sabe",Jorge & Mateus,2012,29,https://www.letras.mus.br/jorge-mateus/prisao-sem-grades/,-1
268,Prisão Sem Grade,musica268,musica268_trecho6,"Você me seduziu, me hipnotizou, a cabeça virou Eu sigo minha vida numa prisão sem grade E todo mundo sabe Todo mundo sabe Todo mundo sabe Todo mundo sabe",Jorge & Mateus,2012,29,https://www.letras.mus.br/jorge-mateus/prisao-sem-grades/,-1
1595,Problema,musica1595,musica1595_trecho1,"Eu queria sumir e não te responder nunca mais Deixar nossa história pra trás, dizer que quem perdeu foi você Eu queria esquecer o bem que a sua boca me faz E com todas as letras dizer: então vai E em qualquer paixão me perder",Jorge & Mateus,2016,45,https://www.letras.mus.br/jorge-mateus/problema/,-1
1595,Problema,musica1595,musica1595_trecho2,Mas o problema é que eu te amo E um dia sem você eu já reclamo Invento uma desculpa pra te ver,Jorge & Mateus,2016,22,https://www.letras.mus.br/jorge-mateus/problema/,-1
1595,Problema,musica1595,musica1595_trecho3,Mas o problema é que eu te quero E o tempo que preciso for espero Pra mim felicidade é ter você,Jorge & Mateus,2016,21,https://www.letras.mus.br/jorge-mateus/problema/,-1
60,Proibido Terminar,musica60,musica60_trecho2,"Casal é isso, tem briga sempre Vem na ponta da língua o: Some da minha frente Mas o te amo vence, o te amo vence",Gusttavo Lima,2025,25,https://www.letras.mus.br/gusttavo-lima/so-ta-proibido-terminar/,-1
509,Propaganda,musica509,musica509_trecho1,"Ela queima o arroz Quebra copo na pia Tropeça no sofá, machuca o dedinho E a culpa ainda é minha",Jorge & Mateus,2018,20,https://www.letras.mus.br/jorge-mateus/propaganda/,-1
509,Propaganda,musica509,musica509_trecho2,Ela ronca demais Mancha as minhas camisas Dá até medo de olhar Quando ela tá naqueles dias,Jorge & Mateus,2018,17,https://www.letras.mus.br/jorge-mateus/propaganda/,-1
509,Propaganda,musica509,musica509_trecho4,"Tá doido que eu vou Fazer propaganda de você Isso não é medo de te perder, amor É pavor, é pavor",Jorge & Mateus,2018,21,https://www.letras.mus.br/jorge-mateus/propaganda/,-1
509,Propaganda,musica509,musica509_trecho5,"Tá doido que eu vou Fazer propaganda de você Isso não é medo de te perder, amor É pavor É minha, cuido mesmo, pronto e acabou",Jorge & Mateus,2018,26,https://www.letras.mus.br/jorge-mateus/propaganda/,-1
345,Pulei Na Piscina,musica345,musica345_trecho2,"Pode vir, tá de boa que hoje ela não vem Disse um amigo meu pra me tranquilizar Cê tá precisando sair, precisando esquecer Hoje é piscina e churrasco Só traz o que cê for beber",Guilherme & Benuto,2021,35,https://www.letras.mus.br/guilherme-e-benuto/pulei-na-piscina/,-1
345,Pulei Na Piscina,musica345,musica345_trecho3,Chegando lá Algum filho da mãe também chamou ela pra ir E ela foi com outro E eu que não sou de levar sofrimento pra casa Quando ela foi dar um beijo nele A vista embaçou e eu não vi mais nada,Guilherme & Benuto,2021,42,https://www.letras.mus.br/guilherme-e-benuto/pulei-na-piscina/,-1
345,Pulei Na Piscina,musica345,musica345_trecho5,"Pulei na piscina, chorei disfarçado Só pra ninguém ver os meus olhos molhados Pulei na piscina tão desesperado Que quando eu caí, foi mágoa pra todo lado",Guilherme & Benuto,2021,27,https://www.letras.mus.br/guilherme-e-benuto/pulei-na-piscina/,-1
345,Pulei Na Piscina,musica345,musica345_trecho6,"Pulei na piscina, chorei disfarçado Só pra ninguém ver os meus olhos molhados Pulei na piscina tão desesperado Que quando eu caí, foi mágoa pra todo lado Pra ver se esse amor morre afogado",Guilherme & Benuto,2021,34,https://www.letras.mus.br/guilherme-e-benuto/pulei-na-piscina/,-1
345,Pulei Na Piscina,musica345,musica345_trecho10,"Pulei, chorei disfarçado Só pra ninguém ver os meus olhos molhados Pulei na piscina tão desesperado Que quando eu caí, foi mágoa",Guilherme & Benuto,2021,22,https://www.letras.mus.br/guilherme-e-benuto/pulei-na-piscina/,-1
345,Pulei Na Piscina,musica345,musica345_trecho11,"Pulei na piscina, chorei disfarçado Só pra ninguém ver os meus olhos molhados Pulei na piscina tão desesperado Quando eu caí, foi mágoa pra todo lado Pra ver se esse amor morre afogado",Guilherme & Benuto,2021,33,https://www.letras.mus.br/guilherme-e-benuto/pulei-na-piscina/,-1
1338,quando a bad bater,musica1338,musica1338_trecho3,Não vai saber o que fazer Quando a bad bater e o silêncio trazer minha voz Não vai saber o que beber Se esse vinho não mata essa sede Sede que é de nós,Luan Santana,2019,34,https://www.letras.mus.br/luan-santana/quando-a-bad-bater/,-1
1338,quando a bad bater,musica1338,musica1338_trecho9,Vai ver quando a bad bater Quando essa bad bater E o silêncio trazer minha voz,Luan Santana,2019,16,https://www.letras.mus.br/luan-santana/quando-a-bad-bater/,-1
1376,Quando A Chuva Passar (part. Marcus Vianna),musica1376,musica1376_trecho2,Mas não vou chorar Se você quiser partir Às vezes a distância ajuda E essa tempestade Um dia vai acabar,Paula Fernandes,2009,20,https://www.letras.mus.br/paula-fernandes/1667434/,-1
1376,Quando A Chuva Passar (part. Marcus Vianna),musica1376,musica1376_trecho4,"A gente só queria amar e amar E, hoje, eu tenho certeza A nossa história não Termina agora Pois essa tempestade Um dia vai acabar",Paula Fernandes,2009,25,https://www.letras.mus.br/paula-fernandes/1667434/,-1
1346,Quando O Mel É Bom,musica1346,musica1346_trecho1,"Quando o mel é bom, a abelha sempre volta Olha você me ligando e passando mensagens Se não ligasse, eu iria ligar Mas esperei a tua reação A verdade é que a noite passada Ficou tatuada em meu coração",Simone & Simaria,2016,39,https://www.letras.mus.br/simone-simaria-as-coleguinhas/quando-o-mel-e-bom/,-1
1346,Quando O Mel É Bom,musica1346,musica1346_trecho4,Tava esperando um sinal Uma mensagem e uma resposta Mas quando o mel é bom Quando o mel é bom Quando o mel é bom A abelha sempre volta,Simone & Simaria,2016,29,https://www.letras.mus.br/simone-simaria-as-coleguinhas/quando-o-mel-e-bom/,-1
1346,Quando O Mel É Bom,musica1346,musica1346_trecho5,Mas esperei a tua reação A verdade é que a noite passada Ficou tatuada em meu coração,Simone & Simaria,2016,17,https://www.letras.mus.br/simone-simaria-as-coleguinhas/quando-o-mel-e-bom/,-1
755,Quanto Custa?,musica755,musica755_trecho4,E o que é riqueza pra você? Me fala Às vezes você já tem tudo e pensa que tem nada Olha pro lado e repara Que a felicidade é o caminho e não a chegada,Murilo Huff,2024,35,https://www.letras.mus.br/murilo-huff/quanto-custa/,-1
133,Quarta Cadeira (part. Jorge & Mateus),musica133,musica133_trecho3,"Tô numa mesa com quatro cadeiras Aqui já tem três enganados por ela Bebendo, esperando a rasteira que você vai levar dela Fica tranquilo, que a quarta cadeira te espera",Matheus & Kauan,2019,30,https://www.letras.mus.br/matheus-kauan/quarta-cadeira-part-jorge-e-mateus/,-1
133,Quarta Cadeira (part. Jorge & Mateus),musica133,musica133_trecho5,Não adianta se iludir Seu copo já tá cheio aqui pra te acudir,Matheus & Kauan,2019,13,https://www.letras.mus.br/matheus-kauan/quarta-cadeira-part-jorge-e-mateus/,-1
133,Quarta Cadeira (part. Jorge & Mateus),musica133,musica133_trecho9,"Eu tô numa mesa com quatro cadeiras Aqui já tem três enganados por ela Bebendo, esperando a rasteira que você vai levar dela Fica tranquilo, que a quarta cadeira te espera",Matheus & Kauan,2019,31,https://www.letras.mus.br/matheus-kauan/quarta-cadeira-part-jorge-e-mateus/,-1
133,Quarta Cadeira (part. Jorge & Mateus),musica133,musica133_trecho10,"Não adianta se iludir Seu copo já tá cheio aqui pra te acudir Não adianta se iludir Seu copo já tá cheio aqui pra te acudir Pra te acudir, pra te acudir",Matheus & Kauan,2019,32,https://www.letras.mus.br/matheus-kauan/quarta-cadeira-part-jorge-e-mateus/,-1
812,Quarto 67 (part. Luan Santana),musica812,musica812_trecho1,"Chegou querendo causar Fingiu que não me conhecia Me deu prazer de noite Oi, muito prazer, de dia Cê pode até enganar todo mundo no rolê Dizer que a gente não tem nada a ver Já faz um tempo",Guilherme & Benuto,2025,39,https://www.letras.mus.br/guilherme-e-benuto/quarto-67-part-luan-santana/,-1
812,Quarto 67 (part. Luan Santana),musica812,musica812_trecho2,Cê pode até fugir da minha boca Mas eu quero ver cê escapar do pensamento Cê pode até fugir da minha boca Mas eu quero ver cê escapar do pensamento,Guilherme & Benuto,2025,30,https://www.letras.mus.br/guilherme-e-benuto/quarto-67-part-luan-santana/,-1
812,Quarto 67 (part. Luan Santana),musica812,musica812_trecho6,"Se você soubesse que na minha mente Cê já tá sem roupa por cima de mim Altos flashback do quarto 67 Ô, lembrança boa lá daquele motelzin Se você soubesse que na minha mente Cê já tá sem roupa por cima de mim Altos flashback do quarto 67 Ô, lembrança boa lá daquele motelzin",Guilherme & Benuto,2025,54,https://www.letras.mus.br/guilherme-e-benuto/quarto-67-part-luan-santana/,-1
812,Quarto 67 (part. Luan Santana),musica812,musica812_trecho7,"Altos flashback do quarto 67 Ô, lembrança boa lá daquele motelzin",Guilherme & Benuto,2025,11,https://www.letras.mus.br/guilherme-e-benuto/quarto-67-part-luan-santana/,-1
539,Quase Algo,musica539,musica539_trecho4,Por esse quase Eu quase morri de saudade Eu quase bebi a cidade inteira Eu quase perdi a cabeça,Henrique & Juliano,2023,19,https://www.letras.mus.br/henrique-e-juliano/quase-algo/,-1
539,Quase Algo,musica539,musica539_trecho6,Mas eu quase morri de saudade Eu quase bebi a cidade inteira Eu quase perdi a cabeça,Henrique & Juliano,2023,17,https://www.letras.mus.br/henrique-e-juliano/quase-algo/,-1
1095,Quatro Estações,musica1095,musica1095_trecho2,"Quero ser o teu melhor sorriso Te mimar sempre que possível Quero ser tua vontade louca Me lambuzar no mel da sua boca Ser teu sonho, teu segredo Tua raiva, teu medo Teu desejo mais profundo Tua vida, teu mundo",Hugo Pena e Gabriel,2011,40,https://www.letras.mus.br/hugo-pena-e-gabriel/1799474/,-1
1095,Quatro Estações,musica1095,musica1095_trecho4,"Ser teu sonho, teu segredo Tua raiva, teu medo Teu desejo mais profundo Tua vida, teu mundo",Hugo Pena e Gabriel,2011,17,https://www.letras.mus.br/hugo-pena-e-gabriel/1799474/,-1
1064,Que Bicho Que É?,musica1064,musica1064_trecho1,"Tem na beira do brejo Tem no mundo inteiro Nunca vi no homem, só vi na mulher",Gino e Geno,2005,17,https://www.letras.mus.br/gino-e-geno/224206/,-1
1064,Que Bicho Que É?,musica1064,musica1064_trecho10,"Tem homem que gosta até de mais da sua Que tem uma em casa e outra na rua Mas há quem não gosta e foge da bichinha Prefere outra coisa, vê se adivinha",Gino e Geno,2005,33,https://www.letras.mus.br/gino-e-geno/224206/,-1
1064,Que Bicho Que É?,musica1064,musica1064_trecho11,"Eu vou dar uma dica do que ela come Ela come tudo que enriquece o homem Come sua terra, come o seu dinheiro E você paga caro pra sentir o cheiro",Gino e Geno,2005,31,https://www.letras.mus.br/gino-e-geno/224206/,-1
1098,"Que Dá Vontade, Dá",musica1098,musica1098_trecho3,"Mas que dá vontade, dá De jogar tudo pro ar e ir embora com você Pra ser o seu amorzinho Ganhar milhões de beijinhos Nos seus braços me prender",Guilherme & Santiago,2010,29,https://www.letras.mus.br/guilherme-e-santiago/1630462/,-1
1451,Que Pena Que Acabou,musica1451,musica1451_trecho4,"Será que você ainda pensa em mim? Será que o nosso caso teve fim? Quero ouvir de você, eu preciso saber",Gusttavo Lima,2016,21,https://www.letras.mus.br/gusttavo-lima/que-pena-que-acabou/,-1
1451,Que Pena Que Acabou,musica1451,musica1451_trecho5,Independente da sua decisão Quero falar do fundo do meu coração Que valeu a pena tudo que a gente viveu,Gusttavo Lima,2016,20,https://www.letras.mus.br/gusttavo-lima/que-pena-que-acabou/,-1
942,Que Pescar Que Nada,musica942,musica942_trecho1,Já paguei quem eu devia Graças a Deus eu tô sossegado Eu pus o burro na sombra E tô levando até meu cunhado,Bruno & Marrone,2005,23,https://www.letras.mus.br/bruno-e-marrone/195710/,-1
942,Que Pescar Que Nada,musica942,musica942_trecho5,Que pescar que nada Vou beijar na boca Ver a mulherada na madrugada Ficando louca,Bruno & Marrone,2005,15,https://www.letras.mus.br/bruno-e-marrone/195710/,-1
1119,Que se Dane o Mundo,musica1119,musica1119_trecho1,"E que se dane o mundo, e que se dane tudo Eu largo tudo, tudo, pra poder te ver E se eu não te vejo, morro em desejos Meu dia fica cinza longe de você, longe de você",Adair Cardoso,2010,38,https://www.letras.mus.br/adair-cardoso/1717260/,-1
1119,Que se Dane o Mundo,musica1119,musica1119_trecho3,"E que se dane o mundo, e que se dane tudo Eu largo tudo, tudo, pra poder te ver E se eu não te vejo, morro em desejos Meu dia fica cinza longe de você",Adair Cardoso,2010,35,https://www.letras.mus.br/adair-cardoso/1717260/,-1
151,Que Sorte A Nossa,musica151,musica151_trecho1,Diz que pensa tanto em mim Que tá querendo me ver Diz que tá me lembrando bastante Acredito em você,Matheus & Kauan,2015,20,https://www.letras.mus.br/matheus-kauan/que-sorte-a-nossa/,-1
151,Que Sorte A Nossa,musica151,musica151_trecho2,Tô sabendo de tudo Tô lendo seus recados Minhas fotos que você curtiu Tô seguindo você,Matheus & Kauan,2015,16,https://www.letras.mus.br/matheus-kauan/que-sorte-a-nossa/,-1
151,Que Sorte A Nossa,musica151,musica151_trecho4,"Tantos sorrisos por aí, você querendo o meu Tantos olhares me olhando e eu querendo o seu Eu não duvido, não, que não foi por acaso Se o amor bateu na nossa porta, que sorte a nossa",Matheus & Kauan,2015,37,https://www.letras.mus.br/matheus-kauan/que-sorte-a-nossa/,-1
151,Que Sorte A Nossa,musica151,musica151_trecho5,"Tantos sorrisos por aí, você querendo o meu Tantos olhares me olhando e eu querendo o seu Eu não duvido, não, que não foi por acaso Se o amor bateu na nossa porta, que sorte a nossa Ai, ai, ai, ai",Matheus & Kauan,2015,41,https://www.letras.mus.br/matheus-kauan/que-sorte-a-nossa/,-1
759,Quem Ama Sempre Entende,musica759,musica759_trecho2,"Se você não gosta do meu carro Meu perfume, meu sapato Meus amigos, meu trabalho Eu posso mudar",Henrique & Juliano,2014,18,https://www.letras.mus.br/henrique-e-juliano/quem-ama-sempre-entende/,-1
759,Quem Ama Sempre Entende,musica759,musica759_trecho3,Posso não ser o melhor em tudo Mas pra viver no seu mundo Eu posso ser quem você precisar,Henrique & Juliano,2014,19,https://www.letras.mus.br/henrique-e-juliano/quem-ama-sempre-entende/,-1
1129,"Quem Ama, Cuida",musica1129,musica1129_trecho2,"Não tô pegando no seu pé É que quando a gente quer, a gente vai à luta Mas não desligue o celular, eu vou te rastrear Porque quem ama, cuida",Maria Cecília e Rodolfo,2009,30,https://www.letras.mus.br/maria-cecilia-rodolfo/1458701/,-1
1129,"Quem Ama, Cuida",musica1129,musica1129_trecho4,"Se me chamar, eu vou, e se for pra fazer amor Eu largo tudo, tudo e vou à luta Mas não desligue o celular, eu vou te rastrear Porque quem ama, cuida",Maria Cecília e Rodolfo,2009,32,https://www.letras.mus.br/maria-cecilia-rodolfo/1458701/,-1
1129,"Quem Ama, Cuida",musica1129,musica1129_trecho5,"Eu vou cuidar de você Todo dia, toda hora e a todo momento Você jamais vai duvidar do meu sentimento É de dar inveja um amor assim",Maria Cecília e Rodolfo,2009,27,https://www.letras.mus.br/maria-cecilia-rodolfo/1458701/,-1
1359,Quem É?,musica1359,musica1359_trecho1,"Quem é a mulher mais linda desse universo? Quem é que não esconde nada e fala todos os versos? Quem é que de madrugada grita o seu nome? Que é seu amigo, amante seu homem?",Eduardo Costa,2011,35,https://www.letras.mus.br/eduardo-costa/1759218/,-1
1359,Quem É?,musica1359,musica1359_trecho3,Quem é que faz mil loucuras pra te ter por perto? Quem é que quando esta contigo fica inquieto? Quem é que em pensamento adivinha seus sonhos? E quando te vê fica todo risonho?,Eduardo Costa,2011,34,https://www.letras.mus.br/eduardo-costa/1759218/,-1
1359,Quem É?,musica1359,musica1359_trecho5,"Sou eu, que te mando flores Que falo de amores E que quer você Preciso de você comigo, Quero ser o seu amante, seu amor, o seu amigo",Eduardo Costa,2011,28,https://www.letras.mus.br/eduardo-costa/1759218/,-1
492,"Quem Pegou, Pegou",musica492,musica492_trecho8,Tem um amor de balada virando amor da minha vida Quem diria Que eu beijaria a mesma boca todo dia,Henrique & Juliano,2018,20,https://www.letras.mus.br/henrique-e-juliano/quem-pegou-pegou/,-1
248,Quem Sente Saudade Sou Eu,musica248,musica248_trecho2,"Não sei se percebeu na minha cara Se reparou essa mesa cheia de lata Hoje eu só queria não tá sentindo nada, nada Mas pro seu azar",Maiara & Maraisa,2025,27,https://www.letras.mus.br/maiara-maraisa/quem-sente-saudade-sou-eu/,-1
248,Quem Sente Saudade Sou Eu,musica248,musica248_trecho3,"Quem sente saudade sou eu Então não manda apagar o meu cigarro, abaixar o som do carro Se eu beber, deixa que eu pago Porque nesse bar, nesse lugar, nesse lugar Quem sente saudade sou eu",Maiara & Maraisa,2025,36,https://www.letras.mus.br/maiara-maraisa/quem-sente-saudade-sou-eu/,-1
248,Quem Sente Saudade Sou Eu,musica248,musica248_trecho4,"Então não manda apagar o meu cigarro, abaixar o som do carro Se eu beber, deixa que eu pago Porque nesse bar, nesse lugar, nesse lugar Quem sente saudade sou eu",Maiara & Maraisa,2025,31,https://www.letras.mus.br/maiara-maraisa/quem-sente-saudade-sou-eu/,-1
248,Quem Sente Saudade Sou Eu,musica248,musica248_trecho7,"Então não manda apagar o meu cigarro, abaixar o som do carro Se eu beber, deixa que eu pago Porque nesse bar, nesse lugar, nesse lugar Quem sente saudade sou eu Quem sente saudade sou eu",Maiara & Maraisa,2025,36,https://www.letras.mus.br/maiara-maraisa/quem-sente-saudade-sou-eu/,-1
1590,Quem Tem Sorte É Sortero,musica1590,musica1590_trecho3,"Quem tem sorte é sortero Tem rabo preso com ninguém É só beijar a noite inteira e não dá pilha de bobeira E só ficar, ficar",Gusttavo Lima,2011,26,https://www.letras.mus.br/gusttavo-lima/1819467/,-1
1590,Quem Tem Sorte É Sortero,musica1590,musica1590_trecho6,"Quem tem sorte é sortero Tem rabo preso com ninguém É só beijar a noite inteira e não dá pilha de bobeira E só ficar, ficar, ficar",Gusttavo Lima,2011,27,https://www.letras.mus.br/gusttavo-lima/1819467/,-1
1478,Quer Casar Comigo?,musica1478,musica1478_trecho3,"Chegou chutando o balde Fazendo, fazendo Baderna no meu coração Mostrou que veio pra ficar E agora tô carente Tô xonado, tem jeito não",Bruno & Marrone,2005,24,https://www.letras.mus.br/bruno-e-marrone/88353/,-1
126,Querendo Te Amar,musica126,musica126_trecho9,"Eu sei de tudo que se passa nessa sua vida Eu sei que, assim como eu, você não está feliz Eu sei que às vezes pensa em mim quando está sozinha Isso prova que esse amor tá criando raiz Em todo caso, perde o medo e curte essa paixão E entra pela porta da frente do meu coração E entra pela porta da frente do meu coração",Jorge & Mateus,2007,67,https://www.letras.mus.br/jorge-mateus/437717/,-1
260,Quero Camboriú,musica260,musica260_trecho2,"Eu conheci um boiadeiro Lá na arena de Barretos Ele disse que, por mim Viajaria o mundo inteiro",Ana Castela,2025,18,https://www.letras.mus.br/ana-castela/quero-camboriu/,-1
260,Quero Camboriú,musica260,musica260_trecho4,"Fui pra vaquejada, ele foi atrás Fui pra revoada, ele foi atrás Todo lugar que eu vou O boiadeiro vai",Ana Castela,2025,20,https://www.letras.mus.br/ana-castela/quero-camboriu/,-1
309,Quero Ser o Seu Amor,musica309,musica309_trecho1,Faz tempo que eu olho pra você Mas você sempre fica me esnobando Pára de pirraça e vem ficar comigo,Simone & Simaria,2016,20,https://www.letras.mus.br/simone-simaria-as-coleguinhas/ce-sabe-que-eu-sou-seu-amor/,-1
309,Quero Ser o Seu Amor,musica309,musica309_trecho5,"Cê sabe que eu sou seu amor Eu quero te agarrar meu bem Ôh chega mais pra perto, vem vem Vem papai, vem",Simone & Simaria,2016,23,https://www.letras.mus.br/simone-simaria-as-coleguinhas/ce-sabe-que-eu-sou-seu-amor/,-1
309,Quero Ser o Seu Amor,musica309,musica309_trecho7,"Eu quero ser feliz e você também Se enrosca no meu corpo e vem fazer amor, neném",Simone & Simaria,2016,17,https://www.letras.mus.br/simone-simaria-as-coleguinhas/ce-sabe-que-eu-sou-seu-amor/,-1
1113,Quero Sim,musica1113,musica1113_trecho1,"Às vezes, sou fada Às vezes, faísca Tô ligada na tomada Numa noite mal dormida",Paula Fernandes,2009,15,https://www.letras.mus.br/paula-fernandes/1337898/,-1
1113,Quero Sim,musica1113,musica1113_trecho3,Eu não sou palavra Eu não sou poema Sou humana pequena A se arrepender,Paula Fernandes,2009,14,https://www.letras.mus.br/paula-fernandes/1337898/,-1
1113,Quero Sim,musica1113,musica1113_trecho6,"Se o teu amor for frágil e não resistir E essa mágoa, então, ficar eternamente aqui Tô de volta a imensidão de um mar que é feito de silêncio",Paula Fernandes,2009,29,https://www.letras.mus.br/paula-fernandes/1337898/,-1
1113,Quero Sim,musica1113,musica1113_trecho12,Se o teu amor for frágil e não resistir E essa mágoa então ficar eternamente aqui Tô de volta a imensidão de um mar que é feito de silêncio,Paula Fernandes,2009,29,https://www.letras.mus.br/paula-fernandes/1337898/,-1
572,Quero Você do Jeito Que Quiser (part. Maiara & Maraisa),musica572,musica572_trecho7,"Mesmo que me perguntassem, eu não afirmaria Eu negaria",Marília Mendonça,2020,9,https://www.letras.mus.br/marilia-mendonca/quero-voce-do-jeito-que-quiser-part-maiara-e-maraisa/,-1
1597,"Quero, Quero",musica1597,musica1597_trecho1,"Sem essa de cabô, cabô Se agora que começou Vem que eu tô que tô Tô querendo é seu amor!",Simone & Simaria,2012,20,https://www.letras.mus.br/simone-simaria-as-coleguinhas/quero-quero/,-1
1597,"Quero, Quero",musica1597,musica1597_trecho2,"Volta, volta vai Que delícia, vai papai Vem que eu quero mais, é mais, é mais!",Simone & Simaria,2012,16,https://www.letras.mus.br/simone-simaria-as-coleguinhas/quero-quero/,-1
1597,"Quero, Quero",musica1597,musica1597_trecho3,"Seu amor, meu amor Não quero dar um tempo não Eu quero amor, amor Volta pro meu coração!",Simone & Simaria,2012,18,https://www.letras.mus.br/simone-simaria-as-coleguinhas/quero-quero/,-1
1597,"Quero, Quero",musica1597,musica1597_trecho4,"Eu quero amor, amor Não quero dar um tempo não Seu amor, meu amor Volta pro meu coração!",Simone & Simaria,2012,18,https://www.letras.mus.br/simone-simaria-as-coleguinhas/quero-quero/,-1
1126,Química,musica1126,musica1126_trecho1,Desde o primeiro dia que a gente se viu Impressionante a química que nos uniu E o tempo foi tornando tão intenso o nosso amor,João Bosco & Vinícius,2012,25,https://www.letras.mus.br/joao-bosco-viniciusacustico/quimica/,-1
718,Química do Amor (part. Ivete Sangalo),musica718,musica718_trecho2,"Que tal a gente agora misturar a nossa cor Pra ver a combustão, a química do nosso amor Eu e você, quer pagar pra ver?",Luan Santana,2011,25,https://www.letras.mus.br/luan-santana/1791039/,-1
718,Química do Amor (part. Ivete Sangalo),musica718,musica718_trecho3,"Me diga, que você vai entrar na minha vida Que eu sou a sua musa preferida Diga que eu sou seu bem me quer Seu anjo, sua fada, o que você quiser",Luan Santana,2011,32,https://www.letras.mus.br/luan-santana/1791039/,-1
718,Química do Amor (part. Ivete Sangalo),musica718,musica718_trecho5,"Vambora, não demora Eu quero ser o seu amor, ôô, ôô Tô louco pra me entregar, aa, aa E aí paixão, o meu coração, Tá xonado de tanto desejo Eu quero ser o seu amor, ôô, ôô Tô louca pra me entregar, aa, aa Tudo o que eu quero agora é tá contigo e te amar.",Luan Santana,2011,56,https://www.letras.mus.br/luan-santana/1791039/,-1
718,Química do Amor (part. Ivete Sangalo),musica718,musica718_trecho8,"Vambora, não demora Eu quero ser o seu amor, ôô, ôô Tô louco pra me entregar, aa, aa E aí paixão o meu coração, Tá xonado de tanto desejo Eu quero ser o seu amor, ôô, ôô Tô louca pra me entregar, aa, aa Tudo o que eu quero agora é tá contigo e te pra sempre te amar.",Luan Santana,2011,59,https://www.letras.mus.br/luan-santana/1791039/,-1
729,Rancorosa,musica729,musica729_trecho3,"Se eu mando o que eu penso, a gente não volta Aí a foto dela some na hora E se eu conheço bem aquela rancorosa Vai ter copo, vai ter foto com legenda: Vida nova",Henrique & Juliano,2023,35,https://www.letras.mus.br/henrique-e-juliano/rancorosa/,-1
729,Rancorosa,musica729,musica729_trecho4,"E toda vez que eu vou pra deixar ela, eu deixo quieto Mas que às vezes dá vontade, dá De mandar pra longe, eu chego mais perto E toda vez que eu vou pra deixar ela, eu deixo quieto Mas que às vezes dá vontade, dá De mandar pra longe, eu chego mais perto",Henrique & Juliano,2023,54,https://www.letras.mus.br/henrique-e-juliano/rancorosa/,-1
1542,Raspão (part. Simone e Simaria),musica1542,musica1542_trecho3,"Foi de raspão, mas valeu Ô, se valeu Sentir um beijo seu Foi de raspão, mas valeu Foi no canto da boca Voltei no tempo em que eu era seu Só seu",Henrique & Diego,2017,32,https://www.letras.mus.br/henrique-diego/foi-de-raspao/,-1
1542,Raspão (part. Simone e Simaria),musica1542,musica1542_trecho8,"Foi de raspão, mas valeu Ô, se valeu Sentir um beijo seu Foi de raspão, mas valeu Foi no canto da boca Voltei no tempo em que eu era seu",Henrique & Diego,2017,30,https://www.letras.mus.br/henrique-diego/foi-de-raspao/,-1
148,Recaídas,musica148,musica148_trecho1,Você pode ficar com quem você quiser Não tem nada a ver Eu não mando em você Mas ainda choro E quando alguém comenta não quero saber,Henrique & Juliano,2012,27,https://www.letras.mus.br/henrique-e-juliano/recaidas/,-1
148,Recaídas,musica148,musica148_trecho2,Me preocupo e apesar dos pesares Eu sempre quero te ver bem E ainda vou além Em uma relação Sei que não vai ser fácil amar outro alguém,Henrique & Juliano,2012,28,https://www.letras.mus.br/henrique-e-juliano/recaidas/,-1
148,Recaídas,musica148,musica148_trecho4,Às vezes eu queria ter o poder De poder te apagar da memória E nessa fraqueza ter força Pra fazer com que essa nossa história Não passe de passado e fique da porta pra fora,Henrique & Juliano,2012,35,https://www.letras.mus.br/henrique-e-juliano/recaidas/,-1
148,Recaídas,musica148,musica148_trecho5,Se eu pudesse te apagar da minha mente Apagaria agora Mas toda vez que eu me lembro de nós dois Meu coração sempre chora e é sempre a mesma história,Henrique & Juliano,2012,30,https://www.letras.mus.br/henrique-e-juliano/recaidas/,-1
563,Receita de Amar,musica563,musica563_trecho3,"Pega aquele abraço que eu te dei no dia em que ele te deixou Junte com as noites no meu colo, cada gota que você chorou Misture todo brilho dos meus olhos só de ver você me procurar Vai ter na sua frente tudo que precisa na receita de amar!",George Henrique e Rodrigo,2011,50,https://www.letras.mus.br/george-henrique-rodrigo/1967442/,-1
713,Refém,musica713,musica713_trecho1,"Eu não me imaginava sem você Meu bem querer, amor pra sempre Só esses cabelos pretos me faz bem E quando não tenho, fico doente",Gusttavo Lima,2010,25,https://www.letras.mus.br/gusttavo-lima/1710867/,-1
713,Refém,musica713,musica713_trecho3,Só você não sabe o quanto eu te quero bem Vou te fazer a minha vítima Minha refém Você está sempre presente na memória Quero eternizar você na minha história,Gusttavo Lima,2010,30,https://www.letras.mus.br/gusttavo-lima/1710867/,-1
1322,Refém,musica1322,musica1322_trecho1,Não sei explicar como foi que aconteceu O que já não brilhava em mim você acendeu A chama do amor apagada no coração Eu já tava perdido no meio da solidão,Jorge & Mateus,2010,31,https://www.letras.mus.br/jorge-mateus/1742338/,-1
1322,Refém,musica1322,musica1322_trecho2,Feito um anjo da guarda você veio me salvar Das garras do medo a me torturar Sei que existem milhões de maneiras de agradecer Escolhi me entregar totalmente a você,Jorge & Mateus,2010,30,https://www.letras.mus.br/jorge-mateus/1742338/,-1
483,Regime Fechado,musica483,musica483_trecho1,"Alô, eu tô ligando só pra te dizer Que eu tô dando queixa de você Tô na delegacia e o polícia disse que seu caso não tem solução",Simone & Simaria,2016,28,https://www.letras.mus.br/simone-simaria-as-coleguinhas/regime-fechado/,-1
483,Regime Fechado,musica483,musica483_trecho3,"Eu deixo esse cara, cê larga essa mulher E a gente vai viver a vida como Deus quiser Sem dar satisfação da nossa relação",Simone & Simaria,2016,24,https://www.letras.mus.br/simone-simaria-as-coleguinhas/regime-fechado/,-1
483,Regime Fechado,musica483,musica483_trecho5,"Ô, ô, ô, ô, ô Não quero advogado Quero regime fechado com você, amor Ô, ô, ô, ô, ô Nós somos bagunçados e reféns desse pecado",Simone & Simaria,2016,26,https://www.letras.mus.br/simone-simaria-as-coleguinhas/regime-fechado/,-1
483,Regime Fechado,musica483,musica483_trecho7,"É bandido, esse meu coração Eterno prisioneiro da paixão",Simone & Simaria,2016,9,https://www.letras.mus.br/simone-simaria-as-coleguinhas/regime-fechado/,-1
1578,Respeita o Nosso Fim,musica1578,musica1578_trecho1,"Por favor Não beija outra boca na minha frente, não Respeita aí o luto do meu coração Que ainda não te superou",Gusttavo Lima,2018,22,https://www.letras.mus.br/gusttavo-lima/respeita-o-nosso-fim/,-1
1578,Respeita o Nosso Fim,musica1578,musica1578_trecho2,É que só de imaginar você Nas preliminares no sofá Você virando o olho pra outro na hora H É melhor nem pensar,Gusttavo Lima,2018,23,https://www.letras.mus.br/gusttavo-lima/respeita-o-nosso-fim/,-1
1223,Ressentimento,musica1223,musica1223_trecho4,"Ô, ressentimento Como pude ter suportado tanto tempo Provando todo dia a sua ingratidão Com medo das suas ameaças de separação",Jads e Jadson,2014,21,https://www.letras.mus.br/jads-e-jadson/ressentimento/,-1
460,Resumindo,musica460,musica460_trecho2,"Mas, nesse meio-tempo, eu saí Investi no meu esquecimento E agora tá custando caro pra eu atender seu arrependimento Se ainda não entendeu, eu desenho",Zé Neto e Cristiano,2025,25,https://www.letras.mus.br/ze-neto-cristiano/resumindo/,-1
28,Retrovisor,musica28,musica28_trecho2,Só passa a noite ouvindo choro Quem teve a bênção de um filho Só tem que acordar cedo quem tem um emprego Cê já pensou nisso?,Gusttavo Lima,2025,26,https://www.letras.mus.br/gusttavo-lima/retrovisor/,-1
28,Retrovisor,musica28,musica28_trecho3,Começa ver o copo meio cheio E não meio vazio,Gusttavo Lima,2025,10,https://www.letras.mus.br/gusttavo-lima/retrovisor/,-1
1426,Robin Hood da Paixão,musica1426,musica1426_trecho2,"Depois me procuram Me chamam de amor Me pedem carinho E é claro que eu dou Meninas, tenham calma Que eu não sou de ninguém Tem lugar pra todas no meu harém",Hugo Pena e Gabriel,2008,32,https://www.letras.mus.br/hugo-pena-e-gabriel/1318932/,-1
1426,Robin Hood da Paixão,musica1426,musica1426_trecho3,"Deve ser o mel que a mamãe me passou Deve ser o céu que elas pedem, eu dou No amor eu tenho dom Em cada flecha um coração Eu sou o Robin Hood da paixão",Hugo Pena e Gabriel,2008,35,https://www.letras.mus.br/hugo-pena-e-gabriel/1318932/,-1
1426,Robin Hood da Paixão,musica1426,musica1426_trecho10,Eu sou o Robin Hood da paixão Eu sou o Robin Hood da paixão,Hugo Pena e Gabriel,2008,14,https://www.letras.mus.br/hugo-pena-e-gabriel/1318932/,-1
700,Romance (part. Jorge e Mateus),musica700,musica700_trecho1,"Chega mais perto Vai, quero te encontrar Quero saber onde você está Chega mais perto Vai, quero te ouvir falar Falar de amor, pra quem não sabe amar Não quero mais saber de nada Nem mesmo te deixar e fugir na hora errada Entenda a melhor saída É te ter de vez na minha vida",Humberto e Ronaldo,2012,55,https://www.letras.mus.br/humberto-ronaldo/1846733/,-1
700,Romance (part. Jorge e Mateus),musica700,musica700_trecho4,"Chega mais perto Vai, quero te encontrar Quero saber onde você está Chega mais perto Vai, quero te ouvir falar Falar de amor pra quem não sabe amar Não quero mais saber de nada Nem mesmo te deixar e fugir na hora errada Entenda a melhor saída É te ter de vez na minha vida",Humberto e Ronaldo,2012,55,https://www.letras.mus.br/humberto-ronaldo/1846733/,-1
337,Romântico,musica337,musica337_trecho8,Sou um louco romântico,Henrique & Juliano,2025,4,https://www.letras.mus.br/henrique-e-juliano/romantico/,-1
824,Romântico Anônimo (part. Fernando Zor),musica824,musica824_trecho1,Lembra daquele garoto que sentou do seu lado Te ofereceu no recreio um sanduíche amassado? Lembra daquele rapaz que você nem dava bola Que escrevia eu te amo nas paredes da escola?,Marcos & Belutti,2015,32,https://www.letras.mus.br/marcos-belutti/romantico-anonimo/,-1
824,Romântico Anônimo (part. Fernando Zor),musica824,musica824_trecho2,Aquele cara que te deu um guarda-chuva Quando a tempestade te pegou na rua Aquelas flores que deixavam no portão Que sempre vinha assinado no cartão,Marcos & Belutti,2015,26,https://www.letras.mus.br/marcos-belutti/romantico-anonimo/,-1
824,Romântico Anônimo (part. Fernando Zor),musica824,musica824_trecho3,Romântico anônimo! Romântico anônimo!,Marcos & Belutti,2015,4,https://www.letras.mus.br/marcos-belutti/romantico-anonimo/,-1
130,"Rosas, Versos e Vinhos",musica130,musica130_trecho1,"É, às vezes acho que eu estou enlouquecendo Por você, fujo, viajo no tempo, me submetendo E pra você meu mundo gira em preto e branco e colorido E sem você, saio do presente pro passado E no futuro eu tô perdido",Gusttavo Lima,2008,42,https://www.letras.mus.br/gusttavo-lima/1573480/,-1
130,"Rosas, Versos e Vinhos",musica130,musica130_trecho2,"Por você, eu mudo o jeito de viver Vou ouvir vinil em vez de ouvir CD Por você, eu deixo a badalação Faço serenata, voz e violão",Gusttavo Lima,2008,27,https://www.letras.mus.br/gusttavo-lima/1573480/,-1
130,"Rosas, Versos e Vinhos",musica130,musica130_trecho3,"Largo essa cidade pra morar no campo Faço penitência, troco até de santo Por você, cancelo a reunião O meu compromisso é com seu coração",Gusttavo Lima,2008,25,https://www.letras.mus.br/gusttavo-lima/1573480/,-1
130,"Rosas, Versos e Vinhos",musica130,musica130_trecho12,"É, eu acho que estou enlouquecendo por você",Gusttavo Lima,2008,8,https://www.letras.mus.br/gusttavo-lima/1573480/,-1
412,Saudade,musica412,musica412_trecho3,"Talvez eu seja do seu passado mais uma página Que foi do seu diário arrancada Sonho, choro e sinto que resta alguma esperança Saudade, quero arrancar essa página da minha vida",Eduardo Costa,2007,31,https://www.letras.mus.br/eduardo-costa/934408/,-1
1418,Saudade,musica1418,musica1418_trecho3,Os dias vão passando E lembro dos nossos momentos de amor E um beijo sempre acompanhado de fogo e paixão,Jorge & Mateus,2009,20,https://www.letras.mus.br/jorge-mateus/1449248/,-1
1418,Saudade,musica1418,musica1418_trecho6,"Ah, saudade Não dá pra segurar comigo tanto sofrimento Me leva pra ficar com ela apenas um momento Se não essa paixão ainda vai me deixar louco",Jorge & Mateus,2009,27,https://www.letras.mus.br/jorge-mateus/1449248/,-1
1418,Saudade,musica1418,musica1418_trecho11,"Ah, ah Não dá pra segurar comigo tanto sofrimento Me leva pra ficar com ela apenas um momento Se não essa paixão ainda vai me deixar louco",Jorge & Mateus,2009,27,https://www.letras.mus.br/jorge-mateus/1449248/,-1
102,Saudade Burra (part. Simone Mendes),musica102,musica102_trecho2,"Você terminou e eu só aceitei Por opção sua, hoje eu sou sua ex Quase enlouqueci, eu desidratei O choro de um ano eu derramei num mês",Lauana Prado,2025,27,https://www.letras.mus.br/lauana-prado/saudade-burra-part-simone-mendes/,-1
102,Saudade Burra (part. Simone Mendes),musica102,musica102_trecho4,"Ai, ai, ai, ai, ai, ai Se imaginar as camas que eu caí, cê cai pra trás Ai, ai, ai, ai, ai, ai Seu erro foi achar que ninguém faz o que cê faz Faz, e muito mais Faz, e muito mais Que ninguém faz o que cê faz",Lauana Prado,2025,49,https://www.letras.mus.br/lauana-prado/saudade-burra-part-simone-mendes/,-1
102,Saudade Burra (part. Simone Mendes),musica102,musica102_trecho8,"Ai, ai, ai, ai, ai, ai Se imaginar as camas que eu caí, cê cai pra trás Ai, ai, ai, ai, ai, ai Seu erro foi achar que ninguém faz o que cê faz Faz, e muito mais Faz, e muito mais Que ninguém faz o que cê faz Faz, e muito mais",Lauana Prado,2025,53,https://www.letras.mus.br/lauana-prado/saudade-burra-part-simone-mendes/,-1
813,Saudade De Quem Eu Sou,musica813,musica813_trecho1,"Eu tô tentando afogar essa saudade no copo Eu tô tentando abafar essa saudade no som alto Mas ultimamente, eu ando tão fraco Eu tô tentando ser mais forte que a carência, eu Tô tentando, nessas ruas, dar o primeiro passo Mas eu tô parado, parado, parado",Henrique & Juliano,2025,47,https://www.letras.mus.br/henrique-e-juliano/saudade-de-quem-eu-sou/,-1
813,Saudade De Quem Eu Sou,musica813,musica813_trecho3,"Um festeiro, um rueiro, um loucão de tudo, menos de amor Um solteiro sem sentimento que fazia promessa só de cobertor Tô com saudade de você, mas tô com mais saudade de quem eu sou Um festeiro, um rueiro, um loucão de tudo, menos de amor Um solteiro sem sentimento que fazia promessa só de cobertor Tô com saudade de você, mas tô com mais saudade de quem eu sou",Henrique & Juliano,2025,70,https://www.letras.mus.br/henrique-e-juliano/saudade-de-quem-eu-sou/,-1
813,Saudade De Quem Eu Sou,musica813,musica813_trecho6,"(Ó) um festeiro, um rueiro, um loucão de tudo, menos de amor Um solteiro sem sentimento que fazia promessa só de cobertor Tô com saudade de você, mas tô com mais saudade de quem eu sou",Henrique & Juliano,2025,36,https://www.letras.mus.br/henrique-e-juliano/saudade-de-quem-eu-sou/,-1
1589,Saudade de Você,musica1589,musica1589_trecho1,"Só um olhar profundo traz de volta a minha paz O teu sorriso, meu mundo ficar sem, não sou capaz",Zé Felipe,2014,20,https://www.letras.mus.br/ze-felipe/saudade-de-voce/,-1
1589,Saudade de Você,musica1589,musica1589_trecho2,"Sou louco por você, tente entender Que se eu respiro é por te amar Você me faz tão bem Me faz ir além Você me faz crescer, me faz sonhar",Zé Felipe,2014,30,https://www.letras.mus.br/ze-felipe/saudade-de-voce/,-1
1589,Saudade de Você,musica1589,musica1589_trecho8,"De novo teu sorriso, ai",Zé Felipe,2014,5,https://www.letras.mus.br/ze-felipe/saudade-de-voce/,-1
1410,Saudade do Meu Ex,musica1410,musica1410_trecho1,"Ai, o que é que eu fiz? Me enrolei Que saudade do meu ex Onde eu tava com a cabeça Quando eu fui me envolver Com essa pessoa tão sem graça Esse menino nada a ver É faculdade, academia, hora certa pra dormir Eu bebia todo dia, hoje eu mal posso sair Ele regra tudo o que vou fazer",Marília Mendonça,2017,59,https://www.letras.mus.br/marilia-mendonca/saudade-do-meu-ex/,-1
1410,Saudade do Meu Ex,musica1410,musica1410_trecho3,"Desconfia, agora eu faço o que eu quero Tô nem aí se tá com vergonha de mim Se quer saber, hoje eu vou beber de novo Vou voltar pra casa louca Pra você largar de mim",Marília Mendonça,2017,36,https://www.letras.mus.br/marilia-mendonca/saudade-do-meu-ex/,-1
1410,Saudade do Meu Ex,musica1410,musica1410_trecho5,"Ai, que saudade do meu ex Ai, que saudade do meu ex Ai, que saudade do meu ex Ele que era homem de verdade",Marília Mendonça,2017,24,https://www.letras.mus.br/marilia-mendonca/saudade-do-meu-ex/,-1
1410,Saudade do Meu Ex,musica1410,musica1410_trecho9,"Tô nem aí se tá com vergonha de mim Se quer saber, hoje eu vou beber de novo Vou voltar pra casa louca Pra você largar de mim",Marília Mendonça,2017,28,https://www.letras.mus.br/marilia-mendonca/saudade-do-meu-ex/,-1
1410,Saudade do Meu Ex,musica1410,musica1410_trecho10,"Agora eu faço o que eu quero Tô nem aí se tá com vergonha de mim Se quer saber, hoje eu vou beber de novo Vou voltar pra casa louca Pra você",Marília Mendonça,2017,32,https://www.letras.mus.br/marilia-mendonca/saudade-do-meu-ex/,-1
20,Saudade Proibida,musica20,musica20_trecho1,Você não vai me esquecer Pode apelar pro plano B,Simone Mendes,2025,10,https://www.letras.mus.br/simone-mendes/saudade-proibida/,-1
20,Saudade Proibida,musica20,musica20_trecho3,Eu sou o dedo na ferida Sua saudade proibida O calafrio que seu corpo ama O erro inesquecível da sua cama Eu sou dedo na ferida Sua saudade proibida O calafrio que seu corpo ama O erro inesquecível da sua cama,Simone Mendes,2025,41,https://www.letras.mus.br/simone-mendes/saudade-proibida/,-1
1581,Se Ame Mais,musica1581,musica1581_trecho1,Não aguento mais te ver sofrer Ela tá acabando com você Isso porque ela se acha na obrigação de te cobrar Um relacionamento que acabou já faz um tempo,Marília Mendonça,2017,29,https://www.letras.mus.br/marilia-mendonca/se-ame-mais/,-1
1581,Se Ame Mais,musica1581,musica1581_trecho4,Superar não é tão fácil Mas se torna necessário E por questão de honra Se eu fosse você deixava isso enterrado Você tem que seguir em frente,Marília Mendonça,2017,27,https://www.letras.mus.br/marilia-mendonca/se-ame-mais/,-1
1581,Se Ame Mais,musica1581,musica1581_trecho5,"Não tô jogando na sua cara, não Não quero confusão Hoje eu tô tão na paz Por que não faz o mesmo que a gente faz? Gente feliz não atrapalha os outros casais",Marília Mendonça,2017,33,https://www.letras.mus.br/marilia-mendonca/se-ame-mais/,-1
685,Se É Pra Chorar Eu Choro (part. Jads e Jadson),musica685,musica685_trecho1,"Eu tô perdido num olhar que cega Nessa paixão eu já perdi as rédeas E vai doer, eu sei que vai, vai machucar Vai doer menos se eu aceitar",Lucas Reis & Thácio,2016,29,https://www.letras.mus.br/lucas-reis-thacio-candido/se-e-pra-chorar-eu-choro/,-1
685,Se É Pra Chorar Eu Choro (part. Jads e Jadson),musica685,musica685_trecho2,"Procurei ouro onde só tinha pedra Alguém que parecia o que não era Paguei pra ver, e vi tudo e um pouco mais E foi pra guerra um coração em paz",Lucas Reis & Thácio,2016,31,https://www.letras.mus.br/lucas-reis-thacio-candido/se-e-pra-chorar-eu-choro/,-1
685,Se É Pra Chorar Eu Choro (part. Jads e Jadson),musica685,musica685_trecho4,"Se é pra chorar eu choro, mas choro sozinho embaixo do chuveiro Ninguém viu e nem vai ver meu desespero Saiba que esse gosto eu nunca vou te dar",Lucas Reis & Thácio,2016,29,https://www.letras.mus.br/lucas-reis-thacio-candido/se-e-pra-chorar-eu-choro/,-1
885,Se Eu Fosse Você,musica885,musica885_trecho2,Me desculpa essa voz rouca É que eu chorei a noite toda Eu não quero outra pessoa Vamo tentar ficar de boa,Henrique & Juliano,2020,22,https://www.letras.mus.br/henrique-e-juliano/se-eu-fosse-voce/,-1
885,Se Eu Fosse Você,musica885,musica885_trecho8,Mas eu não sou você Por isso eu passei essa noite chorando e pensando,Henrique & Juliano,2020,14,https://www.letras.mus.br/henrique-e-juliano/se-eu-fosse-voce/,-1
1205,Se Fosse Eu,musica1205,musica1205_trecho2,"Se fosse eu, faria questão de andar de mãos dadas Pra fazer inveja na rapaziada Me orgulhava tanto de te merecer",César Menotti & Fabiano,2012,21,https://www.letras.mus.br/cesar-menotti-e-fabiano/se-fosse-eu/,-1
1205,Se Fosse Eu,musica1205,musica1205_trecho3,"Se fosse eu, minha alegria era te alegrar Não tinha tristeza nesse seu olhar Me virava em dois pra te fazer sorrir",César Menotti & Fabiano,2012,22,https://www.letras.mus.br/cesar-menotti-e-fabiano/se-fosse-eu/,-1
1205,Se Fosse Eu,musica1205,musica1205_trecho4,"Se fosse eu, contava os segundos pro fim de semana Te levava numa balada bacana Pra ficar juntinhos, pra se divertir, se fosse eu",César Menotti & Fabiano,2012,24,https://www.letras.mus.br/cesar-menotti-e-fabiano/se-fosse-eu/,-1
1399,Se Intrometeu,musica1399,musica1399_trecho3,"E além de tudo, com todo mundo Você já saiu sem escolher",Michel Teló,2011,12,https://www.letras.mus.br/michel-telo/1792150/,-1
1370,Se Namorar Fosse Bom,musica1370,musica1370_trecho2,E já dizia meus amigos Ser solteiro é mais gostoso Tem festa toda hora O que vier pra mim é pouco,Bruninho e Davi,2013,21,https://www.letras.mus.br/bruninho-davi/se-namorar-fosse-bom/,-1
1370,Se Namorar Fosse Bom,musica1370,musica1370_trecho3,"Eu tô largado, tô mal acostumado Me botaram anel no dedo Ainda me chamam de casado",Bruninho e Davi,2013,16,https://www.letras.mus.br/bruninho-davi/se-namorar-fosse-bom/,-1
1347,Se Não Quer Me Amar,musica1347,musica1347_trecho3,"Quando você tava carente eu fiquei contigo Na madrugada fria eu cuidei de você Agora virou Coca-Cola e tá cheia de amigos Passa e até finge não me reconhecer Normal, de boa Também nem sei quem é você!",Gusttavo Lima,2010,38,https://www.letras.mus.br/gusttavo-lima/1708762/,-1
968,Se Olha No Espelho (part. Cristiano Araújo),musica968,musica968_trecho2,Pra ficar no quarto deitada na cama Se escondendo do mundo e de quem te ama E fez da internet sua melhor amiga Fugindo da realidade da vida,Maiara & Maraisa,2016,28,https://www.letras.mus.br/maiara-maraisa/se-olha-no-espelho/,-1
968,Se Olha No Espelho (part. Cristiano Araújo),musica968,musica968_trecho3,Ela não tem noção do quanto ela é linda E que quando sorri mais bonita ainda Só que ela não sabe que pra te ver feliz eu faria de tudo Pra mudar seu mundo,Maiara & Maraisa,2016,34,https://www.letras.mus.br/maiara-maraisa/se-olha-no-espelho/,-1
1295,Se Tem Paixão,musica1295,musica1295_trecho1,"E não tem tradução, nem outra versão, não tem história Pela metade e sem resumir uma sequer palavra dessa vez E não existe um outro porto e nem outro destino São só palavras mas que me fascinam E amanhã tudo vai se ajeitar (Como assim?)",Matheus & Kauan,2013,45,https://www.letras.mus.br/matheus-kauan/se-tem-paixao/,-1
1193,Se Tudo Fosse Fácil (part. Paula Fernandes),musica1193,musica1193_trecho2,Se tudo fosse fácil Mandaria a saudade embora Estaria te odiando agora Como se fosse fácil apagar você de mim,Michel Teló,2013,20,https://www.letras.mus.br/michel-telo/se-tudo-fosse-facil/,-1
1193,Se Tudo Fosse Fácil (part. Paula Fernandes),musica1193,musica1193_trecho3,Saudade eu tenho toda hora Que você me vem na memória Eu penso 24 horas em você Estou sem tempo pra te esquecer,Michel Teló,2013,23,https://www.letras.mus.br/michel-telo/se-tudo-fosse-facil/,-1
973,Seguindo Seus Passos,musica973,musica973_trecho2,Seria seu anjo da guarda Para que ninguém a tomasse de mim Ouviria a cada segundo A frase de amor mais linda do mundo Com a voz do vento lhe dizendo assim,Felipe e Falcão,2008,32,https://www.letras.mus.br/felipe-e-falcao/1302660/,-1
973,Seguindo Seus Passos,musica973,musica973_trecho4,No quarto em que você dorme Eu iria ser o seu despertador Te acordando todas as manhãs Banhando seu corpo Com a loção do amor,Felipe e Falcão,2008,25,https://www.letras.mus.br/felipe-e-falcao/1302660/,-1
973,Seguindo Seus Passos,musica973,musica973_trecho5,Cada passo que você mudasse Estaria mais junto de mim Bem pertinho do seu coração Na ternura da minha paixão Com a voz do vento lhe dizendo assim,Felipe e Falcão,2008,28,https://www.letras.mus.br/felipe-e-falcao/1302660/,-1
1389,Segunda Opção,musica1389,musica1389_trecho3,"Eu te dei amor, foi só teu o meu coração E você voou, deixou minha vida sem chão Eu te dei amor, foi só teu o meu coração E você voou, deixou minha vida sem chão",Matheus & Kauan,2018,36,https://www.letras.mus.br/matheus-kauan/segunda-opcao/,-1
580,Segundo Amor da Sua Vida,musica580,musica580_trecho1,"Não se diminua pra caber num coração Que só tem espaço Debaixo do tapete Você não tem culpa se ela não enxerga Um palmo à frente do nariz Mas, qualquer coisa, eu tô aqui",Marília Mendonça,2025,34,https://www.letras.mus.br/marilia-mendonca/segundo-amor-da-sua-vida/,-1
757,Seio De Minas,musica757,musica757_trecho1,"Eu nasci no celeiro da arte, num berço mineiro Sou do campo, da serra onde impera o minério de ferro Eu carrego comigo no sangue um dom verdadeiro De cantar melodias de Minas no Brasil inteiro",Paula Fernandes,2010,36,https://www.letras.mus.br/paula-fernandes/1603654/,-1
757,Seio De Minas,musica757,musica757_trecho2,"Sou das minas de ouro Das montanhas gerais Eu sou filha dos montes Das estradas reais Meu caminho primeiro Vi brotar dessa fonte Sou do seio de Minas Desse estado, um diamante",Paula Fernandes,2010,32,https://www.letras.mus.br/paula-fernandes/1603654/,-1
170,Seja Ex,musica170,musica170_trecho1,"(Cê foi embora pra ser o quê? Pra ser ex, não foi?) (Então seja) (então seja ex)",Henrique & Juliano,2025,17,https://www.letras.mus.br/henrique-e-juliano/seja-ex/,-1
170,Seja Ex,musica170,musica170_trecho2,"Minha esperança é você sair Beijar uma boca nos primeiros dez minutos Que aí eu pego ódio da sua cara e, se voltar Cê não bagunça mais um cara inseguro",Henrique & Juliano,2025,30,https://www.letras.mus.br/henrique-e-juliano/seja-ex/,-1
170,Seja Ex,musica170,musica170_trecho3,"Porque se continuar nessa levada Cê vai ser o meu talvez pra sempre Porque aqui a gente briga, cê vai embora Mas lá fora cê respeita, não beija e não beira gente",Henrique & Juliano,2025,32,https://www.letras.mus.br/henrique-e-juliano/seja-ex/,-1
170,Seja Ex,musica170,musica170_trecho4,Cê tá freando a minha vida porque você não sabe o que sente,Henrique & Juliano,2025,13,https://www.letras.mus.br/henrique-e-juliano/seja-ex/,-1
170,Seja Ex,musica170,musica170_trecho11,Cê tá freando a minha vida porque você não sabe o que sente (Cês sabem já? Sabem?),Henrique & Juliano,2025,17,https://www.letras.mus.br/henrique-e-juliano/seja-ex/,-1
1446,Sem Avisar,musica1446,musica1446_trecho1,Eu quero ser Aquela blusa que te aquece Aquele vinho que você bebe Aquele dia que você não esquece,Henrique & Juliano,2014,19,https://www.letras.mus.br/henrique-e-juliano/sem-avisar/,-1
1446,Sem Avisar,musica1446,musica1446_trecho2,Eu quero ser O rosto que fica na sua mente O sentimento que você sente O calafrio que chega de repente,Henrique & Juliano,2014,21,https://www.letras.mus.br/henrique-e-juliano/sem-avisar/,-1
1446,Sem Avisar,musica1446,musica1446_trecho3,"Seu, apenas ser um bom momento seu Ser aquela pessoa que escolheu Ter o seu sorriso em cada amanhecer Na cor dos seus olhos eu quero me ver",Henrique & Juliano,2014,28,https://www.letras.mus.br/henrique-e-juliano/sem-avisar/,-1
1120,Sem Me Controlar,musica1120,musica1120_trecho1,"A carne é fraca, não sou de lata O corpo pede, eu vou obedecer É meu instinto, tudo o que sinto Eu vou em busca do que dá prazer",Marcos & Belutti,2010,29,https://www.letras.mus.br/marcos-belutti/1664361/,-1
1120,Sem Me Controlar,musica1120,musica1120_trecho2,"Me deixei levar Ah, foi de momento, não foi sem querer Percebi no ar Aquele cheiro que vem pra me enlouquecer",Marcos & Belutti,2010,21,https://www.letras.mus.br/marcos-belutti/1664361/,-1
1120,Sem Me Controlar,musica1120,musica1120_trecho3,"Sem me controlar Te pego, te abraço, te beijo na boca Você se segurando, me diz não ser louca Quer ter tudo no seu tempo Tudo num certo momento ai, ai, ai",Marcos & Belutti,2010,32,https://www.letras.mus.br/marcos-belutti/1664361/,-1
508,Sem Sal,musica508,musica508_trecho2,"E quem ouve palavra não ouve pensamento Tá se mordendo por dentro, tá se mordendo por dentro Cara amarrada não apaga sentimento Tá se mordendo por dentro, tá se mordendo por dentro",Marília Mendonça,2019,32,https://www.letras.mus.br/marilia-mendonca/sem-sal/,-1
508,Sem Sal,musica508,musica508_trecho3,"Tá espalhando por aí que eu esfriei, que eu tô mal Que eu tô sem sal, realmente eu tô Sem saudade de você Eu já fiz foi te esquecer",Marília Mendonça,2019,29,https://www.letras.mus.br/marilia-mendonca/sem-sal/,-1
508,Sem Sal,musica508,musica508_trecho8,"Tá espalhando por aí que eu esfriei, que eu tô mal Que eu tô sem sal, realmente eu tô Sem saudade de você Eu já fiz foi te esquecer Sem saudade de você Eu já fiz foi te esquecer",Marília Mendonça,2019,39,https://www.letras.mus.br/marilia-mendonca/sem-sal/,-1
1368,Sem Você,musica1368,musica1368_trecho2,"Na mágoa de um sonho que acabou Dia a dia sentia você partir Sem rumo, perdido vou ficando aqui",Victor & Leo,2007,19,https://www.letras.mus.br/victor-leo/1167457/,-1
1074,Sempre Com Você,musica1074,musica1074_trecho1,E eu que achava que A vida fosse só uma viagem Que o mundo tinha me esquecido,Luan Santana,2008,17,https://www.letras.mus.br/luan-santana/1128065/,-1
1074,Sempre Com Você,musica1074,musica1074_trecho4,Eu não resisti a tanto amor O meu coração se entregou E venha o que vier Eu vou estar pra sempre com você,Luan Santana,2008,23,https://www.letras.mus.br/luan-santana/1128065/,-1
1074,Sempre Com Você,musica1074,musica1074_trecho8,(Sempre com você) Pra sempre com você (Sempre com você) Pra sempre com você,Luan Santana,2008,14,https://www.letras.mus.br/luan-santana/1128065/,-1
946,Sensações,musica946,musica946_trecho2,"Agora sou um vento só, a escuridão, eu virei pó Fotografia, sou lembrança do passado Agora sou a prova viva de que nada nessa vida É pra sempre até que prove o contrário",Paula Fernandes,2010,33,https://www.letras.mus.br/paula-fernandes/1846587/,-1
946,Sensações,musica946,musica946_trecho6,"Agora sou um vento só, a escuridão, eu virei pó Fotografia, sou lembrança do passado",Paula Fernandes,2010,15,https://www.letras.mus.br/paula-fernandes/1846587/,-1
804,Sensível Demais,musica804,musica804_trecho1,"Hoje eu tive medo de acordar de um sonho lindo Garantir, reter, guardar essa esperança Ando em paraísos, descaminhos, precipícios Ao teu lado, vejo que ainda sou uma criança",Marília Mendonça,2025,29,https://www.letras.mus.br/marilia-mendonca/sensivel-demais/,-1
399,Senti Saudade de Você,musica399,musica399_trecho1,"Passe o dedo aí nessa lágrima e acalma Quem se foi não foi pra te ver chorar, só acalma",Henrique & Juliano,2023,19,https://www.letras.mus.br/henrique-e-juliano/senti-saudade-de-voce/,-1
689,Sentimento Louco,musica689,musica689_trecho2,"Mas quando te vejo com ela A minha mão gela Minha boca vai secando, eu vou ficando muda Ô meu Deus, me ajuda, o que é que eu vou fazer? Eu sei que tá com ela pra manter as aparências Mas nas suas horas de carência, você vem me ver",Marília Mendonça,2015,50,https://www.letras.mus.br/marilia-mendonca/sentimento-louco/,-1
689,Sentimento Louco,musica689,musica689_trecho3,"E a gente faz amor Me diz que eu sou o seu amor E vai embora antes do dia amanhecer Eu sei que é errado e quem vai entender? Você é casado e eu não quero perder Eu sei, tá com ela, mas amo você Você e ela não têm nada a ver",Marília Mendonça,2015,53,https://www.letras.mus.br/marilia-mendonca/sentimento-louco/,-1
689,Sentimento Louco,musica689,musica689_trecho4,"Eu sei que é errado e quem vai entender? Você é casado e eu não quero perder Eu sei, tá com ela, mas amo você Você e ela não têm nada a ver Sou mais eu e você",Marília Mendonça,2015,38,https://www.letras.mus.br/marilia-mendonca/sentimento-louco/,-1
689,Sentimento Louco,musica689,musica689_trecho6,Eu sei que é errado e quem vai entender? Mas eu amo você Você e ela não têm nada a ver,Marília Mendonça,2015,21,https://www.letras.mus.br/marilia-mendonca/sentimento-louco/,-1
1103,"Separa, Namora",musica1103,musica1103_trecho1,Nossas brigas duram menos que cinco minutos Basta um toque seu pra me acalmar Em um segundo eu esqueço de tudo,Henrique & Juliano,2013,21,https://www.letras.mus.br/henrique-e-juliano/separa-namora/,-1
1217,Ser Humano Ou Anjo (part. Orquestra Vila-Lobos),musica1217,musica1217_trecho2,"Quantas vezes tentei Já caí, levantei É você que me mantém de pé",Matheus & Kauan,2015,13,https://www.letras.mus.br/matheus-kauan/ser-humano-ou-anjo/,-1
1217,Ser Humano Ou Anjo (part. Orquestra Vila-Lobos),musica1217,musica1217_trecho4,"Não sei, se é ser humano ou se é um anjo Exagero é falar de você Passo meu tempo te admirando Só queria saber",Matheus & Kauan,2015,24,https://www.letras.mus.br/matheus-kauan/ser-humano-ou-anjo/,-1
1217,Ser Humano Ou Anjo (part. Orquestra Vila-Lobos),musica1217,musica1217_trecho5,"Se é ser humano ou se é um anjo Diz aí, quero ouvir de você Eu nem sei se te mereço tanto Só queria saber Se é ser humano ou se é um anjo",Matheus & Kauan,2015,34,https://www.letras.mus.br/matheus-kauan/ser-humano-ou-anjo/,-1
1217,Ser Humano Ou Anjo (part. Orquestra Vila-Lobos),musica1217,musica1217_trecho9,"Se é ser humano ou se é um anjo Diz aí, quero ouvir de você Eu nem sei se te mereço tanto Só queria saber",Matheus & Kauan,2015,25,https://www.letras.mus.br/matheus-kauan/ser-humano-ou-anjo/,-1
1217,Ser Humano Ou Anjo (part. Orquestra Vila-Lobos),musica1217,musica1217_trecho10,Se é ser humano ou se é um anjo Exagero é falar de você Passo meu tempo te admirando Só queria saber,Matheus & Kauan,2015,22,https://www.letras.mus.br/matheus-kauan/ser-humano-ou-anjo/,-1
1217,Ser Humano Ou Anjo (part. Orquestra Vila-Lobos),musica1217,musica1217_trecho11,"Ô, ô Se é ser humano ou se é um anjo Ô, ô Você é ser humano ou é um anjo?",Matheus & Kauan,2015,21,https://www.letras.mus.br/matheus-kauan/ser-humano-ou-anjo/,-1
1211,Será Que Vai Rolar?,musica1211,musica1211_trecho3,"Só que essas brincadeiras me fizeram um dia entender Que de tanto ficar junto, eu não consigo te esquecer",Marcos & Belutti,2010,19,https://www.letras.mus.br/marcos-belutti/1651424/,-1
432,Serenata,musica432,musica432_trecho1,"Foi chegando e chegou Já entrando, olhando E mudando meus planos O que é que tá rolando?",Marília Mendonça,2019,17,https://www.letras.mus.br/marilia-mendonca/serenata/,-1
432,Serenata,musica432,musica432_trecho2,"Ele chegou na voadora E o coração, tadin, num golpe foi pra lona Rancou de mim minhas bebida e a farra Só consigo pensar em serenata",Marília Mendonça,2019,26,https://www.letras.mus.br/marilia-mendonca/serenata/,-1
1314,Sete Mares,musica1314,musica1314_trecho1,"Já naveguei os sete mares atrás de você Eu viajei o mundo inteiro e não te encontrei Me dê algum sinal, onde você está? Eu passo dia, passo noites a te procurar",Matheus & Kauan,2012,32,https://www.letras.mus.br/matheus-kauan/1951769/,-1
1314,Sete Mares,musica1314,musica1314_trecho2,"Eu resolvi ir pra algum lugar bem distante Me afastar da multidão que tá me sufocando E se nesse caminho eu não te encontrar Eu entro em desespero, cadê o seu olhar?",Matheus & Kauan,2012,32,https://www.letras.mus.br/matheus-kauan/1951769/,-1
1314,Sete Mares,musica1314,musica1314_trecho4,E toda noite antes de dormir Peço pra uma estrela me guiar até você E juro que nunca vou desistir O amor que eu sinto é o que me faz sobreviver,Matheus & Kauan,2012,31,https://www.letras.mus.br/matheus-kauan/1951769/,-1
1314,Sete Mares,musica1314,musica1314_trecho11,Já naveguei os sete mares atrás de você,Matheus & Kauan,2012,8,https://www.letras.mus.br/matheus-kauan/1951769/,-1
306,Seu Astral,musica306,musica306_trecho1,"Fico sozinho pensando em você Vejo imagens, retratos de nós Olho pro espelho, sinto o meu coração Ouço baixinho o som da sua voz",Jorge & Mateus,2010,24,https://www.letras.mus.br/jorge-mateus/1709492/,-1
408,Seu Brilho Sumiu (part. Mari Fernandez),musica408,musica408_trecho1,"Terminou, espalhou pra todo mundo Encheu a boca pra dizer que tá feliz em me perder E que seu beijo vai virar assunto",Israel & Rodolffo,2022,23,https://www.letras.mus.br/israel-rodolfo/seu-brilho-sumiu-part-mari-fernandez/,-1
408,Seu Brilho Sumiu (part. Mari Fernandez),musica408,musica408_trecho3,Até parou de conversar Fechou a cara e não parava de me olhar Eu vi de longe sua volta por cima Indo água abaixo assistindo a minha,Israel & Rodolffo,2022,27,https://www.letras.mus.br/israel-rodolfo/seu-brilho-sumiu-part-mari-fernandez/,-1
585,Seu Perfil,musica585,musica585_trecho5,"Você gosta de ser enganada E na vida, eu faltei nessa aula Desculpa não ser esse cara",Henrique & Juliano,2022,17,https://www.letras.mus.br/henrique-e-juliano/seu-perfil/,-1
37,Seu Polícia,musica37,musica37_trecho2,"Me afogando no álcool O som do carro no talo Manda a multa, que eu vou pagar Mas enquanto ela não voltar Sofrimento é mato Coração em pedaço Compreenda, por favor O meu amor me deixou",Zé Neto e Cristiano,2015,36,https://www.letras.mus.br/ze-neto-cristiano/seu-policia/,-1
1308,Sexto Sentido,musica1308,musica1308_trecho1,Não foi coincidência encontrar contigo Talvez seja o nosso destino Eu quero dormir outra vez em teu peito E depois acordar com seus beijos Teu sexto sentido ainda sonha comigo Sei que logo estaremos unidos Teu sorriso travesso ainda vive comigo Nós estamos no mesmo caminho,Marco e Mario,2010,46,https://www.letras.mus.br/marco-mario/1734686/,-1
1308,Sexto Sentido,musica1308,musica1308_trecho2,"Meu coração, está em suas mãos uuu... E Não me deixes cair Você sabe que estou, Preso em suas mãos",Marco e Mario,2010,20,https://www.letras.mus.br/marco-mario/1734686/,-1
1308,Sexto Sentido,musica1308,musica1308_trecho7,Meu coração está em suas mãos uuu... E Não me deixes cair Você sabe que estou Preso em suas mãos,Marco e Mario,2010,20,https://www.letras.mus.br/marco-mario/1734686/,-1
128,Silêncio,musica128,musica128_trecho3,Tô sabendo Que não para de chorar Que pediu pro vento soprar Meu perfume da sua cama,Marília Mendonça,2015,17,https://www.letras.mus.br/marilia-mendonca/silencio/,-1
128,Silêncio,musica128,musica128_trecho4,Tô sabendo Que anda ouvindo a minha voz Que sentiu meu cheiro nos lençóis Abraçado no seu travesseiro A saudade apertando no peito,Marília Mendonça,2015,23,https://www.letras.mus.br/marilia-mendonca/silencio/,-1
128,Silêncio,musica128,musica128_trecho10,Por que não me pede pra voltar?,Marília Mendonça,2015,7,https://www.letras.mus.br/marilia-mendonca/silencio/,-1
210,Sinais,musica210,musica210_trecho1,Vi seu sorriso em meu sonho Segui seu rastro na areia do deserto Eu escutei sua voz ao vento Senti seu cheiro cada vez de mim mais perto,Luan Santana,2009,28,https://www.letras.mus.br/luan-santana/1540847/,-1
210,Sinais,musica210,musica210_trecho3,Sinais me mostraram o caminho até você Vaga-lumes guiam-me sem perceber E no fim da estrada uma luz parece ser você,Luan Santana,2009,21,https://www.letras.mus.br/luan-santana/1540847/,-1
210,Sinais,musica210,musica210_trecho4,Sinais me ajudaram a perceber Que o meu caminho é você E ninguém no mundo vai fazer Eu me sentir de novo assim,Luan Santana,2009,23,https://www.letras.mus.br/luan-santana/1540847/,-1
210,Sinais,musica210,musica210_trecho5,"Sinais vindos de um lugar tão longe Às vezes se escondem No farol em uma ilha, numa noite tão vazia Eu beijei você até o amanhecer",Luan Santana,2009,26,https://www.letras.mus.br/luan-santana/1540847/,-1
1271,Sinônimo de Amor,musica1271,musica1271_trecho1,Estou aqui Olhos nos olhos com você Tô querendo te dizer O que eu sinto de verdade,Bruno & Marrone,2009,17,https://www.letras.mus.br/bruno-e-marrone/1660732/,-1
1271,Sinônimo de Amor,musica1271,musica1271_trecho2,É mais bonita do que tudo que há na terra Semeia a paz onde tem guerra É o sinônimo do amor,Bruno & Marrone,2009,21,https://www.letras.mus.br/bruno-e-marrone/1660732/,-1
1271,Sinônimo de Amor,musica1271,musica1271_trecho3,Um sentimento que até junto da saudade Tão de difícil de explicar Bem mais fácil de entender,Bruno & Marrone,2009,17,https://www.letras.mus.br/bruno-e-marrone/1660732/,-1
1271,Sinônimo de Amor,musica1271,musica1271_trecho4,Só sei que sou grato por tudo Mãe querida Vai durar mais de uma vida Se eu começar agradecer,Bruno & Marrone,2009,19,https://www.letras.mus.br/bruno-e-marrone/1660732/,-1
1271,Sinônimo de Amor,musica1271,musica1271_trecho5,"Me deu a luz, me trouxe a paz, me deu o mundo Eu te adoro desde o primeiro segundo É pai e mãe É o meu chão, melhor amiga És o meu anjo Eu vou te amar por toda a vida",Bruno & Marrone,2009,41,https://www.letras.mus.br/bruno-e-marrone/1660732/,-1
1271,Sinônimo de Amor,musica1271,musica1271_trecho10,"Me deu a luz , me trouxe a paz, me deu o mundo Eu te adoro desde o primeiro segundo É pai e mãe É o meu chão, melhor amiga És o meu anjo Eu vou te amar, mamãe querida",Bruno & Marrone,2009,40,https://www.letras.mus.br/bruno-e-marrone/1660732/,-1
1146,Sinto Saudade,musica1146,musica1146_trecho1,"Sinto saudade, já sentia até mesmo antes de te conhecer Sinto saudade do domingo lá em casa sem ter nada pra fazer Sinto saudade de deixar você prestando o quinto vestibular Eu fiquei nervosa, torcendo, rezando, pra você passar",Thaeme e Thiago,2013,39,https://www.letras.mus.br/thaeme-thiago/sinto-saudade/,-1
1146,Sinto Saudade,musica1146,musica1146_trecho2,"Sinto saudade da nossa primeira vez no parque de diversão Eu tava com medo de ir no brinquedo e você segurou minha mão Sinto saudade do nosso cinema, da cena do beijo roubado Do frio na barriga e a mão gelada sabendo que tava ao seu lado",Thaeme e Thiago,2013,47,https://www.letras.mus.br/thaeme-thiago/sinto-saudade/,-1
1146,Sinto Saudade,musica1146,musica1146_trecho3,"Eu sinto saudade Eu fico, eu vivo sentindo a sua saudade, de nós, na voz Saudade da gente, saudade é pra sempre Eu vivo sentindo a sua saudade",Thaeme e Thiago,2013,28,https://www.letras.mus.br/thaeme-thiago/sinto-saudade/,-1
1146,Sinto Saudade,musica1146,musica1146_trecho4,"Sinto saudade do meu corpo, pouco a pouco ir descobrindo o seu Da gente chorando, se amando sem acreditar no que aconteceu Sinto saudade daquela covinha estampada em seu sorriso Todo envergonhado quando eu te falei que não seria só um amigo",Thaeme e Thiago,2013,42,https://www.letras.mus.br/thaeme-thiago/sinto-saudade/,-1
1146,Sinto Saudade,musica1146,musica1146_trecho6,"Eu sinto saudade Eu fico, eu vivo sentindo a sua saudade, de nós, na voz Saudade da gente, saudade é pra sempre",Thaeme e Thiago,2013,22,https://www.letras.mus.br/thaeme-thiago/sinto-saudade/,-1
1146,Sinto Saudade,musica1146,musica1146_trecho7,"Eu vivo sentindo saudade Eu fico, eu vivo sentindo a sua saudade, de nós, na voz Saudade da gente, saudade é pra sempre Eu vivo sentindo a sua saudade",Thaeme e Thiago,2013,29,https://www.letras.mus.br/thaeme-thiago/sinto-saudade/,-1
1401,Só de Pensar (part. Jorge e Mateus),musica1401,musica1401_trecho5,Quase fico louca e tenho medo Só de pensar entro em desespero Só de pensar em te perder,Maria Cecília e Rodolfo,2013,18,https://www.letras.mus.br/maria-cecilia-rodolfo/so-de-pensar/,-1
1401,Só de Pensar (part. Jorge e Mateus),musica1401,musica1401_trecho8,Quase fico louco e tenho medo Só de pensar entro em desespero Só de pensar em te perder,Maria Cecília e Rodolfo,2013,18,https://www.letras.mus.br/maria-cecilia-rodolfo/so-de-pensar/,-1
859,Só de Você,musica859,musica859_trecho10,Vai ser só de você Vai ser só de você Coração vai ser só de você,João Neto e Frederico,2007,16,https://www.letras.mus.br/joao-neto-frederico/754199/,-1
1240,Só Falta Você,musica1240,musica1240_trecho1,"Posso até fazer de tudo pra você voltar E mudar minha rotina só pra te agradar Se você não está por perto, não sei me cuidar Eu te amo de verdade, pode acreditar",Jorge & Mateus,2009,33,https://www.letras.mus.br/jorge-mateus/1449301/,-1
1240,Só Falta Você,musica1240,musica1240_trecho2,"Você é, na minha vida, o meu porto seguro Meu destino, meu passado, presente e futuro Fiz promessas de joelhos pra te esquecer Nenhum santo me atendeu e eu já sei por que",Jorge & Mateus,2009,33,https://www.letras.mus.br/jorge-mateus/1449301/,-1
1240,Só Falta Você,musica1240,musica1240_trecho3,"Meu amor, não vejo a hora de você voltar E me tirar dessa agonia de te esperar",Jorge & Mateus,2009,17,https://www.letras.mus.br/jorge-mateus/1449301/,-1
1240,Só Falta Você,musica1240,musica1240_trecho4,Tô de olho na estrada esperando você Coração tá preparado pra te receber Tô usando o perfume que você adora E a canção que você gosta tá tocando agora,Jorge & Mateus,2009,29,https://www.letras.mus.br/jorge-mateus/1449301/,-1
1606,Só Nós Dois,musica1606,musica1606_trecho1,Ainda uso o sorriso que me deu Às vezes sinto a fragrância do perfume teu Me perdi aos sonhos entre beijos e abraços,Lucas Lucco,2014,23,https://www.letras.mus.br/lucas-lucco/so-nos-dois/,-1
1606,Só Nós Dois,musica1606,musica1606_trecho3,"Me traz o ar de volta, não consigo respirar Escuto a tua voz, mesmo distante, a me chamar Aonde estiver, não perco a fé, a gente vai se amar",Lucas Lucco,2014,29,https://www.letras.mus.br/lucas-lucco/so-nos-dois/,-1
1606,Só Nós Dois,musica1606,musica1606_trecho5,Quero sua cabeça no meu peito Só nós dois curtindo esse momento E você dizendo do seu jeito Que nunca viveu momento tão perfeito,Lucas Lucco,2014,24,https://www.letras.mus.br/lucas-lucco/so-nos-dois/,-1
1543,Só Penso Em Nós,musica1543,musica1543_trecho1,"Cansei de mentir pra mim E decidi o que fazer Agora vou dizer que sim Vou mostrar que gosto de você Vou voando, deslizando ao vento Sem saber aonde chegar Se um dia vou, em pensamento Te encontrar em algum lugar",Paula Fernandes,2005,41,https://www.letras.mus.br/paula-fernandes/1332480/,-1
1557,Só Se For Gelada,musica1557,musica1557_trecho1,"Gato bebe leite Meu pai toma chá Vovô, só no azeite",Conrado e Aleksandro,2013,11,https://www.letras.mus.br/conrado-aleksandro/so-se-for-gelada/,-1
1557,Só Se For Gelada,musica1557,musica1557_trecho4,Onça bebe água Mamãe toma café Vovô bebe garapa,Conrado e Aleksandro,2013,9,https://www.letras.mus.br/conrado-aleksandro/so-se-for-gelada/,-1
1557,Só Se For Gelada,musica1557,musica1557_trecho5,"E eu já tô doidão de tomar mé, é Quer, vem tomar mé, é Não arreda o pé, é Bebe sem migué",Conrado e Aleksandro,2013,22,https://www.letras.mus.br/conrado-aleksandro/so-se-for-gelada/,-1
1557,Só Se For Gelada,musica1557,musica1557_trecho6,"Por isso que eu tô doidão de tomar mé, é Quer, vem tomar mé, é Não arreda o pé Bebe sem migué",Conrado e Aleksandro,2013,22,https://www.letras.mus.br/conrado-aleksandro/so-se-for-gelada/,-1
421,Só Tem Eu,musica421,musica421_trecho2,"Na foto que cê não apagou Na legenda que falava de amor Escuta teu coração, por favor",Zé Felipe,2020,17,https://www.letras.mus.br/ze-felipe/so-tem-eu/,-1
421,Só Tem Eu,musica421,musica421_trecho4,"Na foto que cê não apagou Na legenda que falava dе amor Escuta seu coração, por favor",Zé Felipe,2020,17,https://www.letras.mus.br/ze-felipe/so-tem-eu/,-1
1268,Só Vou Beber Mais Hoje,musica1268,musica1268_trecho2,"Eu vou parar, eu vou parar Eu vou parar, eu vou parar Eu só vou beber mais hoje, amanhã vou parar",Humberto e Ronaldo,2012,21,https://www.letras.mus.br/humberto-ronaldo/so-vou-beber-mais-hoje/,-1
1268,Só Vou Beber Mais Hoje,musica1268,musica1268_trecho4,"Só ter uma festinha que a galera me chama Tenho dois apelidos: pinguço e pé de cana Casamento, batizado, formatura, aniversário E até chá de bebê, tô pronto pra beber",Humberto e Ronaldo,2012,30,https://www.letras.mus.br/humberto-ronaldo/so-vou-beber-mais-hoje/,-1
1268,Só Vou Beber Mais Hoje,musica1268,musica1268_trecho5,"Mas eu sei que faz mal, decidi, vou parar Só mais hoje e amanhã, não dá, não dá, não dá Mais eu sei, decidi, vou parar Só mais hoje e amanhã, não dá, não dá, não dá",Humberto e Ronaldo,2012,37,https://www.letras.mus.br/humberto-ronaldo/so-vou-beber-mais-hoje/,-1
1268,Só Vou Beber Mais Hoje,musica1268,musica1268_trecho7,"Eu vou parar, eu vou parar Eu vou parar, eu vou parar Eu só vou beber mais hoje, amanhã vou parar Eu vou parar, eu vou parar Eu vou parar, eu vou parar Eu só vou beber mais hoje, amanhã vou parar",Humberto e Ronaldo,2012,42,https://www.letras.mus.br/humberto-ronaldo/so-vou-beber-mais-hoje/,-1
1268,Só Vou Beber Mais Hoje,musica1268,musica1268_trecho8,"Só ter uma festinha que a galera me chama Tenho dois apelidos: pinguço e pé de cana É casamento, batizado, formatura, aniversário E até chá de bebê, tô pronto pra beber",Humberto e Ronaldo,2012,31,https://www.letras.mus.br/humberto-ronaldo/so-vou-beber-mais-hoje/,-1
1268,Só Vou Beber Mais Hoje,musica1268,musica1268_trecho9,"Mas eu sei que faz mal, decidi, vou parar Só mais hoje e amanhã, não dá, não dá, não dá Mas eu sei que faz mal, decidi, vou parar Só mais hoje e amanhã, não dá, não dá, não dá",Humberto e Ronaldo,2012,40,https://www.letras.mus.br/humberto-ronaldo/so-vou-beber-mais-hoje/,-1
1529,Sobrenatural,musica1529,musica1529_trecho1,"Não sei se foi real, mas vi você chegar Por entre as flores brancas, num lindo lugar Magia de outro planeta, Sem igual. Amor descontrolado, Fora do normal Sobrenatural, sobrenatural!",Luan Santana,2009,30,https://www.letras.mus.br/luan-santana/1575263/,-1
1529,Sobrenatural,musica1529,musica1529_trecho2,"Foi como se dois mundos se encontrassem, Num elo de paixão. Saiu de uma simples fantasia, E entrou no meu coração. Mesmo sem te conhecer, O meu olhar já encontrava o seu. E mesmo sem saber o que eu sentia, Eu já sabia. Sabia que uma hora a gente iria se encontrar, E dois mundos diferentes, Fossem pra sempre se juntar",Luan Santana,2009,61,https://www.letras.mus.br/luan-santana/1575263/,-1
1529,Sobrenatural,musica1529,musica1529_trecho3,"Abre a janela do seu coração, Venha ver o lindo dia que eu fiz pra nós dois. Deixe que eu te leve por um universo Onde não exista bem ou mal, Onde mais nada seja normal Amor sobrenatural",Luan Santana,2009,38,https://www.letras.mus.br/luan-santana/1575263/,-1
1529,Sobrenatural,musica1529,musica1529_trecho5,"Abre a janela do seu coração, Venha ver o lindo dia que eu fiz pra nós dois. Deixe que eu te leve por um universo Onde não exista bem ou mal, Onde mais nada seja normal Amor Abre a janela do seu coração, Venha ver o lindo dia que eu fiz pra nós dois. Deixe que eu te leve por um universo Onde não exista bem ou mal, Onde mais nada seja normal Amor sobrenatural.",Luan Santana,2009,75,https://www.letras.mus.br/luan-santana/1575263/,-1
302,Sogrão Caprichou,musica302,musica302_trecho1,"No espelho do quarto prepara arsenal Vem de vermelho, tô passando mal Ela dança envolvente, mexendo a cintura Mané quando olha derrapa na curva",Luan Santana,2013,24,https://www.letras.mus.br/luan-santana/sograo-caprichou/,-1
302,Sogrão Caprichou,musica302,musica302_trecho2,"Faz carinha de santa, despede do pai Volto cedo, juro, sogrão, eu cuido Ele nem imagina o que a filha é capaz Tem que ser censurado o que que ela faz",Luan Santana,2013,31,https://www.letras.mus.br/luan-santana/sograo-caprichou/,-1
426,Sol Nos Olhos,musica426,musica426_trecho9,"Oh-uh-oh Se eu penso em te perder, eu choro (eu choro) Sei lá se eu sobrevivo",Jorge & Mateus,2025,16,https://www.letras.mus.br/jorge-mateus/sol-nos-olhos/,-1
246,Solteiro Forçado,musica246,musica246_trecho2,"Eu passaria o dia inteiro de pijama Mas, no outro lado da saudade, a vida anda",Ana Castela,2024,16,https://www.letras.mus.br/ana-castela/solteiro-forcado/,-1
246,Solteiro Forçado,musica246,musica246_trecho9,"Era pra ser você comigo aqui do lado Eu tô na bagaceira, mas tô só o bagaço",Ana Castela,2024,17,https://www.letras.mus.br/ana-castela/solteiro-forcado/,-1
1442,Solteiro Não Trai,musica1442,musica1442_trecho1,"Já é a quinta vez Que você liga, assim, do nada Que dorme em cama separada A quinta vez que você terminou",Gustavo Mioto,2022,22,https://www.letras.mus.br/gustavo-mioto/solteiro-nao-trai/,-1
1442,Solteiro Não Trai,musica1442,musica1442_trecho3,Então diz por que Tá me ligando com essa voz de raiva Se entre nós não existe mais nada Foi esse fim que você escolheu,Gustavo Mioto,2022,25,https://www.letras.mus.br/gustavo-mioto/solteiro-nao-trai/,-1
1442,Solteiro Não Trai,musica1442,musica1442_trecho11,Para de dizer que eu te traí (Meu coração não te pertence mais) (Solteiro não trai) solteiro não trai,Gustavo Mioto,2022,19,https://www.letras.mus.br/gustavo-mioto/solteiro-nao-trai/,-1
786,Sonha Comigo,musica786,musica786_trecho3,E sonha comigo Sonha comigo Sonha comigo Tô esperando você acordar,Zé Neto e Cristiano,2017,11,https://www.letras.mus.br/ze-neto-cristiano/sonha-comigo/,-1
786,Sonha Comigo,musica786,musica786_trecho4,E sonha comigo Sonha comigo E quando acordar Cê vai me perdoar,Zé Neto e Cristiano,2017,12,https://www.letras.mus.br/ze-neto-cristiano/sonha-comigo/,-1
786,Sonha Comigo,musica786,musica786_trecho9,E sonha comigo Sonha comigo,Zé Neto e Cristiano,2017,5,https://www.letras.mus.br/ze-neto-cristiano/sonha-comigo/,-1
1277,Sonhando,musica1277,musica1277_trecho3,"Se passa o dia, o tempo e conto as horas E eu sem perceber Que estou parado vendo o seu retrato E não vou mais te ver E vou tentando aceitar",Bruno & Marrone,2010,31,https://www.letras.mus.br/bruno-e-marrone/1743238/,-1
1277,Sonhando,musica1277,musica1277_trecho4,"As vezes fujo, corro de mim mesmo Canso e me esqueço de lutar Sabendo que não posso ser tão tolo assim Quando me vejo já estou cantando Solto minha voz e desabafo enfim",Bruno & Marrone,2010,33,https://www.letras.mus.br/bruno-e-marrone/1743238/,-1
1277,Sonhando,musica1277,musica1277_trecho5,"Se o telefone toca, Eu já sei mesmo que não é você Se tudo que um dia me falou Eu vejo agora acontecer Se a saudade aperta E eu não tenho nada a fazer Se não apenas chorar",Bruno & Marrone,2010,38,https://www.letras.mus.br/bruno-e-marrone/1743238/,-1
1277,Sonhando,musica1277,musica1277_trecho6,"Não vou mais querer explicar, eu já sei Alguém me soprou e falou Tudo sobre você, e ainda eu vou te ver",Bruno & Marrone,2010,22,https://www.letras.mus.br/bruno-e-marrone/1743238/,-1
1277,Sonhando,musica1277,musica1277_trecho7,"Eu quero deitar e sonhar outra vez Tocar, te ouvir, te sentir E poder te dizer, como eu amo você Tocar o meu violão e te ver Me pedindo pra viver",Bruno & Marrone,2010,31,https://www.letras.mus.br/bruno-e-marrone/1743238/,-1
1483,Sonho,musica1483,musica1483_trecho2,"Tava morrendo de saudade E logo a gente volta pra realidade, de não estarmos juntos Sabe o que eu gosto em sonhos? É que podemos ser o que quiser Não tem ninguém aqui, além de nós.. Estamos sós Estamos só..",Cleber e Cauan,2016,40,https://www.letras.mus.br/cleber-cauan/sonho/,-1
1483,Sonho,musica1483,musica1483_trecho5,"Não posso te perder de novo, nem em sonho..",Cleber e Cauan,2016,9,https://www.letras.mus.br/cleber-cauan/sonho/,-1
1213,Sonho Bom,musica1213,musica1213_trecho1,Um beija-flor em meu jardim Cheirando rosas e jasmins Um céu repleto de fantasia Com sonho bom em noite fria,Munhoz & Mariano,2011,20,https://www.letras.mus.br/munhoz-mariano/1742852/,-1
1213,Sonho Bom,musica1213,musica1213_trecho2,"Se estou certo ou errado, não sei dizer O amor conspira ao meu lado A quem possa não saber, finge não ver O que o amor pode esconder entre eu e você",Munhoz & Mariano,2011,32,https://www.letras.mus.br/munhoz-mariano/1742852/,-1
507,Sonho de Todo Casal,musica507,musica507_trecho1,"Quando eu bati o olho Eu já percebi que era você Yeah, yeah Exatamente como um sonho E não precisa fechar o olho pra ver Yeah, yeah",Marcos & Belutti,2025,27,https://www.letras.mus.br/marcos-belutti/sonho-de-todo-casal/,-1
507,Sonho de Todo Casal,musica507,musica507_trecho2,"Sorte a minha, sorte a nossa É pra vida, é agora",Marcos & Belutti,2025,11,https://www.letras.mus.br/marcos-belutti/sonho-de-todo-casal/,-1
507,Sonho de Todo Casal,musica507,musica507_trecho3,Arrepia Dá gelo na barriga Me tira um sorriso bobo Me faz imaginar família Me faz amar feito louco E a parte principal É que a gente é o sonho de todo casal,Marcos & Belutti,2025,33,https://www.letras.mus.br/marcos-belutti/sonho-de-todo-casal/,-1
507,Sonho de Todo Casal,musica507,musica507_trecho8,"Arrepia Dá gelo na barriga Me tira um sorriso bobo Me faz imaginar família Me faz amar feito louco E a parte principal É que a gente é o sonho de todo casal Yeah, yeah, yeah",Marcos & Belutti,2025,36,https://www.letras.mus.br/marcos-belutti/sonho-de-todo-casal/,-1
507,Sonho de Todo Casal,musica507,musica507_trecho9,Quando eu bati o olho Eu já percebi que era você,Marcos & Belutti,2025,11,https://www.letras.mus.br/marcos-belutti/sonho-de-todo-casal/,-1
1059,Sorria (part. MC Don Juan),musica1059,musica1059_trecho3,Sorria Olha sua liberdade aí Sorria (sorria) Enquanto ainda consegue sorrir Porque,Luan Santana,2021,12,https://www.letras.mus.br/luan-santana/sorria-part-mc-don-juan/,-1
1059,Sorria (part. MC Don Juan),musica1059,musica1059_trecho4,Quando perceber que seus defeitos Só comigo eram perfeitos Não tem jeito Você vai chorar por mim,Luan Santana,2021,17,https://www.letras.mus.br/luan-santana/sorria-part-mc-don-juan/,-1
1059,Sorria (part. MC Don Juan),musica1059,musica1059_trecho6,"Vai piorar, desidratar Se me ver por aí na vida louca Quando perceber que seus defeitos Só comigo eram perfeitos Não tem jeito Você vai chorar por mim (Vai chorar por mim)",Luan Santana,2021,32,https://www.letras.mus.br/luan-santana/sorria-part-mc-don-juan/,-1
1059,Sorria (part. MC Don Juan),musica1059,musica1059_trecho7,"Olha como você tá mudada Vai voltar chorando lá pra porta da minha casa Bebe como se não houvesse amanhã Pra disfarçar o álcool, chupa bala de hortelã",Luan Santana,2021,28,https://www.letras.mus.br/luan-santana/sorria-part-mc-don-juan/,-1
1059,Sorria (part. MC Don Juan),musica1059,musica1059_trecho8,"Com as amigas fica louca Sente falta da minha boca Cê fala que não, mas me ama e você sabe Vê se não confunde o meu amor Que se a brisa passa, a bad bate E se ela bate?",Luan Santana,2021,39,https://www.letras.mus.br/luan-santana/sorria-part-mc-don-juan/,-1
1059,Sorria (part. MC Don Juan),musica1059,musica1059_trecho9,Sorria Enquanto ainda consegue sorrir Porque,Luan Santana,2021,6,https://www.letras.mus.br/luan-santana/sorria-part-mc-don-juan/,-1
1059,Sorria (part. MC Don Juan),musica1059,musica1059_trecho12,"Vai piorar, desidratar Se me ver por aí na vida louca Quando perceber que seus defeitos Só comigo eram perfeitos Não tem jeito Você vai chorar",Luan Santana,2021,26,https://www.letras.mus.br/luan-santana/sorria-part-mc-don-juan/,-1
1059,Sorria (part. MC Don Juan),musica1059,musica1059_trecho16,"Vai piorar, desidratar Se me ver por aí na vida louca Quando perceber que seus defeitos Só comigo eram perfeitos Só comigo são perfeitos Você vai, vai, vai",Luan Santana,2021,28,https://www.letras.mus.br/luan-santana/sorria-part-mc-don-juan/,-1
1059,Sorria (part. MC Don Juan),musica1059,musica1059_trecho17,"Vai piorar, desidratar Se me ver por aí na vida louca Quando perceber que seus defeitos Só comigo eram perfeitos Não tem jeito Você vai chorar por mim",Luan Santana,2021,28,https://www.letras.mus.br/luan-santana/sorria-part-mc-don-juan/,-1
954,Sorte,musica954,musica954_trecho1,Sorte é tá na rua num dia de chuva Ter alguém pra dividir o seu guarda-chuva Sorte é ter alguém te esperando em casa E com um beijo apagar a semana estressada,Diego e Victor Hugo,2021,32,https://www.letras.mus.br/diego-victor-hugo/sorte/,-1
954,Sorte,musica954,musica954_trecho3,Sorte é quando não se tem nada Mas se enxerga um tudo Num olhar de um amor absoluto,Diego e Victor Hugo,2021,18,https://www.letras.mus.br/diego-victor-hugo/sorte/,-1
954,Sorte,musica954,musica954_trecho4,"Você coloriu Minha vida cinza, amor E a cada sorriso seu Eu ganho um lápis de cor Você é meu tudo, tudo, tudo Eu juntei meu mundo, mundo, mundo com o seu Você é a sorte e o sortudo sou eu",Diego e Victor Hugo,2021,41,https://www.letras.mus.br/diego-victor-hugo/sorte/,-1
954,Sorte,musica954,musica954_trecho5,"Você coloriu Minha vida cinza, amor E a cada sorriso seu Eu ganho um lápis de cor Você é meu tudo, tudo, tudo Eu juntei meu mundo, mundo, mundo com o seu Você é a sorte e o sortudo sou eu O sortudo sou eu",Diego e Victor Hugo,2021,45,https://www.letras.mus.br/diego-victor-hugo/sorte/,-1
954,Sorte,musica954,musica954_trecho9,"Você coloriu Minha vida cinza, amor E a cada sorriso seu Eu ganho um lápis de cor Você é meu tudo, tudo, tudo Eu juntei meu mundo, mundo, mundo com o seu Você é a sorte e o sortudo sou eu E o sortudo sou eu E o sortudo sou eu",Diego e Victor Hugo,2021,51,https://www.letras.mus.br/diego-victor-hugo/sorte/,-1
1484,Sorte É Ter Você,musica1484,musica1484_trecho1,Eu venho de sonhos vividos Amores fracassados de ilusões perdidas Passos caminhados de um deserto Que eu tento me esconder,João Bosco & Vinícius,2014,20,https://www.letras.mus.br/joao-bosco-viniciusacustico/sorte-e-ter-voce/,-1
1484,Sorte É Ter Você,musica1484,musica1484_trecho2,"Andei por toda a cidade, coração quebrado Sem querer eu sempre quis alguém do lado E o destino veio e me trouxe você",João Bosco & Vinícius,2014,23,https://www.letras.mus.br/joao-bosco-viniciusacustico/sorte-e-ter-voce/,-1
1484,Sorte É Ter Você,musica1484,musica1484_trecho3,"E o meu coração, partido em ruínas Se reconstruiu no seu olhar, menina Eu quero te querer",João Bosco & Vinícius,2014,17,https://www.letras.mus.br/joao-bosco-viniciusacustico/sorte-e-ter-voce/,-1
1484,Sorte É Ter Você,musica1484,musica1484_trecho4,"De tantas Renatas, Flávias e Karinas Conheci mil Anas, muitas Carolinas Mas sorte é ter você",João Bosco & Vinícius,2014,16,https://www.letras.mus.br/joao-bosco-viniciusacustico/sorte-e-ter-voce/,-1
1195,Sorte Que a Gente Tem a Vida Inteira,musica1195,musica1195_trecho3,A gente tá se apaixonando sem saber o rumo Já sou o seu melhor amigo Mas não é isso que eu quero se Não é isso que eu quero ser,Munhoz & Mariano,2011,30,https://www.letras.mus.br/munhoz-mariano/sorte-que-a-gente-tem-a-vida-inteira/,-1
654,Sorte Que Cê Beija Bem,musica654,musica654_trecho1,Eu jurei não bater na sua porta Olha eu batendo E quebrando outra promessa,Maiara & Maraisa,2017,14,https://www.letras.mus.br/maiara-maraisa/sorte-que-beija-bem/,-1
654,Sorte Que Cê Beija Bem,musica654,musica654_trecho2,Eu tentei não tocar mais no seu nome Mas de cada três palavras Uma me interessa,Maiara & Maraisa,2017,16,https://www.letras.mus.br/maiara-maraisa/sorte-que-beija-bem/,-1
654,Sorte Que Cê Beija Bem,musica654,musica654_trecho3,Você é um problema que eu quero ter Mesmo sabendo que eu não consigo resolver Eu prometo que não vou te amar Porque essa promessa Eu vou fazer questão de quebrar,Maiara & Maraisa,2017,31,https://www.letras.mus.br/maiara-maraisa/sorte-que-beija-bem/,-1
712,Sosseguei,musica712,musica712_trecho1,Tô virado já tem uns três dias Tô bebendo o que eu jamais bebi Vou falar o que eu nunca falei É a primeira e a última vez,Jorge & Mateus,2016,28,https://www.letras.mus.br/jorge-mateus/eu-sosseguei/,-1
712,Sosseguei,musica712,musica712_trecho2,"Eu sosseguei Ontem foi a despedida da balada Dessa vida de solteiro Eu sosseguei Mudei a rota e meus planos O que eu tava procurando Eu achei, em você",Jorge & Mateus,2016,29,https://www.letras.mus.br/jorge-mateus/eu-sosseguei/,-1
463,Sou Eu,musica463,musica463_trecho4,"Sou eu quem faz amor com você a noite Sou eu quem dá a vida se preciso for Faz ele ver que o seu grande amor Sou eu, sou eu, sou eu, sou eu, sou eu",Bruno & Marrone,2009,36,https://www.letras.mus.br/bruno-e-marrone/1460074/,-1
360,Sou Seu Fã Nº 1,musica360,musica360_trecho1,Guarde o seu sorriso só pra mim Que eu te dou o universo em meu olhar Se sentir na pele um arrepio São meus dedos te tocando pra te contar,Eduardo Costa,2009,30,https://www.letras.mus.br/eduardo-costa/1556876/,-1
360,Sou Seu Fã Nº 1,musica360,musica360_trecho5,Quero convencer seu coração Que o meu amor foi feito pra você Eu quero te dizer que esta paixão Não encontra outra forma pra dizer,Eduardo Costa,2009,25,https://www.letras.mus.br/eduardo-costa/1556876/,-1
360,Sou Seu Fã Nº 1,musica360,musica360_trecho8,Sou seu fã número um,Eduardo Costa,2009,5,https://www.letras.mus.br/eduardo-costa/1556876/,-1
1210,Status Que Eu Não Queria,musica1210,musica1210_trecho1,Eu não tô nem me reconhecendo Já esqueci o caminho de casa E não uso minha cama faz tempo Eu tripliquei o tanto que eu tô bebendo,Zé Neto e Cristiano,2018,27,https://www.letras.mus.br/ze-neto-cristiano/status-que-eu-nao-queria/,-1
1210,Status Que Eu Não Queria,musica1210,musica1210_trecho2,Chorando em qualquer ombro Sem beijar nenhuma boca Dando fora pra te ver entrando Na minha vida uma hora ou outra,Zé Neto e Cristiano,2018,21,https://www.letras.mus.br/ze-neto-cristiano/status-que-eu-nao-queria/,-1
1210,Status Que Eu Não Queria,musica1210,musica1210_trecho9,"Status que eu não queria, ria aah",Zé Neto e Cristiano,2018,7,https://www.letras.mus.br/ze-neto-cristiano/status-que-eu-nao-queria/,-1
1210,Status Que Eu Não Queria,musica1210,musica1210_trecho11,Status que eu não queria,Zé Neto e Cristiano,2018,5,https://www.letras.mus.br/ze-neto-cristiano/status-que-eu-nao-queria/,-1
21,Sua Boca Mente (You're Still The One) (part. Ana Castela),musica21,musica21_trecho2,Eu não sabia Que a sua boca mente Eu só queria O teus beijos lentamente,Zé Felipe,2025,15,https://www.letras.mus.br/ze-felipe/sua-boca-mente-youre-still-the-one-part-ana-castela/,-1
21,Sua Boca Mente (You're Still The One) (part. Ana Castela),musica21,musica21_trecho3,"Chorei (chorei), eu sei (eu sei) Que sentimento não se cobra Mas a paixão Cegou os meus olhos E o coração",Zé Felipe,2025,21,https://www.letras.mus.br/ze-felipe/sua-boca-mente-youre-still-the-one-part-ana-castela/,-1
21,Sua Boca Mente (You're Still The One) (part. Ana Castela),musica21,musica21_trecho5,Eu não sabia (eu não sabia) Que a sua boca mente Eu só queria Os teus beijos lentamente,Zé Felipe,2025,18,https://www.letras.mus.br/ze-felipe/sua-boca-mente-youre-still-the-one-part-ana-castela/,-1
21,Sua Boca Mente (You're Still The One) (part. Ana Castela),musica21,musica21_trecho9,Eu não sabia Que a sua boca mente,Zé Felipe,2025,8,https://www.letras.mus.br/ze-felipe/sua-boca-mente-youre-still-the-one-part-ana-castela/,-1
793,Sua Vez de Terminar,musica793,musica793_trecho1,Ah Será que todo meu cair de roupas Eu vou te lembrar Será que toda encostada de boca Você vai me assombrar E eu de cabeça quente não vi os sinais Que dessa vez era sua vez de terminar,Diego e Victor Hugo,2024,39,https://www.letras.mus.br/diego-victor-hugo/sua-vez-de-terminar/,-1
793,Sua Vez de Terminar,musica793,musica793_trecho3,"O homem quando fala que não sofre é mentira O homem quando fala que esqueceu queima língua O homem quando fala que termina, volta Mulher quando decide terminar, termina Termina",Diego e Victor Hugo,2024,30,https://www.letras.mus.br/diego-victor-hugo/sua-vez-de-terminar/,-1
793,Sua Vez de Terminar,musica793,musica793_trecho4,"O homem quando fala que não sofre é mentira O homem quando fala que esqueceu queima língua O homem quando fala que termina, volta Mulher quando decide terminar, termina",Diego e Victor Hugo,2024,29,https://www.letras.mus.br/diego-victor-hugo/sua-vez-de-terminar/,-1
220,Sublime Renúncia,musica220,musica220_trecho1,Hoje meus dias são de tristeza e solidão Trago em minh'alma uma profunda conformação Renunciei meu grande amor um dia Nos braços dela em que tão triste eu dizia Beijando os lábios do meu amor com frenesi Não chores por favor porque preciso partir,João Neto e Frederico,2010,44,https://www.letras.mus.br/joao-neto-frederico/1044664/,-1
662,Suíte 14 (part. MC Guimê),musica662,musica662_trecho1,"E vai ver que o frio é maior Quando eu não for mais seu cobertor Nem ouvir minha voz dizendo Já é hora, acorda, amor",Henrique & Diego,2015,25,https://www.letras.mus.br/henrique-diego/suite-14/,-1
662,Suíte 14 (part. MC Guimê),musica662,musica662_trecho2,"Ainda é tempo pra nós Seu lugar é aqui Nem passou, nem vai passar Quando a gente ama é assim",Henrique & Diego,2015,20,https://www.letras.mus.br/henrique-diego/suite-14/,-1
662,Suíte 14 (part. MC Guimê),musica662,musica662_trecho3,"Briga, separa, quebra a cara e volta Vê que sem o outro a vida é tão sem graça Me ligue agora, tô te esperando Vou te contar o que eu tô imaginando",Henrique & Diego,2015,32,https://www.letras.mus.br/henrique-diego/suite-14/,-1
1473,Super Amor,musica1473,musica1473_trecho1,Eu já desafiei a lei da gravidade Já voei sem asas pra te procurar Tenho um radar no peito batendo de saudade É o meu coração querendo te encontrar,Luan Santana,2011,29,https://www.letras.mus.br/luan-santana/1779460/,-1
1473,Super Amor,musica1473,musica1473_trecho2,E só fechar os olhos e imaginar você Que eu sinto a energia como um super poder,Luan Santana,2011,17,https://www.letras.mus.br/luan-santana/1779460/,-1
1473,Super Amor,musica1473,musica1473_trecho3,Eu quero ser o seu super-herói Te dar um super amor que nem o tempo destrói Quero mil anos pra te amar Só uma vida não basta Para o amor que tenho pra te dar,Luan Santana,2011,35,https://www.letras.mus.br/luan-santana/1779460/,-1
108,Supera,musica108,musica108_trecho1,"Tá de novo com essa pessoa Não tô acreditando, vai fazer papel de trouxa outra vez Cê não aprende mesmo, hein",Marília Mendonça,2019,21,https://www.letras.mus.br/marilia-mendonca/supera/,-1
108,Supera,musica108,musica108_trecho4,"Ele tá fazendo de tapete o seu coração Promete pra mim que dessa vez você vai falar não De mulher pra mulher, supera De mulher pra mulher, supera",Marília Mendonça,2019,28,https://www.letras.mus.br/marilia-mendonca/supera/,-1
677,Surdo e Mudo,musica677,musica677_trecho3,"E o menino curioso começou falar Eu não falo, eu não escuto mas quero pular Eu não falo, eu não escuto mas quero marchar Da um jeito minha mãezinha eu quero adorar",Alisson Santos,2020,32,https://www.letras.mus.br/alisson-santos/surdo-e-mudo/,-1
677,Surdo e Mudo,musica677,musica677_trecho4,E quando em casa a mamãe chegou Um caderno no armário ela pegou Em alguns minutos no papel ela anotou E depois em pedacinhos o papel rasgou Dentro de uma sacolinha colocou E nas mãos do seu filhinho entregou E olhando nos seus olhos começou falar Amanhã na igreja quando alguém pular,Alisson Santos,2020,52,https://www.letras.mus.br/alisson-santos/surdo-e-mudo/,-1
677,Surdo e Mudo,musica677,musica677_trecho6,No dia seguinte na igreja o menino chegou E nos primeiros bancos ele se assentou Estava observando pra vê quem vai pular Estava ansioso pra jogar papel pro ar,Alisson Santos,2020,29,https://www.letras.mus.br/alisson-santos/surdo-e-mudo/,-1
677,Surdo e Mudo,musica677,musica677_trecho8,De repente um obreiro se aproximou E a mãe percebeu que o obreiro com o menino brigou A mãe se levantou e com o obreiro foi conversar Moço o porque com o meu filho você foi brigar,Alisson Santos,2020,37,https://www.letras.mus.br/alisson-santos/surdo-e-mudo/,-1
677,Surdo e Mudo,musica677,musica677_trecho9,E o obreiro furioso começou falar Será que para esse teu filho tu não deu educação Aqui não é lugar de jogar papel no chão E a lágrima no rosto da mamãe rolou,Alisson Santos,2020,33,https://www.letras.mus.br/alisson-santos/surdo-e-mudo/,-1
677,Surdo e Mudo,musica677,musica677_trecho10,O obreiro se assustou E por curiosidade ele se agachou Pegou papel no chão e começou a ler Quando ele leu a lágrima no rosto então rolou,Alisson Santos,2020,27,https://www.letras.mus.br/alisson-santos/surdo-e-mudo/,-1
677,Surdo e Mudo,musica677,musica677_trecho13,Tu tem mão e não levanta Tem perna e não pula Tem tudo e não adora o nome do senhor Tem saúde e só reclama Tem casa e só reclama Tem tudo e não adora o nome do senhor,Alisson Santos,2020,39,https://www.letras.mus.br/alisson-santos/surdo-e-mudo/,-1
677,Surdo e Mudo,musica677,musica677_trecho16,"Levante a tua mão Recebe está unção Meu Deus te trouxe aqui foi pra te levantar Ninguém imaginou que você ia adorar Vai te ver andar Vai te ver andar Vai ter ver andar (adore) Adore Adore Enquanto tu adora, Ele trabalha por você Adore Adore Adore",Alisson Santos,2020,47,https://www.letras.mus.br/alisson-santos/surdo-e-mudo/,-1
1081,Tá Combinado,musica1081,musica1081_trecho2,"Não adianta fazer cara feia, emburrar Fala sério, não sou de ninguém E não pense que eu vou te escutar Pois seria burrice abrir mão de um harém",João Neto e Frederico,2012,28,https://www.letras.mus.br/joao-neto-frederico/1856881/,-1
1081,Tá Combinado,musica1081,musica1081_trecho4,"Tá combinado, o bicho vai pegar Tá combinado, já vou sair com meus amigos Vai rolar o movimento, isso é problema meu Se der saudade, o problema é seu",João Neto e Frederico,2012,29,https://www.letras.mus.br/joao-neto-frederico/1856881/,-1
494,Tá Faltando Eu (part. Jorge e Mateus),musica494,musica494_trecho1,"Tá faltando eu em mim Pergunto, mas não sei quem sou Não sei se é bom ou se é ruim Quero ficar, não sei se vou",Gusttavo Lima,2015,26,https://www.letras.mus.br/gusttavo-lima/ta-faltando-eu/,-1
494,Tá Faltando Eu (part. Jorge e Mateus),musica494,musica494_trecho2,Sou doce e amargo ao mesmo tempo Me policio sem razão Razão é o tipo que invento Pra não cair na palma da mão,Gusttavo Lima,2015,24,https://www.letras.mus.br/gusttavo-lima/ta-faltando-eu/,-1
494,Tá Faltando Eu (part. Jorge e Mateus),musica494,musica494_trecho4,Pegadas que se tornam areia Castelo de areia sempre cai Se olham pra mim de cara feia Meu coração desaba num ai,Gusttavo Lima,2015,22,https://www.letras.mus.br/gusttavo-lima/ta-faltando-eu/,-1
494,Tá Faltando Eu (part. Jorge e Mateus),musica494,musica494_trecho6,"O medo aguça a atração A solidão na pele arde Espero que, quando eu me ver E acordar, não seja tarde",Gusttavo Lima,2015,21,https://www.letras.mus.br/gusttavo-lima/ta-faltando-eu/,-1
1423,Tá Mais Pra Capetinha (part. Cristiano Araújo),musica1423,musica1423_trecho2,"Fica fazendo charme só Pra me provocar, sabe que comigo Ajoelhou tem que rezar.",Zé Ricardo e Thiago,2012,14,https://www.letras.mus.br/ze-ricardo-thiago/2003791/,-1
1423,Tá Mais Pra Capetinha (part. Cristiano Araújo),musica1423,musica1423_trecho4,"Toda gostosa, de sainha rodada Ela tá por cima, É a mais top da balada.",Zé Ricardo e Thiago,2012,15,https://www.letras.mus.br/ze-ricardo-thiago/2003791/,-1
1106,Tá Se Achando,musica1106,musica1106_trecho2,"Tá se achando bacana, gostosa, um mulherão Rasga dinheiro, tem gelo dentro do coração Tá se achando bacana, gostosa, um mulherão Pintou saudade, tô sabendo, vai correr pro meu portão",Guilherme & Santiago,2010,30,https://www.letras.mus.br/guilherme-e-santiago/1630465/,-1
1106,Tá Se Achando,musica1106,musica1106_trecho3,"Correu, se foi, viajou pra não voltar Levou de mim o amor, você sabe magoar Você já sabe, um dia você que riu de mim Pode chorar amargamente pedindo pra ser feliz",Guilherme & Santiago,2010,32,https://www.letras.mus.br/guilherme-e-santiago/1630465/,-1
1272,Tá Soltinha,musica1272,musica1272_trecho4,"Ela tá na pista, agora o coro come Ela não quer comédia, ela quer sujeito homem Cansada de otário, e de borracha fraca Partiu com o Thiago Brava, Cristiano e o Mr. Catra",Thiago Brava,2013,33,https://www.letras.mus.br/thiago-brava/ta-soltinha/,-1
1272,Tá Soltinha,musica1272,musica1272_trecho5,"Tá solta, tá solteira, tá soltinha Aham, tá querendo, aham, tá querendo",Thiago Brava,2013,12,https://www.letras.mus.br/thiago-brava/ta-soltinha/,-1
642,Tailândia,musica642,musica642_trecho1,"Eu amo quem você foi, quem você é e quem cê vai ser Perdoo o que você fez ou que um dia possa fazer É que eu amo, é que eu amo, é que eu amo, é que eu amo você",Luiza Martins,2025,41,https://www.letras.mus.br/luiza-martins/tailandia/,-1
642,Tailândia,musica642,musica642_trecho2,"Te olho além dos meus olhos, minha mente fotografa você Te sinto além do seu toque, falo seu nome e chego tremer Eu sou doida, eu sou louca, maluca, pirada em você",Luiza Martins,2025,32,https://www.letras.mus.br/luiza-martins/tailandia/,-1
642,Tailândia,musica642,musica642_trecho4,"Se quiser se mudar pra Tailândia agora Eu dou tchau pro Brasil Com você, vou até, vou até, vou até Se quiser se mudar pra Tailândia agora Eu dou tchau pro Brasil Com você, vou até (cê sabe, né?)",Luiza Martins,2025,39,https://www.letras.mus.br/luiza-martins/tailandia/,-1
642,Tailândia,musica642,musica642_trecho5,"Olha só, eu vou te falar Eu amo quem você foi, quem você é e quem cê vai ser Perdoo o que você fez ou o que um dia você possa fazer, cê sabe por quê? Porque eu amo, eu amo, eu amo, eu amo você",Luiza Martins,2025,46,https://www.letras.mus.br/luiza-martins/tailandia/,-1
642,Tailândia,musica642,musica642_trecho8,"Se quiser se mudar pra Tailândia agora Eu dou tchau pro Brasil Com você, vou até, vou até, vou até Se quiser se mudar pra Tailândia agora (agora) Eu dou tchau pro Brasil Com você, vou até Com você, vou até",Luiza Martins,2025,41,https://www.letras.mus.br/luiza-martins/tailandia/,-1
88,Tanto Faz,musica88,musica88_trecho1,"O quarto meio escuro, a janela aberta A porta encostada, a Lua está tão bela E eu tô aqui sentindo falta de você Já vi todos os filmes, li todos os livros E tô esperando a próxima novela Tudo porque eu tô tentando te esquecer",Luan Santana,2013,45,https://www.letras.mus.br/luan-santana/tanto-faz/,-1
88,Tanto Faz,musica88,musica88_trecho2,"E em qualquer lugar que eu vou Onde você está, eu estou, oh",Luan Santana,2013,13,https://www.letras.mus.br/luan-santana/tanto-faz/,-1
1157,Tarde Demais,musica1157,musica1157_trecho1,Só tem um jeito de você me entender Uma maneira que te faça enxergar Eu já cansei de discutir com você Não adianta mais falar por falar,César Menotti & Fabiano,2008,27,https://www.letras.mus.br/cesar-menotti-e-fabiano/699295/,-1
1157,Tarde Demais,musica1157,musica1157_trecho5,Não sei se dá pra ver Mas acho que eu estou mudando,César Menotti & Fabiano,2008,12,https://www.letras.mus.br/cesar-menotti-e-fabiano/699295/,-1
1157,Tarde Demais,musica1157,musica1157_trecho7,"Tarde demais! Tchau, tchau, amor! Tarde demais! Tchau, tchau, já vou! Não volto atrás",César Menotti & Fabiano,2008,14,https://www.letras.mus.br/cesar-menotti-e-fabiano/699295/,-1
1493,"Tchau, Tchau",musica1493,musica1493_trecho2,"Tchau, tchau, me cansei de você Tchau, tchau, eu quero te ver sofrer Tchau, tchau, não vou te dar mais moral Bye, bye, sai fora, tchau, tchau",Maria Cecília e Rodolfo,2010,27,https://www.letras.mus.br/maria-cecilia-rodolfo/1730855/,-1
747,Te Amo,musica747,musica747_trecho2,"Onde você pensa que vai Senta aqui, ainda não acabou Sei que nunca fui o mais perfeito Nunca dei o que você sonhou Mas agora eu posso ver",Zé Neto e Cristiano,2015,28,https://www.letras.mus.br/ze-neto-cristiano/te-amo/,-1
747,Te Amo,musica747,musica747_trecho4,Eu não imagino como seja o mundo Sem você por perto eu não posso seguir Me desculpa por tudo que fiz Se te fiz infeliz e nunca admiti,Zé Neto e Cristiano,2015,28,https://www.letras.mus.br/ze-neto-cristiano/te-amo/,-1
747,Te Amo,musica747,musica747_trecho6,"Onde você pensa que vai Senta aqui, ainda não acabou Sei que nunca fui o mais perfeito Nunca dei o que você sonhou É, mas agora eu posso ver",Zé Neto e Cristiano,2015,29,https://www.letras.mus.br/ze-neto-cristiano/te-amo/,-1
1486,Te Amo,musica1486,musica1486_trecho3,E eu que já não via a hora De te ter em meus braços E poder te dizer,Gian e Giovani,2006,18,https://www.letras.mus.br/gian-e-giovanni/546101/,-1
1486,Te Amo,musica1486,musica1486_trecho4,Te amo Desde a primeira vez que eu te vi E faz tempo eu te buscava E já te imaginava assim,Gian e Giovani,2006,21,https://www.letras.mus.br/gian-e-giovanni/546101/,-1
1486,Te Amo,musica1486,musica1486_trecho8,De novo em meus braços Pra poder te dizer,Gian e Giovani,2006,9,https://www.letras.mus.br/gian-e-giovanni/546101/,-1
1379,Te Amo Com Voz Rouca,musica1379,musica1379_trecho1,A gente passa Por várias situações em um só dia Primeiro beija e depois briga Se ama e também faz intriga,Jorge & Mateus,2016,21,https://www.letras.mus.br/jorge-mateus/te-amo-com-voz-rouca/,-1
1379,Te Amo Com Voz Rouca,musica1379,musica1379_trecho3,"Se me agride, eu te beijo Me maltrata, eu sempre esqueço E me vejo novamente preso em seus abraços",Jorge & Mateus,2016,19,https://www.letras.mus.br/jorge-mateus/te-amo-com-voz-rouca/,-1
1379,Te Amo Com Voz Rouca,musica1379,musica1379_trecho6,Seria pior não ter nunca mais O seu mau humor me tirando a paz Mas cinco minutos depois,Jorge & Mateus,2016,18,https://www.letras.mus.br/jorge-mateus/te-amo-com-voz-rouca/,-1
1379,Te Amo Com Voz Rouca,musica1379,musica1379_trecho7,"Te provoco risos, te beijo à força E mais uma vez você me perdoa Diz eu te amo com voz rouca",Jorge & Mateus,2016,21,https://www.letras.mus.br/jorge-mateus/te-amo-com-voz-rouca/,-1
1379,Te Amo Com Voz Rouca,musica1379,musica1379_trecho13,"Te provoco risos, te beijo à força E mais uma vez você me perdoa Diz eu te amo",Jorge & Mateus,2016,18,https://www.letras.mus.br/jorge-mateus/te-amo-com-voz-rouca/,-1
1379,Te Amo Com Voz Rouca,musica1379,musica1379_trecho14,Seria pior não ter nunca mais O seu mau humor Mas cinco minutos depois,Jorge & Mateus,2016,14,https://www.letras.mus.br/jorge-mateus/te-amo-com-voz-rouca/,-1
270,Te Amo Demais,musica270,musica270_trecho1,"Eu sou assim Nunca soube recitar poesia Não sei palavras de amor Não sou sedutor, não sei fingir, nem poderia",Marília Mendonça,2023,20,https://www.letras.mus.br/marilia-mendonca/te-amo-demais/,-1
270,Te Amo Demais,musica270,musica270_trecho2,"Eu não tenho ouro nem prata Mas o meu maior tesouro eu te dei Só quero o seu amor e mais nada Você precisa entender, é que eu não sei dizer",Marília Mendonça,2023,31,https://www.letras.mus.br/marilia-mendonca/te-amo-demais/,-1
524,Te Amo Tanto Que Nem Sei,musica524,musica524_trecho3,"A luz que reluziu nos olhos meus Brilhou e refletiu nos olhos seus Foi muito mais do que eu imaginei Amor, te amo tanto que nem sei",Jorge & Mateus,2007,27,https://www.letras.mus.br/jorge-mateus/1139599/,-1
1259,"Te Amo, Pai",musica1259,musica1259_trecho1,"Pai, senta aqui comigo que eu quero olhar Nesse rosto que o tempo fez mudar Pai, sempre será o meu maior tesouro",Rick & Renner,2007,22,https://www.letras.mus.br/rick-e-renner/1040134/,-1
1259,"Te Amo, Pai",musica1259,musica1259_trecho2,"Pai, lembro que você disse um dia: Filho, o mundo lá fora apresenta um brilho E é você quem vai descobrir Se é prata ou ouro",Rick & Renner,2007,26,https://www.letras.mus.br/rick-e-renner/1040134/,-1
1259,"Te Amo, Pai",musica1259,musica1259_trecho3,"Pai, você não errou, você tava certo Mas eu não tinha você por perto Pra me mostrar o caminho, pai",Rick & Renner,2007,20,https://www.letras.mus.br/rick-e-renner/1040134/,-1
1259,"Te Amo, Pai",musica1259,musica1259_trecho6,"Voz protetora que me disse tão forte Existe azar, mas existe sorte Existe o mal, mas existe o bem",Rick & Renner,2007,19,https://www.letras.mus.br/rick-e-renner/1040134/,-1
1259,"Te Amo, Pai",musica1259,musica1259_trecho8,"Pai, eu não desisti, porque eu queria Na sua frente estar um dia Só pra dizer obrigado, pai!",Rick & Renner,2007,18,https://www.letras.mus.br/rick-e-renner/1040134/,-1
1259,"Te Amo, Pai",musica1259,musica1259_trecho9,"Pai, seus passos mais lentos Sua voz tremendo Parece que, estão me dizendo: Meu filho, eu quero descansar",Rick & Renner,2007,18,https://www.letras.mus.br/rick-e-renner/1040134/,-1
1259,"Te Amo, Pai",musica1259,musica1259_trecho10,"Pai você fez sua parte, um lindo papel Tire o seu sapato e guarde o chapéu Que agora eu quero lhe cuidar",Rick & Renner,2007,22,https://www.letras.mus.br/rick-e-renner/1040134/,-1
1259,"Te Amo, Pai",musica1259,musica1259_trecho11,"Pai, a pele queimada, a mão calejada É a historia que já ficou marcada Que é seu amor que de mim não sai",Rick & Renner,2007,23,https://www.letras.mus.br/rick-e-renner/1040134/,-1
1259,"Te Amo, Pai",musica1259,musica1259_trecho12,"Pai, você é o herói do filme de um filho Que agora sabe que é ouro o brilho O brilho desses seus olhos, pai",Rick & Renner,2007,24,https://www.letras.mus.br/rick-e-renner/1040134/,-1
1259,"Te Amo, Pai",musica1259,musica1259_trecho14,"Mas quando ele volta, como eu voltei E encontra o velho, como eu te encontrei É só pra dizer Eu te amo, pai",Rick & Renner,2007,23,https://www.letras.mus.br/rick-e-renner/1040134/,-1
342,Te Assumi Pro Brasil,musica342,musica342_trecho1,"Ser feliz pra mim não custa caro Se você tá do lado, eu me sinto tão bem Você sempre me ganha na manha Que mistério cê tem?",Matheus & Kauan,2017,27,https://www.letras.mus.br/matheus-kauan/te-assumi-pro-brasil/,-1
342,Te Assumi Pro Brasil,musica342,musica342_trecho2,"Arrumei a mala há mais de uma semana Só falta você me chamar pra eu fugir com você Mudei meu status, já tô namorando Antes de você aceitar, já te assumi pro Brasil",Matheus & Kauan,2017,33,https://www.letras.mus.br/matheus-kauan/te-assumi-pro-brasil/,-1
342,Te Assumi Pro Brasil,musica342,musica342_trecho5,"Eu arrumei a mala há mais de uma semana Só falta você me chamar pra eu fugir com você Mudei meu status, já tô namorando Antes de você aceitar, já te assumi pro Brasil",Matheus & Kauan,2017,34,https://www.letras.mus.br/matheus-kauan/te-assumi-pro-brasil/,-1
62,Te Esperando,musica62,musica62_trecho2,"Mesmo que vocês fiquem sem se gostar Mesmo que vocês casem sem se amar E depois de seis meses, um olhe pro outro E aí? Pois é, sei lá",Luan Santana,2013,29,https://www.letras.mus.br/luan-santana/te-esperando/,-1
62,Te Esperando,musica62,musica62_trecho4,Um dia vai sentar numa cadeira de balanço Vai lembrar do tempo que tinha vinte anos Vai lembrar de mim e se perguntar Por onde esse cara deve estar?,Luan Santana,2013,29,https://www.letras.mus.br/luan-santana/te-esperando/,-1
62,Te Esperando,musica62,musica62_trecho5,"E eu vou estar Te esperando, nem que já esteja velhinha gagá Com noventa, viúva, sozinha, não vou me importar Vou ligar, te chamar pra sair, namorar no sofá Nem que seja além dessa vida, eu vou estar Te esperando",Luan Santana,2013,40,https://www.letras.mus.br/luan-santana/te-esperando/,-1
62,Te Esperando,musica62,musica62_trecho10,"E eu vou estar Te esperando, nem que já esteja velhinha gagá Com noventa, viúva, sozinha, não vou me importar Vou ligar, te chamar pra sair, namorar no sofá Nem que seja além dessa vida",Luan Santana,2013,35,https://www.letras.mus.br/luan-santana/te-esperando/,-1
62,Te Esperando,musica62,musica62_trecho11,"Eu vou estar Te esperando, nem que já esteja velhinha gagá Com noventa, viúva, sozinha, não vou me importar Vou ligar, te chamar pra sair, namorar no sofá Nem que seja além dessa vida, eu vou estar Te esperando Te esperando",Luan Santana,2013,41,https://www.letras.mus.br/luan-santana/te-esperando/,-1
1273,Te Peço Volta,musica1273,musica1273_trecho3,"Eu te peço, volta Sem orgulho, volta Coração tá pedindo bis Você é tudo que eu sempre quis Eu te peço, volta Sem orgulho, volta Que eu não posso ser feliz Longe de quem eu sempre quis",Henrique & Diego,2010,37,https://www.letras.mus.br/henrique-diego/1557207/,-1
1608,Te Procurava de Novo,musica1608,musica1608_trecho1,"Alta madrugada de domingo pra segunda É, dessa vez não vou querer sair Um ano envenenado descobri a minha cura É, como é bom ter você por aqui",Maiara & Maraisa,2016,28,https://www.letras.mus.br/maiara-maraisa/te-procurava-de-novo/,-1
1608,Te Procurava de Novo,musica1608,musica1608_trecho3,"Mas que sorriso é esse que cê tem? Eu que achava que não precisava de ninguém Tô me sentindo tão bem, tão bem",Maiara & Maraisa,2016,23,https://www.letras.mus.br/maiara-maraisa/te-procurava-de-novo/,-1
1608,Te Procurava de Novo,musica1608,musica1608_trecho4,"Olha eu andando de mão dada no meio do povo Onde é que você tava esse tempo todo? Se eu não tivesse te encontrado, eu juro que te procurava De novo, de novo, de novo",Maiara & Maraisa,2016,35,https://www.letras.mus.br/maiara-maraisa/te-procurava-de-novo/,-1
1608,Te Procurava de Novo,musica1608,musica1608_trecho10,"Olha eu andando de mão dada no meio do povo Se eu não tivesse te encontrado, eu juro que te procurava De novo, de novo, de novo",Maiara & Maraisa,2016,27,https://www.letras.mus.br/maiara-maraisa/te-procurava-de-novo/,-1
1608,Te Procurava de Novo,musica1608,musica1608_trecho11,"Eu te procurava Se eu não tivesse te encontrado, eu juro que te procurava De novo, de novo, de novo",Maiara & Maraisa,2016,20,https://www.letras.mus.br/maiara-maraisa/te-procurava-de-novo/,-1
56,Te Vivo,musica56,musica56_trecho4,"Eu não preciso te olhar pra te ter em meu mundo Porque, aonde quer que eu vá, você está em tudo Tudo, tudo que eu preciso (oh, oh, oh) Te vivo",Luan Santana,2012,31,https://www.letras.mus.br/luan-santana/te-vivo/,-1
56,Te Vivo,musica56,musica56_trecho8,"Eu não preciso te olhar pra te ter em meu mundo Porque, aonde quer que eu vá, você está em tudo Tudo, tudo que eu preciso (oh, oh, oh)",Luan Santana,2012,29,https://www.letras.mus.br/luan-santana/te-vivo/,-1
1462,Telefone Mudo/ 60  Dias Apaixonado/ Fazenda São Francisco/ Pagode Em Brasília (pot-pourri),musica1462,musica1462_trecho1,"Eu quero que risque meu nome da sua agenda Esqueça o meu telefone, não me ligues mais Porque já estou cansado de ser o remédio Pra curar o seu tédio Quando seus amores não lhe satisfaz",Victor & Leo,2007,36,https://www.letras.mus.br/victor-leo/916380/,-1
1462,Telefone Mudo/ 60  Dias Apaixonado/ Fazenda São Francisco/ Pagode Em Brasília (pot-pourri),musica1462,musica1462_trecho4,"Viajando pra mato grosso, aparecida do taboado Conheci uma morena, que me deixou amarrado Deixei a linda pequena, por Deus confesso, desconsolado Mudei o jeito de ser, bebendo pra esquecer 60 dias apaixonado",Victor & Leo,2007,33,https://www.letras.mus.br/victor-leo/916380/,-1
1462,Telefone Mudo/ 60  Dias Apaixonado/ Fazenda São Francisco/ Pagode Em Brasília (pot-pourri),musica1462,musica1462_trecho5,"Se alguém fala em mato grosso eu sinto o peito despedaçado O pranto rola depressa no meu rosto já cansado Jamais eu esquecerei aparecida do taboado Deixei a minha querida, deixei minha própria vida, 60 dias apaixonado Deixei a minha querida, deixei minha própria vida, 60 dias apaixonado",Victor & Leo,2007,48,https://www.letras.mus.br/victor-leo/916380/,-1
1462,Telefone Mudo/ 60  Dias Apaixonado/ Fazenda São Francisco/ Pagode Em Brasília (pot-pourri),musica1462,musica1462_trecho9,Eu conservo a minha tropa O meu cavalo ensinado O fazendeiro moderno Só me chama de quadrado Namoramos a mesma moça Veja só o resultado,Victor & Leo,2007,25,https://www.letras.mus.br/victor-leo/916380/,-1
1462,Telefone Mudo/ 60  Dias Apaixonado/ Fazenda São Francisco/ Pagode Em Brasília (pot-pourri),musica1462,musica1462_trecho11,Eu vou pra minha fazenda Esperar lá no portão Quem dos dois chegar primeiro Vai ganhar meu coração,Victor & Leo,2007,18,https://www.letras.mus.br/victor-leo/916380/,-1
1462,Telefone Mudo/ 60  Dias Apaixonado/ Fazenda São Francisco/ Pagode Em Brasília (pot-pourri),musica1462,musica1462_trecho12,Quem tem mulher que namora quem tem burro empacador Quem tem a roça no mato me chama Que jeito eu dou,Victor & Leo,2007,21,https://www.letras.mus.br/victor-leo/916380/,-1
1462,Telefone Mudo/ 60  Dias Apaixonado/ Fazenda São Francisco/ Pagode Em Brasília (pot-pourri),musica1462,musica1462_trecho14,Tem prisioneiro inocente no fundo de uma prisão Tem muita sogra encrenqueira e tem violeiro embrulhão Pros prisioneiro inocente eu arranjo advogado E a sogra encrenqueira eu dou de laço dobrado E os violeiros embrulhão com meus versos estão quebrados,Victor & Leo,2007,40,https://www.letras.mus.br/victor-leo/916380/,-1
398,Tem Que Ser Você,musica398,musica398_trecho1,Um dia seus pés vão me levar Onde as minhas mãos não podem chegar Me leva onde você for Estarei muito só sem o seu amor,Victor & Leo,2007,26,https://www.letras.mus.br/victor-leo/995776/,-1
398,Tem Que Ser Você,musica398,musica398_trecho3,Que hoje eu te amo Não vou negar Que outra pessoa Não servirá,Victor & Leo,2007,13,https://www.letras.mus.br/victor-leo/995776/,-1
398,Tem Que Ser Você,musica398,musica398_trecho4,"Tem que ser você Sem porquê, sem pra que Tem que ser você Sem ser necessário entender",Victor & Leo,2007,17,https://www.letras.mus.br/victor-leo/995776/,-1
655,Tempo Perdido,musica655,musica655_trecho1,"Quando o amor passar da hora de terminar Qualquer sentimento é por obrigação Transa só por transar, pensamento noutro lugar O beijo na boca não tem mais paixão O corpo não mente, a alma não sente Não sabe como enganar No espelho dos olhos tá escrito: Não dá",Zezé Di Camargo & Luciano,2006,48,https://www.letras.mus.br/zeze-di-camargo-e-luciano/641047/,-1
655,Tempo Perdido,musica655,musica655_trecho3,"Transa só por transar, pensamento noutro lugar O beijo na boca não tem mais paixão O corpo não mente, a alma não sente Não sabe como enganar No espelho dos olhos tá escrito: Não dá",Zezé Di Camargo & Luciano,2006,35,https://www.letras.mus.br/zeze-di-camargo-e-luciano/641047/,-1
655,Tempo Perdido,musica655,musica655_trecho5,"Não foi bem assim, eu sonhei te amar Não foi bem assim, foi tempo perdido Não foi bem assim, foi tempo perdido",Zezé Di Camargo & Luciano,2006,22,https://www.letras.mus.br/zeze-di-camargo-e-luciano/641047/,-1
1206,Tentativas Em Vão,musica1206,musica1206_trecho1,Se eu soubesse o que fazer Pra tirar você da minha cabeça Um lado diz que quer ficar com você O outro diz esqueça,Bruno & Marrone,2010,24,https://www.letras.mus.br/bruno-e-marrone/1757347/,-1
1107,Teus Segredos,musica1107,musica1107_trecho1,"Será que amar sozinho vai ser a minha sina Já conheço você bem mais do que imagina Sua cor preferida é o verde Seu aniversário é dia três Adora mexer no cabelo Curte rock, fala inglês Odeia filme de terror Canta e toca violão Tem ciúmes dos amigos Tem medo de escuridão",Fernando e Sorocaba,2011,52,https://www.letras.mus.br/fernando-sorocaba/1715303/,-1
1107,Teus Segredos,musica1107,musica1107_trecho3,"Sua cor preferida é o verde Seu aniversário é dia três Adora mexer no cabelo Curte rock, fala inglês Odeia filme de terror Canta e toca violão Tem ciúmes dos amigos Tem medo de escuridão",Fernando e Sorocaba,2011,35,https://www.letras.mus.br/fernando-sorocaba/1715303/,-1
790,Tijolão,musica790,musica790_trecho1,Eu te conheci depois que a gente largou Será onde é que arrumou todo esse ódio de mim?,Jorge & Mateus,2020,18,https://www.letras.mus.br/jorge-mateus/tijolao/,-1
790,Tijolão,musica790,musica790_trecho2,"Agora eu tô aqui Num bar de currutela Abrindo cerveja com o dente Tentando te passar pra frente, quem dera Por que você não me bloqueou Pra eu parar de chorar em cima da tela?",Jorge & Mateus,2020,35,https://www.letras.mus.br/jorge-mateus/tijolao/,-1
814,Tijolinho Por Tijolinho (part. Zé Felipe),musica814,musica814_trecho1,E algumas mentiras beijaram sua boca Uma decepção atrás da outra Eu entendo você,Enzo Rabelo,2020,14,https://www.letras.mus.br/enzo-rabelo/tijolinho-por-tijolinho/,-1
351,Tive Que Bater Palma,musica351,musica351_trecho1,E ela entrou tão linda Com um perfume cheiroso E quando ela passou Quase que o restaurante todo quebra o pescoço,Danilo e Davi,2023,21,https://www.letras.mus.br/danilo-e-davi/tive-que-bater-palma/,-1
1354,Tô Com Moral No Céu!,musica1354,musica1354_trecho1,"Todo mundo falou: Não mexe com ela, não Não vai, não Eu doido com ela e a galera me dando pressão Não vai, não",Matheus & Kauan,2018,24,https://www.letras.mus.br/matheus-kauan/to-com-moral-no-ceu/,-1
1281,Tô de Cara,musica1281,musica1281_trecho1,"Tô de cara com você Eu tô de cara com você Me apaixonei e você não quer mais me ver Tô de cara com você Eu tô de cara, coração! Não sei se tudo foi verdade Ou foi só enganação",Luan Santana,2009,40,https://www.letras.mus.br/luan-santana/1379675/,-1
992,Tô Ficando,musica992,musica992_trecho1,"Eu tô ficando, eu tô ficando Ê trem bom danado Eu tô ficando, eu tô ficando Ê trem bom danado Eu tô ficando, eu tô ficando Ê trem bom danado Eu tô ficando, eu tô ficando Velho e enjoado (bis)",Gino e Geno,2011,40,https://www.letras.mus.br/gino-e-geno/1914798/,-1
992,Tô Ficando,musica992,musica992_trecho2,Só quero mulher mais nova Só como coisa gostosa Só durmo em colchão macio Só quero carro importado Fazenda cheia de gado Sossego em beira de rio Eu não tô nem ligando Se o povo tá comentando Que eu fiquei metido Tô na crista da onda Meu burro já tá na sombra O problema tá resolvido,Gino e Geno,2011,56,https://www.letras.mus.br/gino-e-geno/1914798/,-1
992,Tô Ficando,musica992,musica992_trecho4,Viajo sempre pra fora Pra não me cansar agora Comprei um bicho que voa Pra não ficar parado Viajo compromissado Mas também viajo atoa Essa vida é complicada Agenda sempre lotada Mas é uma vida gostosa Mesmo assim a gente estressa Então arrumei depressa Uma secretária nova,Gino e Geno,2011,47,https://www.letras.mus.br/gino-e-geno/1914798/,-1
799,Tô Mal,musica799,musica799_trecho2,Ando fingindo pro mundo Ando fugindo de tudo Mas não te esquece um segundo Meu coração,Rionegro & Solimões,2005,16,https://www.letras.mus.br/rio-negro-e-solimoes/364631/,-1
799,Tô Mal,musica799,musica799_trecho3,Meu mundo acabou Quando você me deixou Por isso não me ligue mais pra saber Se estou bem Já sabe que não estou,Rionegro & Solimões,2005,23,https://www.letras.mus.br/rio-negro-e-solimoes/364631/,-1
799,Tô Mal,musica799,musica799_trecho8,Perde a razão de viver,Rionegro & Solimões,2005,5,https://www.letras.mus.br/rio-negro-e-solimoes/364631/,-1
1207,Tô Passando Mal,musica1207,musica1207_trecho1,"Passei, flagrei, olhei E vi o que não queria ver A tremedeira me tomou Quase que na hora enfartei",Fernando e Sorocaba,2011,19,https://www.letras.mus.br/fernando-sorocaba/1722060/,-1
1207,Tô Passando Mal,musica1207,musica1207_trecho3,"Tá tá tá tá Tô nervoso, tô passando mal Quem mandou eu não te dar moral? Tô suando frio",Fernando e Sorocaba,2011,19,https://www.letras.mus.br/fernando-sorocaba/1722060/,-1
1207,Tô Passando Mal,musica1207,musica1207_trecho4,"Tá tá tá tá Não acreditei quando falou Que desencanou do nosso amor Tô sofrendo aqui, volta pra mim",Fernando e Sorocaba,2011,19,https://www.letras.mus.br/fernando-sorocaba/1722060/,-1
1502,Toca Um João Mineiro e Marciano,musica1502,musica1502_trecho2,"Mas pode ficar sossegado Tudo o que tô bebendo eu tô pagando Toca aí um João Mineiro e Marciano Tô sofrendo, mas tá passando",Jads e Jadson,2014,24,https://www.letras.mus.br/jads-e-jadson/toca-um-joao-mineiro-e-marciano/,-1
501,Tocando Em Frente (part. Leonardo),musica501,musica501_trecho3,"Penso que cumprir a vida seja simplesmente Compreender a marcha, ir tocando em frente Como um velho boiadeiro levando a boiada, eu vou tocando os dias Pela longa estrada eu vou Estrada eu sou",Paula Fernandes,2010,34,https://www.letras.mus.br/paula-fernandes/1886704/,-1
487,Todo Mundo Menos Você (part. Marília Mendonça),musica487,musica487_trecho1,"Todo mundo Todo mundo, todo mundo vê Todo mundo (só queria que você soubesse) Todo mundo, todo mundo vê Todo mundo (que toda minha mudança é genuína) Todo mundo, todo mundo vê (genuinamente por você) Todo mundo, menos você",Maiara & Maraisa,2021,39,https://www.letras.mus.br/maiara-maraisa/todo-mundo-menos-voce-part-marilia-mendonca/,-1
487,Todo Mundo Menos Você (part. Marília Mendonça),musica487,musica487_trecho3,"Mesmo entendendo que o problema nunca foi você Se não tivesse ido, eu não ia me resolver Tava confortável, né? E ninguém aprende assim",Maiara & Maraisa,2021,24,https://www.letras.mus.br/maiara-maraisa/todo-mundo-menos-voce-part-marilia-mendonca/,-1
124,Todo Mundo Vai Sofrer,musica124,musica124_trecho2,"Igual eu preciso dele na minha vida Mas quanto mais eu vou atrás, mais ele pisa Então já que é assim Se por ele eu sofro sem pausa Quem quiser me amar Também vai sofrer nessa bagaça",Marília Mendonça,2019,37,https://www.letras.mus.br/marilia-mendonca/todo-mundo-vai-sofrer/,-1
1392,Top do Verão,musica1392,musica1392_trecho1,"Tá me dando suador e calafrio Se ela chega perto dá um arrepio, É amor, é paixão, é a top das top do verão",Henrique & Diego,2010,24,https://www.letras.mus.br/henrique-diego/1644008/,-1
1392,Top do Verão,musica1392,musica1392_trecho6,"Tá me dando suador e calafrio Se ela chega perto dá um arrepio, É amor, é paixão, é a top das top do verão.. vai",Henrique & Diego,2010,25,https://www.letras.mus.br/henrique-diego/1644008/,-1
1475,Traição Não Tem Perdão,musica1475,musica1475_trecho1,A luz amarela do quarto Em que a gente dormiu Por dois anos e uns dias Me fez relembrar Que eu sabia de fato o que era ser feliz,Marília Mendonça,2017,29,https://www.letras.mus.br/marilia-mendonca/traicao-nao-tem-perdao/,-1
1475,Traição Não Tem Perdão,musica1475,musica1475_trecho9,Uma hora as coisas vêm à tona Eu aceito o seu não Traição não tem perdão,Marília Mendonça,2017,16,https://www.letras.mus.br/marilia-mendonca/traicao-nao-tem-perdao/,-1
1332,Transplante (part. Bruno & Marrone),musica1332,musica1332_trecho2,Só me conta como foi sem mim Na primeira farra Quem deixou de beber E dirigiu por você Até sua casa?,Marília Mendonça,2017,21,https://www.letras.mus.br/marilia-mendonca/transplante/,-1
1404,Traz Ela de Volta Pra Mim,musica1404,musica1404_trecho1,"Meu bem, o que aconteceu? O nosso amor morreu Quem sabe um dia vai voltar",Jorge & Mateus,2007,15,https://www.letras.mus.br/jorge-mateus/774536/,-1
1404,Traz Ela de Volta Pra Mim,musica1404,musica1404_trecho3,"Quando dois seres como nós Passam por momentos assim Vai por mim, vai passar, é só um temporal",Jorge & Mateus,2007,18,https://www.letras.mus.br/jorge-mateus/774536/,-1
1404,Traz Ela de Volta Pra Mim,musica1404,musica1404_trecho4,"Pois nada nessa vida é maior Que um amor e uma grande paixão Coração, traz ela de volta pra mim",Jorge & Mateus,2007,20,https://www.letras.mus.br/jorge-mateus/774536/,-1
592,Três Corações,musica592,musica592_trecho2,Odeio quando ele diz o que eu devia te dizer Mas eu tenho consciência que ele é perfeito pra você E não dá chance pra eu aparecer,Henrique & Juliano,2018,27,https://www.letras.mus.br/henrique-e-juliano/tres-coracoes/,-1
592,Três Corações,musica592,musica592_trecho4,"E eu Com ciúme do que nunca foi meu Com saudade do que não aconteceu E eu Esperando um erro desse cara Vou dando murro em ponta de faca Ela tem três corações e nem percebeu O dela, o dele e o meu",Henrique & Juliano,2018,43,https://www.letras.mus.br/henrique-e-juliano/tres-coracoes/,-1
1197,Três Palavras,musica1197,musica1197_trecho1,"A sua ausência foi uma escola Onde eu aprendi Que sem você, eu posso qualquer coisa Menos ser feliz Não canso de te esperar Minha esperança diz que vai voltar",Maria Cecília e Rodolfo,2010,30,https://www.letras.mus.br/maria-cecilia-rodolfo/1731385/,-1
1249,Trincadinho,musica1249,musica1249_trecho3,"Já tá meio caminho andado Se parar, é prejuízo Entre uma noite e outra Eu vou correndo o risco de quebrar a cara Pra quem já teve um coração quebrado Um trincadinho não é nada",Jorge & Mateus,2018,35,https://www.letras.mus.br/jorge-mateus/trincadin/,-1
1249,Trincadinho,musica1249,musica1249_trecho4,"Já tá meio caminho andado Se parar, é prejuízo Entre uma noite e outra Eu vou correndo o risco de quebrar a cara Pra quem já teve um coração quebrado Um trincadinho é nada",Jorge & Mateus,2018,34,https://www.letras.mus.br/jorge-mateus/trincadin/,-1
224,Troca de Calçada,musica224,musica224_trecho2,Viveu tanto desprezo Que até Deus duvida e chora lá de cima Era só uma menina Que dedicou a vida a amores de quinta,Marília Mendonça,2021,24,https://www.letras.mus.br/marilia-mendonca/troca-de-calcada/,-1
224,Troca de Calçada,musica224,musica224_trecho5,Hoje você me vê assim e troca de calçada Só que amar dói muito mais Do que um nojo na sua cara,Marília Mendonça,2021,22,https://www.letras.mus.br/marilia-mendonca/troca-de-calcada/,-1
224,Troca de Calçada,musica224,musica224_trecho7,Hoje você me vê assim e troca de calçada Mas se soubesse um terço da história Me abraçava e não me apedrejava,Marília Mendonça,2021,22,https://www.letras.mus.br/marilia-mendonca/troca-de-calcada/,-1
1075,Tropa do Chapelão 🤠 (part. Diplo),musica1075,musica1075_trecho1,"Tanta coisa pra aproveitar Que eu não sei por onde começar Hoje tem rodeio na cidade vizinha, vou lá É hoje que eu saio uma noite, mas só volto de dia, bora lá",Ana Castela,2025,33,https://www.letras.mus.br/ana-castela/tropa-do-chapelao-part-diplo/,-1
1075,Tropa do Chapelão 🤠 (part. Diplo),musica1075,musica1075_trecho4,"Hoje tem rodeio na cidade vizinha, vou lá É hoje que eu saio uma noite, mas só volto de dia, bora lá",Ana Castela,2025,22,https://www.letras.mus.br/ana-castela/tropa-do-chapelao-part-diplo/,-1
13,Tubarões,musica13,musica13_trecho1,Se quer saber de mim Pergunte para mim Se for falar do que passou Conta a parte que você errou,Diego e Victor Hugo,2025,20,https://www.letras.mus.br/diego-victor-hugo/tubaroes/,-1
13,Tubarões,musica13,musica13_trecho6,Cê não me deve amor Eu não te devo explicações,Diego e Victor Hugo,2025,10,https://www.letras.mus.br/diego-victor-hugo/tubaroes/,-1
1547,Tudo No Olhar,musica1547,musica1547_trecho1,Olhe nos meus olhos Veja o que eu estou sentindo Eles dizem muitas coisas Mesmo se estou mentindo,Marcos & Belutti,2009,18,https://www.letras.mus.br/marcos-belutti/1354010/,-1
1402,Tudo Ou Nada,musica1402,musica1402_trecho3,"Eu já me cansei desse chove e não molha Das suas desculpas, de ter que ir embora E que, não demora, vai voltar pra mim Chega de conversa, agora vai ou racha Ou você me solta, ou você me laça É que não consigo mais viver assim, assim",Jorge & Mateus,2009,48,https://www.letras.mus.br/jorge-mateus/1498465/,-1
1402,Tudo Ou Nada,musica1402,musica1402_trecho4,"Não dá Sei que quem ama, ama como eu Não quer ficar longe, nem dizer adeus Você não diz não e nem assume nada",Jorge & Mateus,2009,24,https://www.letras.mus.br/jorge-mateus/1498465/,-1
1402,Tudo Ou Nada,musica1402,musica1402_trecho6,Agora é tudo ou nada Agora é tudo ou nada,Jorge & Mateus,2009,10,https://www.letras.mus.br/jorge-mateus/1498465/,-1
1402,Tudo Ou Nada,musica1402,musica1402_trecho10,Agora é tudo ou nada Agora é tudo ou nada Agora é tudo ou nada,Jorge & Mateus,2009,15,https://www.letras.mus.br/jorge-mateus/1498465/,-1
205,Tudo Que Você Quiser,musica205,musica205_trecho3,"Tem gente que tem cheiro de rosa, de avelã Tem o perfume doce de toda manhã Você tem tudo Você tem muito",Luan Santana,2013,22,https://www.letras.mus.br/luan-santana/tudo-o-que-voce-quiser/,-1
1109,Tudo Tem Um Porquê,musica1109,musica1109_trecho1,"Pensando bem, não me arrependo do que fiz Tudo valeu, por um momento fui feliz Mas não faz mal, na vida tudo tem um porquê Deixei me levar por você, por você",Guilherme & Santiago,2010,32,https://www.letras.mus.br/guilherme-e-santiago/1630454/,-1
1231,Turbinada,musica1231,musica1231_trecho1,"A noite bombando, ela chega arrasando Não vai prestar Eu chamei meu amigo e disse pra ele Essa aqui eu vou pegar Quando eu vi, eu já tava puxando o seu braço E tome, tome amasso Meu Deus do céu!",Zé Ricardo e Thiago,2015,40,https://www.letras.mus.br/ze-ricardo-thiago/turbinada/,-1
79,Última Saudade,musica79,musica79_trecho4,"Que se eu ligar pra minha última saudade Seu telefone não toca Já tem uns três, quatro amores na frente, com prioridade de volta Se eu falar de ex pela rua Sua orelha nem coça Tem amor na vida que marca, tem amor que passa E cê passou faz horas",Henrique & Juliano,2025,50,https://www.letras.mus.br/henrique-e-juliano/ultima-saudade/,-1
1084,Um Beijo,musica1084,musica1084_trecho2,"Mas bem na hora de falar com você Travei, comecei a gaguejar E a saída é deixar acontecer O coração se entregar",Luan Santana,2011,22,https://www.letras.mus.br/luan-santana/1780219/,-1
74,Um Centímetro (part. Jorge & Mateus),musica74,musica74_trecho1,E vamos por partes Te falo o meu nome e você o seu Que prazer te conhecer,Jefferson Moraes,2017,17,https://www.letras.mus.br/jefferson-moraes/um-centimetro/,-1
74,Um Centímetro (part. Jorge & Mateus),musica74,musica74_trecho3,"E eu vou lá, eu vou lá Te dar um beijo e um abraço Eu vou lá, eu vou lá E vamos ocupar o mesmo espaço",Jefferson Moraes,2017,26,https://www.letras.mus.br/jefferson-moraes/um-centimetro/,-1
74,Um Centímetro (part. Jorge & Mateus),musica74,musica74_trecho5,Vamos por partes Eu falo o meu nome e você o seu Que prazer te conhecer,Jefferson Moraes,2017,16,https://www.letras.mus.br/jefferson-moraes/um-centimetro/,-1
74,Um Centímetro (part. Jorge & Mateus),musica74,musica74_trecho7,"E eu vou lá, eu vou lá Te dar um beijo e um abraço E eu vou lá, e eu vou lá E vamos ocupar o mesmo espaço",Jefferson Moraes,2017,28,https://www.letras.mus.br/jefferson-moraes/um-centimetro/,-1
365,Um Dia Te Levo Comigo,musica365,musica365_trecho1,Não dá pra esquecer teus olhos Nem todos os beijos Que você me dá! Não dá pra esquecer o cheiro E o ouro do cabelo a me iluminar,Jorge & Mateus,2009,28,https://www.letras.mus.br/jorge-mateus/1444405/,-1
365,Um Dia Te Levo Comigo,musica365,musica365_trecho2,A vida passa tão sem graça Mas quando você tá perto Fica tudo bem Eu corro a 200 por hora Mas se é pra te ver mais cedo Eu posso ir bem mais além,Jorge & Mateus,2009,34,https://www.letras.mus.br/jorge-mateus/1444405/,-1
1160,Um Lugarzinho Na Sua Cama,musica1160,musica1160_trecho1,"Lembra aquela vez, a desculpa mal contada Eu tava te traindo com a antiga namorada Acreditava em tudo, eu mentia, que absurdo! E você, igual boba, não sabia do meu mundo",João Bosco & Vinícius,2014,31,https://www.letras.mus.br/joao-bosco-viniciusacustico/um-lugarzinho-na-sua-cama/,-1
1403,Um Pedaço de Mim,musica1403,musica1403_trecho2,"E até menti, me fiz de desapegado Falei pra todo mundo que você era só passado Por dentro o choro, mas por fora o sorriso estampado",Lucas Lucco,2013,26,https://www.letras.mus.br/lucas-lucco/um-pedaco-de-mim/,-1
1403,Um Pedaço de Mim,musica1403,musica1403_trecho4,Faz falta ser a falta de alguém Dá saudade ser a saudade de alguém Você levou um pedaço do meu coração que eu sei Só quero saber quando vai se decidir Quando você vai resolver voltar enfim E devolver o que levou daqui Um pedaço de mim,Lucas Lucco,2013,47,https://www.letras.mus.br/lucas-lucco/um-pedaco-de-mim/,-1
1403,Um Pedaço de Mim,musica1403,musica1403_trecho5,"E até menti, e me fiz de desapegado Falei pra todo mundo que você era só passado Por dentro o choro, mais por fora o sorriso estampado",Lucas Lucco,2013,27,https://www.letras.mus.br/lucas-lucco/um-pedaco-de-mim/,-1
1403,Um Pedaço de Mim,musica1403,musica1403_trecho7,Faz falta ser a falta de alguém Dá saudade ser a saudade de alguém Você levou um pedaço do meu coração que eu sei Só quero saber quando vai se decidir Quando você vai resolver voltar enfim E devolver o que levou daqui,Lucas Lucco,2013,43,https://www.letras.mus.br/lucas-lucco/um-pedaco-de-mim/,-1
1403,Um Pedaço de Mim,musica1403,musica1403_trecho8,Faz falta ser a falta de alguém Dá saudade ser a saudade de alguém Você levou um pedaço do meu coração que eu sei Só quero saber quando vai se decidir Quando você vai resolver voltar enfim E devolver o que levou daqui Um pedaço de mim Um pedaço de mim,Lucas Lucco,2013,51,https://www.letras.mus.br/lucas-lucco/um-pedaco-de-mim/,-1
290,Uma Ex (part. Jorge),musica290,musica290_trecho3,O tempo tá correndo Não sei mais quanto tempo eu vou ficar só vendo Vou arriscar pra riscar o não que eu ia ganhar,Murilo Huff,2021,24,https://www.letras.mus.br/murilo-huff/uma-ex-part-jorge/,-1
290,Uma Ex (part. Jorge),musica290,musica290_trecho5,Que nunca passa a vez Que nunca vai ser nunca E pra sempre ser talvez,Murilo Huff,2021,15,https://www.letras.mus.br/murilo-huff/uma-ex-part-jorge/,-1
290,Uma Ex (part. Jorge),musica290,musica290_trecho7,Que nunca passa a vez Que nunca vai ser nunca E pra sempre ser talvez Quem é que não tem uma ex,Murilo Huff,2021,22,https://www.letras.mus.br/murilo-huff/uma-ex-part-jorge/,-1
1431,Vai Brincando,musica1431,musica1431_trecho1,"Vai brincando pro cê ver aonde você vai parar Menina, você não me aguenta, é melhor você nem tentar Mas se quiser saber é só experimentar Na terça à noite eu tô de boa e passo aí pra te pegar",Henrique & Juliano,2013,40,https://www.letras.mus.br/henrique-e-juliano/vai-brincando/,-1
1431,Vai Brincando,musica1431,musica1431_trecho2,"Papai aqui já fez muita gente delirar A morena virou minha fã no meu jeito de arrochar A loirinha endoidou, não para de me ligar Diz que tá morrendo de saudade, tá querendo me encontrar",Henrique & Juliano,2013,35,https://www.letras.mus.br/henrique-e-juliano/vai-brincando/,-1
1201,Vai Entender (part. Jorge e Mateus),musica1201,musica1201_trecho3,Me desconcentro e perco o foco E tremo todo quando te vejo E não consigo dizer o que eu quero,Israel Novaes,2014,20,https://www.letras.mus.br/israel-novaes/vai-entender/,-1
831,Vai Lá Em Casa Hoje (part. Marília Mendonça),musica831,musica831_trecho5,Eu vou falar: Tô indo O que ela me pede sem roupa Eu faço rindo,George Henrique e Rodrigo,2021,15,https://www.letras.mus.br/george-henrique-rodrigo/vai-la-em-casa-hoje-part-marilia-mendonca/,-1
831,Vai Lá Em Casa Hoje (part. Marília Mendonça),musica831,musica831_trecho11,Eu vou falar: Tô indo O que ele me pede sem roupa Eu faço rindo,George Henrique e Rodrigo,2021,15,https://www.letras.mus.br/george-henrique-rodrigo/vai-la-em-casa-hoje-part-marilia-mendonca/,-1
1180,Vai Vendo,musica1180,musica1180_trecho3,Comprou essa ilusão Achou que eu ia Me afundar na solidão,Lucas Lucco,2015,11,https://www.letras.mus.br/lucas-lucco/vai-vendo/,-1
1180,Vai Vendo,musica1180,musica1180_trecho5,"Eu tô solto na balada Aqui o coro tá comendo Uh! Vai vendo, uh",Lucas Lucco,2015,14,https://www.letras.mus.br/lucas-lucco/vai-vendo/,-1
1604,Vamo Mexe,musica1604,musica1604_trecho1,A nossa vida não é brincadeira Chegar em casa na segunda-feira Depois de mais um final de semana Cantando e zuando na bebedeira,Michel Teló,2011,23,https://www.letras.mus.br/michel-telo/1867883/,-1
1604,Vamo Mexe,musica1604,musica1604_trecho2,"Já to na rua, tô sem fazer nada E resolvi mexer a mulherada Liguei pra Ana ela não atendeu A Bruna não dá mais Agora é de amigo meu",Michel Teló,2011,29,https://www.letras.mus.br/michel-telo/1867883/,-1
1604,Vamo Mexe,musica1604,musica1604_trecho3,Vâmo mexê Não importa quem vai ser Já peguei minha agenda E liguei de A a Z,Michel Teló,2011,17,https://www.letras.mus.br/michel-telo/1867883/,-1
1604,Vamo Mexe,musica1604,musica1604_trecho4,Vâmo mexê Tô a fim de uma balada Cachaça aqui não falta Vem ni mim mulherada,Michel Teló,2011,16,https://www.letras.mus.br/michel-telo/1867883/,-1
1604,Vamo Mexe,musica1604,musica1604_trecho5,A carolzinha do segundo ano Diz que tá tarde tá estudando A Daniela tá namorando E a Fernanda ih tá cobrando,Michel Teló,2011,21,https://www.letras.mus.br/michel-telo/1867883/,-1
782,Vazou Na Braquiara,musica782,musica782_trecho1,Existem dois tipos de pessoa numa ficada A que o te amo junta e a que o te amo separa A vida do solteiro é uma loteria nessas madrugadas,Hugo & Guilherme,2024,29,https://www.letras.mus.br/hugo-guilherme/vazou-na-braquiara/,-1
724,Vem Ni Mim Dodge Ram (part. Gusttavo Lima),musica724,musica724_trecho2,"Já não faz muito tempo Que eu andava a pé Não pegava nem gripe, muito menos mulher Só pegava poeira, não olhavam pra mim Um dia eu decidi, eu vou sair daqui",Israel Novaes,2012,32,https://www.letras.mus.br/israel-novaes/1970121/,-1
724,Vem Ni Mim Dodge Ram (part. Gusttavo Lima),musica724,musica724_trecho3,Quem não tem dinheiro é primo primeiro de um cachorro O trem era tão feio que nem sobrava osso pra mim Agora eu tô mudado O meu bolso tá cheio Mulherada atrás Eu quero ouvir cada vez mais,Israel Novaes,2012,38,https://www.letras.mus.br/israel-novaes/1970121/,-1
724,Vem Ni Mim Dodge Ram (part. Gusttavo Lima),musica724,musica724_trecho5,"Já não faz muito tempo que eu andava a pé Não pegava nem gripe Muito menos mulher Só pegava poeira Não olhavam pra mim Um dia eu decidi, eu vou sair daqui",Israel Novaes,2012,32,https://www.letras.mus.br/israel-novaes/1970121/,-1
69,Vem Pra Minha Vida,musica69,musica69_trecho1,"De pijama ou maquiada, desbocada ou educada De vestido pra sair ou de chinelo Havaiana De TPM ou sossegada, ou viajando ou aqui em casa Sem dinheiro pra sair ou com a vida arrumada",Henrique & Juliano,2017,34,https://www.letras.mus.br/henrique-e-juliano/vem-pra-minha-vida/,-1
69,Vem Pra Minha Vida,musica69,musica69_trecho3,"Vem pra minha vida, vem Que eu não quero mais nada Mais nada e nem ninguém O que há de bom nas outras Você tem vezes 100 Meu coração tá pronto Esperando por você",Henrique & Juliano,2017,34,https://www.letras.mus.br/henrique-e-juliano/vem-pra-minha-vida/,-1
1233,Veneno,musica1233,musica1233_trecho1,"Usa e abusa, faz o que quiser de mim Pode me ligar quando tiver a fim Não demora amor, não sabe o que cê tá perdendo Pode vir com tudo que hoje eu tô um veneno",Fernando e Sorocaba,2013,36,https://www.letras.mus.br/fernando-sorocaba/veneno/,-1
1233,Veneno,musica1233,musica1233_trecho2,"Veneno, veneno, veneno, veneno Pode vir com tudo que hoje eu tô um veneno",Fernando e Sorocaba,2013,14,https://www.letras.mus.br/fernando-sorocaba/veneno/,-1
1235,Vestígios,musica1235,musica1235_trecho1,Eu não sei Se um coração pode aguentar tanta dor Quando perde um amor Quando o sol já não brilha mais em seu olhar,Jorge & Mateus,2010,24,https://www.letras.mus.br/jorge-mateus/1720722/,-1
1235,Vestígios,musica1235,musica1235_trecho3,Se ainda dói é porque Não consigo te esquecer E o vento só me traz vestígios que lembram você,Jorge & Mateus,2010,19,https://www.letras.mus.br/jorge-mateus/1720722/,-1
704,Vidinha de Balada,musica704,musica704_trecho2,"Desculpa a visita Eu só vim te falar Tô a fim de você E se não tiver, cê vai ter que ficar",Henrique & Juliano,2017,22,https://www.letras.mus.br/henrique-e-juliano/vidinha-de-balada/,-1
767,Vidro Fumê,musica767,musica767_trecho2,"No calor de um momento Na loucura do meu pensamento Eu fui atrás Em busca da verdade, de um segredo Senti o amor estremecer Na hora em que eu te vi entrando Num carro importado de vidro fumê",Bruno & Marrone,2012,38,https://www.letras.mus.br/bruno-e-marrone/vidro-fume/,-1
767,Vidro Fumê,musica767,musica767_trecho4,No calor de um momento Na loucura do meu pensamento Eu fui atrás Em busca da verdade de um segredo Senti o amor estremecer Na hora em que eu te vi entrando Num carro importado de vidro fumê,Bruno & Marrone,2012,38,https://www.letras.mus.br/bruno-e-marrone/vidro-fume/,-1
276,Vingança (part. MC Kekel),musica276,musica276_trecho4,E é a última vez que eu vou falar Seu psicológico preparar Que eu não vou mais te esperar Acabou minha paciência,Luan Santana,2018,22,https://www.letras.mus.br/luan-santana/vinganca-part-mc-kekel/,-1
1520,Vira Homem,musica1520,musica1520_trecho2,"Não precisa falar Tô vendo sua cara de preocupado Tá com medo, eu te conheço bem Você tá com ela, ainda gosta dela Voltou a falar com ela Não fez nada do que prometeu",Marília Mendonça,2020,34,https://www.letras.mus.br/marilia-mendonca/vira-homem/,-1
1520,Vira Homem,musica1520,musica1520_trecho3,"Faz assim Primeiro lugar, você some Segundo lugar, vira homem Você é o terceiro que me perdeu",Marília Mendonça,2020,17,https://www.letras.mus.br/marilia-mendonca/vira-homem/,-1
1520,Vira Homem,musica1520,musica1520_trecho4,"Faz assim Primeiro lugar, você some Segundo lugar, vira homem Você é o terceiro que me perdeu, iê, iê",Marília Mendonça,2020,19,https://www.letras.mus.br/marilia-mendonca/vira-homem/,-1
1520,Vira Homem,musica1520,musica1520_trecho10,É bem melhor falar a verdade Do que depois se arrepender,Marília Mendonça,2020,11,https://www.letras.mus.br/marilia-mendonca/vira-homem/,-1
517,Virgínia,musica517,musica517_trecho3,"Bate em mim, bate em mim Meu Uno Mille não tem nada a ver com isso Bate em mim, bate em mim Calma, Virgínia, eu não tô te traindo",Zé Felipe,2020,29,https://www.letras.mus.br/ze-felipe/virginia/,-1
517,Virgínia,musica517,musica517_trecho8,Quando beijei sua boca Eu já te avisei na hora O amor da minha vida Tá na minha frente agora,Zé Felipe,2020,20,https://www.letras.mus.br/ze-felipe/virginia/,-1
880,Viva a Vida,musica880,musica880_trecho2,"E antes de falar, escute Antes de escrever, pense Antes de gastar, ganhe Antes de orar, perdoe Antes de magoar, sinta Antes de odiar, ame Antes de desistir, tente, tente Antes de morrer",Felipe Duram,2019,33,https://www.letras.mus.br/felipe-duran/viva-a-vida/,-1
880,Viva a Vida,musica880,musica880_trecho6,"Antes de falar, escute Antes de escrever, pense Antes de gastar, ganhe Antes de orar, perdoe Antes de magoar, sinta Antes de odiar, ame Antes de desistir, tente, tente Antes de morrer",Felipe Duram,2019,32,https://www.letras.mus.br/felipe-duran/viva-a-vida/,-1
1341,Viva Intensamente,musica1341,musica1341_trecho1,Aprendi Que a vida bate sempre sem pudor Que nem sempre as coisas são como a gente pensa Que nem sempre o mundo gira como a gente quer,Gusttavo Lima,2011,28,https://www.letras.mus.br/gusttavo-lima/1971846/,-1
1341,Viva Intensamente,musica1341,musica1341_trecho2,Aprendi Que se eu cair devo me levantar Que todo mundo vive altos e baixos Que não vale a pena esperar,Gusttavo Lima,2011,21,https://www.letras.mus.br/gusttavo-lima/1971846/,-1
1341,Viva Intensamente,musica1341,musica1341_trecho4,"Nunca desista, vá em frente até acertar E nunca deixe que o medo impeça de tentar Leve na raça, faça o que o coração mandar Não deixe nada pra depois, não dá pra esperar",Gusttavo Lima,2011,34,https://www.letras.mus.br/gusttavo-lima/1971846/,-1
1341,Viva Intensamente,musica1341,musica1341_trecho11,"Nunca desista, vá em frente até acertar (E nunca deixe que o medo impeça de tentar) Leve na raça, faça o que o coração mandar Não deixe nada pra depois, não dá pra esperar",Gusttavo Lima,2011,34,https://www.letras.mus.br/gusttavo-lima/1971846/,-1
344,Vivendo Aqui No Mato (part. Zé Neto & Cristiano),musica344,musica344_trecho1,Não troco seu despertador Pelo cantar do galo Não troco seu carro bonito Pelo meu cavalo,Trio Parada Dura,2017,16,https://www.letras.mus.br/trio-parada-dura/vivendo-aqui-no-mato/,-1
344,Vivendo Aqui No Mato (part. Zé Neto & Cristiano),musica344,musica344_trecho3,"Aqui, o nosso alimento É a gente que faz Plantamos de tudo pro gasto E um pouco mais",Trio Parada Dura,2017,18,https://www.letras.mus.br/trio-parada-dura/vivendo-aqui-no-mato/,-1
344,Vivendo Aqui No Mato (part. Zé Neto & Cristiano),musica344,musica344_trecho4,"E se vier fazer visita Aí que a gente gosta Moda de viola, uma boa prosa Em volta da fogueira Então, a gente mostra",Trio Parada Dura,2017,24,https://www.letras.mus.br/trio-parada-dura/vivendo-aqui-no-mato/,-1
344,Vivendo Aqui No Mato (part. Zé Neto & Cristiano),musica344,musica344_trecho5,O meu amanhecer tem o cantar do galo O cheiro do mato com gota de orvalho E é tão gostoso beber um café Olhando o sol nascer,Trio Parada Dura,2017,27,https://www.letras.mus.br/trio-parada-dura/vivendo-aqui-no-mato/,-1
344,Vivendo Aqui No Mato (part. Zé Neto & Cristiano),musica344,musica344_trecho7,"Aqui, o nosso alimento É a gente quem faz Plantamos de tudo pro gasto E um pouco mais",Trio Parada Dura,2017,18,https://www.letras.mus.br/trio-parada-dura/vivendo-aqui-no-mato/,-1
344,Vivendo Aqui No Mato (part. Zé Neto & Cristiano),musica344,musica344_trecho8,"E se vier fazer visita É que a gente gosta Moda de viola e uma boa prosa Em volta da fogueira Então, a gente mostra",Trio Parada Dura,2017,25,https://www.letras.mus.br/trio-parada-dura/vivendo-aqui-no-mato/,-1
344,Vivendo Aqui No Mato (part. Zé Neto & Cristiano),musica344,musica344_trecho9,Meu amanhecer tem o cantar do galo O cheiro do mato com gota de orvalho E é tão gostoso beber um café Olhando o sol nascer,Trio Parada Dura,2017,26,https://www.letras.mus.br/trio-parada-dura/vivendo-aqui-no-mato/,-1
1158,"Vó, Tô Estourado",musica1158,musica1158_trecho1,"Alô vó? Tô estourado Vó, tô estourado Vó, tô estourado É mulherada, eu tô largado",Israel Novaes,2013,15,https://www.letras.mus.br/israel-novaes/vo-to-estourado/,-1
1158,"Vó, Tô Estourado",musica1158,musica1158_trecho2,"Vó, tô estourado Vó, tô estourado Vó, tô estourado E meu avô é o culpado",Israel Novaes,2013,15,https://www.letras.mus.br/israel-novaes/vo-to-estourado/,-1
1158,"Vó, Tô Estourado",musica1158,musica1158_trecho3,Quem me teve foi minha mãe Quem me criou foi minha vó Ela não me deixou só Desde pequeno eu ouvi ela falar Meu filho estude para um dia se formar,Israel Novaes,2013,31,https://www.letras.mus.br/israel-novaes/vo-to-estourado/,-1
1158,"Vó, Tô Estourado",musica1158,musica1158_trecho4,"Já dizia o meu vô, o contrário da minha vó Meu filho, faça o que é melhor Escute agora o conselho que eu vou lhe dar Não tem nada no mundo melhor do que farrear",Israel Novaes,2013,35,https://www.letras.mus.br/israel-novaes/vo-to-estourado/,-1
1158,"Vó, Tô Estourado",musica1158,musica1158_trecho5,"18 anos, não queria nem saber Só beber, curtir, farrear E quando eu chego Logo eu boto é pra torar Eu vou descendo a caixa de Old Parr",Israel Novaes,2013,28,https://www.letras.mus.br/israel-novaes/vo-to-estourado/,-1
1329,Voa,musica1329,musica1329_trecho1,"Se está pensando em voar Na direção de me amar Voa, voa",Paula Fernandes,2010,12,https://www.letras.mus.br/paula-fernandes/1716701/,-1
1329,Voa,musica1329,musica1329_trecho2,"Não tenha medo de dizer que quer Vamos fazer o que você quiser Voa, voa",Paula Fernandes,2010,15,https://www.letras.mus.br/paula-fernandes/1716701/,-1
1329,Voa,musica1329,musica1329_trecho9,"Mais adiante vai sentir o quanto se apaixonou Voa comigo, vem, seremos dois pombinhos de amor",Paula Fernandes,2010,16,https://www.letras.mus.br/paula-fernandes/1716701/,-1
1039,Você de Mim Não Sai,musica1039,musica1039_trecho2,Ai ai ai ai ai Não tem jeito de esquecer Você de mim não sai Minha vida sem você Não tem sentido,Luan Santana,2012,22,https://www.letras.mus.br/luan-santana/voce-de-mim-nao-sai/,-1
1039,Você de Mim Não Sai,musica1039,musica1039_trecho10,Ai ai ai ai ai Não tem jeito de esquecer Você de mim não sai Minha vida sem você Não tem sentido Eu não aguento mais,Luan Santana,2012,26,https://www.letras.mus.br/luan-santana/voce-de-mim-nao-sai/,-1
1198,Você de Volta,musica1198,musica1198_trecho2,Eu quero a metade de mim que é você O riso que irradia o mundo E que me faz viver,Maria Cecília e Rodolfo,2008,20,https://www.letras.mus.br/maria-cecilia-rodolfo/1076033/,-1
1198,Você de Volta,musica1198,musica1198_trecho3,Eu não aguento mais essa saudade E essa solidão que me invade me faz ver,Maria Cecília e Rodolfo,2008,15,https://www.letras.mus.br/maria-cecilia-rodolfo/1076033/,-1
1316,Você do Meu Lado,musica1316,musica1316_trecho2,"Então, deixa eu te mostrar Porque tô sofrendo assim Se tá ruim pra você, com certeza tá pra mim É que meu peito machucado Só cura com você do meu lado",Luan Santana,2009,31,https://www.letras.mus.br/luan-santana/1282733/,-1
1316,Você do Meu Lado,musica1316,musica1316_trecho3,"Corre e vem me dar Seu coração Não se entregue mais à uma triste ilusão Quero seu amor, provar dos seus carinhos Não me deixe mais chorando aqui sozinho, amor",Luan Santana,2009,30,https://www.letras.mus.br/luan-santana/1282733/,-1
1288,Você Faz Falta Aqui,musica1288,musica1288_trecho1,"Você, você, faz falta, falta aqui, aqui, aqui Que o som, o som bate, bate, volta, volta, volta Não tem mais nada entre o chão e o teto, teto, teto Só o eco, eco, eco, eco",Maiara & Maraisa,2017,36,https://www.letras.mus.br/maiara-maraisa/voce-faz-falta-aqui/,-1
1288,Você Faz Falta Aqui,musica1288,musica1288_trecho2,Tem certeza que você levou tudo? Tem certeza que não esqueceu nada? Eu só sei que até o criado mudo Do seu livro preferido sente falta,Maiara & Maraisa,2017,26,https://www.letras.mus.br/maiara-maraisa/voce-faz-falta-aqui/,-1
1288,Você Faz Falta Aqui,musica1288,musica1288_trecho3,"É que eu te vejo em tudo, em cada canto dessa casa Nos cabides, nas gavetas e na cama bagunçada E no box do banheiro sempre que o vidro embaça Tem seu nome, um coração e uma flecha atravessada",Maiara & Maraisa,2017,39,https://www.letras.mus.br/maiara-maraisa/voce-faz-falta-aqui/,-1
1288,Você Faz Falta Aqui,musica1288,musica1288_trecho4,"É que eu te vejo em tudo, em cada canto dessa casa Nos cabides, nas gavetas e na cama bagunçada E o seu cheiro está grudado em cada roupa que eu usava Você foi e esqueceu de levar a saudade na mala, mala, mala",Maiara & Maraisa,2017,44,https://www.letras.mus.br/maiara-maraisa/voce-faz-falta-aqui/,-1
101,Você Mudou,musica101,musica101_trecho1,"Te falei, mas você não me ouviu Quis viver na ilusão O vazio que você deixou em mim Maltratou meu coração",Cristiano Araújo,2011,21,https://www.letras.mus.br/cristiano-araujo/1871811/,-1
101,Você Mudou,musica101,musica101_trecho6,"Você era a mulher que eu sempre sonhei Me enganei, pois você, meu bem, mudou Pois você, meu bem, mudou Pois você, meu bem, mudou",Cristiano Araújo,2011,25,https://www.letras.mus.br/cristiano-araujo/1871811/,-1
101,Você Mudou,musica101,musica101_trecho7,"Acho que você não entendeu Que quando o amor se acaba, na verdade nunca se amou Siga seu caminho que eu vou em busca do meu Acho que você não entendeu Que se acabou o meu amor, não terá mais uma vez",Cristiano Araújo,2011,42,https://www.letras.mus.br/cristiano-araujo/1871811/,-1
101,Você Mudou,musica101,musica101_trecho9,"Acho que você não entendeu Que quando o amor se acaba, na verdade nunca se amou Siga o seu caminho que eu vou em busca do meu Acho que você não entendeu Que se acabou o meu amor, não terá mais uma vez",Cristiano Araújo,2011,43,https://www.letras.mus.br/cristiano-araujo/1871811/,-1
661,Você Não Sabe o Que É Amor,musica661,musica661_trecho1,"Não use mais o plural Não fale de nós dois como se tudo ainda fosse igual Não tente se desculpar Você não tem moral pra me dizer que sabe o que é amar Eu te juro, nunca mais Nunca mais vou me entregar",Luan Santana,2009,43,https://www.letras.mus.br/luan-santana/1534681/,-1
661,Você Não Sabe o Que É Amor,musica661,musica661_trecho2,"Pode ir, tudo bem Você não sabe o que é gostar de alguém Pode rir, tô legal E o que eu sofri espero que não sofra igual Fiquei mal, mas passou Você não sabe o que é amor",Luan Santana,2009,38,https://www.letras.mus.br/luan-santana/1534681/,-1
661,Você Não Sabe o Que É Amor,musica661,musica661_trecho7,"Pode ir, tudo bem Você não sabe o que é gostar de alguém Pode rir, tô legal E o que eu sofri espero que não sofra igual Fiquei mal mas passou Você não sabe o que é amor",Luan Santana,2009,38,https://www.letras.mus.br/luan-santana/1534681/,-1
1508,Você Sabia,musica1508,musica1508_trecho3,Tudo aconteceu num sonho Ninguém como você sabia Que dentro do meu peito estava Um coração que amava e por você sorria,Victor & Leo,2008,22,https://www.letras.mus.br/victor-leo/1359255/,-1
929,Você Vai Ficar Em Mim,musica929,musica929_trecho1,"Você vai ficar em mim Pode crer, não dá pra esquecer Um amor tão forte assim, quando vem, faz a gente se perder Faz o coração doer, faz a gente enlouquecer",Cristiano Araújo,2011,31,https://www.letras.mus.br/cristiano-araujo/1847635/,-1
982,Você Vai Sentir Saudade,musica982,musica982_trecho2,Tá sempre só na sua e a minha mente nua Te conta todos os meus sonhos e ilusões Esquece que somos dois corações,Marília Mendonça,2025,23,https://www.letras.mus.br/marilia-mendonca/voce-vai-sentir-saudade/,-1
1523,Você Vai Voltar Pra Mim,musica1523,musica1523_trecho2,"Te perdi, não dormi, me acabei Nunca mais volto atrás, foi demais Não mereci teu amor Sabe Deus onde foi que eu errei Tudo bem, mas essa noite eu sonhei",Nathália Siqueira,2007,30,https://www.letras.mus.br/natalia-siqueira/1126873/,-1
1523,Você Vai Voltar Pra Mim,musica1523,musica1523_trecho5,Todo dia tua ausência me persegue onde quer que eu vá Não sou ninguém Sempre tenho que fingir que posso sorrir Mesmo sem te ver,Nathália Siqueira,2007,25,https://www.letras.mus.br/natalia-siqueira/1126873/,-1
948,Volta Por Baixo,musica948,musica948_trecho2,"E aí, compensou me largar? Cadê suas amizades? Os seus esqueminhas? Que você falava e falava que tinha É isso que cê chama de volta por cima?",Henrique & Juliano,2020,27,https://www.letras.mus.br/henrique-e-juliano/volta-por-baixo/,-1
948,Volta Por Baixo,musica948,musica948_trecho5,Cadê suas amizades? Os seus esqueminhas? Que você falava e falava que tinha É isso que cê chama de volta por cima?,Henrique & Juliano,2020,22,https://www.letras.mus.br/henrique-e-juliano/volta-por-baixo/,-1
1479,Volta Pra Minha Vida,musica1479,musica1479_trecho2,Hoje tudo parece um sonho Mas você teve medo de acreditar E se enganar outra vez,Jorge & Mateus,2010,16,https://www.letras.mus.br/jorge-mateus/1713707/,-1
1176,Volta Pro Meu Coração,musica1176,musica1176_trecho2,"Tentei trancar meu coração E ser contrário a essa paixão Tentei apenas sobreviver sem você Mas não deu, não deu, não deu",João Carreiro & Capataz,2010,22,https://www.letras.mus.br/joao-carreiro-capataz/1864521/,-1
1176,Volta Pro Meu Coração,musica1176,musica1176_trecho3,Doeu demais ver você partir Doeu demais em mim Tá doendo demais essa solidão Volta pro meu coração Doeu demais ver você partir Doeu demais em mim Tá doendo demais essa solidão Volta pro meu coração,João Carreiro & Capataz,2010,36,https://www.letras.mus.br/joao-carreiro-capataz/1864521/,-1
1176,Volta Pro Meu Coração,musica1176,musica1176_trecho6,Doeu demais Doeu demais em mim Tá doendo demais essa solidão Volta pro meu coração Volta pro meu coração Volta pro meu coração,João Carreiro & Capataz,2010,23,https://www.letras.mus.br/joao-carreiro-capataz/1864521/,-1
279,Volta Vai,musica279,musica279_trecho3,"Volta, volta, vai O seu olhar tá me dizendo Que você tá me querendo Volta, volta atrás A nossa felicidade Nos amamos, você sabe!",Simone & Simaria,2016,24,https://www.letras.mus.br/simone-simaria-as-coleguinhas/volta-vai/,-1
1050,Voltando Pra Mim,musica1050,musica1050_trecho3,"Mas é, eu também acho uma pena Ter que acabar tudo assim Eu sei que pra você tava perfeito o esquema Cê beija o mundo e volta pra mim",Gustavo Mioto,2025,29,https://www.letras.mus.br/gustavo-mioto/voltando-pra-mim/,-1
1050,Voltando Pra Mim,musica1050,musica1050_trecho4,Eu fui muito além dos meus limites Gostei mais de você do que de mim Só Deus sabe de tudo que eu passei pra ficar com você Agora eu tô voltando pra mim,Gustavo Mioto,2025,33,https://www.letras.mus.br/gustavo-mioto/voltando-pra-mim/,-1
1050,Voltando Pra Mim,musica1050,musica1050_trecho8,Eu fui muito além dos meus limites Gostei mais de você do que de mim Só Deus sabe de tudo que eu passei pra ficar com você Agora eu tô voltando pra mim Agora eu tô voltando pra mim,Gustavo Mioto,2025,39,https://www.letras.mus.br/gustavo-mioto/voltando-pra-mim/,-1
1415,Vou Dar o Nó em Você,musica1415,musica1415_trecho5,"A culpa é sua que não quis acompanhar Agora eu arrocho Arrocho, arrocho Arrocho sem parar",Thaeme e Thiago,2012,16,https://www.letras.mus.br/thaeme-thiago/arrocha/,-1
1415,Vou Dar o Nó em Você,musica1415,musica1415_trecho7,"A culpa é sua Que não quis me acompanhar Agora eu arrocho Arrocho, arrocho Arrocho sem parar",Thaeme e Thiago,2012,17,https://www.letras.mus.br/thaeme-thiago/arrocha/,-1
114,Vou Te Amar (Cigana),musica114,musica114_trecho1,"Um dia uma cigana leu a minha mão Falou que o destino do meu coração Daria muitas voltas, mas ia encontrar você",Hugo Pena e Gabriel,2008,22,https://www.letras.mus.br/hugo-pena-e-gabriel/1328169/,-1
114,Vou Te Amar (Cigana),musica114,musica114_trecho7,"Vou te amar, vou te amar Quero seu carinho, sua boca pra beijar Vou te amar, vou te amar Tudo que eu preciso, só você pode me dar",Hugo Pena e Gabriel,2008,28,https://www.letras.mus.br/hugo-pena-e-gabriel/1328169/,-1
376,Vou Ter Que Superar (part. Marília Mendonça),musica376,musica376_trecho2,"Quase morro Tentando encontrar o contato novo dela agora Eu sei que ela já tá em outra e que vai embora Mas se existe consideração, eu sei que vai me ouvir",Matheus & Kauan,2019,31,https://www.letras.mus.br/matheus-kauan/vou-ter-que-superar-part-marilia-mendonca/,-1
39,Vou Voando,musica39,musica39_trecho1,Por que você não vem E deita aqui do meu lado? Acende a luz da noite Vamos ficar acordados,Jorge & Mateus,2016,19,https://www.letras.mus.br/jorge-mateus/vou-voando/,-1
39,Vou Voando,musica39,musica39_trecho2,Voar no mar de estrelas E desvendar o infinito Se embriagar de amor Dizer o que nunca foi dito,Jorge & Mateus,2016,19,https://www.letras.mus.br/jorge-mateus/vou-voando/,-1
39,Vou Voando,musica39,musica39_trecho4,"Amanheceu E, no meu sonho, teu sorriso me chamando E eu vou voando Eu vou voando Amanheceu E, no meu sonho, teu sorriso me chamando E eu vou voando Eu vou voando",Jorge & Mateus,2016,32,https://www.letras.mus.br/jorge-mateus/vou-voando/,-1
39,Vou Voando,musica39,musica39_trecho5,Por que você não vem pra mim voando?,Jorge & Mateus,2016,8,https://www.letras.mus.br/jorge-mateus/vou-voando/,-1
201,Whisky Vagabund0,musica201,musica201_trecho1,Eu quis cercar meu coração Com arame farpado Pra manter ele a salvo Esse seu jeito garanhão Que já sabe os atalhos Ia ganhar ele fácil,Lauana Prado,2023,26,https://www.letras.mus.br/lauana-prado/whisky-vagabund0/,-1
653,Wi-Fi (part. Luan Pereira),musica653,musica653_trecho1,Por que é que depois das dez da noite Cê não atende chamada de vídeo? Será que tem alguém aí escondido? (Será?),Traia Véia,2025,22,https://www.letras.mus.br/traia-veia/wi-fi-part-luan-pereira/,-1
653,Wi-Fi (part. Luan Pereira),musica653,musica653_trecho2,"A nossa conexão tá falhando, já faz tempo Que aqui não chega os: Eu te amo Daqueles que deixa o coração vibrando E é por isso que eu tô me preocupando Nosso amor tá oscilando Uou, uou, uou, uou",Traia Véia,2025,39,https://www.letras.mus.br/traia-veia/wi-fi-part-luan-pereira/,-1
653,Wi-Fi (part. Luan Pereira),musica653,musica653_trecho5,"A nossa conexão tá falhando, já faz tempo Que aqui não chega os: Eu te amo Daqueles que deixa o coração vibrando E é por isso que eu tô me preocupando Nosso amor tá oscilando (tá oscilando) Uou, uou, uou, uou",Traia Véia,2025,41,https://www.letras.mus.br/traia-veia/wi-fi-part-luan-pereira/,-1
1315,Zé da Recaída,musica1315,musica1315_trecho2,"Me vê uma dose pra mudar minha vida Da melhor que você tem Pra ver se com inspiração em Old Parr, ela vem O empurrãozinho que falta, ai ai ai Pra completar essa chamada, ah",Gusttavo Lima,2018,35,https://www.letras.mus.br/gusttavo-lima/ze-da-recaida/,-1
1315,Zé da Recaída,musica1315,musica1315_trecho3,Atende aí O Zé da Recaída tá ligando aí Eu não tô nem aí Se salvou meu nome assim O importante é que ao vivo Cê me chama de benzim,Gusttavo Lima,2018,30,https://www.letras.mus.br/gusttavo-lima/ze-da-recaida/,-1
1496,Zuar e Beber,musica1496,musica1496_trecho2,"Hoje tem farra Vou fazer o movimento Lá no meu apartamento Entrou, gostou, gamou, quer mais Já preparei, abasteci a geladeira Tá lotada de cerveja O muído vai ser bom demais O prédio vai balançar Quando a galera dançar E a cachaça subir Fazer zum, zum Não tem hora pra parar O cheiro de amor no ar Vai todo mundo pirar E ficar nu (todo mundo nu!)",Leonardo,2010,67,https://www.letras.mus.br/leonardo/1770316/,-1
